사고번호,사고일시,요일,시군구,사고내용,사망자수,중상자수,경상자수,부상신고자수,사고유형,법규위반,노면상태,기상상태,도로형태,가해운전자 차종,가해운전자 성별,가해운전자 연령,가해운전자 상해정도,피해운전자 차종,피해운전자 성별,피해운전자 연령,피해운전자 상해정도
2018010500100146,2018년 1월 5일 10시,금요일,대구광역시 수성구 사월동,중상사고,0,1,0,0,차량단독 - 기타,기타,건조,맑음,교차로 - 교차로안,승합,남,41세,상해없음,,,,
2018010500100147,2018년 1월 5일 10시,금요일,대구광역시 달서구 두류동,경상사고,0,0,2,0,차대차 - 추돌,안전운전불이행,건조,맑음,교차로 - 교차로부근,화물,남,59세,상해없음,이륜,남,22세,경상
2018010500100228,2018년 1월 5일 13시,금요일,대구광역시 수성구 신매동,경상사고,0,0,1,0,차대사람 - 기타,안전운전불이행,건조,맑음,단일로 - 기타,승용,남,61세,상해없음,보행자,남,40세,경상
2018010500100252,2018년 1월 5일 14시,금요일,대구광역시 동구 효목동,중상사고,0,1,0,0,차대사람 - 횡단중,보행자보호의무위반,건조,맑음,단일로 - 기타,승용,여,62세,상해없음,보행자,여,84세,중상
2018010500100282,2018년 1월 5일 15시,금요일,대구광역시 동구 신암동,경상사고,0,0,1,0,차대차 - 측면충돌,교차로운행방법위반,건조,맑음,교차로 - 교차로안,승용,남,49세,상해없음,승용,남,63세,경상
2018010500100283,2018년 1월 5일 15시,금요일,대구광역시 달서구 상인동,중상사고,0,1,0,0,차대차 - 측면충돌,안전운전불이행,건조,맑음,단일로 - 기타,승용,남,23세,상해없음,승용,여,56세,상해없음
2018010500100284,2018년 1월 5일 15시,금요일,대구광역시 북구 노원동1가,중상사고,0,1,1,0,차대차 - 기타,안전운전불이행,건조,맑음,단일로 - 기타,화물,남,50세,상해없음,이륜,남,56세,경상
2018010500100343,2018년 1월 5일 17시,금요일,대구광역시 동구 신천동,경상사고,0,0,2,0,차대차 - 기타,기타,건조,맑음,단일로 - 기타,승용,남,58세,상해없음,원동기,남,19세,경상
2018010500100344,2018년 1월 5일 17시,금요일,대구광역시 동구 신암동,중상사고,0,1,0,0,차대사람 - 기타,안전운전불이행,건조,맑음,주차장 - 주차장,승용,여,30세,상해없음,보행자,여,50세,중상
2018010500100345,2018년 1월 5일 17시,금요일,대구광역시 수성구 매호동,중상사고,0,2,0,0,차대사람 - 기타,신호위반,건조,맑음,교차로 - 교차로횡단보도내,승용,남,60세,상해없음,보행자,여,10세,중상
2018010500100346,2018년 1월 5일 17시,금요일,대구광역시 달서구 도원동,중상사고,0,1,0,0,차대차 - 측면충돌,안전운전불이행,건조,맑음,교차로 - 교차로부근,승용,남,45세,상해없음,이륜,남,52세,중상
2018010500100396,2018년 1월 5일 18시,금요일,대구광역시 북구 고성동3가,경상사고,0,0,1,0,차대차 - 측면충돌,차로위반,건조,맑음,교차로 - 교차로부근,승용,남,61세,기타불명,승용,남,48세,경상
2018010500100397,2018년 1월 5일 18시,금요일,대구광역시 북구 태전동,경상사고,0,0,2,0,차대차 - 추돌,안전운전불이행,건조,맑음,단일로 - 기타,승용,남,49세,기타불명,승용,남,53세,경상
2018010500100434,2018년 1월 5일 19시,금요일,대구광역시 달성군 화원읍,경상사고,0,0,1,0,차대차 - 기타,신호위반,건조,맑음,교차로 - 교차로안,승용,남,55세,상해없음,이륜,남,16세,경상
2018010500100436,2018년 1월 5일 19시,금요일,대구광역시 서구 평리동,경상사고,0,0,1,0,차대차 - 추돌,안전거리미확보,건조,맑음,단일로 - 기타,화물,남,55세,상해없음,화물,남,46세,경상
2018010500100465,2018년 1월 5일 20시,금요일,대구광역시 달성군 다사읍,경상사고,0,0,1,1,차대차 - 추돌,안전운전불이행,건조,맑음,교차로 - 교차로부근,승용,남,50세,상해없음,승용,남,35세,경상
2018010500100489,2018년 1월 5일 21시,금요일,대구광역시 서구 평리동,경상사고,0,0,1,0,차대차 - 기타,안전운전불이행,건조,맑음,단일로 - 기타,승용,남,48세,상해없음,승용,남,59세,경상
2018010500100518,2018년 1월 5일 22시,금요일,대구광역시 수성구 범물동,경상사고,0,0,1,0,차대사람 - 횡단중,안전운전불이행,건조,맑음,교차로 - 교차로부근,원동기,남,19세,상해없음,보행자,여,47세,경상
2018010500100519,2018년 1월 5일 22시,금요일,대구광역시 달서구 송현동,경상사고,0,0,1,0,차대차 - 측면충돌,신호위반,건조,맑음,교차로 - 교차로안,승용,남,51세,상해없음,승용,남,37세,경상
2018010500100520,2018년 1월 5일 22시,금요일,대구광역시 중구 덕산동,중상사고,0,1,0,0,차대차 - 측면충돌,안전운전불이행,건조,맑음,단일로 - 기타,기타불명,기타불명,미분류,기타불명,이륜,남,34세,중상
2018010500100557,2018년 1월 5일 23시,금요일,대구광역시 달성군 현풍읍,경상사고,0,0,1,0,차대차 - 추돌,안전운전불이행,건조,맑음,단일로 - 기타,승용,남,26세,상해없음,승용,남,62세,경상
2018010500100558,2018년 1월 5일 23시,금요일,대구광역시 서구 원대동3가,경상사고,0,0,3,0,차대차 - 기타,안전운전불이행,건조,맑음,단일로 - 기타,승용,남,62세,상해없음,승용,남,42세,경상
2018010600100050,2018년 1월 6일 02시,토요일,대구광역시 달서구 용산동,경상사고,0,0,1,0,차대차 - 기타,안전운전불이행,건조,맑음,단일로 - 지하차도(도로)내,승용,남,24세,상해없음,승용,남,62세,경상
2018010600100121,2018년 1월 6일 08시,토요일,대구광역시 달서구 월성동,경상사고,0,0,1,0,차대차 - 측면충돌,안전거리미확보,건조,맑음,교차로 - 교차로부근,화물,남,59세,상해없음,승용,여,58세,경상
2018010600100164,2018년 1월 6일 10시,토요일,대구광역시 달서구 본동,경상사고,0,0,1,0,차대차 - 측면충돌,안전거리미확보,건조,맑음,단일로 - 기타,화물,남,58세,상해없음,승용,남,72세,상해없음
2018010600100190,2018년 1월 6일 11시,토요일,대구광역시 동구 지저동,경상사고,0,0,2,0,차대차 - 추돌,안전운전불이행,건조,맑음,단일로 - 기타,승용,남,63세,상해없음,승용,여,51세,경상
2018010600100191,2018년 1월 6일 11시,토요일,대구광역시 서구 평리동,경상사고,0,0,4,0,차대차 - 기타,안전거리미확보,건조,맑음,단일로 - 기타,승용,남,67세,상해없음,승용,남,36세,경상
2018010600100192,2018년 1월 6일 11시,토요일,대구광역시 중구 달성동,중상사고,0,1,0,0,차대차 - 측면충돌,신호위반,건조,맑음,교차로 - 교차로안,승용,남,70세,상해없음,이륜,남,63세,중상
2018010600100225,2018년 1월 6일 12시,토요일,대구광역시 남구 대명동,중상사고,0,1,0,0,차량단독 - 기타,기타,건조,맑음,단일로 - 기타,승합,남,57세,상해없음,,,,
2018010600100246,2018년 1월 6일 13시,토요일,대구광역시 수성구 중동,부상신고사고,0,0,0,1,차량단독 - 전도전복 - 전도,안전운전불이행,건조,맑음,단일로 - 기타,이륜,남,57세,부상신고,미분류,미분류,미분류,미분류
2018010600100279,2018년 1월 6일 14시,토요일,대구광역시 동구 효목동,경상사고,0,0,1,0,차대차 - 측면충돌,안전거리미확보,건조,맑음,단일로 - 고가도로위,승용,남,45세,상해없음,승용,남,38세,경상
2018010600100280,2018년 1월 6일 14시,토요일,대구광역시 달서구 용산동,경상사고,0,0,1,0,차대차 - 측면충돌,안전거리미확보,건조,맑음,단일로 - 기타,화물,남,41세,상해없음,승용,남,47세,경상
2018010600100305,2018년 1월 6일 15시,토요일,대구광역시 동구 신천동,경상사고,0,0,2,0,차대차 - 기타,안전거리미확보,건조,맑음,단일로 - 기타,승용,남,45세,상해없음,승합,남,50세,경상
2018010600100306,2018년 1월 6일 15시,토요일,대구광역시 북구 노원동3가,중상사고,0,1,0,0,차대사람 - 기타,교차로운행방법위반,건조,맑음,교차로 - 교차로안,화물,남,50세,상해없음,보행자,남,65세,중상
2018010600100332,2018년 1월 6일 16시,토요일,대구광역시 달성군 다사읍,경상사고,0,0,1,0,차대차 - 측면충돌,안전운전불이행,건조,맑음,단일로 - 기타,승용,남,57세,상해없음,이륜,남,25세,경상
2018010600100333,2018년 1월 6일 16시,토요일,대구광역시 북구 구암동,경상사고,0,0,1,0,차대차 - 측면충돌,교차로운행방법위반,건조,맑음,교차로 - 교차로안,승용,남,74세,상해없음,승용,남,64세,경상
2018010600100362,2018년 1월 6일 17시,토요일,대구광역시 수성구 범어동,중상사고,0,1,0,0,차대사람 - 횡단중,보행자보호의무위반,건조,맑음,단일로 - 기타,화물,남,45세,상해없음,보행자,여,53세,중상
2018010600100363,2018년 1월 6일 17시,토요일,대구광역시 달서구 대곡동,중상사고,0,1,1,0,차대차 - 기타,신호위반,건조,맑음,교차로 - 교차로부근,이륜,남,17세,중상,승용,여,48세,경상
2018010600100398,2018년 1월 6일 18시,토요일,대구광역시 달서구 상인동,경상사고,0,0,1,0,차대차 - 기타,안전거리미확보,건조,맑음,단일로 - 기타,승용,남,46세,상해없음,승용,남,63세,상해없음
2018010600100399,2018년 1월 6일 18시,토요일,대구광역시 달서구 감삼동,경상사고,0,0,4,0,차대차 - 측면충돌,안전운전불이행,건조,맑음,단일로 - 기타,승용,남,52세,상해없음,승용,남,36세,경상
2018010600100426,2018년 1월 6일 19시,토요일,대구광역시 수성구 상동,경상사고,0,0,3,1,차대차 - 측면충돌,안전거리미확보,건조,맑음,단일로 - 기타,원동기,남,51세,부상신고,승용,남,57세,경상
2018010600100427,2018년 1월 6일 19시,토요일,대구광역시 북구 서변동,경상사고,0,0,1,0,차대차 - 측면충돌,안전거리미확보,건조,맑음,교차로 - 교차로안,승용,남,53세,상해없음,승용,남,46세,경상
2018010600100459,2018년 1월 6일 20시,토요일,대구광역시 동구 신천동,경상사고,0,0,1,0,차대사람 - 기타,안전운전불이행,건조,맑음,단일로 - 기타,승용,여,42세,상해없음,보행자,남,54세,경상
2018010600100460,2018년 1월 6일 20시,토요일,대구광역시 수성구 수성동2가,경상사고,0,0,6,0,차대차 - 추돌,안전운전불이행,건조,맑음,단일로 - 기타,승용,남,46세,상해없음,승용,남,31세,경상
2018010600100461,2018년 1월 6일 20시,토요일,대구광역시 달서구 송현동,경상사고,0,0,2,0,차대차 - 측면충돌,신호위반,건조,맑음,교차로 - 교차로안,승용,여,62세,경상,승용,남,60세,경상
2018010600100462,2018년 1월 6일 20시,토요일,대구광역시 달서구 이곡동,중상사고,0,1,0,0,차대차 - 기타,차로위반,건조,맑음,교차로 - 교차로안,승용,남,60세,상해없음,승용,남,25세,중상
2018010600100488,2018년 1월 6일 21시,토요일,대구광역시 동구 신천동,경상사고,0,0,1,0,차대차 - 기타,직진우회전진행방해,건조,맑음,교차로 - 교차로안,승용,남,51세,상해없음,이륜,남,18세,경상
2018010600100524,2018년 1월 6일 23시,토요일,대구광역시 중구 태평로1가,경상사고,0,0,1,0,차대사람 - 횡단중,보행자보호의무위반,건조,맑음,교차로 - 교차로안,승용,남,63세,상해없음,보행자,여,28세,경상
2018010700100013,2018년 1월 7일 00시,일요일,대구광역시 달서구 두류동,경상사고,0,0,2,0,차대차 - 추돌,안전운전불이행,건조,맑음,교차로 - 교차로안,승용,남,65세,상해없음,승용,남,33세,경상
2018010700100029,2018년 1월 7일 01시,일요일,대구광역시 중구 대봉동,중상사고,0,1,3,0,차대차 - 측면충돌,안전운전불이행,건조,맑음,단일로 - 기타,승용,남,56세,상해없음,승용,남,56세,중상
2018010700100044,2018년 1월 7일 02시,일요일,대구광역시 서구 비산동,경상사고,0,0,1,0,차대차 - 측면충돌,안전거리미확보,건조,맑음,교차로 - 교차로부근,승용,여,24세,상해없음,원동기,남,20세,경상
2018010700100045,2018년 1월 7일 02시,일요일,대구광역시 중구 동인동3가,중상사고,0,1,0,0,차대차 - 기타,기타,건조,맑음,교차로 - 교차로안,기타불명,기타불명,미분류,기타불명,승용,남,68세,중상
2018010700100046,2018년 1월 7일 02시,일요일,대구광역시 북구 태전동,경상사고,0,0,1,0,차대차 - 측면충돌,안전운전불이행,건조,맑음,단일로 - 기타,승용,남,40세,상해없음,승용,남,25세,경상
2018010700100082,2018년 1월 7일 06시,일요일,대구광역시 동구 방촌동,중상사고,0,1,0,0,차대차 - 기타,안전거리미확보,건조,맑음,교차로 - 교차로부근,승용,여,55세,상해없음,승용,남,67세,중상
2018010700100083,2018년 1월 7일 06시,일요일,대구광역시 동구 봉무동,중상사고,0,1,0,0,차량단독 - 기타,안전운전불이행,건조,맑음,단일로 - 기타,승용,남,25세,상해없음,,,,
2018010700100092,2018년 1월 7일 07시,일요일,대구광역시 달성군 다사읍,사망사고,1,1,0,0,차대차 - 추돌,과속,건조,맑음,단일로 - 기타,승용,남,45세,상해없음,농기계,남,56세,사망
2018010700100093,2018년 1월 7일 07시,일요일,대구광역시 서구 평리동,경상사고,0,0,1,0,차대차 - 측면충돌,안전운전불이행,건조,맑음,단일로 - 기타,승용,여,62세,상해없음,승용,남,29세,경상
2018010700100094,2018년 1월 7일 07시,일요일,대구광역시 서구 비산동,경상사고,0,0,2,0,차대차 - 추돌,안전운전불이행,건조,맑음,단일로 - 기타,승용,여,24세,상해없음,승용,여,25세,경상
2018010700100103,2018년 1월 7일 08시,일요일,대구광역시 서구 비산동,경상사고,0,0,1,0,차대사람 - 차도통행중,안전운전불이행,건조,맑음,단일로 - 기타,승용,여,40세,상해없음,보행자,남,59세,경상
2018010700100117,2018년 1월 7일 09시,일요일,대구광역시 동구 용계동,경상사고,0,0,1,0,차대차 - 측면충돌,안전운전불이행,건조,맑음,단일로 - 기타,승용,남,46세,상해없음,승용,여,26세,경상
2018010700100146,2018년 1월 7일 11시,일요일,대구광역시 동구 신암동,중상사고,0,1,0,0,차대차 - 측면충돌,신호위반,건조,맑음,교차로 - 교차로안,화물,남,74세,상해없음,이륜,남,66세,중상
2018010700100177,2018년 1월 7일 13시,일요일,대구광역시 동구 신천동,중상사고,0,1,0,0,차대사람 - 기타,안전운전불이행,건조,맑음,단일로 - 기타,승용,남,68세,상해없음,보행자,여,70세,중상
2018010700100204,2018년 1월 7일 15시,일요일,대구광역시 수성구 만촌동,부상신고사고,0,0,0,1,차대차 - 기타,안전거리미확보,건조,맑음,단일로 - 기타,특수,남,22세,부상신고,승용,남,43세,상해없음
2018010700100205,2018년 1월 7일 15시,일요일,대구광역시 달서구 진천동,중상사고,0,1,0,0,차대사람 - 길가장자리구역통행중,안전운전불이행,건조,맑음,교차로 - 교차로안,승용,남,36세,상해없음,보행자,여,37세,중상
2018010700100206,2018년 1월 7일 15시,일요일,대구광역시 달서구 성당동,경상사고,0,0,2,0,차대차 - 측면충돌,안전운전불이행,건조,맑음,교차로 - 교차로안,승용,남,52세,상해없음,승용,남,43세,경상
2018010700100207,2018년 1월 7일 15시,일요일,대구광역시 북구 매천동,중상사고,0,2,2,0,차대차 - 정면충돌,중앙선침범,건조,맑음,단일로 - 기타,승용,남,26세,경상,승용,남,60세,중상
2018010700100225,2018년 1월 7일 16시,일요일,대구광역시 남구 이천동,경상사고,0,0,1,0,차대차 - 측면충돌,안전운전불이행,건조,맑음,단일로 - 교량,승용,남,57세,상해없음,승용,여,40세,경상
2018010700100226,2018년 1월 7일 16시,일요일,대구광역시 수성구 황금동,경상사고,0,0,1,0,차대차 - 추돌,안전운전불이행,건조,맑음,교차로 - 교차로부근,승용,여,56세,상해없음,승용,여,53세,상해없음
2018010700100242,2018년 1월 7일 17시,일요일,대구광역시 동구 지묘동,중상사고,0,1,2,0,차대차 - 기타,안전운전불이행,건조,맑음,단일로 - 기타,승용,여,65세,중상,승용,남,68세,경상
2018010700100243,2018년 1월 7일 17시,일요일,대구광역시 중구 삼덕동2가,경상사고,0,0,1,0,차대차 - 측면충돌,안전운전불이행,건조,맑음,단일로 - 기타,승용,여,45세,상해없음,승용,남,30세,경상
2018010700100244,2018년 1월 7일 17시,일요일,대구광역시 북구 태전동,경상사고,0,0,1,0,차대차 - 추돌,안전운전불이행,건조,맑음,단일로 - 기타,승용,남,40세,상해없음,승용,여,45세,경상
2018010700100269,2018년 1월 7일 18시,일요일,대구광역시 달서구 대곡동,경상사고,0,0,1,0,차대차 - 측면충돌,교차로운행방법위반,건조,맑음,단일로 - 기타,승용,남,53세,상해없음,원동기,남,46세,경상
2018010700100271,2018년 1월 7일 18시,일요일,대구광역시 달성군 다사읍,중상사고,0,1,0,0,차대사람 - 횡단중,안전운전불이행,건조,맑음,교차로 - 교차로안,화물,남,64세,상해없음,보행자,여,67세,중상
2018010700100272,2018년 1월 7일 18시,일요일,대구광역시 북구 산격동,중상사고,0,1,0,0,차대차 - 측면충돌,안전운전불이행,건조,맑음,단일로 - 기타,승용,남,56세,상해없음,이륜,남,71세,중상
2018010700100273,2018년 1월 7일 18시,일요일,대구광역시 달서구 장기동,경상사고,0,0,1,0,차대차 - 기타,안전운전불이행,건조,맑음,단일로 - 기타,승용,여,57세,상해없음,이륜,남,23세,경상
2018010700100294,2018년 1월 7일 19시,일요일,대구광역시 달서구 상인동,중상사고,0,1,0,0,차대사람 - 횡단중,보행자보호의무위반,건조,맑음,단일로 - 기타,승용,남,48세,상해없음,보행자,남,24세,중상
2018010700100295,2018년 1월 7일 19시,일요일,대구광역시 달성군 다사읍,경상사고,0,0,1,0,차대차 - 측면충돌,직진우회전진행방해,건조,맑음,교차로 - 교차로안,승용,남,26세,상해없음,이륜,남,26세,경상
2018010700100311,2018년 1월 7일 20시,일요일,대구광역시 달성군 현풍읍,경상사고,0,0,3,0,차대차 - 추돌,안전운전불이행,건조,맑음,교차로 - 교차로부근,승용,남,36세,상해없음,승용,남,44세,경상
2018010700100347,2018년 1월 7일 22시,일요일,대구광역시 북구 구암동,중상사고,0,1,0,0,차량단독 - 전도전복 - 전도,기타,건조,맑음,교차로 - 교차로안,승합,남,49세,상해없음,미분류,미분류,미분류,미분류
2018010800100013,2018년 1월 8일 00시,월요일,대구광역시 서구 내당동,경상사고,0,0,4,0,차대차 - 측면충돌,안전운전불이행,젖음/습기,맑음,단일로 - 기타,승용,남,50세,상해없음,승용,남,55세,경상
2018010800100044,2018년 1월 8일 05시,월요일,대구광역시 수성구 범어동,경상사고,0,0,1,0,차대사람 - 길가장자리구역통행중,안전운전불이행,건조,맑음,단일로 - 기타,승용,여,28세,상해없음,보행자,남,71세,경상
2018010800100060,2018년 1월 8일 06시,월요일,대구광역시 남구 봉덕동,중상사고,0,1,0,0,차대사람 - 횡단중,보행자보호의무위반,젖음/습기,비,교차로 - 교차로횡단보도내,승용,남,53세,상해없음,보행자,남,63세,중상
2018010800100061,2018년 1월 8일 06시,월요일,대구광역시 남구 봉덕동,중상사고,0,1,0,0,차대사람 - 횡단중,안전운전불이행,젖음/습기,비,단일로 - 기타,화물,남,56세,상해없음,보행자,여,77세,중상
2018010800100062,2018년 1월 8일 06시,월요일,대구광역시 달성군 화원읍,부상신고사고,0,0,0,1,차대차 - 기타,안전운전불이행,서리/결빙,기타,단일로 - 교량,승용,남,57세,상해없음,화물,남,36세,부상신고
2018010800100063,2018년 1월 8일 06시,월요일,대구광역시 달성군 화원읍,경상사고,0,0,2,0,차대차 - 추돌,안전운전불이행,서리/결빙,맑음,단일로 - 기타,승용,여,57세,상해없음,승용,남,60세,상해없음
2018010800100097,2018년 1월 8일 07시,월요일,대구광역시 수성구 지산동,경상사고,0,0,1,0,차대차 - 추돌,안전운전불이행,젖음/습기,맑음,교차로 - 교차로부근,승합,남,61세,상해없음,승용,남,61세,경상
2018010800100098,2018년 1월 8일 07시,월요일,대구광역시 서구 상리동,경상사고,0,0,1,0,차대차 - 추돌,안전운전불이행,건조,맑음,단일로 - 기타,승용,남,29세,상해없음,승용,남,74세,경상
2018010800100099,2018년 1월 8일 07시,월요일,대구광역시 달서구 신당동,경상사고,0,0,1,0,차대차 - 추돌,안전운전불이행,젖음/습기,비,단일로 - 기타,화물,남,67세,상해없음,승용,여,49세,경상
2018010800100135,2018년 1월 8일 08시,월요일,대구광역시 수성구 매호동,부상신고사고,0,0,0,1,차량단독 - 기타,안전운전불이행,젖음/습기,비,단일로 - 기타,승용,남,57세,부상신고,,,,
2018010800100136,2018년 1월 8일 08시,월요일,대구광역시 서구 평리동,경상사고,0,0,1,0,차대사람 - 횡단중,안전운전불이행,젖음/습기,비,교차로 - 교차로안,승용,여,54세,상해없음,보행자,여,64세,경상
2018010800100137,2018년 1월 8일 08시,월요일,대구광역시 달서구 장동,중상사고,0,1,0,0,차대차 - 추돌,안전거리미확보,건조,맑음,단일로 - 기타,승합,남,64세,상해없음,승용,남,39세,중상
2018010800100160,2018년 1월 8일 09시,월요일,대구광역시 동구 동호동,사망사고,1,0,0,0,차대차 - 추돌,안전운전불이행,젖음/습기,흐림,교차로 - 교차로안,승합,남,35세,상해없음,자전거,여,71세,사망
2018010800100182,2018년 1월 8일 10시,월요일,대구광역시 수성구 범어동,경상사고,0,0,1,0,차대사람 - 기타,안전운전불이행,건조,맑음,단일로 - 기타,승용,남,52세,상해없음,보행자,남,61세,경상
2018010800100183,2018년 1월 8일 10시,월요일,대구광역시 달서구 대천동,경상사고,0,0,1,0,차대차 - 측면충돌,교차로운행방법위반,젖음/습기,비,교차로 - 교차로안,화물,남,25세,상해없음,화물,남,56세,경상
2018010800100184,2018년 1월 8일 10시,월요일,대구광역시 달서구 두류동,부상신고사고,0,0,0,1,차량단독 - 기타,안전운전불이행,건조,맑음,주차장 - 주차장,승용,남,77세,부상신고,,,,
2018010800100209,2018년 1월 8일 11시,월요일,대구광역시 달성군 옥포읍,중상사고,0,1,0,0,차대차 - 측면충돌,안전운전불이행,건조,맑음,교차로 - 교차로안,화물,남,47세,상해없음,승용,남,49세,중상
2018010800100240,2018년 1월 8일 12시,월요일,대구광역시 남구 대명동,경상사고,0,0,1,0,차대차 - 추돌,안전거리미확보,건조,맑음,교차로 - 교차로부근,승용,남,22세,상해없음,승용,남,41세,경상
2018010800100241,2018년 1월 8일 12시,월요일,대구광역시 달서구 본동,부상신고사고,0,0,0,1,차대차 - 기타,안전거리미확보,젖음/습기,비,단일로 - 기타,기타불명,기타불명,미분류,기타불명,승합,남,58세,상해없음
2018010800100242,2018년 1월 8일 12시,월요일,대구광역시 북구 산격동,중상사고,0,2,3,0,차대차 - 측면충돌,중앙선침범,젖음/습기,비,단일로 - 기타,화물,남,64세,상해없음,승용,남,51세,경상
2018010800100269,2018년 1월 8일 13시,월요일,대구광역시 동구 진인동,경상사고,0,0,2,0,차대차 - 추돌,안전운전불이행,건조,맑음,단일로 - 터널,화물,남,56세,상해없음,특수,남,63세,경상
2018010800100273,2018년 1월 8일 13시,월요일,대구광역시 달서구 월성동,경상사고,0,0,1,0,차대차 - 추돌,안전거리미확보,젖음/습기,흐림,교차로 - 교차로부근,이륜,남,35세,상해없음,승용,여,57세,경상
2018010800100306,2018년 1월 8일 14시,월요일,대구광역시 남구 대명동,경상사고,0,0,1,0,차대차 - 측면충돌,안전거리미확보,건조,맑음,단일로 - 기타,화물,남,60세,상해없음,원동기,남,52세,경상
2018010800100307,2018년 1월 8일 14시,월요일,대구광역시 서구 비산동,중상사고,0,1,0,0,차대차 - 측면충돌,직진우회전진행방해,젖음/습기,비,교차로 - 교차로안,승용,남,55세,상해없음,승용,여,62세,중상
2018010800100336,2018년 1월 8일 15시,월요일,대구광역시 동구 불로동,경상사고,0,0,1,0,차대차 - 기타,교차로운행방법위반,건조,맑음,교차로 - 교차로부근,승용,여,65세,상해없음,승용,여,29세,경상
2018010800100337,2018년 1월 8일 15시,월요일,대구광역시 달서구 죽전동,경상사고,0,0,4,0,차대차 - 추돌,안전거리미확보,젖음/습기,비,단일로 - 기타,화물,남,43세,상해없음,승용,남,23세,경상
2018010800100363,2018년 1월 8일 16시,월요일,대구광역시 수성구 두산동,경상사고,0,0,1,0,차대차 - 기타,안전운전불이행,건조,맑음,단일로 - 기타,화물,남,41세,상해없음,승용,남,68세,상해없음
2018010800100395,2018년 1월 8일 17시,월요일,대구광역시 달서구 대천동,경상사고,0,0,1,0,차대사람 - 횡단중,보행자보호의무위반,건조,맑음,단일로 - 기타,승용,여,50세,상해없음,보행자,남,6세,경상
2018010800100396,2018년 1월 8일 17시,월요일,대구광역시 북구 노원동3가,중상사고,0,1,0,0,차대차 - 측면충돌,직진우회전진행방해,건조,맑음,교차로 - 교차로안,승용,남,29세,상해없음,원동기,남,50세,중상
2018010800100397,2018년 1월 8일 17시,월요일,대구광역시 달서구 갈산동,경상사고,0,0,1,0,차대차 - 기타,차로위반,건조,맑음,단일로 - 기타,화물,남,46세,상해없음,이륜,남,37세,경상
2018010800100398,2018년 1월 8일 17시,월요일,대구광역시 북구 읍내동,중상사고,0,1,0,0,차대사람 - 횡단중,보행자보호의무위반,건조,맑음,교차로 - 교차로횡단보도내,승용,남,58세,상해없음,보행자,남,82세,중상
2018010800100449,2018년 1월 8일 18시,월요일,대구광역시 동구 신천동,경상사고,0,0,2,0,차대차 - 추돌,안전운전불이행,건조,맑음,단일로 - 기타,이륜,남,23세,경상,승용,남,26세,경상
2018010800100450,2018년 1월 8일 18시,월요일,대구광역시 동구 신천동,경상사고,0,0,1,0,차대사람 - 횡단중,보행자보호의무위반,건조,맑음,교차로 - 교차로부근,기타불명,기타불명,미분류,기타불명,보행자,여,17세,경상
2018010800100451,2018년 1월 8일 18시,월요일,대구광역시 북구 침산동,부상신고사고,0,0,0,1,차대차 - 기타,안전운전불이행,건조,맑음,단일로 - 기타,원동기,남,47세,부상신고,승용,남,45세,상해없음
2018010800100452,2018년 1월 8일 18시,월요일,대구광역시 서구 원대동1가,경상사고,0,0,1,0,차대차 - 측면충돌,안전운전불이행,건조,맑음,교차로 - 교차로부근,기타불명,기타불명,미분류,기타불명,이륜,남,72세,경상
2018010800100501,2018년 1월 8일 19시,월요일,대구광역시 서구 평리동,부상신고사고,0,0,0,1,차대차 - 기타,안전운전불이행,건조,맑음,단일로 - 기타,승용,여,55세,상해없음,이륜,여,57세,부상신고
2018010800100502,2018년 1월 8일 19시,월요일,대구광역시 달서구 신당동,경상사고,0,0,1,0,차대차 - 기타,차로위반,건조,맑음,단일로 - 기타,승용,남,46세,상해없음,이륜,남,21세,경상
2018010800100533,2018년 1월 8일 20시,월요일,대구광역시 서구 내당동,중상사고,0,1,0,0,차대사람 - 횡단중,안전운전불이행,건조,맑음,교차로 - 교차로부근,승용,남,53세,상해없음,보행자,남,62세,중상
2018010800100574,2018년 1월 8일 21시,월요일,대구광역시 동구 신천동,경상사고,0,0,5,0,차대차 - 추돌,안전운전불이행,건조,맑음,단일로 - 기타,승용,남,61세,상해없음,승용,남,55세,경상
2018010800100575,2018년 1월 8일 21시,월요일,대구광역시 달서구 용산동,중상사고,0,1,3,0,차대차 - 측면충돌,안전거리미확보,건조,맑음,단일로 - 기타,승용,여,30세,경상,승용,남,44세,중상
2018010800100594,2018년 1월 8일 22시,월요일,대구광역시 북구 학정동,중상사고,0,1,0,0,차대차 - 측면충돌,교차로운행방법위반,건조,맑음,교차로 - 교차로안,승용,남,22세,상해없음,이륜,남,42세,중상
2018010900100018,2018년 1월 9일 00시,화요일,대구광역시 북구 산격동,경상사고,0,0,1,0,차대차 - 측면충돌,안전운전불이행,건조,맑음,교차로 - 교차로안,승용,남,21세,상해없음,이륜,남,33세,경상
2018010900100019,2018년 1월 9일 00시,화요일,대구광역시 달서구 본리동,경상사고,0,0,1,0,차대차 - 기타,차로위반,건조,맑음,교차로 - 교차로부근,승용,남,72세,상해없음,승용,남,56세,상해없음
2018010900100037,2018년 1월 9일 01시,화요일,대구광역시 수성구 상동,중상사고,0,1,1,0,차대차 - 기타,교차로운행방법위반,건조,맑음,교차로 - 교차로안,승용,남,35세,상해없음,승용,남,54세,경상
2018010900100059,2018년 1월 9일 04시,화요일,대구광역시 수성구 성동,중상사고,0,1,0,0,차량단독 - 기타,안전운전불이행,적설,눈,단일로 - 기타,승합,남,76세,상해없음,,,,