사고번호,사고일시,요일,시군구,사고내용,사망자수,중상자수,경상자수,부상신고자수,사고유형,법규위반,노면상태,기상상태,도로형태,가해운전자 차종,가해운전자 성별,가해운전자 연령,가해운전자 상해정도,피해운전자 차종,피해운전자 성별,피해운전자 연령,피해운전자 상해정도
2018010900100107,2018년 1월 9일 07시,화요일,대구광역시 북구 구암동,중상사고,0,1,0,0,차대차 - 추돌,안전운전불이행,서리/결빙,맑음,교차로 - 교차로안,화물,남,40세,상해없음,승용,여,24세,상해없음
2018010900100108,2018년 1월 9일 07시,화요일,대구광역시 북구 읍내동,경상사고,0,0,1,0,차대차 - 정면충돌,안전운전불이행,서리/결빙,맑음,교차로 - 교차로부근,승용,여,22세,기타불명,승용,여,46세,경상
2018010900100151,2018년 1월 9일 08시,화요일,대구광역시 달성군 화원읍,중상사고,0,1,0,0,차대차 - 추돌,안전운전불이행,건조,맑음,단일로 - 기타,화물,남,59세,상해없음,화물,남,55세,상해없음
2018010900100154,2018년 1월 9일 08시,화요일,대구광역시 서구 원대동1가,경상사고,0,0,2,0,차대차 - 기타,안전운전불이행,건조,맑음,단일로 - 기타,승용,남,54세,상해없음,화물,남,62세,경상
2018010900100155,2018년 1월 9일 08시,화요일,대구광역시 서구 비산동,경상사고,0,0,1,0,차대차 - 측면충돌,교차로운행방법위반,서리/결빙,눈,교차로 - 교차로안,화물,남,56세,경상,화물,남,49세,상해없음
2018010900100191,2018년 1월 9일 09시,화요일,대구광역시 달서구 신당동,중상사고,0,1,0,0,차대사람 - 횡단중,보행자보호의무위반,건조,맑음,교차로 - 교차로횡단보도내,기타불명,기타불명,미분류,기타불명,보행자,여,79세,중상
2018010900100226,2018년 1월 9일 10시,화요일,대구광역시 수성구 지산동,중상사고,0,1,0,0,차대차 - 측면충돌,불법유턴,건조,맑음,단일로 - 기타,승용,남,57세,상해없음,승용,남,55세,중상
2018010900100255,2018년 1월 9일 11시,화요일,대구광역시 남구 봉덕동,중상사고,0,1,0,0,차대사람 - 횡단중,신호위반,건조,맑음,교차로 - 교차로횡단보도내,승용,여,56세,상해없음,보행자,남,63세,중상
2018010900100256,2018년 1월 9일 11시,화요일,대구광역시 동구 지묘동,중상사고,0,1,0,0,차대차 - 측면충돌,안전거리미확보,서리/결빙,흐림,단일로 - 기타,승용,남,19세,상해없음,승용,여,60세,중상
2018010900100284,2018년 1월 9일 12시,화요일,대구광역시 수성구 두산동,중상사고,0,1,0,0,차대차 - 측면충돌,직진우회전진행방해,건조,맑음,교차로 - 교차로안,승용,여,50세,기타불명,승용,남,53세,중상
2018010900100285,2018년 1월 9일 12시,화요일,대구광역시 달서구 죽전동,경상사고,0,0,1,0,차대차 - 측면충돌,안전운전불이행,건조,맑음,단일로 - 기타,승용,남,67세,상해없음,승용,남,36세,경상
2018010900100308,2018년 1월 9일 13시,화요일,대구광역시 수성구 지산동,중상사고,0,1,0,0,차대사람 - 횡단중,안전운전불이행,건조,맑음,교차로 - 교차로부근,승용,남,25세,상해없음,보행자,여,67세,중상
2018010900100309,2018년 1월 9일 13시,화요일,대구광역시 달서구 진천동,경상사고,0,0,1,0,차대차 - 기타,안전운전불이행,건조,맑음,단일로 - 기타,기타불명,기타불명,미분류,기타불명,자전거,남,48세,경상
2018010900100339,2018년 1월 9일 14시,화요일,대구광역시 남구 대명동,중상사고,0,1,0,0,차대차 - 측면충돌,신호위반,건조,맑음,단일로 - 기타,승용,남,72세,상해없음,자전거,남,84세,중상
2018010900100340,2018년 1월 9일 14시,화요일,대구광역시 달서구 본리동,경상사고,0,0,1,0,차대차 - 추돌,안전운전불이행,건조,맑음,단일로 - 기타,이륜,남,16세,경상,승용,남,66세,상해없음
2018010900100368,2018년 1월 9일 15시,화요일,대구광역시 수성구 범어동,경상사고,0,0,1,0,차대차 - 측면충돌,안전운전불이행,건조,맑음,교차로 - 교차로안,이륜,남,44세,경상,승용,남,55세,상해없음
2018010900100369,2018년 1월 9일 15시,화요일,대구광역시 북구 읍내동,경상사고,0,0,1,0,차대차 - 측면충돌,안전운전불이행,건조,맑음,단일로 - 기타,승용,남,61세,상해없음,이륜,남,71세,경상
2018010900100407,2018년 1월 9일 16시,화요일,대구광역시 서구 평리동,중상사고,0,1,0,0,차대사람 - 기타,안전운전불이행,건조,맑음,교차로 - 교차로안,화물,남,53세,상해없음,보행자,여,59세,중상
2018010900100408,2018년 1월 9일 16시,화요일,대구광역시 북구 동천동,중상사고,0,1,0,0,차대차 - 측면충돌,안전운전불이행,서리/결빙,흐림,교차로 - 교차로부근,원동기,남,83세,중상,승합,남,52세,상해없음
2018010900100452,2018년 1월 9일 17시,화요일,대구광역시 수성구 범어동,경상사고,0,0,1,0,차대사람 - 보도통행중,기타,건조,맑음,단일로 - 기타,원동기,남,25세,상해없음,보행자,남,35세,경상
2018010900100453,2018년 1월 9일 17시,화요일,대구광역시 북구 산격동,중상사고,0,1,0,0,차대차 - 기타,안전운전불이행,건조,맑음,단일로 - 기타,승용,남,36세,상해없음,이륜,남,19세,중상
2018010900100454,2018년 1월 9일 17시,화요일,대구광역시 달서구 감삼동,경상사고,0,0,1,0,차대사람 - 기타,안전운전불이행,건조,맑음,단일로 - 기타,승용,남,70세,상해없음,보행자,남,39세,경상
2018010900100455,2018년 1월 9일 17시,화요일,대구광역시 달서구 신당동,경상사고,0,0,2,0,차대차 - 기타,안전운전불이행,건조,맑음,단일로 - 기타,승용,남,61세,상해없음,승용,남,58세,경상
2018010900100457,2018년 1월 9일 17시,화요일,대구광역시 북구 동천동,부상신고사고,0,0,0,1,차대차 - 기타,안전운전불이행,젖음/습기,흐림,단일로 - 기타,이륜,남,21세,부상신고,승용,남,46세,상해없음
2018010900100504,2018년 1월 9일 18시,화요일,대구광역시 남구 대명동,경상사고,0,0,1,1,차대차 - 측면충돌,안전운전불이행,건조,맑음,단일로 - 기타,승용,남,37세,부상신고,이륜,남,29세,경상
2018010900100505,2018년 1월 9일 18시,화요일,대구광역시 북구 침산동,부상신고사고,0,0,0,1,차대차 - 추돌,안전운전불이행,건조,맑음,단일로 - 기타,이륜,남,48세,부상신고,이륜,남,24세,상해없음
2018010900100507,2018년 1월 9일 18시,화요일,대구광역시 달서구 두류동,경상사고,0,0,1,0,차대사람 - 기타,안전운전불이행,건조,맑음,단일로 - 기타,화물,남,74세,상해없음,보행자,여,55세,경상
2018010900100508,2018년 1월 9일 18시,화요일,대구광역시 북구 관음동,경상사고,0,0,2,0,차대차 - 기타,안전운전불이행,젖음/습기,흐림,교차로 - 교차로부근,승용,남,52세,상해없음,승용,여,47세,경상
2018010900100509,2018년 1월 9일 18시,화요일,대구광역시 북구 태전동,경상사고,0,0,1,0,차대차 - 추돌,안전운전불이행,건조,맑음,단일로 - 기타,승용,남,41세,기타불명,이륜,남,54세,경상
2018010900100539,2018년 1월 9일 19시,화요일,대구광역시 북구 읍내동,중상사고,0,1,1,0,차대차 - 기타,안전운전불이행,건조,맑음,단일로 - 기타,승용,여,22세,상해없음,승용,남,32세,경상
2018010900100591,2018년 1월 9일 21시,화요일,대구광역시 달서구 호산동,경상사고,0,0,1,0,차대차 - 추돌,안전운전불이행,건조,맑음,교차로 - 교차로부근,승용,여,42세,상해없음,승용,여,48세,경상
2018010900100614,2018년 1월 9일 22시,화요일,대구광역시 서구 평리동,중상사고,0,1,0,0,차대사람 - 보도통행중,안전운전불이행,건조,맑음,교차로 - 교차로부근,승용,남,30세,상해없음,보행자,남,55세,중상
2018010900100615,2018년 1월 9일 22시,화요일,대구광역시 북구 관음동,경상사고,0,0,4,0,차대차 - 기타,안전거리미확보,건조,맑음,교차로 - 교차로부근,승용,남,22세,상해없음,승용,여,22세,경상
2018010900100635,2018년 1월 9일 23시,화요일,대구광역시 수성구 범어동,부상신고사고,0,0,0,1,차량단독 - 기타,안전운전불이행,젖음/습기,맑음,단일로 - 기타,이륜,남,42세,부상신고,,,,
2018010900100636,2018년 1월 9일 23시,화요일,대구광역시 달서구 송현동,중상사고,0,1,0,0,차대차 - 측면충돌,안전운전불이행,건조,맑음,교차로 - 교차로부근,승용,남,66세,상해없음,이륜,여,40세,중상
2018011000100030,2018년 1월 10일 01시,수요일,대구광역시 수성구 사월동,경상사고,0,0,1,0,차대차 - 추돌,안전운전불이행,건조,맑음,단일로 - 기타,승용,남,51세,상해없음,승용,남,60세,상해없음
2018011000100038,2018년 1월 10일 02시,수요일,대구광역시 수성구 수성동2가,경상사고,0,0,1,1,차대차 - 추돌,안전운전불이행,건조,맑음,교차로 - 교차로부근,이륜,남,27세,부상신고,승용,여,63세,경상
2018011000100039,2018년 1월 10일 02시,수요일,대구광역시 북구 산격동,경상사고,0,0,1,0,차대차 - 기타,안전운전불이행,건조,맑음,단일로 - 기타,승용,남,26세,상해없음,승용,남,54세,상해없음
2018011000100087,2018년 1월 10일 07시,수요일,대구광역시 달서구 유천동,중상사고,0,1,1,0,차대차 - 측면충돌,안전운전불이행,서리/결빙,눈,단일로 - 기타,승용,남,61세,상해없음,승용,남,39세,경상
2018011000100088,2018년 1월 10일 07시,수요일,대구광역시 달서구 진천동,경상사고,0,0,1,0,차대차 - 기타,직진우회전진행방해,서리/결빙,흐림,교차로 - 교차로안,승용,남,64세,상해없음,승용,남,47세,상해없음
2018011000100089,2018년 1월 10일 07시,수요일,대구광역시 서구 중리동,경상사고,0,0,2,0,차대차 - 측면충돌,안전운전불이행,적설,눈,단일로 - 기타,승용,여,35세,경상,승용,남,34세,경상
2018011000100119,2018년 1월 10일 08시,수요일,대구광역시 동구 부동,사망사고,1,1,0,0,차대차 - 추돌,안전운전불이행,건조,흐림,단일로 - 기타,화물,남,55세,사망,화물,남,43세,중상
2018011000100121,2018년 1월 10일 08시,수요일,대구광역시 수성구 수성동2가,중상사고,0,1,2,0,차대차 - 추돌,과속,서리/결빙,눈,단일로 - 기타,승용,남,26세,상해없음,승용,남,75세,중상
2018011000100122,2018년 1월 10일 08시,수요일,대구광역시 달성군 현풍읍,경상사고,0,0,1,0,차대차 - 기타,직진우회전진행방해,적설,눈,교차로 - 교차로안,승용,남,36세,상해없음,승용,남,43세,경상
2018011000100123,2018년 1월 10일 08시,수요일,대구광역시 북구 복현동,경상사고,0,0,1,0,차대차 - 기타,안전운전불이행,건조,맑음,단일로 - 기타,화물,남,61세,상해없음,승용,남,62세,경상
2018011000100124,2018년 1월 10일 08시,수요일,대구광역시 북구 노원동1가,경상사고,0,0,1,0,차대차 - 추돌,안전운전불이행,서리/결빙,맑음,교차로 - 교차로부근,승용,여,70세,상해없음,승용,여,40세,경상
2018011000100125,2018년 1월 10일 08시,수요일,대구광역시 서구 내당동,경상사고,0,0,2,0,차대차 - 측면충돌,안전운전불이행,적설,눈,단일로 - 기타,화물,남,60세,상해없음,승용,남,61세,경상
2018011000100126,2018년 1월 10일 08시,수요일,대구광역시 달서구 성당동,경상사고,0,0,1,0,차대차 - 기타,안전운전불이행,건조,맑음,교차로 - 교차로부근,승용,남,31세,상해없음,승용,여,25세,경상
2018011000100182,2018년 1월 10일 09시,수요일,대구광역시 달서구 대천동,경상사고,0,0,1,0,차대차 - 기타,안전운전불이행,적설,눈,단일로 - 기타,승용,여,47세,경상,승용,남,67세,상해없음
2018011000100206,2018년 1월 10일 10시,수요일,대구광역시 북구 태전동,중상사고,0,1,0,0,차대사람 - 기타,기타,건조,맑음,기타 - 기타,승용,여,61세,기타불명,보행자,여,21세,중상
2018011000100240,2018년 1월 10일 11시,수요일,대구광역시 중구 동인동2가,경상사고,0,0,1,0,차대차 - 추돌,안전운전불이행,서리/결빙,맑음,단일로 - 기타,승용,남,61세,상해없음,승용,남,59세,경상
2018011000100269,2018년 1월 10일 12시,수요일,대구광역시 중구 남산동,중상사고,0,1,2,0,차대차 - 추돌,안전거리미확보,건조,맑음,교차로 - 교차로안,승용,남,34세,상해없음,승용,남,53세,경상
2018011000100270,2018년 1월 10일 12시,수요일,대구광역시 북구 구암동,중상사고,0,1,1,0,차대차 - 기타,안전운전불이행,건조,맑음,교차로 - 교차로안,승용,여,47세,상해없음,승용,남,56세,경상
2018011000100299,2018년 1월 10일 13시,수요일,대구광역시 서구 내당동,중상사고,0,1,0,0,차대사람 - 차도통행중,안전운전불이행,건조,맑음,단일로 - 기타,승용,여,62세,상해없음,보행자,여,25세,중상
2018011000100338,2018년 1월 10일 14시,수요일,대구광역시 달성군 구지면,경상사고,0,0,2,0,차대차 - 측면충돌,교차로운행방법위반,건조,맑음,교차로 - 교차로안,화물,남,53세,경상,승용,남,37세,경상
2018011000100379,2018년 1월 10일 15시,수요일,대구광역시 남구 대명동,경상사고,0,0,4,1,차대차 - 추돌,안전운전불이행,건조,맑음,교차로 - 교차로안,이륜,남,22세,부상신고,승용,남,53세,경상
2018011000100412,2018년 1월 10일 16시,수요일,대구광역시 중구 동성로2가,경상사고,0,0,1,0,차대사람 - 기타,안전운전불이행,건조,맑음,단일로 - 기타,이륜,남,16세,상해없음,보행자,여,19세,경상
2018011000100413,2018년 1월 10일 16시,수요일,대구광역시 달서구 두류동,경상사고,0,0,3,0,차대차 - 기타,안전운전불이행,건조,맑음,교차로 - 교차로안,승합,남,62세,상해없음,화물,남,44세,경상
2018011000100463,2018년 1월 10일 17시,수요일,대구광역시 동구 율하동,중상사고,0,1,0,0,차대차 - 측면충돌,안전운전불이행,건조,맑음,교차로 - 교차로횡단보도내,이륜,남,72세,중상,승용,남,58세,상해없음
2018011000100464,2018년 1월 10일 17시,수요일,대구광역시 수성구 범물동,부상신고사고,0,0,0,1,차대차 - 측면충돌,안전운전불이행,건조,맑음,단일로 - 기타,승용,남,53세,부상신고,승용,남,53세,상해없음
2018011000100465,2018년 1월 10일 17시,수요일,대구광역시 달서구 월성동,중상사고,0,1,3,0,차대차 - 측면충돌,안전운전불이행,건조,맑음,단일로 - 기타,승용,남,21세,경상,승용,남,40세,중상
2018011000100466,2018년 1월 10일 17시,수요일,대구광역시 달서구 용산동,중상사고,0,1,0,0,차대사람 - 기타,안전운전불이행,건조,맑음,교차로 - 교차로안,화물,남,60세,상해없음,보행자,여,71세,중상
2018011000100513,2018년 1월 10일 18시,수요일,대구광역시 동구 방촌동,중상사고,0,1,0,0,차대차 - 측면충돌,안전운전불이행,건조,맑음,교차로 - 교차로부근,승용,남,30세,상해없음,자전거,남,66세,중상
2018011000100514,2018년 1월 10일 18시,수요일,대구광역시 동구 방촌동,경상사고,0,0,3,0,차대차 - 추돌,안전운전불이행,건조,맑음,단일로 - 기타,화물,남,48세,상해없음,승용,남,61세,경상
2018011000100515,2018년 1월 10일 18시,수요일,대구광역시 수성구 상동,경상사고,0,0,1,0,차대차 - 기타,안전거리미확보,건조,맑음,단일로 - 기타,화물,남,36세,상해없음,이륜,남,32세,경상
2018011000100516,2018년 1월 10일 18시,수요일,대구광역시 달성군 옥포읍,경상사고,0,0,2,0,차대차 - 기타,중앙선침범,건조,맑음,단일로 - 기타,승용,남,52세,상해없음,승용,여,36세,경상
2018011000100517,2018년 1월 10일 18시,수요일,대구광역시 중구 봉산동,경상사고,0,0,1,1,차대차 - 측면충돌,안전거리미확보,건조,맑음,단일로 - 기타,승용,남,37세,부상신고,승용,남,53세,경상
2018011000100551,2018년 1월 10일 19시,수요일,대구광역시 북구 대현동,부상신고사고,0,0,0,2,차대차 - 추돌,안전운전불이행,건조,맑음,교차로 - 교차로부근,이륜,남,15세,부상신고,승용,여,35세,상해없음
2018011000100552,2018년 1월 10일 19시,수요일,대구광역시 중구 삼덕동3가,경상사고,0,0,1,0,차대차 - 측면충돌,안전거리미확보,건조,맑음,단일로 - 기타,승용,여,55세,상해없음,승용,남,52세,경상
2018011000100553,2018년 1월 10일 19시,수요일,대구광역시 달서구 죽전동,중상사고,0,1,0,0,차대차 - 추돌,안전거리미확보,건조,맑음,교차로 - 교차로부근,승용,남,77세,상해없음,승용,남,35세,중상
2018011000100607,2018년 1월 10일 20시,수요일,대구광역시 달성군 다사읍,경상사고,0,0,3,0,차대차 - 기타,안전운전불이행,건조,맑음,교차로 - 교차로안,승용,여,54세,경상,승용,남,38세,경상
2018011000100608,2018년 1월 10일 20시,수요일,대구광역시 달서구 감삼동,경상사고,0,0,1,0,차대사람 - 기타,안전운전불이행,건조,맑음,단일로 - 기타,이륜,남,33세,경상,보행자,기타불명,미분류,기타불명
2018011000100652,2018년 1월 10일 21시,수요일,대구광역시 수성구 범물동,중상사고,0,1,0,0,차대사람 - 기타,신호위반,건조,맑음,교차로 - 교차로횡단보도내,화물,남,55세,상해없음,보행자,여,35세,중상
2018011000100653,2018년 1월 10일 21시,수요일,대구광역시 달서구 용산동,중상사고,0,1,1,0,차대차 - 추돌,안전운전불이행,건조,맑음,단일로 - 기타,이륜,남,25세,중상,승용,여,45세,경상
2018011000100693,2018년 1월 10일 22시,수요일,대구광역시 수성구 중동,중상사고,0,1,0,0,차대차 - 측면충돌,안전운전불이행,건조,맑음,단일로 - 기타,승용,남,66세,상해없음,자전거,여,26세,중상
2018011000100694,2018년 1월 10일 22시,수요일,대구광역시 달서구 신당동,경상사고,0,0,1,0,차대차 - 측면충돌,안전거리미확보,건조,맑음,단일로 - 기타,승용,여,30세,상해없음,이륜,여,60세,경상
2018011100100042,2018년 1월 11일 01시,목요일,대구광역시 달서구 월성동,중상사고,0,2,3,0,차대차 - 측면충돌,과속,건조,맑음,교차로 - 교차로안,승용,남,54세,상해없음,승용,남,51세,경상
2018011100100043,2018년 1월 11일 01시,목요일,대구광역시 달서구 두류동,중상사고,0,1,0,0,차대사람 - 기타,안전운전불이행,건조,맑음,단일로 - 기타,승용,남,48세,상해없음,보행자,남,60세,중상
2018011100100114,2018년 1월 11일 07시,목요일,대구광역시 중구 달성동,중상사고,0,1,0,0,차대사람 - 기타,안전운전불이행,건조,맑음,교차로 - 교차로부근,승용,남,48세,상해없음,보행자,여,75세,중상
2018011100100140,2018년 1월 11일 08시,목요일,대구광역시 동구 효목동,중상사고,0,1,0,0,차대사람 - 차도통행중,안전운전불이행,건조,맑음,단일로 - 기타,승용,여,47세,상해없음,보행자,남,79세,중상
2018011100100141,2018년 1월 11일 08시,목요일,대구광역시 수성구 상동,경상사고,0,0,2,0,차대차 - 추돌,안전운전불이행,건조,맑음,교차로 - 교차로부근,승용,남,19세,상해없음,승용,여,40세,경상
2018011100100179,2018년 1월 11일 09시,목요일,대구광역시 북구 침산동,경상사고,0,0,1,0,차대차 - 측면충돌,안전운전불이행,서리/결빙,맑음,단일로 - 기타,화물,남,53세,상해없음,승용,남,58세,경상
2018011100100359,2018년 1월 11일 15시,목요일,대구광역시 달서구 상인동,경상사고,0,0,1,0,차대사람 - 기타,보행자보호의무위반,건조,맑음,기타 - 기타,화물,남,53세,상해없음,보행자,여,49세,경상
2018011100100360,2018년 1월 11일 15시,목요일,대구광역시 북구 구암동,부상신고사고,0,0,0,1,차대차 - 기타,교차로운행방법위반,건조,맑음,교차로 - 교차로안,이륜,남,47세,부상신고,승용,여,49세,상해없음
2018011100100361,2018년 1월 11일 15시,목요일,대구광역시 북구 태전동,경상사고,0,0,1,0,차대차 - 측면충돌,안전운전불이행,건조,맑음,교차로 - 교차로부근,승용,남,51세,상해없음,이륜,남,49세,경상
2018011100100384,2018년 1월 11일 16시,목요일,대구광역시 수성구 수성동4가,경상사고,0,0,1,0,차대사람 - 길가장자리구역통행중,안전운전불이행,건조,맑음,단일로 - 기타,화물,남,62세,상해없음,보행자,남,48세,경상
2018011100100415,2018년 1월 11일 17시,목요일,대구광역시 동구 신천동,부상신고사고,0,0,0,1,차대차 - 측면충돌,안전운전불이행,서리/결빙,맑음,교차로 - 교차로횡단보도내,자전거,남,22세,부상신고,승용,여,52세,상해없음
2018011100100416,2018년 1월 11일 17시,목요일,대구광역시 수성구 중동,경상사고,0,0,1,0,차대사람 - 기타,보행자보호의무위반,건조,맑음,단일로 - 기타,승용,남,67세,상해없음,보행자,여,21세,경상
2018011100100417,2018년 1월 11일 17시,목요일,대구광역시 달서구 본동,경상사고,0,0,1,0,차대차 - 추돌,안전운전불이행,건조,맑음,단일로 - 기타,승용,남,68세,상해없음,승용,여,34세,경상
2018011100100461,2018년 1월 11일 18시,목요일,대구광역시 동구 율하동,중상사고,0,1,0,0,차대사람 - 횡단중,안전운전불이행,건조,맑음,교차로 - 교차로안,승용,남,36세,상해없음,보행자,남,82세,중상
2018011100100462,2018년 1월 11일 18시,목요일,대구광역시 동구 봉무동,경상사고,0,0,1,0,차대차 - 추돌,안전운전불이행,건조,맑음,기타 - 기타,승용,여,67세,상해없음,승용,남,36세,경상
2018011100100463,2018년 1월 11일 18시,목요일,대구광역시 달성군 유가읍,경상사고,0,0,2,0,차대차 - 후진중충돌,안전운전불이행,건조,맑음,단일로 - 기타,승용,남,42세,상해없음,승용,여,33세,기타불명
2018011100100464,2018년 1월 11일 18시,목요일,대구광역시 달서구 장기동,경상사고,0,0,1,0,차대차 - 기타,안전운전불이행,건조,맑음,단일로 - 기타,승용,여,66세,상해없음,승용,여,48세,경상
2018011100100516,2018년 1월 11일 19시,목요일,대구광역시 동구 신천동,경상사고,0,0,2,0,차대차 - 측면충돌,안전운전불이행,건조,맑음,단일로 - 기타,승용,여,44세,상해없음,승용,남,38세,경상
2018011100100577,2018년 1월 11일 21시,목요일,대구광역시 수성구 범어동,중상사고,0,1,0,0,차대사람 - 횡단중,보행자보호의무위반,건조,맑음,단일로 - 기타,승용,여,42세,상해없음,보행자,여,22세,중상
2018011100100578,2018년 1월 11일 21시,목요일,대구광역시 북구 읍내동,경상사고,0,0,2,0,차대차 - 추돌,안전운전불이행,건조,맑음,단일로 - 기타,승용,여,24세,기타불명,승용,남,46세,경상
2018011100100609,2018년 1월 11일 22시,목요일,대구광역시 수성구 범어동,경상사고,0,0,1,0,차대차 - 기타,안전운전불이행,건조,맑음,단일로 - 기타,승용,남,27세,상해없음,승합,남,57세,상해없음
2018011100100610,2018년 1월 11일 22시,목요일,대구광역시 북구 태전동,부상신고사고,0,0,0,1,차대차 - 측면충돌,신호위반,건조,맑음,교차로 - 교차로안,이륜,남,19세,상해없음,승용,남,51세,상해없음
2018011200100020,2018년 1월 12일 00시,금요일,대구광역시 서구 상리동,중상사고,0,1,0,0,차량단독 - 공작물충돌,안전운전불이행,건조,맑음,단일로 - 터널,승용,남,19세,상해없음,,,,
2018011200100037,2018년 1월 12일 01시,금요일,대구광역시 수성구 지산동,중상사고,0,1,0,0,차대차 - 추돌,안전운전불이행,건조,맑음,교차로 - 교차로안,승용,여,46세,상해없음,승용,여,39세,중상
2018011200100038,2018년 1월 12일 01시,금요일,대구광역시 달서구 죽전동,중상사고,0,1,0,0,차대차 - 기타,교차로운행방법위반,건조,맑음,교차로 - 교차로안,승용,남,58세,상해없음,승용,남,54세,중상
2018011200100066,2018년 1월 12일 04시,금요일,대구광역시 동구 신암동,경상사고,0,0,1,0,차대차 - 추돌,안전운전불이행,건조,맑음,교차로 - 교차로부근,승용,남,30세,상해없음,승용,남,29세,경상
2018011200100075,2018년 1월 12일 05시,금요일,대구광역시 달서구 용산동,중상사고,0,1,0,0,차대차 - 측면충돌,신호위반,건조,맑음,단일로 - 기타,화물,남,64세,상해없음,화물,남,57세,중상
2018011200100098,2018년 1월 12일 06시,금요일,대구광역시 남구 봉덕동,경상사고,0,0,1,0,차대차 - 기타,안전거리미확보,건조,맑음,단일로 - 기타,화물,남,53세,상해없음,승합,남,59세,상해없음
2018011200100099,2018년 1월 12일 06시,금요일,대구광역시 동구 율하동,경상사고,0,0,1,0,차대차 - 측면충돌,신호위반,건조,맑음,교차로 - 교차로안,승용,남,47세,상해없음,승용,남,52세,경상
2018011200100121,2018년 1월 12일 07시,금요일,대구광역시 동구 지저동,경상사고,0,0,1,0,차대사람 - 횡단중,보행자보호의무위반,건조,맑음,단일로 - 기타,화물,남,59세,상해없음,보행자,남,23세,경상
2018011200100122,2018년 1월 12일 07시,금요일,대구광역시 북구 침산동,경상사고,0,0,2,0,차대차 - 기타,안전거리미확보,건조,맑음,단일로 - 기타,승용,남,69세,상해없음,승용,여,61세,경상
2018011200100123,2018년 1월 12일 07시,금요일,대구광역시 북구 침산동,중상사고,0,2,0,0,차대차 - 추돌,안전운전불이행,서리/결빙,맑음,교차로 - 교차로부근,승용,남,59세,상해없음,승용,남,54세,중상
2018011200100124,2018년 1월 12일 07시,금요일,대구광역시 북구 대현동,중상사고,0,1,0,0,차대사람 - 횡단중,보행자보호의무위반,건조,맑음,교차로 - 교차로횡단보도내,승용,남,63세,상해없음,보행자,여,62세,중상
2018011200100165,2018년 1월 12일 08시,금요일,대구광역시 동구 율하동,중상사고,0,1,0,0,차대사람 - 횡단중,안전운전불이행,건조,맑음,교차로 - 교차로안,승용,여,38세,상해없음,보행자,여,69세,중상
2018011200100166,2018년 1월 12일 08시,금요일,대구광역시 달성군 다사읍,중상사고,0,1,2,0,차대차 - 추돌,안전운전불이행,건조,맑음,단일로 - 기타,화물,남,39세,기타불명,화물,남,48세,기타불명
2018011200100167,2018년 1월 12일 08시,금요일,대구광역시 서구 내당동,경상사고,0,0,1,0,차대차 - 추돌,안전거리미확보,건조,맑음,단일로 - 기타,승용,남,63세,상해없음,승용,여,43세,경상
2018011200100168,2018년 1월 12일 08시,금요일,대구광역시 북구 학정동,경상사고,0,0,2,0,차대차 - 측면충돌,안전운전불이행,건조,맑음,교차로 - 교차로부근,승용,여,38세,상해없음,승용,여,53세,경상
2018011200100206,2018년 1월 12일 09시,금요일,대구광역시 달서구 상인동,중상사고,0,1,0,0,차대차 - 기타,안전운전불이행,건조,맑음,교차로 - 교차로부근,승용,여,62세,상해없음,자전거,여,52세,중상
2018011200100239,2018년 1월 12일 10시,금요일,대구광역시 북구 읍내동,경상사고,0,0,2,0,차대차 - 추돌,안전운전불이행,건조,맑음,단일로 - 기타,승용,여,60세,상해없음,승용,여,58세,경상
2018011200100307,2018년 1월 12일 12시,금요일,대구광역시 수성구 상동,경상사고,0,0,1,0,차대사람 - 보도통행중,기타,건조,맑음,단일로 - 기타,자전거,여,70세,경상,보행자,남,50세,상해없음
2018011200100308,2018년 1월 12일 12시,금요일,대구광역시 달서구 월성동,중상사고,0,1,1,0,차대차 - 추돌,안전운전불이행,건조,맑음,단일로 - 기타,승용,여,34세,경상,승용,여,37세,상해없음
2018011200100309,2018년 1월 12일 12시,금요일,대구광역시 달서구 상인동,경상사고,0,0,1,0,차대차 - 측면충돌,안전운전불이행,건조,맑음,기타 - 기타,승합,남,57세,상해없음,승용,여,66세,상해없음
2018011200100342,2018년 1월 12일 13시,금요일,대구광역시 남구 이천동,경상사고,0,0,1,0,차대차 - 정면충돌,안전운전불이행,건조,맑음,단일로 - 기타,자전거,남,69세,경상,승합,남,75세,상해없음
2018011200100343,2018년 1월 12일 13시,금요일,대구광역시 동구 신암동,경상사고,0,0,1,0,차대차 - 측면충돌,교차로운행방법위반,건조,맑음,교차로 - 교차로안,승용,남,57세,상해없음,승합,남,39세,경상
2018011200100344,2018년 1월 12일 13시,금요일,대구광역시 북구 금호동,경상사고,0,0,1,0,차대차 - 기타,교차로운행방법위반,건조,맑음,교차로 - 교차로안,승용,여,38세,경상,화물,남,31세,상해없음
2018011200100367,2018년 1월 12일 14시,금요일,대구광역시 중구 동문동,경상사고,0,0,1,0,차대차 - 추돌,안전거리미확보,건조,맑음,단일로 - 기타,승용,남,56세,상해없음,승용,여,52세,경상
2018011200100404,2018년 1월 12일 15시,금요일,대구광역시 수성구 만촌동,경상사고,0,0,1,0,차대차 - 측면충돌,안전운전불이행,건조,맑음,단일로 - 기타,승용,여,59세,상해없음,승용,남,50세,경상
2018011200100405,2018년 1월 12일 15시,금요일,대구광역시 서구 평리동,경상사고,0,0,1,0,차대차 - 기타,안전거리미확보,건조,맑음,교차로 - 교차로부근,이륜,남,64세,경상,승용,남,66세,상해없음