사고번호,사고일시,요일,시군구,사고내용,사망자수,중상자수,경상자수,부상신고자수,사고유형,법규위반,노면상태,기상상태,도로형태,가해운전자 차종,가해운전자 성별,가해운전자 연령,가해운전자 상해정도,피해운전자 차종,피해운전자 성별,피해운전자 연령,피해운전자 상해정도
2018011600100044,2018년 1월 16일 02시,화요일,대구광역시 동구 방촌동,경상사고,0,0,1,0,차대차 - 추돌,안전운전불이행,건조,맑음,단일로 - 기타,승용,남,75세,경상,승용,남,26세,상해없음
2018011600100061,2018년 1월 16일 04시,화요일,대구광역시 북구 팔달동,경상사고,0,0,1,0,차대차 - 기타,중앙선침범,젖음/습기,눈,단일로 - 기타,화물,남,30세,상해없음,이륜,남,41세,경상
2018011600100082,2018년 1월 16일 06시,화요일,대구광역시 남구 봉덕동,중상사고,0,1,0,0,차대차 - 추돌,안전운전불이행,건조,맑음,교차로 - 교차로안,승용,남,32세,중상,승용,남,61세,상해없음
2018011600100083,2018년 1월 16일 06시,화요일,대구광역시 달서구 대천동,경상사고,0,0,2,0,차대차 - 측면충돌,과속,건조,맑음,교차로 - 교차로안,승합,남,56세,경상,승용,남,61세,경상
2018011600100139,2018년 1월 16일 08시,화요일,대구광역시 남구 이천동,경상사고,0,0,2,0,차대차 - 측면충돌,차로위반,건조,맑음,교차로 - 교차로부근,승용,여,71세,상해없음,승용,여,60세,상해없음
2018011600100140,2018년 1월 16일 08시,화요일,대구광역시 수성구 황금동,중상사고,0,1,0,0,차대차 - 측면충돌,신호위반,건조,맑음,교차로 - 교차로안,승용,남,59세,상해없음,승용,남,49세,중상
2018011600100141,2018년 1월 16일 08시,화요일,대구광역시 서구 비산동,경상사고,0,0,1,0,차대차 - 기타,교차로운행방법위반,건조,맑음,교차로 - 교차로안,승용,남,60세,상해없음,화물,남,38세,경상
2018011600100165,2018년 1월 16일 09시,화요일,대구광역시 북구 동천동,부상신고사고,0,0,0,1,차대차 - 기타,안전운전불이행,건조,맑음,단일로 - 기타,기타불명,기타불명,미분류,기타불명,승용,여,62세,부상신고
2018011600100192,2018년 1월 16일 10시,화요일,대구광역시 수성구 지산동,중상사고,0,1,1,0,차대차 - 측면충돌,교차로운행방법위반,젖음/습기,비,교차로 - 교차로안,이륜,남,74세,중상,승용,여,65세,경상
2018011600100193,2018년 1월 16일 10시,화요일,대구광역시 달성군 화원읍,부상신고사고,0,0,0,1,차대사람 - 기타,안전운전불이행,건조,맑음,단일로 - 기타,기타불명,남,20세,기타불명,보행자,남,35세,부상신고
2018011600100221,2018년 1월 16일 11시,화요일,대구광역시 동구 신암동,중상사고,0,1,0,0,차대차 - 측면충돌,안전운전불이행,젖음/습기,비,단일로 - 기타,화물,남,31세,상해없음,승용,남,63세,중상
2018011600100222,2018년 1월 16일 11시,화요일,대구광역시 수성구 욱수동,중상사고,0,1,0,0,차량단독 - 공작물충돌,안전운전불이행,건조,맑음,단일로 - 기타,승용,여,64세,상해없음,,,,
2018011600100223,2018년 1월 16일 11시,화요일,대구광역시 북구 노원동3가,중상사고,0,1,0,0,차대차 - 측면충돌,차로위반,젖음/습기,비,교차로 - 교차로부근,화물,남,69세,상해없음,이륜,남,41세,중상
2018011600100224,2018년 1월 16일 11시,화요일,대구광역시 서구 평리동,경상사고,0,0,1,0,차대차 - 측면충돌,안전운전불이행,건조,맑음,단일로 - 기타,이륜,남,79세,경상,승용,남,75세,상해없음
2018011600100263,2018년 1월 16일 13시,화요일,대구광역시 서구 내당동,중상사고,0,1,0,0,차대사람 - 기타,보행자보호의무위반,건조,맑음,교차로 - 교차로부근,승용,남,60세,상해없음,보행자,여,66세,중상
2018011600100285,2018년 1월 16일 14시,화요일,대구광역시 남구 봉덕동,경상사고,0,0,2,0,차대차 - 추돌,안전운전불이행,건조,맑음,단일로 - 기타,승용,여,59세,상해없음,승용,남,36세,경상
2018011600100286,2018년 1월 16일 14시,화요일,대구광역시 동구 방촌동,중상사고,0,1,0,0,차대사람 - 횡단중,안전운전불이행,건조,맑음,단일로 - 기타,화물,남,64세,상해없음,보행자,여,70세,중상
2018011600100287,2018년 1월 16일 14시,화요일,대구광역시 중구 대신동,경상사고,0,0,1,0,차대차 - 측면충돌,안전운전불이행,건조,맑음,단일로 - 기타,승용,여,50세,상해없음,화물,남,42세,경상
2018011600100288,2018년 1월 16일 14시,화요일,대구광역시 북구 동천동,경상사고,0,0,3,0,차대차 - 측면충돌,안전운전불이행,건조,맑음,교차로 - 교차로안,승용,남,56세,상해없음,승용,여,42세,경상
2018011600100302,2018년 1월 16일 15시,화요일,대구광역시 달서구 상인동,경상사고,0,0,2,0,차대차 - 추돌,안전운전불이행,젖음/습기,흐림,단일로 - 기타,승용,남,24세,상해없음,승용,여,55세,경상
2018011600100329,2018년 1월 16일 16시,화요일,대구광역시 수성구 중동,경상사고,0,0,1,1,차대차 - 측면충돌,교차로운행방법위반,건조,맑음,교차로 - 교차로안,승용,여,35세,부상신고,승용,여,67세,경상
2018011600100330,2018년 1월 16일 16시,화요일,대구광역시 달서구 감삼동,경상사고,0,0,1,0,차대차 - 측면충돌,교차로운행방법위반,젖음/습기,비,교차로 - 교차로안,승용,남,36세,상해없음,이륜,남,64세,경상
2018011600100331,2018년 1월 16일 16시,화요일,대구광역시 북구 사수동,중상사고,0,1,0,0,차대차 - 측면충돌,교차로운행방법위반,젖음/습기,비,교차로 - 교차로안,이륜,남,32세,중상,화물,남,53세,상해없음
2018011600100358,2018년 1월 16일 17시,화요일,대구광역시 남구 봉덕동,중상사고,0,1,0,0,차대사람 - 횡단중,안전운전불이행,젖음/습기,맑음,단일로 - 기타,승용,여,50세,상해없음,보행자,여,76세,중상
2018011600100359,2018년 1월 16일 17시,화요일,대구광역시 달서구 월암동,중상사고,0,1,0,0,차대사람 - 횡단중,보행자보호의무위반,건조,맑음,교차로 - 교차로안,승용,여,39세,상해없음,보행자,여,53세,중상
2018011600100408,2018년 1월 16일 18시,화요일,대구광역시 동구 신천동,경상사고,0,0,3,0,차대차 - 기타,안전운전불이행,젖음/습기,비,단일로 - 기타,승용,남,69세,경상,승용,여,35세,경상
2018011600100409,2018년 1월 16일 18시,화요일,대구광역시 달성군 현풍읍,경상사고,0,0,1,0,차대차 - 추돌,안전운전불이행,젖음/습기,비,교차로 - 교차로안,기타불명,기타불명,미분류,기타불명,승용,남,55세,경상
2018011600100410,2018년 1월 16일 18시,화요일,대구광역시 달서구 장기동,경상사고,0,0,2,0,차대차 - 측면충돌,안전운전불이행,젖음/습기,비,교차로 - 교차로안,승용,남,65세,상해없음,승용,남,45세,경상
2018011600100451,2018년 1월 16일 19시,화요일,대구광역시 서구 이현동,중상사고,0,1,0,0,차대사람 - 횡단중,보행자보호의무위반,젖음/습기,비,교차로 - 교차로부근,승용,남,27세,상해없음,보행자,남,54세,중상
2018011600100521,2018년 1월 16일 21시,화요일,대구광역시 북구 침산동,중상사고,0,1,0,0,차대차 - 측면충돌,안전거리미확보,젖음/습기,비,단일로 - 기타,승용,여,53세,상해없음,승용,남,43세,중상
2018011600100545,2018년 1월 16일 22시,화요일,대구광역시 북구 침산동,중상사고,0,3,0,0,차대차 - 추돌,안전운전불이행,젖음/습기,비,단일로 - 기타,승용,남,31세,상해없음,승용,여,26세,중상
2018011600100567,2018년 1월 16일 23시,화요일,대구광역시 동구 신암동,중상사고,0,1,0,0,차대차 - 측면충돌,신호위반,젖음/습기,비,교차로 - 교차로안,승용,남,55세,상해없음,화물,남,66세,중상
2018011600100568,2018년 1월 16일 23시,화요일,대구광역시 수성구 두산동,경상사고,0,0,1,0,차대사람 - 횡단중,안전운전불이행,젖음/습기,비,교차로 - 교차로부근,승용,남,42세,상해없음,보행자,여,32세,경상
2018011600100569,2018년 1월 16일 23시,화요일,대구광역시 수성구 시지동,중상사고,0,1,0,0,차대차 - 측면충돌,신호위반,젖음/습기,비,교차로 - 교차로안,승용,남,27세,상해없음,승용,여,40세,중상
2018011700100032,2018년 1월 17일 01시,수요일,대구광역시 수성구 수성동2가,경상사고,0,0,2,0,차대차 - 측면충돌,교차로운행방법위반,젖음/습기,기타,교차로 - 교차로부근,승용,남,43세,상해없음,승용,남,44세,경상
2018011700100033,2018년 1월 17일 01시,수요일,대구광역시 달서구 신당동,경상사고,0,0,1,0,차대차 - 추돌,안전운전불이행,젖음/습기,흐림,교차로 - 교차로부근,승용,여,49세,상해없음,승용,남,62세,경상
2018011700100055,2018년 1월 17일 02시,수요일,대구광역시 남구 봉덕동,중상사고,0,2,0,0,차대차 - 기타,신호위반,젖음/습기,비,교차로 - 교차로안,승용,남,29세,상해없음,승용,남,45세,중상
2018011700100056,2018년 1월 17일 02시,수요일,대구광역시 달서구 송현동,중상사고,0,1,1,0,차대차 - 측면충돌,신호위반,젖음/습기,비,교차로 - 교차로안,승용,남,34세,상해없음,승용,남,65세,경상
2018011700100083,2018년 1월 17일 04시,수요일,대구광역시 서구 중리동,중상사고,0,1,1,0,차대차 - 측면충돌,안전운전불이행,건조,맑음,교차로 - 교차로안,승합,남,67세,상해없음,승용,남,59세,중상
2018011700100090,2018년 1월 17일 05시,수요일,대구광역시 수성구 신매동,사망사고,1,0,0,0,차대사람 - 횡단중,안전운전불이행,젖음/습기,비,단일로 - 기타,승용,남,66세,상해없음,보행자,여,82세,사망
2018011700100112,2018년 1월 17일 06시,수요일,대구광역시 북구 노원동1가,경상사고,0,0,3,0,차대차 - 정면충돌,신호위반,젖음/습기,맑음,교차로 - 교차로안,승용,남,58세,경상,승용,남,45세,경상
2018011700100172,2018년 1월 17일 08시,수요일,대구광역시 달성군 현풍읍,경상사고,0,0,1,0,차대차 - 추돌,안전운전불이행,건조,맑음,단일로 - 기타,화물,남,56세,상해없음,승용,남,45세,경상
2018011700100175,2018년 1월 17일 08시,수요일,대구광역시 서구 평리동,중상사고,0,2,4,0,차대차 - 측면충돌,과속,젖음/습기,비,단일로 - 기타,승용,남,23세,상해없음,승용,여,36세,중상
2018011700100207,2018년 1월 17일 09시,수요일,대구광역시 달성군 구지면,경상사고,0,0,1,0,차대차 - 추돌,안전운전불이행,건조,맑음,교차로 - 교차로부근,승용,여,39세,기타불명,승용,남,61세,경상
2018011700100208,2018년 1월 17일 09시,수요일,대구광역시 서구 평리동,경상사고,0,0,1,0,차대차 - 기타,안전운전불이행,건조,맑음,단일로 - 기타,화물,남,45세,상해없음,이륜,남,40세,경상
2018011700100257,2018년 1월 17일 11시,수요일,대구광역시 북구 검단동,경상사고,0,0,1,0,차대차 - 기타,교차로운행방법위반,젖음/습기,비,교차로 - 교차로안,화물,남,50세,상해없음,승용,여,41세,경상
2018011700100285,2018년 1월 17일 12시,수요일,대구광역시 남구 봉덕동,경상사고,0,0,3,0,차대차 - 추돌,안전운전불이행,건조,맑음,교차로 - 교차로안,승용,남,34세,상해없음,승용,남,47세,경상
2018011700100316,2018년 1월 17일 13시,수요일,대구광역시 서구 비산동,경상사고,0,0,1,0,차대차 - 측면충돌,안전거리미확보,젖음/습기,흐림,단일로 - 기타,화물,남,57세,상해없음,이륜,남,51세,경상
2018011700100360,2018년 1월 17일 15시,수요일,대구광역시 수성구 매호동,경상사고,0,0,1,0,차대차 - 추돌,안전거리미확보,건조,맑음,단일로 - 기타,승용,여,49세,상해없음,승용,여,38세,경상
2018011700100361,2018년 1월 17일 15시,수요일,대구광역시 북구 구암동,경상사고,0,0,1,0,차대차 - 측면충돌,안전거리미확보,젖음/습기,흐림,교차로 - 교차로부근,승용,여,30세,상해없음,이륜,남,60세,경상
2018011700100398,2018년 1월 17일 16시,수요일,대구광역시 남구 대명동,중상사고,0,1,0,0,차대사람 - 기타,안전운전불이행,건조,맑음,교차로 - 교차로부근,승용,남,21세,상해없음,보행자,여,46세,중상
2018011700100430,2018년 1월 17일 17시,수요일,대구광역시 남구 봉덕동,경상사고,0,0,3,0,차대차 - 추돌,차로위반,건조,맑음,단일로 - 지하차도(도로)내,승용,남,43세,경상,승용,남,30세,경상
2018011700100471,2018년 1월 17일 18시,수요일,대구광역시 남구 대명동,중상사고,0,1,0,1,차대차 - 측면충돌,안전거리미확보,건조,맑음,단일로 - 기타,승용,남,63세,부상신고,화물,남,27세,중상
2018011700100527,2018년 1월 17일 19시,수요일,대구광역시 동구 신평동,경상사고,0,0,1,0,차대차 - 추돌,안전운전불이행,건조,맑음,단일로 - 기타,승용,남,53세,상해없음,승용,여,37세,경상
2018011700100528,2018년 1월 17일 19시,수요일,대구광역시 중구 대봉동,경상사고,0,0,1,0,차대차 - 측면충돌,안전운전불이행,건조,맑음,단일로 - 기타,승용,남,48세,기타불명,승용,여,37세,경상
2018011700100563,2018년 1월 17일 20시,수요일,대구광역시 달성군 다사읍,중상사고,0,1,0,0,차대차 - 기타,안전거리미확보,젖음/습기,비,단일로 - 기타,승합,남,47세,상해없음,이륜,남,26세,중상
2018011700100564,2018년 1월 17일 20시,수요일,대구광역시 달성군 화원읍,부상신고사고,0,0,0,1,차량단독 - 기타,기타,건조,맑음,단일로 - 기타,승합,남,52세,상해없음,,,,
2018011700100565,2018년 1월 17일 20시,수요일,대구광역시 서구 내당동,중상사고,0,1,0,0,차대사람 - 보도통행중,보행자보호의무위반,건조,맑음,단일로 - 기타,화물,남,66세,상해없음,보행자,여,69세,중상
2018011700100566,2018년 1월 17일 20시,수요일,대구광역시 중구 남산동,경상사고,0,0,1,0,차대차 - 기타,차로위반,건조,맑음,교차로 - 교차로부근,승용,남,59세,상해없음,이륜,남,34세,경상
2018011700100567,2018년 1월 17일 20시,수요일,대구광역시 중구 동인동2가,중상사고,0,1,0,0,차대차 - 추돌,안전운전불이행,건조,맑음,교차로 - 교차로안,승용,남,24세,상해없음,승용,남,44세,중상
2018011700100600,2018년 1월 17일 21시,수요일,대구광역시 달서구 도원동,경상사고,0,0,4,0,차대차 - 측면충돌,안전운전불이행,건조,맑음,단일로 - 기타,승용,남,23세,경상,승용,남,48세,상해없음
2018011700100601,2018년 1월 17일 21시,수요일,대구광역시 달성군 유가읍,경상사고,0,0,1,0,차대차 - 추돌,안전운전불이행,건조,맑음,교차로 - 교차로부근,승용,남,27세,기타불명,승용,남,48세,경상
2018011700100602,2018년 1월 17일 21시,수요일,대구광역시 서구 원대동1가,경상사고,0,0,1,0,차대차 - 추돌,안전운전불이행,건조,맑음,기타 - 기타,승용,남,45세,상해없음,승용,남,61세,경상
2018011700100622,2018년 1월 17일 22시,수요일,대구광역시 달성군 화원읍,부상신고사고,0,0,0,1,차대차 - 기타,안전거리미확보,건조,맑음,단일로 - 기타,이륜,남,16세,부상신고,승용,여,46세,상해없음
2018011700100623,2018년 1월 17일 22시,수요일,대구광역시 달서구 신당동,중상사고,0,2,0,0,차대차 - 기타,안전운전불이행,건조,맑음,단일로 - 기타,승용,남,28세,상해없음,승용,여,55세,중상
2018011700100645,2018년 1월 17일 23시,수요일,대구광역시 남구 대명동,경상사고,0,0,1,0,차대사람 - 기타,안전운전불이행,건조,맑음,교차로 - 교차로부근,승용,여,32세,상해없음,보행자,남,58세,경상
2018011700100646,2018년 1월 17일 23시,수요일,대구광역시 달성군 다사읍,경상사고,0,0,1,0,차대차 - 측면충돌,안전운전불이행,건조,맑음,교차로 - 교차로안,승용,여,35세,기타불명,승용,남,48세,경상
2018011800100018,2018년 1월 18일 00시,목요일,대구광역시 수성구 황금동,경상사고,0,0,2,0,차대차 - 추돌,안전운전불이행,건조,맑음,단일로 - 지하차도(도로)내,승용,남,64세,상해없음,승용,남,59세,경상
2018011800100019,2018년 1월 18일 00시,목요일,대구광역시 수성구 연호동,경상사고,0,0,1,0,차대차 - 추돌,안전운전불이행,건조,맑음,교차로 - 교차로부근,승용,남,36세,상해없음,승용,남,44세,경상
2018011800100020,2018년 1월 18일 00시,목요일,대구광역시 달서구 상인동,경상사고,0,0,2,0,차대차 - 측면충돌,신호위반,건조,맑음,교차로 - 교차로안,승용,남,19세,상해없음,승용,남,40세,경상
2018011800100035,2018년 1월 18일 01시,목요일,대구광역시 남구 이천동,경상사고,0,0,2,0,차대차 - 기타,차로위반,건조,맑음,교차로 - 교차로부근,승용,남,53세,상해없음,승용,남,62세,상해없음
2018011800100115,2018년 1월 18일 07시,목요일,대구광역시 수성구 수성동3가,경상사고,0,0,2,0,차대차 - 추돌,안전운전불이행,건조,맑음,교차로 - 교차로안,승용,남,55세,상해없음,화물,여,46세,경상
2018011800100116,2018년 1월 18일 07시,목요일,대구광역시 달서구 상인동,경상사고,0,0,1,0,차대사람 - 횡단중,안전운전불이행,건조,맑음,단일로 - 기타,승용,남,53세,상해없음,보행자,남,25세,경상
2018011800100143,2018년 1월 18일 08시,목요일,대구광역시 북구 침산동,중상사고,0,1,0,0,차대차 - 측면충돌,직진우회전진행방해,건조,맑음,교차로 - 교차로안,승용,여,66세,상해없음,이륜,남,60세,중상
2018011800100169,2018년 1월 18일 09시,목요일,대구광역시 수성구 시지동,중상사고,0,1,2,0,차대차 - 추돌,안전운전불이행,건조,맑음,단일로 - 기타,승용,남,40세,상해없음,승용,남,23세,경상
2018011800100170,2018년 1월 18일 09시,목요일,대구광역시 수성구 수성동2가,경상사고,0,0,1,0,차대차 - 측면충돌,안전거리미확보,건조,맑음,단일로 - 기타,승용,남,63세,상해없음,승용,여,65세,경상
2018011800100171,2018년 1월 18일 09시,목요일,대구광역시 북구 칠성동2가,경상사고,0,0,1,0,차대차 - 기타,신호위반,건조,맑음,교차로 - 교차로안,승용,남,63세,상해없음,승용,남,49세,경상
2018011800100208,2018년 1월 18일 10시,목요일,대구광역시 달서구 진천동,경상사고,0,0,1,0,차대차 - 측면충돌,불법유턴,건조,맑음,교차로 - 교차로안,자전거,여,73세,경상,승용,여,55세,상해없음
2018011800100209,2018년 1월 18일 10시,목요일,대구광역시 북구 국우동,중상사고,0,1,0,1,차대차 - 측면충돌,차로위반,건조,맑음,단일로 - 기타,자전거,남,68세,부상신고,이륜,남,56세,중상
2018011800100232,2018년 1월 18일 11시,목요일,대구광역시 수성구 시지동,중상사고,0,1,0,0,차대차 - 측면충돌,신호위반,건조,맑음,교차로 - 교차로안,승용,남,71세,상해없음,승용,남,63세,중상
2018011800100233,2018년 1월 18일 11시,목요일,대구광역시 달서구 상인동,경상사고,0,0,2,0,차대차 - 기타,신호위반,건조,맑음,교차로 - 교차로안,승용,여,46세,경상,승용,남,60세,경상
2018011800100234,2018년 1월 18일 11시,목요일,대구광역시 달성군 다사읍,경상사고,0,0,1,0,차대차 - 정면충돌,안전운전불이행,건조,맑음,교차로 - 교차로부근,승용,남,39세,상해없음,승용,여,45세,경상
2018011800100235,2018년 1월 18일 11시,목요일,대구광역시 북구 매천동,경상사고,0,0,1,0,차대차 - 기타,안전운전불이행,건조,맑음,교차로 - 교차로부근,화물,남,40세,상해없음,승용,남,58세,경상
2018011800100296,2018년 1월 18일 14시,목요일,대구광역시 달성군 다사읍,경상사고,0,0,1,0,차대사람 - 기타,기타,건조,맑음,기타 - 기타,화물,남,45세,상해없음,보행자,여,60세,경상
2018011800100297,2018년 1월 18일 14시,목요일,대구광역시 북구 노원동2가,부상신고사고,0,0,0,1,차대차 - 기타,안전운전불이행,건조,맑음,교차로 - 교차로안,자전거,남,40세,부상신고,원동기,남,56세,상해없음
2018011800100320,2018년 1월 18일 15시,목요일,대구광역시 동구 신암동,경상사고,0,0,1,0,차대차 - 측면충돌,신호위반,건조,맑음,단일로 - 기타,화물,남,59세,상해없음,이륜,남,59세,경상
2018011800100321,2018년 1월 18일 15시,목요일,대구광역시 수성구 범어동,경상사고,0,0,1,0,차대차 - 후진중충돌,안전운전불이행,건조,맑음,주차장 - 주차장,승용,남,33세,상해없음,승용,여,56세,경상
2018011800100322,2018년 1월 18일 15시,목요일,대구광역시 북구 동천동,경상사고,0,0,2,0,차대차 - 기타,교차로운행방법위반,건조,맑음,교차로 - 교차로안,승용,여,39세,상해없음,이륜,남,24세,경상
2018011800100346,2018년 1월 18일 16시,목요일,대구광역시 동구 신암동,중상사고,0,1,0,0,차대차 - 측면충돌,안전거리미확보,건조,맑음,교차로 - 교차로안,승용,여,63세,상해없음,승용,남,22세,중상
2018011800100378,2018년 1월 18일 17시,목요일,대구광역시 동구 용계동,경상사고,0,0,1,0,차대차 - 측면충돌,안전운전불이행,건조,맑음,기타 - 기타,이륜,기타불명,미분류,기타불명,이륜,남,49세,경상
2018011800100419,2018년 1월 18일 18시,목요일,대구광역시 서구 평리동,부상신고사고,0,0,0,1,차대차 - 측면충돌,불법유턴,건조,맑음,교차로 - 교차로안,자전거,남,53세,부상신고,승용,남,38세,상해없음
2018011800100420,2018년 1월 18일 18시,목요일,대구광역시 중구 수동,경상사고,0,0,1,0,차대사람 - 횡단중,보행자보호의무위반,건조,맑음,단일로 - 기타,승용,남,49세,상해없음,보행자,여,16세,경상
2018011800100477,2018년 1월 18일 20시,목요일,대구광역시 달서구 성당동,경상사고,0,0,1,0,차대차 - 측면충돌,신호위반,건조,맑음,교차로 - 교차로안,승용,여,52세,상해없음,승용,남,37세,경상
2018011800100545,2018년 1월 18일 23시,목요일,대구광역시 서구 내당동,중상사고,0,2,2,0,차대차 - 측면충돌,신호위반,건조,맑음,교차로 - 교차로안,승용,남,34세,상해없음,승용,남,29세,중상
2018011800100546,2018년 1월 18일 23시,목요일,대구광역시 달서구 신당동,경상사고,0,0,2,0,차대차 - 추돌,안전거리미확보,건조,흐림,단일로 - 기타,승용,남,50세,경상,승용,남,31세,경상
2018011900100021,2018년 1월 19일 00시,금요일,대구광역시 북구 동천동,중상사고,0,1,5,1,차대차 - 측면충돌,안전운전불이행,건조,맑음,교차로 - 교차로부근,승용,남,50세,부상신고,승용,여,39세,경상
2018011900100058,2018년 1월 19일 04시,금요일,대구광역시 북구 노원동3가,중상사고,0,1,0,0,차량단독 - 기타,안전운전불이행,건조,맑음,단일로 - 기타,승용,남,57세,상해없음,,,,
2018011900100069,2018년 1월 19일 05시,금요일,대구광역시 남구 대명동,부상신고사고,0,0,0,1,차대차 - 측면충돌,안전운전불이행,건조,맑음,단일로 - 기타,승용,남,63세,부상신고,승합,남,61세,상해없음
2018011900100070,2018년 1월 19일 05시,금요일,대구광역시 달서구 본동,경상사고,0,0,2,0,차대차 - 측면충돌,신호위반,건조,맑음,교차로 - 교차로안,승용,남,29세,경상,승용,남,41세,경상
2018011900100086,2018년 1월 19일 06시,금요일,대구광역시 북구 침산동,경상사고,0,0,1,0,차대차 - 추돌,안전운전불이행,건조,맑음,단일로 - 기타,승용,남,35세,상해없음,승용,남,38세,경상
2018011900100087,2018년 1월 19일 06시,금요일,대구광역시 중구 남산동,중상사고,0,1,0,0,차대차 - 측면충돌,신호위반,건조,맑음,교차로 - 교차로안,승용,남,26세,상해없음,이륜,여,53세,중상
2018011900100088,2018년 1월 19일 06시,금요일,대구광역시 달서구 감삼동,경상사고,0,0,1,0,차대차 - 측면충돌,안전운전불이행,건조,맑음,교차로 - 교차로안,이륜,남,55세,상해없음,이륜,남,40세,경상
2018011900100112,2018년 1월 19일 07시,금요일,대구광역시 달성군 다사읍,경상사고,0,0,1,0,차대사람 - 기타,안전운전불이행,건조,맑음,교차로 - 교차로부근,승용,남,77세,상해없음,보행자,남,53세,경상
2018011900100128,2018년 1월 19일 08시,금요일,대구광역시 수성구 파동,사망사고,1,0,0,0,차대차 - 측면충돌,안전운전불이행,건조,맑음,교차로 - 교차로부근,화물,남,70세,상해없음,이륜,남,68세,사망
2018011900100152,2018년 1월 19일 09시,금요일,대구광역시 수성구 신매동,경상사고,0,0,2,0,차대차 - 기타,안전거리미확보,건조,맑음,단일로 - 기타,승용,남,61세,상해없음,승용,여,53세,경상
2018011900100154,2018년 1월 19일 09시,금요일,대구광역시 북구 대현동,경상사고,0,0,1,0,차대차 - 측면충돌,안전거리미확보,건조,맑음,단일로 - 기타,승용,남,76세,기타불명,승용,여,34세,경상
2018011900100155,2018년 1월 19일 09시,금요일,대구광역시 북구 산격동,경상사고,0,0,1,0,차대차 - 측면충돌,안전운전불이행,건조,맑음,단일로 - 기타,승용,남,25세,상해없음,승용,남,47세,경상
2018011900100203,2018년 1월 19일 11시,금요일,대구광역시 달서구 월암동,경상사고,0,0,1,0,차대차 - 기타,차로위반,건조,맑음,기타 - 기타,승합,남,60세,상해없음,승용,여,27세,경상
2018011900100223,2018년 1월 19일 12시,금요일,대구광역시 수성구 범어동,부상신고사고,0,0,0,1,차대차 - 측면충돌,안전운전불이행,건조,맑음,교차로 - 교차로안,이륜,남,23세,부상신고,승용,여,61세,상해없음
2018011900100257,2018년 1월 19일 13시,금요일,대구광역시 달서구 송현동,경상사고,0,0,2,0,차대차 - 기타,교차로운행방법위반,건조,맑음,교차로 - 교차로안,승용,여,47세,경상,승용,여,51세,경상
2018011900100258,2018년 1월 19일 13시,금요일,대구광역시 달성군 현풍읍,중상사고,0,1,0,0,차대차 - 측면충돌,신호위반,건조,맑음,교차로 - 교차로횡단보도내,승용,여,44세,상해없음,자전거,남,13세,중상
2018011900100259,2018년 1월 19일 13시,금요일,대구광역시 북구 산격동,중상사고,0,1,0,0,차대차 - 기타,신호위반,건조,맑음,교차로 - 교차로안,승용,여,26세,상해없음,이륜,남,20세,중상
2018011900100260,2018년 1월 19일 13시,금요일,대구광역시 중구 남산동,중상사고,0,1,0,0,차대차 - 측면충돌,안전거리미확보,건조,맑음,교차로 - 교차로안,이륜,남,81세,중상,승용,남,55세,상해없음
2018011900100288,2018년 1월 19일 14시,금요일,대구광역시 동구 신암동,경상사고,0,0,1,0,차대차 - 측면충돌,안전운전불이행,건조,맑음,교차로 - 교차로안,승합,남,61세,상해없음,승용,여,54세,경상
2018011900100289,2018년 1월 19일 14시,금요일,대구광역시 북구 읍내동,부상신고사고,0,0,0,1,차대차 - 측면충돌,교차로운행방법위반,건조,맑음,단일로 - 기타,이륜,남,23세,부상신고,승용,여,41세,상해없음
2018011900100354,2018년 1월 19일 16시,금요일,대구광역시 동구 신천동,경상사고,0,0,1,0,차대차 - 측면충돌,안전거리미확보,건조,맑음,단일로 - 기타,승용,남,50세,상해없음,이륜,남,24세,경상
2018011900100355,2018년 1월 19일 16시,금요일,대구광역시 동구 신천동,부상신고사고,0,0,0,1,차대차 - 추돌,안전운전불이행,건조,맑음,교차로 - 교차로부근,이륜,남,63세,부상신고,화물,남,25세,상해없음
2018011900100356,2018년 1월 19일 16시,금요일,대구광역시 수성구 범어동,경상사고,0,0,2,0,차대차 - 추돌,안전거리미확보,건조,맑음,단일로 - 기타,승용,남,48세,상해없음,화물,여,47세,경상
2018011900100357,2018년 1월 19일 16시,금요일,대구광역시 북구 산격동,경상사고,0,0,2,0,차대차 - 기타,신호위반,건조,맑음,교차로 - 교차로안,승용,남,55세,상해없음,승용,여,34세,경상
2018011900100358,2018년 1월 19일 16시,금요일,대구광역시 북구 태전동,경상사고,0,0,1,0,차대사람 - 횡단중,안전운전불이행,건조,맑음,단일로 - 기타,이륜,남,21세,기타불명,보행자,여,79세,경상
2018011900100382,2018년 1월 19일 17시,금요일,대구광역시 동구 신천동,경상사고,0,0,1,0,차대차 - 측면충돌,신호위반,건조,맑음,기타 - 기타,화물,남,43세,상해없음,승용,남,28세,경상
2018011900100383,2018년 1월 19일 17시,금요일,대구광역시 북구 노원동1가,중상사고,0,1,0,0,차대차 - 기타,중앙선침범,건조,맑음,교차로 - 교차로부근,이륜,남,23세,상해없음,이륜,남,57세,중상
2018011900100384,2018년 1월 19일 17시,금요일,대구광역시 북구 산격동,경상사고,0,0,1,1,차대차 - 기타,직진우회전진행방해,건조,맑음,교차로 - 교차로안,승용,남,54세,부상신고,승용,여,37세,경상
2018011900100385,2018년 1월 19일 17시,금요일,대구광역시 중구 계산동2가,중상사고,0,1,0,0,차대차 - 측면충돌,차로위반,건조,맑음,단일로 - 기타,화물,남,59세,상해없음,승용,여,62세,중상