사고번호,사고일시,요일,시군구,사고내용,사망자수,중상자수,경상자수,부상신고자수,사고유형,법규위반,노면상태,기상상태,도로형태,가해운전자 차종,가해운전자 성별,가해운전자 연령,가해운전자 상해정도,피해운전자 차종,피해운전자 성별,피해운전자 연령,피해운전자 상해정도
2018011900100446,2018년 1월 19일 18시,금요일,대구광역시 중구 삼덕동2가,경상사고,0,0,1,0,차대차 - 측면충돌,불법유턴,건조,맑음,교차로 - 교차로부근,이륜,남,63세,상해없음,승용,여,54세,경상
2018011900100447,2018년 1월 19일 18시,금요일,대구광역시 북구 서변동,부상신고사고,0,0,0,1,차대차 - 기타,안전운전불이행,건조,맑음,교차로 - 교차로부근,승용,여,46세,상해없음,승합,남,56세,상해없음
2018011900100489,2018년 1월 19일 19시,금요일,대구광역시 동구 방촌동,중상사고,0,1,1,0,차대사람 - 횡단중,신호위반,건조,맑음,교차로 - 교차로횡단보도내,이륜,남,19세,경상,보행자,남,64세,중상
2018011900100490,2018년 1월 19일 19시,금요일,대구광역시 동구 부동,경상사고,0,0,2,0,차대차 - 측면충돌,교차로운행방법위반,건조,맑음,교차로 - 교차로안,화물,남,77세,상해없음,승용,남,26세,경상
2018011900100491,2018년 1월 19일 19시,금요일,대구광역시 달서구 월성동,중상사고,0,1,1,0,차대차 - 측면충돌,안전운전불이행,건조,맑음,단일로 - 기타,화물,남,54세,상해없음,승용,남,41세,중상
2018011900100492,2018년 1월 19일 19시,금요일,대구광역시 중구 달성동,중상사고,0,1,0,0,차대사람 - 횡단중,신호위반,건조,맑음,교차로 - 교차로안,승용,여,35세,상해없음,보행자,여,27세,중상
2018011900100493,2018년 1월 19일 19시,금요일,대구광역시 중구 동일동,중상사고,0,1,0,0,차대사람 - 횡단중,보행자보호의무위반,건조,맑음,단일로 - 기타,이륜,남,24세,상해없음,보행자,여,40세,중상
2018011900100494,2018년 1월 19일 19시,금요일,대구광역시 달서구 감삼동,중상사고,0,1,0,0,차대사람 - 횡단중,보행자보호의무위반,건조,맑음,교차로 - 교차로부근,승용,남,53세,상해없음,보행자,남,61세,중상
2018011900100533,2018년 1월 19일 20시,금요일,대구광역시 수성구 황금동,경상사고,0,0,1,0,차대차 - 측면충돌,안전거리미확보,건조,맑음,단일로 - 기타,승용,여,52세,상해없음,승용,여,72세,경상
2018011900100559,2018년 1월 19일 21시,금요일,대구광역시 달성군 다사읍,경상사고,0,0,1,0,차대차 - 정면충돌,안전운전불이행,건조,맑음,교차로 - 교차로안,승용,남,44세,상해없음,승용,남,42세,경상
2018011900100560,2018년 1월 19일 21시,금요일,대구광역시 북구 칠성동2가,중상사고,0,1,1,0,차대차 - 측면충돌,안전운전불이행,건조,맑음,교차로 - 교차로부근,승용,남,41세,경상,이륜,남,25세,중상
2018011900100586,2018년 1월 19일 22시,금요일,대구광역시 수성구 만촌동,경상사고,0,0,1,0,차대차 - 측면충돌,기타,건조,맑음,단일로 - 기타,승용,남,58세,상해없음,이륜,남,22세,경상
2018011900100608,2018년 1월 19일 23시,금요일,대구광역시 달서구 월성동,경상사고,0,0,4,0,차대차 - 추돌,안전운전불이행,건조,맑음,교차로 - 교차로부근,승용,남,48세,상해없음,승용,남,20세,경상
2018011900100609,2018년 1월 19일 23시,금요일,대구광역시 달서구 두류동,경상사고,0,0,1,0,차대차 - 측면충돌,안전운전불이행,건조,맑음,단일로 - 기타,승용,남,55세,상해없음,승용,남,27세,경상
2018012000100045,2018년 1월 20일 01시,토요일,대구광역시 남구 이천동,경상사고,0,0,1,0,차대차 - 기타,기타,건조,맑음,단일로 - 기타,승용,남,48세,상해없음,이륜,남,47세,경상
2018012000100046,2018년 1월 20일 01시,토요일,대구광역시 북구 노원동3가,경상사고,0,0,1,0,차대차 - 추돌,안전운전불이행,건조,맑음,교차로 - 교차로부근,승용,남,51세,상해없음,화물,남,39세,상해없음
2018012000100080,2018년 1월 20일 03시,토요일,대구광역시 중구 대봉동,중상사고,0,1,0,0,차대차 - 측면충돌,안전운전불이행,건조,맑음,단일로 - 기타,승용,남,27세,상해없음,승용,여,58세,중상
2018012000100117,2018년 1월 20일 06시,토요일,대구광역시 수성구 시지동,경상사고,0,0,5,0,차대차 - 측면충돌,교차로운행방법위반,건조,맑음,교차로 - 교차로안,승용,남,73세,경상,승용,남,53세,경상
2018012000100137,2018년 1월 20일 07시,토요일,대구광역시 달서구 이곡동,경상사고,0,0,1,0,차대차 - 기타,중앙선침범,건조,맑음,단일로 - 기타,승용,남,25세,상해없음,승용,남,25세,경상
2018012000100150,2018년 1월 20일 08시,토요일,대구광역시 수성구 신매동,중상사고,0,2,1,0,차대차 - 정면충돌,신호위반,건조,맑음,교차로 - 교차로안,승용,남,24세,중상,승용,남,65세,중상
2018012000100170,2018년 1월 20일 09시,토요일,대구광역시 남구 봉덕동,경상사고,0,0,1,0,차대차 - 측면충돌,안전운전불이행,건조,맑음,단일로 - 기타,승용,남,21세,상해없음,화물,남,54세,경상
2018012000100171,2018년 1월 20일 09시,토요일,대구광역시 동구 지묘동,경상사고,0,0,1,0,차대차 - 측면충돌,교차로운행방법위반,건조,맑음,교차로 - 교차로안,화물,남,50세,상해없음,이륜,남,41세,경상
2018012000100172,2018년 1월 20일 09시,토요일,대구광역시 달서구 본동,경상사고,0,0,1,0,차량단독 - 공작물충돌,안전운전불이행,건조,맑음,교차로 - 교차로횡단보도내,이륜,남,71세,상해없음,,,,
2018012000100196,2018년 1월 20일 10시,토요일,대구광역시 동구 서호동,경상사고,0,0,1,0,차대차 - 측면충돌,안전운전불이행,건조,맑음,단일로 - 기타,자전거,남,57세,상해없음,이륜,남,30세,경상
2018012000100197,2018년 1월 20일 10시,토요일,대구광역시 중구 남산동,경상사고,0,0,1,0,차대차 - 후진중충돌,안전운전불이행,건조,맑음,단일로 - 기타,화물,남,59세,상해없음,승용,남,24세,경상
2018012000100233,2018년 1월 20일 12시,토요일,대구광역시 달서구 상인동,경상사고,0,0,2,0,차대차 - 측면충돌,안전거리미확보,건조,맑음,단일로 - 기타,승용,남,33세,경상,승용,여,61세,경상
2018012000100234,2018년 1월 20일 12시,토요일,대구광역시 중구 대봉동,경상사고,0,0,1,0,차대차 - 기타,안전운전불이행,건조,맑음,교차로 - 교차로안,원동기,남,53세,상해없음,원동기,남,65세,경상
2018012000100261,2018년 1월 20일 13시,토요일,대구광역시 동구 용계동,중상사고,0,1,0,0,차대차 - 측면충돌,안전운전불이행,건조,맑음,교차로 - 교차로부근,승용,남,61세,상해없음,자전거,남,72세,중상
2018012000100262,2018년 1월 20일 13시,토요일,대구광역시 북구 복현동,경상사고,0,0,2,0,차대차 - 추돌,안전운전불이행,건조,맑음,단일로 - 기타,이륜,남,28세,경상,승용,남,62세,경상
2018012000100263,2018년 1월 20일 13시,토요일,대구광역시 북구 침산동,중상사고,0,1,0,0,차대차 - 기타,안전거리미확보,건조,맑음,단일로 - 기타,승용,남,26세,상해없음,승용,여,52세,상해없음
2018012000100264,2018년 1월 20일 13시,토요일,대구광역시 서구 평리동,경상사고,0,0,1,0,차대차 - 기타,안전운전불이행,건조,맑음,단일로 - 기타,승용,여,50세,상해없음,화물,남,68세,경상
2018012000100291,2018년 1월 20일 14시,토요일,대구광역시 북구 칠성동2가,부상신고사고,0,0,0,1,차대차 - 기타,교차로운행방법위반,건조,맑음,교차로 - 교차로부근,기타불명,기타불명,미분류,기타불명,기타불명,기타불명,미분류,기타불명
2018012000100292,2018년 1월 20일 14시,토요일,대구광역시 중구 대신동,경상사고,0,0,1,0,차대사람 - 기타,안전운전불이행,건조,맑음,단일로 - 기타,승용,남,52세,상해없음,보행자,남,16세,경상
2018012000100316,2018년 1월 20일 15시,토요일,대구광역시 중구 동인동3가,경상사고,0,0,3,1,차대차 - 추돌,안전거리미확보,건조,맑음,단일로 - 기타,승합,남,35세,부상신고,승용,여,38세,상해없음
2018012000100371,2018년 1월 20일 17시,토요일,대구광역시 동구 신암동,경상사고,0,0,1,0,차대차 - 측면충돌,신호위반,건조,맑음,교차로 - 교차로안,승용,남,64세,상해없음,이륜,남,55세,경상
2018012000100372,2018년 1월 20일 17시,토요일,대구광역시 서구 평리동,부상신고사고,0,0,0,1,차대차 - 추돌,안전거리미확보,건조,맑음,단일로 - 기타,이륜,남,59세,부상신고,승용,남,51세,상해없음
2018012000100373,2018년 1월 20일 17시,토요일,대구광역시 달서구 신당동,경상사고,0,0,2,0,차대차 - 기타,안전거리미확보,건조,맑음,교차로 - 교차로부근,화물,남,73세,상해없음,이륜,남,20세,경상
2018012000100407,2018년 1월 20일 18시,토요일,대구광역시 수성구 신매동,경상사고,0,0,3,0,차대차 - 측면충돌,신호위반,건조,맑음,교차로 - 교차로안,승용,여,43세,경상,화물,남,51세,경상
2018012000100408,2018년 1월 20일 18시,토요일,대구광역시 북구 서변동,경상사고,0,0,1,0,차대사람 - 기타,신호위반,건조,맑음,교차로 - 교차로부근,승용,남,63세,상해없음,보행자,남,7세,경상
2018012000100441,2018년 1월 20일 19시,토요일,대구광역시 북구 서변동,경상사고,0,0,1,0,차대차 - 추돌,안전운전불이행,건조,맑음,단일로 - 기타,화물,여,57세,상해없음,승용,남,32세,상해없음
2018012000100476,2018년 1월 20일 20시,토요일,대구광역시 동구 중대동,중상사고,0,2,0,0,차대차 - 측면충돌,안전운전불이행,건조,맑음,단일로 - 기타,승용,남,66세,상해없음,승용,남,50세,중상
2018012000100477,2018년 1월 20일 20시,토요일,대구광역시 서구 상리동,경상사고,0,0,1,0,차대차 - 추돌,안전운전불이행,건조,맑음,단일로 - 기타,승용,남,52세,상해없음,승용,남,28세,상해없음
2018012000100478,2018년 1월 20일 20시,토요일,대구광역시 북구 동천동,경상사고,0,0,1,0,차대차 - 측면충돌,기타,건조,맑음,단일로 - 기타,승용,남,67세,상해없음,이륜,남,18세,경상
2018012000100507,2018년 1월 20일 21시,토요일,대구광역시 동구 신천동,부상신고사고,0,0,0,1,차대사람 - 기타,안전운전불이행,건조,맑음,단일로 - 기타,승용,남,48세,상해없음,보행자,남,48세,부상신고
2018012000100535,2018년 1월 20일 22시,토요일,대구광역시 달서구 진천동,경상사고,0,0,1,0,차대차 - 기타,안전운전불이행,건조,맑음,단일로 - 기타,승용,여,56세,상해없음,이륜,남,41세,경상
2018012000100536,2018년 1월 20일 22시,토요일,대구광역시 달서구 월성동,경상사고,0,0,1,0,차대차 - 측면충돌,안전거리미확보,건조,맑음,단일로 - 기타,승용,여,48세,상해없음,승용,남,56세,상해없음
2018012000100537,2018년 1월 20일 22시,토요일,대구광역시 서구 평리동,경상사고,0,0,1,0,차대차 - 추돌,안전거리미확보,건조,맑음,교차로 - 교차로부근,승용,남,56세,상해없음,승용,여,38세,경상
2018012000100559,2018년 1월 20일 23시,토요일,대구광역시 동구 효목동,경상사고,0,0,1,0,차대차 - 측면충돌,안전운전불이행,건조,맑음,교차로 - 교차로안,승용,남,47세,상해없음,승용,남,39세,경상
2018012000100560,2018년 1월 20일 23시,토요일,대구광역시 수성구 파동,경상사고,0,0,1,0,차대사람 - 횡단중,교차로운행방법위반,건조,맑음,교차로 - 교차로부근,승용,남,68세,상해없음,보행자,남,51세,경상
2018012100100016,2018년 1월 21일 00시,일요일,대구광역시 수성구 범어동,경상사고,0,0,3,0,차대차 - 측면충돌,신호위반,건조,맑음,교차로 - 교차로부근,승용,여,26세,상해없음,승용,남,65세,경상
2018012100100017,2018년 1월 21일 00시,일요일,대구광역시 중구 남일동,경상사고,0,0,1,0,차대차 - 측면충돌,안전거리미확보,건조,맑음,단일로 - 기타,이륜,남,24세,경상,승용,남,53세,상해없음
2018012100100034,2018년 1월 21일 01시,일요일,대구광역시 달서구 이곡동,경상사고,0,0,1,0,차대사람 - 기타,기타,건조,맑음,단일로 - 기타,승용,남,63세,상해없음,보행자,여,34세,경상
2018012100100057,2018년 1월 21일 03시,일요일,대구광역시 북구 대현동,사망사고,1,0,0,0,차대사람 - 횡단중,안전운전불이행,건조,맑음,교차로 - 교차로횡단보도내,승용,남,50세,상해없음,보행자,여,83세,사망
2018012100100081,2018년 1월 21일 05시,일요일,대구광역시 수성구 범어동,경상사고,0,0,1,0,차대차 - 기타,안전운전불이행,건조,맑음,단일로 - 기타,승용,남,54세,상해없음,화물,남,23세,상해없음
2018012100100096,2018년 1월 21일 06시,일요일,대구광역시 수성구 중동,경상사고,0,0,1,0,차대차 - 기타,교차로운행방법위반,건조,맑음,교차로 - 교차로안,승용,남,68세,상해없음,승용,남,20세,경상
2018012100100109,2018년 1월 21일 07시,일요일,대구광역시 서구 상리동,경상사고,0,0,2,0,차대차 - 기타,안전운전불이행,건조,맑음,단일로 - 기타,승용,남,45세,상해없음,승용,남,47세,경상
2018012100100149,2018년 1월 21일 10시,일요일,대구광역시 달성군 구지면,중상사고,0,1,2,0,차대차 - 측면충돌,교차로운행방법위반,건조,맑음,교차로 - 교차로안,화물,남,66세,경상,승용,남,57세,경상
2018012100100150,2018년 1월 21일 10시,일요일,대구광역시 중구 동문동,경상사고,0,0,2,0,차대차 - 측면충돌,직진우회전진행방해,건조,맑음,교차로 - 교차로안,승용,남,52세,상해없음,승용,남,66세,상해없음
2018012100100151,2018년 1월 21일 10시,일요일,대구광역시 달서구 성당동,경상사고,0,0,2,0,차대차 - 측면충돌,안전거리미확보,건조,맑음,단일로 - 기타,승용,남,56세,상해없음,승용,남,36세,경상
2018012100100225,2018년 1월 21일 14시,일요일,대구광역시 달성군 다사읍,중상사고,0,1,0,0,차대차 - 정면충돌,중앙선침범,건조,맑음,단일로 - 기타,특수,남,41세,상해없음,승용,남,41세,중상
2018012100100242,2018년 1월 21일 15시,일요일,대구광역시 동구 방촌동,경상사고,0,0,1,0,차대차 - 추돌,안전운전불이행,건조,맑음,단일로 - 기타,승용,남,50세,상해없음,승용,남,63세,경상
2018012100100284,2018년 1월 21일 17시,일요일,대구광역시 달서구 죽전동,경상사고,0,0,1,1,차대사람 - 기타,안전운전불이행,건조,맑음,단일로 - 기타,승용,여,51세,경상,보행자,남,39세,부상신고
2018012100100302,2018년 1월 21일 18시,일요일,대구광역시 수성구 범어동,중상사고,0,1,0,0,차대사람 - 길가장자리구역통행중,기타,건조,맑음,단일로 - 기타,기타불명,기타불명,미분류,기타불명,보행자,남,58세,중상
2018012100100323,2018년 1월 21일 19시,일요일,대구광역시 남구 대명동,경상사고,0,0,1,2,차대차 - 측면충돌,안전거리미확보,건조,맑음,단일로 - 기타,승용,남,70세,상해없음,승용,남,20세,부상신고
2018012100100324,2018년 1월 21일 19시,일요일,대구광역시 남구 대명동,경상사고,0,0,1,0,차대차 - 측면충돌,안전거리미확보,건조,맑음,단일로 - 기타,승용,남,27세,상해없음,이륜,남,26세,경상
2018012100100325,2018년 1월 21일 19시,일요일,대구광역시 중구 공평동,경상사고,0,0,1,0,차대사람 - 기타,안전운전불이행,건조,맑음,단일로 - 기타,승용,남,37세,상해없음,보행자,남,22세,경상
2018012100100344,2018년 1월 21일 20시,일요일,대구광역시 중구 동인동2가,부상신고사고,0,0,0,1,차대차 - 측면충돌,신호위반,건조,맑음,교차로 - 교차로안,이륜,남,16세,부상신고,승용,남,49세,상해없음
2018012100100345,2018년 1월 21일 20시,일요일,대구광역시 중구 동인동3가,중상사고,0,2,0,0,차대차 - 추돌,안전운전불이행,건조,맑음,단일로 - 기타,승용,남,65세,상해없음,승용,남,56세,상해없음
2018012100100365,2018년 1월 21일 21시,일요일,대구광역시 남구 대명동,경상사고,0,0,1,0,차대사람 - 기타,신호위반,건조,맑음,단일로 - 기타,이륜,남,16세,상해없음,보행자,여,72세,경상
2018012100100366,2018년 1월 21일 21시,일요일,대구광역시 남구 봉덕동,경상사고,0,0,1,0,차대사람 - 기타,기타,건조,맑음,기타 - 기타,승용,남,54세,상해없음,보행자,남,58세,경상
2018012100100367,2018년 1월 21일 21시,일요일,대구광역시 남구 대명동,경상사고,0,0,2,0,차대차 - 측면충돌,차로위반,건조,맑음,교차로 - 교차로부근,승용,남,37세,상해없음,승용,남,33세,경상
2018012100100385,2018년 1월 21일 22시,일요일,대구광역시 서구 평리동,경상사고,0,0,1,0,차대사람 - 횡단중,안전운전불이행,건조,맑음,교차로 - 교차로횡단보도내,승용,남,36세,상해없음,보행자,남,58세,경상
2018012100100401,2018년 1월 21일 23시,일요일,대구광역시 수성구 범어동,중상사고,0,1,0,0,차대차 - 정면충돌,신호위반,건조,맑음,교차로 - 교차로안,승합,남,50세,상해없음,이륜,남,30세,중상
2018012200100010,2018년 1월 22일 00시,월요일,대구광역시 중구 태평로1가,경상사고,0,0,1,0,차대차 - 추돌,안전운전불이행,건조,맑음,단일로 - 기타,승용,남,50세,상해없음,승용,남,60세,경상
2018012200100040,2018년 1월 22일 05시,월요일,대구광역시 서구 내당동,중상사고,0,1,0,0,차대차 - 추돌,안전운전불이행,건조,맑음,교차로 - 교차로부근,화물,남,62세,상해없음,승합,남,59세,중상
2018012200100076,2018년 1월 22일 07시,월요일,대구광역시 중구 달성동,중상사고,0,1,0,0,차대차 - 측면충돌,안전운전불이행,건조,맑음,교차로 - 교차로안,승용,남,60세,상해없음,자전거,여,60세,중상
2018012200100100,2018년 1월 22일 08시,월요일,대구광역시 달서구 상인동,중상사고,0,1,0,0,차대차 - 정면충돌,안전운전불이행,건조,맑음,교차로 - 교차로안,화물,남,59세,기타불명,승용,여,52세,중상
2018012200100101,2018년 1월 22일 08시,월요일,대구광역시 달서구 감삼동,경상사고,0,0,1,0,차대차 - 기타,불법유턴,건조,맑음,단일로 - 기타,승용,여,35세,상해없음,승용,남,35세,경상
2018012200100148,2018년 1월 22일 10시,월요일,대구광역시 수성구 노변동,중상사고,0,1,0,0,차대차 - 추돌,안전운전불이행,건조,맑음,단일로 - 기타,특수,남,59세,상해없음,화물,남,53세,중상
2018012200100149,2018년 1월 22일 10시,월요일,대구광역시 동구 방촌동,경상사고,0,0,1,0,차대차 - 측면충돌,안전운전불이행,건조,맑음,교차로 - 교차로안,승합,여,66세,상해없음,자전거,남,77세,경상
2018012200100180,2018년 1월 22일 11시,월요일,대구광역시 동구 방촌동,경상사고,0,0,2,0,차대차 - 측면충돌,안전운전불이행,건조,맑음,기타 - 기타,승용,남,77세,상해없음,화물,남,44세,경상
2018012200100181,2018년 1월 22일 11시,월요일,대구광역시 중구 동인동3가,중상사고,0,1,0,0,차대차 - 추돌,안전운전불이행,건조,맑음,단일로 - 기타,승용,남,75세,상해없음,이륜,남,58세,중상
2018012200100182,2018년 1월 22일 11시,월요일,대구광역시 북구 동천동,경상사고,0,0,1,0,차대차 - 측면충돌,안전운전불이행,건조,맑음,교차로 - 교차로안,승용,여,44세,상해없음,이륜,남,25세,경상
2018012200100238,2018년 1월 22일 13시,월요일,대구광역시 서구 평리동,경상사고,0,0,1,0,차대차 - 기타,기타,건조,맑음,교차로 - 교차로부근,이륜,남,48세,경상,화물,남,42세,상해없음
2018012200100239,2018년 1월 22일 13시,월요일,대구광역시 중구 사일동,부상신고사고,0,0,0,1,차대사람 - 횡단중,안전운전불이행,건조,맑음,단일로 - 기타,이륜,남,55세,상해없음,보행자,남,82세,부상신고
2018012200100270,2018년 1월 22일 14시,월요일,대구광역시 북구 칠성동2가,경상사고,0,0,3,0,차대차 - 측면충돌,신호위반,건조,맑음,교차로 - 교차로안,승용,남,81세,상해없음,승용,남,71세,경상
2018012200100298,2018년 1월 22일 15시,월요일,대구광역시 달서구 진천동,경상사고,0,0,3,0,차대차 - 기타,안전운전불이행,건조,맑음,교차로 - 교차로부근,이륜,남,22세,상해없음,승용,여,38세,경상
2018012200100299,2018년 1월 22일 15시,월요일,대구광역시 달서구 두류동,중상사고,0,1,0,0,차대사람 - 기타,안전운전불이행,건조,맑음,단일로 - 기타,승용,남,34세,상해없음,보행자,여,76세,중상
2018012200100340,2018년 1월 22일 16시,월요일,대구광역시 동구 신기동,경상사고,0,0,1,0,차대차 - 추돌,안전운전불이행,건조,맑음,단일로 - 기타,승용,남,30세,상해없음,승용,남,50세,상해없음
2018012200100341,2018년 1월 22일 16시,월요일,대구광역시 서구 평리동,경상사고,0,0,1,0,차대차 - 기타,안전운전불이행,건조,맑음,단일로 - 기타,기타불명,기타불명,미분류,기타불명,승용,남,33세,경상
2018012200100342,2018년 1월 22일 16시,월요일,대구광역시 북구 팔달동,경상사고,0,0,1,0,차대차 - 기타,안전거리미확보,건조,맑음,단일로 - 기타,승용,남,57세,상해없음,승용,여,26세,상해없음
2018012200100375,2018년 1월 22일 17시,월요일,대구광역시 동구 신천동,경상사고,0,0,2,0,차대차 - 측면충돌,신호위반,건조,맑음,교차로 - 교차로안,승용,남,40세,상해없음,승용,남,69세,경상
2018012200100376,2018년 1월 22일 17시,월요일,대구광역시 동구 신천동,중상사고,0,1,0,0,차대차 - 측면충돌,안전운전불이행,건조,맑음,교차로 - 교차로횡단보도내,승용,남,47세,상해없음,자전거,남,85세,중상
2018012200100377,2018년 1월 22일 17시,월요일,대구광역시 달서구 도원동,경상사고,0,0,1,0,차대사람 - 기타,안전운전불이행,건조,맑음,단일로 - 기타,승용,남,41세,상해없음,보행자,여,54세,경상
2018012200100378,2018년 1월 22일 17시,월요일,대구광역시 북구 산격동,중상사고,0,1,0,0,차대차 - 측면충돌,신호위반,건조,맑음,교차로 - 교차로안,승용,여,54세,상해없음,이륜,남,66세,중상
2018012200100379,2018년 1월 22일 17시,월요일,대구광역시 북구 산격동,중상사고,0,1,0,0,차대차 - 측면충돌,안전거리미확보,건조,맑음,단일로 - 기타,화물,남,44세,상해없음,이륜,남,27세,중상
2018012200100451,2018년 1월 22일 18시,월요일,대구광역시 달서구 진천동,경상사고,0,0,2,0,차대차 - 측면충돌,안전운전불이행,건조,맑음,단일로 - 기타,승용,남,45세,상해없음,승용,여,49세,경상
2018012200100452,2018년 1월 22일 18시,월요일,대구광역시 달성군 화원읍,중상사고,0,1,1,0,차대사람 - 횡단중,안전운전불이행,건조,맑음,단일로 - 기타,화물,남,58세,상해없음,보행자,남,77세,경상
2018012200100453,2018년 1월 22일 18시,월요일,대구광역시 서구 평리동,경상사고,0,0,1,0,차대차 - 측면충돌,안전운전불이행,건조,맑음,단일로 - 기타,승용,남,62세,상해없음,승용,남,42세,경상
2018012200100454,2018년 1월 22일 18시,월요일,대구광역시 달서구 죽전동,부상신고사고,0,0,0,2,차대차 - 기타,안전운전불이행,건조,맑음,단일로 - 기타,화물,남,67세,상해없음,이륜,남,18세,부상신고
2018012200100490,2018년 1월 22일 19시,월요일,대구광역시 수성구 범어동,경상사고,0,0,1,0,차대차 - 측면충돌,신호위반,건조,맑음,단일로 - 기타,승용,남,26세,상해없음,승용,남,27세,경상
2018012200100541,2018년 1월 22일 21시,월요일,대구광역시 달서구 성당동,경상사고,0,0,1,0,차대차 - 측면충돌,안전운전불이행,건조,맑음,단일로 - 기타,승용,남,58세,상해없음,승용,여,31세,경상
2018012200100567,2018년 1월 22일 22시,월요일,대구광역시 동구 신천동,경상사고,0,0,1,0,차대차 - 추돌,안전운전불이행,건조,맑음,교차로 - 교차로안,승용,남,33세,상해없음,승용,여,42세,경상
2018012200100568,2018년 1월 22일 22시,월요일,대구광역시 북구 읍내동,중상사고,0,1,0,0,차대차 - 기타,안전운전불이행,서리/결빙,비,단일로 - 기타,승용,남,38세,상해없음,원동기,남,48세,중상
2018012200100592,2018년 1월 22일 23시,월요일,대구광역시 달성군 화원읍,경상사고,0,0,2,0,차대차 - 추돌,안전운전불이행,건조,맑음,교차로 - 교차로부근,승용,여,41세,상해없음,승용,남,40세,경상
2018012200100593,2018년 1월 22일 23시,월요일,대구광역시 서구 평리동,경상사고,0,0,1,0,차대차 - 기타,안전거리미확보,건조,맑음,교차로 - 교차로부근,승용,남,63세,상해없음,이륜,남,18세,경상
2018012300100051,2018년 1월 23일 06시,화요일,대구광역시 달서구 본리동,중상사고,0,1,1,0,차대차 - 기타,신호위반,건조,맑음,교차로 - 교차로안,승용,남,72세,상해없음,승용,남,21세,경상
2018012300100102,2018년 1월 23일 08시,화요일,대구광역시 동구 신암동,중상사고,0,1,0,0,차대사람 - 기타,안전운전불이행,건조,맑음,단일로 - 기타,승용,남,33세,상해없음,보행자,여,61세,중상
2018012300100103,2018년 1월 23일 08시,화요일,대구광역시 달성군 유가읍,경상사고,0,0,1,0,차대차 - 기타,안전운전불이행,건조,맑음,단일로 - 기타,승용,남,48세,상해없음,승용,남,52세,경상
2018012300100104,2018년 1월 23일 08시,화요일,대구광역시 북구 태전동,경상사고,0,0,1,0,차량단독 - 공작물충돌,안전운전불이행,건조,맑음,단일로 - 기타,승용,여,39세,경상,,,,
2018012300100180,2018년 1월 23일 10시,화요일,대구광역시 동구 신암동,경상사고,0,0,1,0,차대차 - 추돌,안전거리미확보,건조,맑음,단일로 - 기타,승용,남,41세,상해없음,승용,남,26세,경상
2018012300100181,2018년 1월 23일 10시,화요일,대구광역시 서구 비산동,경상사고,0,0,1,1,차대차 - 측면충돌,교차로운행방법위반,건조,맑음,교차로 - 교차로안,승용,남,70세,부상신고,화물,남,46세,경상
2018012300100223,2018년 1월 23일 11시,화요일,대구광역시 서구 평리동,경상사고,0,0,1,1,차대차 - 측면충돌,신호위반,건조,맑음,교차로 - 교차로안,승용,여,40세,부상신고,승용,남,64세,경상
2018012300100243,2018년 1월 23일 12시,화요일,대구광역시 남구 대명동,경상사고,0,0,2,0,차대차 - 측면충돌,교차로운행방법위반,건조,맑음,교차로 - 교차로안,이륜,남,32세,경상,이륜,남,42세,경상
2018012300100244,2018년 1월 23일 12시,화요일,대구광역시 북구 노원동2가,경상사고,0,0,1,1,차대차 - 기타,직진우회전진행방해,건조,맑음,교차로 - 교차로안,화물,남,39세,부상신고,승용,남,52세,경상
2018012300100272,2018년 1월 23일 13시,화요일,대구광역시 남구 봉덕동,중상사고,0,1,1,0,차대차 - 측면충돌,안전거리미확보,건조,맑음,기타 - 기타,승용,여,59세,중상,승용,남,42세,경상
2018012300100273,2018년 1월 23일 13시,화요일,대구광역시 달서구 월암동,경상사고,0,0,1,0,차대사람 - 기타,안전운전불이행,건조,맑음,단일로 - 기타,승용,남,53세,상해없음,보행자,남,40세,경상
2018012300100309,2018년 1월 23일 14시,화요일,대구광역시 중구 남산동,중상사고,0,1,0,0,차대차 - 측면충돌,안전거리미확보,건조,맑음,단일로 - 기타,승합,남,51세,상해없음,이륜,남,24세,중상
2018012300100340,2018년 1월 23일 15시,화요일,대구광역시 동구 용계동,부상신고사고,0,0,0,1,차대차 - 측면충돌,안전운전불이행,건조,맑음,단일로 - 기타,자전거,남,16세,부상신고,승용,남,74세,상해없음
2018012300100341,2018년 1월 23일 15시,화요일,대구광역시 중구 종로1가,경상사고,0,0,1,0,차대차 - 측면충돌,기타,건조,맑음,교차로 - 교차로부근,승용,남,70세,상해없음,이륜,남,68세,경상
2018012300100402,2018년 1월 23일 17시,화요일,대구광역시 남구 대명동,중상사고,0,1,0,0,차대차 - 측면충돌,안전운전불이행,건조,맑음,교차로 - 교차로안,승용,여,53세,상해없음,자전거,여,80세,중상
2018012300100403,2018년 1월 23일 17시,화요일,대구광역시 북구 복현동,경상사고,0,0,1,0,차대사람 - 기타,보행자보호의무위반,건조,맑음,교차로 - 교차로횡단보도내,화물,남,43세,상해없음,보행자,남,20세,경상
2018012300100440,2018년 1월 23일 18시,화요일,대구광역시 수성구 범어동,중상사고,0,1,0,0,차대차 - 추돌,안전운전불이행,건조,맑음,교차로 - 교차로부근,승용,여,53세,상해없음,이륜,남,37세,중상