사고번호,사고일시,요일,시군구,사고내용,사망자수,중상자수,경상자수,부상신고자수,사고유형,법규위반,노면상태,기상상태,도로형태,가해운전자 차종,가해운전자 성별,가해운전자 연령,가해운전자 상해정도,피해운전자 차종,피해운전자 성별,피해운전자 연령,피해운전자 상해정도
2018012600100570,2018년 1월 26일 21시,금요일,대구광역시 동구 신천동,경상사고,0,0,1,0,차대차 - 측면충돌,신호위반,건조,맑음,교차로 - 교차로안,승용,남,32세,상해없음,원동기,남,19세,경상
2018012600100632,2018년 1월 26일 23시,금요일,대구광역시 달서구 상인동,중상사고,0,1,1,0,차대차 - 추돌,안전운전불이행,건조,맑음,단일로 - 기타,승용,남,48세,상해없음,승용,남,64세,경상
2018012600100633,2018년 1월 26일 23시,금요일,대구광역시 달서구 용산동,경상사고,0,0,2,0,차대차 - 추돌,안전운전불이행,건조,맑음,단일로 - 기타,승용,남,59세,상해없음,승용,남,64세,경상
2018012600100634,2018년 1월 26일 23시,금요일,대구광역시 달서구 신당동,경상사고,0,0,1,0,차대차 - 측면충돌,안전운전불이행,건조,맑음,교차로 - 교차로부근,승용,남,24세,상해없음,승용,남,26세,경상
2018012600100635,2018년 1월 26일 23시,금요일,대구광역시 북구 태전동,경상사고,0,0,1,0,차대차 - 측면충돌,안전운전불이행,건조,맑음,단일로 - 기타,승용,남,33세,상해없음,승용,남,61세,경상
2018012700100018,2018년 1월 27일 00시,토요일,대구광역시 달서구 본동,경상사고,0,0,1,0,차대차 - 기타,교차로운행방법위반,건조,맑음,교차로 - 교차로안,승용,남,52세,상해없음,이륜,남,52세,경상
2018012700100104,2018년 1월 27일 07시,토요일,대구광역시 동구 괴전동,경상사고,0,0,1,1,차대차 - 기타,안전운전불이행,건조,맑음,단일로 - 기타,승용,여,54세,부상신고,승용,남,55세,경상
2018012700100150,2018년 1월 27일 09시,토요일,대구광역시 수성구 신매동,중상사고,0,1,0,0,차대차 - 추돌,안전거리미확보,건조,맑음,교차로 - 교차로부근,승용,남,38세,상해없음,승용,여,47세,중상
2018012700100172,2018년 1월 27일 10시,토요일,대구광역시 수성구 범어동,경상사고,0,0,1,0,차대차 - 측면충돌,안전운전불이행,건조,맑음,단일로 - 기타,승용,여,62세,상해없음,승용,남,25세,경상
2018012700100173,2018년 1월 27일 10시,토요일,대구광역시 북구 노원동2가,경상사고,0,0,3,0,차대차 - 기타,안전운전불이행,건조,맑음,단일로 - 기타,승용,여,28세,경상,화물,남,70세,경상
2018012700100174,2018년 1월 27일 10시,토요일,대구광역시 서구 내당동,부상신고사고,0,0,0,1,차대차 - 측면충돌,중앙선침범,건조,맑음,교차로 - 교차로부근,이륜,남,25세,부상신고,승용,여,62세,상해없음
2018012700100202,2018년 1월 27일 11시,토요일,대구광역시 달서구 진천동,경상사고,0,0,1,0,차대차 - 기타,차로위반,건조,맑음,기타 - 기타,승용,남,67세,상해없음,이륜,남,23세,경상
2018012700100203,2018년 1월 27일 11시,토요일,대구광역시 북구 읍내동,경상사고,0,0,1,0,차대차 - 측면충돌,교차로운행방법위반,건조,맑음,단일로 - 기타,승용,남,56세,경상,승용,여,49세,상해없음
2018012700100235,2018년 1월 27일 12시,토요일,대구광역시 동구 효목동,경상사고,0,0,1,0,차대차 - 측면충돌,안전운전불이행,건조,맑음,기타 - 기타,승용,여,56세,경상,승용,여,32세,상해없음
2018012700100236,2018년 1월 27일 12시,토요일,대구광역시 수성구 두산동,경상사고,0,0,1,0,차대차 - 추돌,안전운전불이행,건조,맑음,단일로 - 기타,승합,남,73세,상해없음,승용,남,61세,경상
2018012700100237,2018년 1월 27일 12시,토요일,대구광역시 북구 산격동,중상사고,0,2,0,0,차대사람 - 횡단중,보행자보호의무위반,건조,맑음,교차로 - 교차로안,승용,남,60세,상해없음,보행자,여,24세,중상
2018012700100270,2018년 1월 27일 13시,토요일,대구광역시 북구 읍내동,중상사고,0,1,0,0,차대사람 - 횡단중,신호위반,건조,맑음,교차로 - 교차로횡단보도내,승합,남,68세,상해없음,보행자,여,79세,중상
2018012700100299,2018년 1월 27일 14시,토요일,대구광역시 수성구 수성동1가,부상신고사고,0,0,0,1,차대차 - 추돌,안전거리미확보,건조,맑음,단일로 - 기타,자전거,남,16세,부상신고,승용,남,50세,상해없음
2018012700100300,2018년 1월 27일 14시,토요일,대구광역시 달서구 본동,부상신고사고,0,0,0,1,차대차 - 측면충돌,안전거리미확보,건조,맑음,단일로 - 기타,승용,남,67세,상해없음,승용,남,45세,부상신고
2018012700100301,2018년 1월 27일 14시,토요일,대구광역시 서구 내당동,중상사고,0,1,1,0,차대차 - 측면충돌,안전운전불이행,건조,맑음,단일로 - 기타,승용,남,51세,경상,승용,여,30세,중상
2018012700100302,2018년 1월 27일 14시,토요일,대구광역시 달서구 두류동,중상사고,0,1,0,0,차대사람 - 횡단중,보행자보호의무위반,건조,맑음,단일로 - 기타,승용,남,63세,상해없음,보행자,남,73세,중상
2018012700100303,2018년 1월 27일 14시,토요일,대구광역시 달서구 신당동,경상사고,0,0,1,0,차대사람 - 기타,안전운전불이행,건조,맑음,교차로 - 교차로안,화물,남,32세,상해없음,보행자,남,51세,경상
2018012700100326,2018년 1월 27일 15시,토요일,대구광역시 수성구 황금동,경상사고,0,0,1,0,차대차 - 기타,안전거리미확보,건조,맑음,교차로 - 교차로부근,승용,남,77세,상해없음,승합,남,57세,상해없음
2018012700100348,2018년 1월 27일 16시,토요일,대구광역시 수성구 신매동,부상신고사고,0,0,0,1,차량단독 - 기타,안전운전불이행,건조,맑음,교차로 - 교차로안,이륜,남,25세,부상신고,,,,
2018012700100380,2018년 1월 27일 17시,토요일,대구광역시 동구 용계동,경상사고,0,0,3,0,차대차 - 측면충돌,안전거리미확보,건조,맑음,단일로 - 기타,승용,여,50세,경상,승용,여,49세,경상
2018012700100410,2018년 1월 27일 18시,토요일,대구광역시 북구 침산동,경상사고,0,0,1,0,차대차 - 측면충돌,안전운전불이행,건조,맑음,단일로 - 기타,승용,여,39세,상해없음,이륜,남,19세,경상
2018012700100447,2018년 1월 27일 19시,토요일,대구광역시 동구 신암동,경상사고,0,0,2,0,차대차 - 측면충돌,교차로운행방법위반,건조,맑음,교차로 - 교차로부근,승용,남,42세,경상,원동기,남,31세,경상
2018012700100448,2018년 1월 27일 19시,토요일,대구광역시 동구 동호동,경상사고,0,0,1,0,차대차 - 측면충돌,안전운전불이행,건조,맑음,단일로 - 기타,승용,남,53세,상해없음,승용,여,39세,경상
2018012700100449,2018년 1월 27일 19시,토요일,대구광역시 달성군 유가읍,중상사고,0,1,1,0,차대차 - 측면충돌,교차로운행방법위반,건조,맑음,교차로 - 교차로안,승용,남,37세,중상,승용,남,71세,경상
2018012700100450,2018년 1월 27일 19시,토요일,대구광역시 서구 평리동,경상사고,0,0,1,0,차대사람 - 보도통행중,보행자보호의무위반,건조,맑음,단일로 - 기타,승용,여,49세,상해없음,보행자,여,59세,경상
2018012700100451,2018년 1월 27일 19시,토요일,대구광역시 달서구 이곡동,경상사고,0,0,3,1,차대차 - 기타,중앙선침범,건조,맑음,교차로 - 교차로부근,원동기,남,62세,부상신고,승용,남,23세,상해없음
2018012700100477,2018년 1월 27일 20시,토요일,대구광역시 동구 검사동,경상사고,0,0,1,0,차대차 - 측면충돌,신호위반,건조,맑음,단일로 - 기타,이륜,남,20세,상해없음,이륜,남,24세,경상
2018012700100492,2018년 1월 27일 21시,토요일,대구광역시 남구 대명동,경상사고,0,0,2,0,차대차 - 추돌,안전운전불이행,건조,맑음,교차로 - 교차로안,승용,남,56세,상해없음,승용,여,25세,경상
2018012700100493,2018년 1월 27일 21시,토요일,대구광역시 수성구 수성동2가,경상사고,0,0,1,0,차대차 - 추돌,안전운전불이행,건조,맑음,단일로 - 기타,승용,남,26세,기타불명,승용,남,42세,경상
2018012700100494,2018년 1월 27일 21시,토요일,대구광역시 달서구 장기동,중상사고,0,1,3,0,차대차 - 측면충돌,안전운전불이행,건조,맑음,단일로 - 기타,화물,남,73세,상해없음,승용,여,60세,경상
2018012700100517,2018년 1월 27일 22시,토요일,대구광역시 달서구 죽전동,중상사고,0,1,0,0,차대사람 - 기타,안전운전불이행,건조,맑음,교차로 - 교차로안,승용,남,40세,상해없음,보행자,남,67세,중상
2018012800100011,2018년 1월 28일 00시,일요일,대구광역시 수성구 범어동,경상사고,0,0,2,0,차대차 - 측면충돌,안전거리미확보,건조,맑음,단일로 - 기타,승용,여,38세,상해없음,이륜,남,14세,경상
2018012800100012,2018년 1월 28일 00시,일요일,대구광역시 달성군 옥포읍,중상사고,0,2,0,0,차대차 - 측면충돌,차로위반,건조,맑음,교차로 - 교차로부근,승용,남,57세,상해없음,승용,남,50세,중상
2018012800100013,2018년 1월 28일 00시,일요일,대구광역시 북구 태전동,경상사고,0,0,1,2,차대차 - 측면충돌,차로위반,건조,맑음,단일로 - 기타,이륜,남,18세,부상신고,화물,남,69세,부상신고
2018012800100031,2018년 1월 28일 01시,일요일,대구광역시 북구 태전동,경상사고,0,0,1,0,차대차 - 추돌,안전운전불이행,건조,맑음,단일로 - 기타,승용,남,52세,상해없음,승용,남,51세,경상
2018012800100057,2018년 1월 28일 03시,일요일,대구광역시 수성구 중동,중상사고,0,1,2,0,차대차 - 추돌,신호위반,건조,맑음,교차로 - 교차로안,승용,남,29세,상해없음,승용,여,48세,중상
2018012800100063,2018년 1월 28일 04시,일요일,대구광역시 달서구 송현동,중상사고,0,1,0,0,차량단독 - 기타,안전운전불이행,건조,맑음,단일로 - 기타,승용,남,19세,상해없음,,,,
2018012800100072,2018년 1월 28일 05시,일요일,대구광역시 달서구 본동,중상사고,0,1,2,0,차대차 - 추돌,안전운전불이행,건조,맑음,교차로 - 교차로부근,승용,남,51세,경상,승용,남,47세,상해없음
2018012800100073,2018년 1월 28일 05시,일요일,대구광역시 달서구 본동,경상사고,0,0,1,0,차대차 - 측면충돌,안전거리미확보,건조,맑음,단일로 - 기타,승용,남,33세,상해없음,승용,남,53세,경상
2018012800100085,2018년 1월 28일 07시,일요일,대구광역시 중구 삼덕동2가,경상사고,0,0,1,0,차대차 - 기타,안전거리미확보,건조,맑음,단일로 - 기타,승용,남,25세,상해없음,승용,남,64세,경상
2018012800100090,2018년 1월 28일 08시,일요일,대구광역시 달서구 도원동,경상사고,0,0,1,0,차대차 - 측면충돌,신호위반,건조,맑음,교차로 - 교차로횡단보도내,승용,여,48세,상해없음,자전거,남,61세,경상
2018012800100103,2018년 1월 28일 09시,일요일,대구광역시 달성군 가창면,경상사고,0,0,1,0,차대차 - 기타,안전운전불이행,건조,맑음,교차로 - 교차로부근,승용,여,58세,상해없음,승용,남,43세,상해없음
2018012800100124,2018년 1월 28일 10시,일요일,대구광역시 달서구 송현동,경상사고,0,0,1,0,차대차 - 측면충돌,교차로운행방법위반,건조,맑음,교차로 - 교차로안,승용,남,57세,상해없음,이륜,남,52세,경상
2018012800100191,2018년 1월 28일 13시,일요일,대구광역시 수성구 지산동,경상사고,0,0,3,3,차대차 - 측면충돌,교차로운행방법위반,건조,맑음,교차로 - 교차로안,승용,남,39세,경상,승용,여,49세,경상
2018012800100215,2018년 1월 28일 14시,일요일,대구광역시 달서구 대곡동,중상사고,0,1,0,0,차대차 - 측면충돌,신호위반,건조,맑음,단일로 - 기타,화물,남,70세,상해없음,이륜,남,38세,중상
2018012800100216,2018년 1월 28일 14시,일요일,대구광역시 달서구 상인동,중상사고,0,2,0,0,차대차 - 측면충돌,직진우회전진행방해,건조,맑음,교차로 - 교차로안,승용,여,37세,중상,승용,남,66세,상해없음
2018012800100217,2018년 1월 28일 14시,일요일,대구광역시 달서구 상인동,경상사고,0,0,1,0,차대차 - 추돌,안전운전불이행,건조,맑음,교차로 - 교차로부근,승용,남,21세,상해없음,승용,남,51세,상해없음
2018012800100250,2018년 1월 28일 16시,일요일,대구광역시 동구 신천동,경상사고,0,0,1,0,차대차 - 측면충돌,안전운전불이행,건조,맑음,교차로 - 교차로부근,승용,여,51세,상해없음,승용,여,46세,경상
2018012800100251,2018년 1월 28일 16시,일요일,대구광역시 달성군 다사읍,경상사고,0,0,1,0,차대차 - 기타,안전운전불이행,건조,맑음,단일로 - 기타,승용,여,53세,상해없음,원동기,남,37세,경상
2018012800100252,2018년 1월 28일 16시,일요일,대구광역시 북구 산격동,경상사고,0,0,1,0,차대차 - 기타,안전운전불이행,건조,맑음,단일로 - 기타,승용,남,26세,상해없음,승용,여,24세,경상
2018012800100274,2018년 1월 28일 17시,일요일,대구광역시 수성구 범물동,경상사고,0,0,1,0,차대사람 - 차도통행중,안전운전불이행,건조,맑음,단일로 - 기타,화물,남,48세,상해없음,보행자,남,64세,경상
2018012800100275,2018년 1월 28일 17시,일요일,대구광역시 수성구 범어동,경상사고,0,0,1,0,차대차 - 추돌,안전운전불이행,건조,맑음,단일로 - 기타,승합,남,56세,상해없음,승용,여,33세,경상
2018012800100276,2018년 1월 28일 17시,일요일,대구광역시 서구 중리동,경상사고,0,0,1,0,차대사람 - 보도통행중,안전운전불이행,건조,맑음,단일로 - 기타,승용,여,63세,상해없음,보행자,남,19세,경상
2018012800100329,2018년 1월 28일 19시,일요일,대구광역시 달서구 성당동,경상사고,0,0,1,0,차대사람 - 기타,기타,건조,맑음,교차로 - 교차로부근,승용,남,48세,상해없음,보행자,남,11세,경상
2018012800100370,2018년 1월 28일 21시,일요일,대구광역시 수성구 범어동,부상신고사고,0,0,0,1,차대차 - 추돌,안전운전불이행,건조,맑음,교차로 - 교차로부근,이륜,남,21세,부상신고,승용,남,72세,상해없음
2018012800100371,2018년 1월 28일 21시,일요일,대구광역시 북구 고성동2가,경상사고,0,0,1,0,차대사람 - 기타,안전운전불이행,건조,맑음,교차로 - 교차로안,승용,남,64세,상해없음,보행자,남,60세,경상
2018012800100400,2018년 1월 28일 23시,일요일,대구광역시 남구 봉덕동,경상사고,0,0,4,3,차대차 - 측면충돌,안전운전불이행,건조,맑음,기타 - 기타,승용,남,44세,부상신고,승용,남,60세,경상
2018012800100401,2018년 1월 28일 23시,일요일,대구광역시 북구 학정동,경상사고,0,0,1,0,차대차 - 측면충돌,중앙선침범,건조,맑음,단일로 - 기타,승용,남,42세,상해없음,이륜,남,22세,경상
2018012800100402,2018년 1월 28일 23시,일요일,대구광역시 북구 관음동,중상사고,0,1,2,0,차대차 - 측면충돌,안전거리미확보,건조,맑음,단일로 - 기타,승용,남,43세,중상,승합,남,57세,경상
2018012900100027,2018년 1월 29일 02시,월요일,대구광역시 수성구 두산동,중상사고,0,1,0,0,차대차 - 측면충돌,안전운전불이행,건조,맑음,단일로 - 기타,승용,남,32세,상해없음,원동기,남,25세,중상
2018012900100079,2018년 1월 29일 07시,월요일,대구광역시 서구 중리동,중상사고,0,1,0,0,차대차 - 기타,안전운전불이행,건조,맑음,단일로 - 기타,승용,여,58세,상해없음,이륜,남,38세,중상
2018012900100109,2018년 1월 29일 08시,월요일,대구광역시 수성구 범어동,경상사고,0,0,1,0,차대차 - 측면충돌,안전운전불이행,건조,맑음,교차로 - 교차로안,승용,여,44세,상해없음,승용,남,31세,경상
2018012900100137,2018년 1월 29일 09시,월요일,대구광역시 수성구 범어동,중상사고,0,1,3,0,차대차 - 측면충돌,안전거리미확보,건조,맑음,교차로 - 교차로부근,승용,여,34세,경상,승용,여,37세,중상
2018012900100169,2018년 1월 29일 10시,월요일,대구광역시 동구 율암동,중상사고,0,1,0,0,차대차 - 측면충돌,안전거리미확보,건조,맑음,단일로 - 기타,승용,남,63세,상해없음,승용,남,55세,중상
2018012900100170,2018년 1월 29일 10시,월요일,대구광역시 수성구 황금동,중상사고,0,1,0,0,차대사람 - 기타,안전운전불이행,건조,맑음,단일로 - 기타,승용,남,57세,상해없음,보행자,여,58세,중상
2018012900100171,2018년 1월 29일 10시,월요일,대구광역시 달서구 도원동,경상사고,0,0,2,0,차대차 - 추돌,안전운전불이행,건조,맑음,교차로 - 교차로부근,승용,여,40세,상해없음,승용,남,35세,경상
2018012900100172,2018년 1월 29일 10시,월요일,대구광역시 달성군 현풍읍,경상사고,0,0,1,0,차대차 - 측면충돌,안전운전불이행,건조,맑음,교차로 - 교차로안,승용,남,82세,상해없음,자전거,여,83세,경상
2018012900100197,2018년 1월 29일 11시,월요일,대구광역시 동구 방촌동,경상사고,0,0,1,0,차대차 - 기타,안전운전불이행,건조,맑음,기타 - 기타,승용,여,42세,상해없음,이륜,남,80세,경상
2018012900100230,2018년 1월 29일 12시,월요일,대구광역시 수성구 범어동,경상사고,0,0,1,0,차대차 - 측면충돌,신호위반,건조,맑음,교차로 - 교차로안,승합,남,35세,상해없음,승용,여,35세,경상
2018012900100231,2018년 1월 29일 12시,월요일,대구광역시 북구 관음동,경상사고,0,0,1,0,차대차 - 측면충돌,안전운전불이행,건조,맑음,교차로 - 교차로안,자전거,남,78세,경상,화물,남,45세,상해없음
2018012900100261,2018년 1월 29일 13시,월요일,대구광역시 달서구 송현동,경상사고,0,0,1,0,차대차 - 측면충돌,안전운전불이행,건조,맑음,단일로 - 기타,승용,남,63세,상해없음,승용,남,48세,경상
2018012900100262,2018년 1월 29일 13시,월요일,대구광역시 달서구 송현동,경상사고,0,0,1,0,차대사람 - 기타,보행자보호의무위반,건조,맑음,교차로 - 교차로안,승용,여,70세,상해없음,보행자,여,60세,경상
2018012900100263,2018년 1월 29일 13시,월요일,대구광역시 달성군 화원읍,중상사고,0,1,0,0,차대사람 - 기타,안전운전불이행,건조,맑음,단일로 - 기타,승용,여,43세,상해없음,보행자,여,67세,중상
2018012900100264,2018년 1월 29일 13시,월요일,대구광역시 서구 내당동,경상사고,0,0,2,0,차대차 - 추돌,안전거리미확보,건조,맑음,교차로 - 교차로안,승용,남,45세,경상,승용,여,53세,경상
2018012900100265,2018년 1월 29일 13시,월요일,대구광역시 달서구 신당동,경상사고,0,0,1,0,차대차 - 추돌,안전운전불이행,건조,맑음,단일로 - 기타,승용,남,60세,상해없음,승용,여,46세,경상
2018012900100299,2018년 1월 29일 14시,월요일,대구광역시 동구 율하동,경상사고,0,0,2,0,차대사람 - 기타,안전운전불이행,건조,맑음,기타 - 기타,승용,여,45세,상해없음,보행자,남,27세,경상
2018012900100300,2018년 1월 29일 14시,월요일,대구광역시 동구 검사동,경상사고,0,0,2,0,차대차 - 측면충돌,안전운전불이행,건조,맑음,단일로 - 기타,승용,남,56세,경상,승용,여,56세,경상
2018012900100333,2018년 1월 29일 15시,월요일,대구광역시 수성구 지산동,경상사고,0,0,2,0,차대차 - 추돌,안전운전불이행,건조,맑음,단일로 - 기타,승용,남,63세,상해없음,승용,남,36세,경상
2018012900100334,2018년 1월 29일 15시,월요일,대구광역시 중구 수창동,부상신고사고,0,0,0,1,차대차 - 측면충돌,안전운전불이행,건조,맑음,단일로 - 기타,이륜,남,56세,부상신고,화물,남,31세,상해없음
2018012900100358,2018년 1월 29일 16시,월요일,대구광역시 북구 칠성동2가,경상사고,0,0,1,0,차대차 - 기타,차로위반,건조,맑음,교차로 - 교차로부근,승용,여,59세,상해없음,이륜,남,18세,경상
2018012900100359,2018년 1월 29일 16시,월요일,대구광역시 북구 동천동,경상사고,0,0,2,0,차대차 - 기타,안전운전불이행,건조,맑음,단일로 - 기타,승용,남,25세,상해없음,이륜,남,17세,경상
2018012900100424,2018년 1월 29일 18시,월요일,대구광역시 달서구 파호동,중상사고,0,1,0,0,차대사람 - 기타,보행자보호의무위반,건조,맑음,단일로 - 기타,승용,남,47세,상해없음,보행자,남,25세,중상
2018012900100425,2018년 1월 29일 18시,월요일,대구광역시 북구 동호동,경상사고,0,0,1,0,차대차 - 측면충돌,안전운전불이행,건조,맑음,교차로 - 교차로안,승용,여,52세,상해없음,승용,여,38세,경상
2018012900100489,2018년 1월 29일 20시,월요일,대구광역시 동구 서호동,경상사고,0,0,1,0,차대차 - 측면충돌,기타,건조,맑음,교차로 - 교차로안,승용,남,35세,상해없음,승용,남,31세,경상
2018012900100490,2018년 1월 29일 20시,월요일,대구광역시 수성구 수성동4가,경상사고,0,0,1,0,차대사람 - 길가장자리구역통행중,안전운전불이행,건조,맑음,단일로 - 기타,승용,여,41세,상해없음,보행자,남,78세,경상
2018012900100506,2018년 1월 29일 21시,월요일,대구광역시 달서구 월성동,경상사고,0,0,1,0,차대차 - 측면충돌,안전운전불이행,건조,맑음,교차로 - 교차로횡단보도내,승용,여,51세,상해없음,승용,남,65세,상해없음
2018012900100538,2018년 1월 29일 23시,월요일,대구광역시 북구 산격동,중상사고,0,1,0,0,차대사람 - 횡단중,안전운전불이행,건조,맑음,기타 - 기타,이륜,남,26세,상해없음,보행자,남,26세,중상
2018012900100539,2018년 1월 29일 23시,월요일,대구광역시 북구 산격동,경상사고,0,0,1,0,차대차 - 기타,안전운전불이행,건조,맑음,단일로 - 기타,화물,남,58세,상해없음,원동기,남,40세,경상
2018013000100013,2018년 1월 30일 00시,화요일,대구광역시 남구 대명동,경상사고,0,0,1,0,차대차 - 측면충돌,안전운전불이행,건조,맑음,단일로 - 기타,승용,남,31세,상해없음,원동기,남,23세,경상
2018013000100014,2018년 1월 30일 00시,화요일,대구광역시 달서구 본동,경상사고,0,0,2,0,차대차 - 기타,안전운전불이행,건조,맑음,단일로 - 기타,승용,남,62세,경상,승용,남,53세,경상
2018013000100015,2018년 1월 30일 00시,화요일,대구광역시 중구 남산동,경상사고,0,0,1,0,차대차 - 추돌,안전운전불이행,건조,맑음,교차로 - 교차로부근,승용,남,26세,상해없음,승용,남,40세,경상
2018013000100035,2018년 1월 30일 02시,화요일,대구광역시 수성구 범어동,중상사고,0,1,0,0,차대차 - 측면충돌,안전운전불이행,건조,맑음,교차로 - 교차로부근,이륜,남,18세,중상,승용,남,52세,상해없음
2018013000100057,2018년 1월 30일 05시,화요일,대구광역시 중구 봉산동,경상사고,0,0,2,0,차대차 - 측면충돌,안전운전불이행,건조,맑음,단일로 - 기타,승용,여,21세,상해없음,승용,남,63세,상해없음
2018013000100075,2018년 1월 30일 06시,화요일,대구광역시 달서구 성당동,경상사고,0,0,1,0,차대차 - 측면충돌,신호위반,건조,맑음,교차로 - 교차로안,승용,남,29세,상해없음,승합,남,42세,경상
2018013000100097,2018년 1월 30일 07시,화요일,대구광역시 달서구 월성동,경상사고,0,0,2,0,차대차 - 측면충돌,교차로운행방법위반,건조,맑음,교차로 - 교차로부근,건설기계,남,58세,상해없음,승용,남,36세,경상
2018013000100098,2018년 1월 30일 07시,화요일,대구광역시 달성군 유가읍,중상사고,0,1,1,0,차대차 - 기타,신호위반,건조,맑음,교차로 - 교차로안,승용,남,34세,상해없음,승용,남,38세,중상
2018013000100138,2018년 1월 30일 08시,화요일,대구광역시 동구 용계동,경상사고,0,0,1,0,차대사람 - 차도통행중,안전운전불이행,건조,맑음,단일로 - 기타,승용,남,65세,상해없음,보행자,남,18세,경상
2018013000100139,2018년 1월 30일 08시,화요일,대구광역시 달서구 상인동,경상사고,0,0,1,0,차대차 - 추돌,안전운전불이행,건조,맑음,교차로 - 교차로횡단보도내,승용,남,39세,상해없음,자전거,남,25세,경상
2018013000100140,2018년 1월 30일 08시,화요일,대구광역시 달성군 구지면,경상사고,0,0,1,0,차대차 - 정면충돌,안전운전불이행,건조,맑음,단일로 - 기타,승용,남,57세,상해없음,화물,남,38세,경상
2018013000100141,2018년 1월 30일 08시,화요일,대구광역시 북구 산격동,경상사고,0,0,1,0,차대차 - 추돌,안전운전불이행,건조,맑음,단일로 - 기타,승용,남,21세,상해없음,화물,남,47세,경상
2018013000100142,2018년 1월 30일 08시,화요일,대구광역시 중구 계산동2가,경상사고,0,0,1,0,차대차 - 측면충돌,안전운전불이행,건조,맑음,단일로 - 기타,승용,남,65세,상해없음,승용,남,61세,경상
2018013000100143,2018년 1월 30일 08시,화요일,대구광역시 달서구 장기동,부상신고사고,0,0,0,1,차대차 - 측면충돌,안전운전불이행,건조,맑음,단일로 - 기타,이륜,남,36세,부상신고,승합,남,27세,상해없음
2018013000100144,2018년 1월 30일 08시,화요일,대구광역시 달서구 감삼동,경상사고,0,0,1,0,차대차 - 측면충돌,차로위반,건조,맑음,단일로 - 기타,승용,남,63세,상해없음,승용,여,35세,경상
2018013000100164,2018년 1월 30일 09시,화요일,대구광역시 수성구 수성동3가,경상사고,0,0,1,0,차대차 - 측면충돌,안전거리미확보,건조,맑음,교차로 - 교차로부근,승용,남,54세,상해없음,승용,남,60세,경상
2018013000100165,2018년 1월 30일 09시,화요일,대구광역시 달서구 장동,경상사고,0,0,2,0,차대차 - 기타,안전운전불이행,건조,맑음,단일로 - 기타,승용,남,50세,상해없음,승용,여,39세,경상
2018013000100194,2018년 1월 30일 10시,화요일,대구광역시 달서구 진천동,경상사고,0,0,1,0,차대차 - 기타,안전운전불이행,건조,맑음,단일로 - 기타,승용,남,54세,상해없음,승용,여,48세,경상
2018013000100222,2018년 1월 30일 11시,화요일,대구광역시 수성구 수성동4가,경상사고,0,0,2,0,차대차 - 추돌,안전운전불이행,건조,맑음,교차로 - 교차로부근,화물,남,43세,상해없음,승용,여,38세,경상
2018013000100223,2018년 1월 30일 11시,화요일,대구광역시 달서구 상인동,경상사고,0,0,1,0,차대차 - 기타,안전운전불이행,건조,맑음,단일로 - 기타,승용,여,54세,상해없음,이륜,남,50세,경상
2018013000100224,2018년 1월 30일 11시,화요일,대구광역시 북구 국우동,경상사고,0,0,1,0,차대차 - 기타,안전운전불이행,건조,맑음,교차로 - 교차로부근,승용,남,70세,경상,승용,여,50세,상해없음
2018013000100225,2018년 1월 30일 11시,화요일,대구광역시 북구 관음동,경상사고,0,0,1,0,차대차 - 추돌,안전운전불이행,건조,맑음,단일로 - 기타,승용,남,62세,상해없음,승합,남,42세,경상
2018013000100247,2018년 1월 30일 12시,화요일,대구광역시 동구 신천동,경상사고,0,0,1,0,차대차 - 측면충돌,안전거리미확보,건조,맑음,단일로 - 기타,승용,남,63세,상해없음,승용,남,43세,경상
2018013000100248,2018년 1월 30일 12시,화요일,대구광역시 수성구 파동,경상사고,0,0,1,0,차대사람 - 횡단중,신호위반,건조,맑음,교차로 - 교차로횡단보도내,승용,여,62세,상해없음,보행자,남,14세,경상
2018013000100249,2018년 1월 30일 12시,화요일,대구광역시 달성군 화원읍,경상사고,0,0,1,0,차대차 - 측면충돌,안전운전불이행,건조,맑음,교차로 - 교차로횡단보도내,승용,여,46세,상해없음,자전거,여,81세,경상
2018013000100284,2018년 1월 30일 13시,화요일,대구광역시 달서구 송현동,경상사고,0,0,1,0,차대차 - 측면충돌,안전운전불이행,건조,맑음,교차로 - 교차로안,승용,남,21세,상해없음,승용,여,26세,상해없음
2018013000100285,2018년 1월 30일 13시,화요일,대구광역시 북구 복현동,경상사고,0,0,1,0,차대차 - 기타,안전운전불이행,건조,맑음,교차로 - 교차로안,승용,여,50세,상해없음,승용,여,44세,경상
2018013000100317,2018년 1월 30일 14시,화요일,대구광역시 중구 대신동,부상신고사고,0,0,0,1,차대차 - 측면충돌,안전운전불이행,건조,맑음,단일로 - 기타,이륜,남,33세,부상신고,승용,남,54세,상해없음
2018013000100341,2018년 1월 30일 15시,화요일,대구광역시 달서구 본리동,경상사고,0,0,1,0,차대차 - 추돌,안전운전불이행,건조,맑음,교차로 - 교차로안,승용,여,53세,상해없음,승용,남,32세,경상
2018013000100377,2018년 1월 30일 16시,화요일,대구광역시 수성구 파동,부상신고사고,0,0,0,1,차대사람 - 기타,기타,건조,맑음,단일로 - 기타,승합,남,47세,상해없음,보행자,여,72세,부상신고
2018013000100378,2018년 1월 30일 16시,화요일,대구광역시 서구 비산동,경상사고,0,0,1,0,차대차 - 측면충돌,안전운전불이행,건조,맑음,단일로 - 기타,승용,여,51세,상해없음,이륜,남,51세,경상