사고번호,사고일시,요일,시군구,사고내용,사망자수,중상자수,경상자수,부상신고자수,사고유형,법규위반,노면상태,기상상태,도로형태,가해운전자 차종,가해운전자 성별,가해운전자 연령,가해운전자 상해정도,피해운전자 차종,피해운전자 성별,피해운전자 연령,피해운전자 상해정도
2018020300100069,2018년 2월 3일 02시,토요일,대구광역시 북구 복현동,경상사고,0,0,2,0,차대차 - 추돌,안전운전불이행,건조,맑음,단일로 - 기타,승용,남,66세,상해없음,승용,남,38세,경상
2018020300100082,2018년 2월 3일 03시,토요일,대구광역시 수성구 수성동4가,경상사고,0,0,1,0,차대차 - 측면충돌,안전거리미확보,건조,맑음,단일로 - 기타,승용,남,54세,상해없음,승용,남,57세,경상
2018020300100126,2018년 2월 3일 06시,토요일,대구광역시 서구 평리동,중상사고,0,1,0,0,차대차 - 측면충돌,차로위반,건조,맑음,교차로 - 교차로부근,승용,남,45세,상해없음,승용,남,66세,중상
2018020300100179,2018년 2월 3일 09시,토요일,대구광역시 남구 봉덕동,경상사고,0,0,4,0,차대차 - 측면충돌,안전운전불이행,건조,맑음,교차로 - 교차로안,승용,여,34세,상해없음,승용,남,60세,경상
2018020300100180,2018년 2월 3일 09시,토요일,대구광역시 동구 신기동,경상사고,0,0,3,0,차대차 - 측면충돌,교차로운행방법위반,건조,맑음,교차로 - 교차로안,화물,남,23세,경상,승용,남,42세,경상
2018020300100259,2018년 2월 3일 11시,토요일,대구광역시 동구 신서동,경상사고,0,0,1,0,차대차 - 측면충돌,안전운전불이행,건조,맑음,단일로 - 기타,기타불명,기타불명,미분류,기타불명,이륜,남,89세,경상
2018020300100260,2018년 2월 3일 11시,토요일,대구광역시 달서구 유천동,중상사고,0,1,0,0,차대사람 - 보도통행중,기타,건조,맑음,단일로 - 기타,승용,남,41세,상해없음,보행자,남,46세,중상
2018020300100261,2018년 2월 3일 11시,토요일,대구광역시 서구 내당동,경상사고,0,0,1,0,차대차 - 측면충돌,안전운전불이행,건조,맑음,교차로 - 교차로안,화물,남,50세,상해없음,이륜,남,38세,경상
2018020300100308,2018년 2월 3일 12시,토요일,대구광역시 수성구 지산동,경상사고,0,0,4,0,차대차 - 측면충돌,교차로운행방법위반,건조,맑음,교차로 - 교차로안,승용,여,39세,경상,승용,여,43세,경상
2018020300100309,2018년 2월 3일 12시,토요일,대구광역시 북구 복현동,경상사고,0,0,3,0,차대차 - 추돌,안전운전불이행,건조,맑음,교차로 - 교차로안,승용,남,54세,상해없음,승용,여,42세,경상
2018020300100310,2018년 2월 3일 12시,토요일,대구광역시 중구 대신동,중상사고,0,1,0,0,차대차 - 측면충돌,중앙선침범,건조,맑음,단일로 - 기타,승용,남,62세,상해없음,이륜,남,63세,중상
2018020300100356,2018년 2월 3일 13시,토요일,대구광역시 북구 동천동,경상사고,0,0,6,0,차대차 - 기타,안전거리미확보,건조,맑음,단일로 - 기타,승용,여,63세,상해없음,승합,남,52세,경상
2018020300100404,2018년 2월 3일 14시,토요일,대구광역시 북구 노곡동,경상사고,0,0,1,0,차대차 - 추돌,안전운전불이행,건조,맑음,단일로 - 기타,화물,남,32세,상해없음,화물,남,60세,경상
2018020300100407,2018년 2월 3일 14시,토요일,대구광역시 동구 신암동,경상사고,0,0,1,0,차대차 - 측면충돌,안전거리미확보,건조,맑음,단일로 - 기타,승용,남,43세,상해없음,승용,남,61세,경상
2018020300100408,2018년 2월 3일 14시,토요일,대구광역시 수성구 수성동3가,경상사고,0,0,1,0,차대사람 - 차도통행중,안전운전불이행,건조,맑음,교차로 - 교차로부근,승용,남,36세,상해없음,보행자,여,90세 이상,경상
2018020300100409,2018년 2월 3일 14시,토요일,대구광역시 중구 삼덕동2가,경상사고,0,0,1,0,차대사람 - 횡단중,안전운전불이행,건조,맑음,교차로 - 교차로부근,기타불명,기타불명,미분류,기타불명,보행자,남,13세,경상
2018020300100440,2018년 2월 3일 15시,토요일,대구광역시 동구 지저동,중상사고,0,1,1,0,차대차 - 기타,교차로운행방법위반,건조,맑음,교차로 - 교차로안,승용,여,59세,상해없음,승용,남,35세,중상
2018020300100441,2018년 2월 3일 15시,토요일,대구광역시 동구 신천동,경상사고,0,0,1,0,차대차 - 측면충돌,교차로운행방법위반,건조,맑음,교차로 - 교차로부근,승용,여,48세,상해없음,승용,여,64세,경상
2018020300100470,2018년 2월 3일 16시,토요일,대구광역시 동구 효목동,경상사고,0,0,1,0,차대차 - 측면충돌,안전운전불이행,건조,맑음,단일로 - 기타,승용,여,37세,상해없음,승용,남,63세,경상
2018020300100471,2018년 2월 3일 16시,토요일,대구광역시 달서구 본동,중상사고,0,2,1,0,차대차 - 추돌,안전운전불이행,건조,맑음,교차로 - 교차로부근,승용,남,64세,상해없음,승용,남,67세,중상
2018020300100499,2018년 2월 3일 17시,토요일,대구광역시 달성군 하빈면,경상사고,0,0,1,0,차대차 - 추돌,안전운전불이행,건조,맑음,교차로 - 교차로부근,승용,남,41세,상해없음,승용,남,54세,경상
2018020300100500,2018년 2월 3일 17시,토요일,대구광역시 서구 원대동3가,경상사고,0,0,2,0,차대차 - 측면충돌,안전운전불이행,건조,맑음,단일로 - 기타,승용,남,60세,상해없음,승용,남,50세,경상
2018020300100544,2018년 2월 3일 18시,토요일,대구광역시 수성구 두산동,경상사고,0,0,1,0,차대차 - 기타,안전운전불이행,건조,맑음,단일로 - 기타,승용,여,55세,상해없음,이륜,남,22세,경상
2018020300100545,2018년 2월 3일 18시,토요일,대구광역시 수성구 두산동,경상사고,0,0,1,0,차대차 - 기타,안전운전불이행,건조,맑음,교차로 - 교차로부근,승용,남,53세,상해없음,이륜,남,55세,경상
2018020300100546,2018년 2월 3일 18시,토요일,대구광역시 중구 계산동2가,경상사고,0,0,1,0,차대차 - 추돌,안전거리미확보,건조,맑음,단일로 - 기타,승용,남,70세,상해없음,승용,남,26세,경상
2018020300100594,2018년 2월 3일 19시,토요일,대구광역시 남구 대명동,경상사고,0,0,3,0,차대차 - 기타,안전운전불이행,건조,맑음,단일로 - 기타,승용,여,56세,상해없음,승용,남,44세,경상
2018020300100595,2018년 2월 3일 19시,토요일,대구광역시 달서구 대천동,중상사고,0,1,0,0,차대사람 - 횡단중,신호위반,건조,맑음,교차로 - 교차로횡단보도내,승용,남,44세,상해없음,보행자,여,38세,중상
2018020300100596,2018년 2월 3일 19시,토요일,대구광역시 북구 구암동,부상신고사고,0,0,0,1,차대차 - 기타,교차로운행방법위반,건조,맑음,교차로 - 교차로안,이륜,남,18세,부상신고,승용,여,51세,상해없음
2018020300100673,2018년 2월 3일 21시,토요일,대구광역시 남구 이천동,경상사고,0,0,5,0,차대차 - 추돌,안전거리미확보,건조,맑음,기타 - 기타,승용,남,55세,상해없음,승용,남,42세,경상
2018020300100674,2018년 2월 3일 21시,토요일,대구광역시 중구 동인동1가,중상사고,0,1,0,0,차대차 - 기타,신호위반,건조,맑음,교차로 - 교차로안,승용,여,25세,상해없음,승합,남,56세,상해없음
2018020300100714,2018년 2월 3일 22시,토요일,대구광역시 북구 산격동,중상사고,0,1,1,0,차대차 - 측면충돌,차로위반,건조,맑음,단일로 - 기타,승용,남,65세,상해없음,승용,여,46세,상해없음
2018020300100740,2018년 2월 3일 23시,토요일,대구광역시 중구 대봉동,경상사고,0,0,1,0,차대차 - 기타,차로위반,건조,맑음,단일로 - 기타,승용,남,28세,상해없음,승용,남,58세,경상
2018020400100018,2018년 2월 4일 00시,일요일,대구광역시 동구 율하동,중상사고,0,1,0,0,차대사람 - 횡단중,신호위반,건조,맑음,교차로 - 교차로횡단보도내,이륜,남,56세,상해없음,보행자,남,57세,중상
2018020400100019,2018년 2월 4일 00시,일요일,대구광역시 동구 효목동,경상사고,0,0,2,0,차대차 - 추돌,안전거리미확보,건조,맑음,단일로 - 기타,승용,남,60세,상해없음,승용,남,29세,경상
2018020400100020,2018년 2월 4일 00시,일요일,대구광역시 달성군 화원읍,부상신고사고,0,0,0,1,차량단독 - 공작물충돌,안전운전불이행,건조,맑음,단일로 - 기타,승용,남,29세,부상신고,,,,
2018020400100067,2018년 2월 4일 03시,일요일,대구광역시 남구 대명동,경상사고,0,0,1,0,차대차 - 정면충돌,중앙선침범,건조,맑음,단일로 - 기타,승용,남,60세,상해없음,화물,남,58세,경상
2018020400100068,2018년 2월 4일 03시,일요일,대구광역시 동구 동호동,경상사고,0,0,1,0,차대차 - 측면충돌,차로위반,건조,맑음,교차로 - 교차로부근,승용,남,35세,상해없음,승용,남,41세,경상
2018020400100069,2018년 2월 4일 03시,일요일,대구광역시 서구 평리동,경상사고,0,0,1,0,차대차 - 추돌,안전운전불이행,건조,맑음,단일로 - 기타,승용,남,56세,상해없음,승용,남,33세,경상
2018020400100083,2018년 2월 4일 04시,일요일,대구광역시 남구 대명동,경상사고,0,0,2,0,차대차 - 추돌,안전운전불이행,건조,맑음,단일로 - 기타,승용,남,60세,상해없음,승용,여,37세,경상
2018020400100112,2018년 2월 4일 06시,일요일,대구광역시 달서구 죽전동,경상사고,0,0,1,0,차대차 - 추돌,안전운전불이행,건조,흐림,단일로 - 기타,승용,남,38세,상해없음,승용,여,51세,경상
2018020400100125,2018년 2월 4일 07시,일요일,대구광역시 서구 내당동,경상사고,0,0,1,0,차대차 - 기타,안전거리미확보,건조,맑음,단일로 - 기타,승용,남,64세,상해없음,승용,남,47세,경상
2018020400100160,2018년 2월 4일 09시,일요일,대구광역시 남구 대명동,경상사고,0,0,1,0,차대차 - 추돌,안전운전불이행,건조,맑음,단일로 - 기타,승용,남,33세,상해없음,승용,남,32세,경상
2018020400100161,2018년 2월 4일 09시,일요일,대구광역시 동구 신암동,중상사고,0,1,3,0,차대차 - 추돌,안전운전불이행,건조,맑음,교차로 - 교차로부근,승용,남,57세,상해없음,화물,남,57세,중상
2018020400100162,2018년 2월 4일 09시,일요일,대구광역시 북구 구암동,경상사고,0,0,2,0,차대차 - 추돌,안전거리미확보,건조,맑음,단일로 - 기타,승용,남,72세,상해없음,승용,남,62세,경상
2018020400100182,2018년 2월 4일 10시,일요일,대구광역시 북구 동천동,경상사고,0,0,1,0,차대차 - 측면충돌,안전운전불이행,건조,맑음,기타 - 기타,승용,남,23세,상해없음,승용,남,56세,경상
2018020400100183,2018년 2월 4일 10시,일요일,대구광역시 북구 팔달동,경상사고,0,0,1,0,차대차 - 기타,중앙선침범,건조,맑음,단일로 - 기타,승용,남,34세,상해없음,화물,남,48세,경상
2018020400100224,2018년 2월 4일 12시,일요일,대구광역시 남구 봉덕동,중상사고,0,1,0,0,차량단독 - 전도전복 - 전도,안전운전불이행,젖음/습기,맑음,교차로 - 교차로안,이륜,남,58세,중상,미분류,미분류,미분류,미분류
2018020400100225,2018년 2월 4일 12시,일요일,대구광역시 중구 삼덕동3가,경상사고,0,0,2,0,차대차 - 추돌,안전거리미확보,건조,맑음,단일로 - 기타,화물,남,58세,상해없음,승용,남,33세,경상
2018020400100226,2018년 2월 4일 12시,일요일,대구광역시 달서구 용산동,경상사고,0,0,2,1,차대차 - 측면충돌,안전거리미확보,건조,맑음,단일로 - 기타,화물,남,73세,기타불명,승용,남,65세,상해없음
2018020400100278,2018년 2월 4일 14시,일요일,대구광역시 동구 신암동,중상사고,0,2,0,0,차대차 - 측면충돌,안전거리미확보,건조,맑음,교차로 - 교차로안,승용,남,52세,상해없음,승용,여,57세,상해없음
2018020400100279,2018년 2월 4일 14시,일요일,대구광역시 수성구 지산동,중상사고,0,1,0,0,차대사람 - 기타,안전운전불이행,건조,맑음,교차로 - 교차로안,승용,남,63세,상해없음,보행자,여,70세,중상
2018020400100280,2018년 2월 4일 14시,일요일,대구광역시 수성구 만촌동,경상사고,0,0,1,0,차대사람 - 기타,안전운전불이행,건조,맑음,단일로 - 기타,승용,남,72세,상해없음,보행자,남,63세,경상
2018020400100281,2018년 2월 4일 14시,일요일,대구광역시 달성군 구지면,중상사고,0,3,2,1,차대차 - 정면충돌,신호위반,건조,맑음,교차로 - 교차로안,화물,남,56세,상해없음,화물,남,58세,중상
2018020400100299,2018년 2월 4일 15시,일요일,대구광역시 달서구 성당동,중상사고,0,1,0,0,차대사람 - 횡단중,신호위반,건조,맑음,단일로 - 기타,이륜,남,46세,상해없음,보행자,여,71세,중상
2018020400100335,2018년 2월 4일 16시,일요일,대구광역시 수성구 만촌동,경상사고,0,0,1,0,차대차 - 측면충돌,교차로운행방법위반,건조,맑음,교차로 - 교차로안,승용,여,49세,상해없음,이륜,남,55세,경상
2018020400100336,2018년 2월 4일 16시,일요일,대구광역시 서구 이현동,경상사고,0,0,4,0,차대차 - 측면충돌,직진우회전진행방해,건조,맑음,교차로 - 교차로안,승용,남,25세,경상,승용,여,63세,상해없음
2018020400100506,2018년 2월 4일 22시,일요일,대구광역시 동구 신서동,중상사고,0,1,1,0,차대사람 - 기타,신호위반,건조,맑음,교차로 - 교차로횡단보도내,이륜,여,25세,경상,보행자,여,21세,중상
2018020500100069,2018년 2월 5일 06시,월요일,대구광역시 동구 신천동,경상사고,0,0,1,1,차대차 - 기타,안전거리미확보,건조,맑음,단일로 - 기타,승용,남,32세,상해없음,승용,남,64세,경상
2018020500100070,2018년 2월 5일 06시,월요일,대구광역시 동구 불로동,경상사고,0,0,1,0,차대사람 - 기타,안전운전불이행,건조,맑음,단일로 - 기타,승용,남,41세,상해없음,보행자,남,37세,경상
2018020500100141,2018년 2월 5일 08시,월요일,대구광역시 수성구 황금동,경상사고,0,0,1,0,차대차 - 기타,기타,건조,맑음,단일로 - 기타,승용,남,34세,상해없음,승용,여,46세,경상
2018020500100142,2018년 2월 5일 08시,월요일,대구광역시 중구 남산동,경상사고,0,0,1,0,차대차 - 측면충돌,안전거리미확보,건조,맑음,단일로 - 기타,승용,남,25세,상해없음,승용,남,59세,상해없음
2018020500100189,2018년 2월 5일 09시,월요일,대구광역시 달서구 본동,경상사고,0,0,1,0,차대사람 - 기타,안전운전불이행,건조,맑음,단일로 - 기타,기타불명,기타불명,미분류,기타불명,보행자,남,55세,경상
2018020500100190,2018년 2월 5일 09시,월요일,대구광역시 달서구 진천동,경상사고,0,0,1,0,차대차 - 측면충돌,교차로운행방법위반,건조,맑음,교차로 - 교차로부근,승용,여,33세,상해없음,화물,남,33세,경상
2018020500100232,2018년 2월 5일 10시,월요일,대구광역시 달서구 월암동,경상사고,0,0,1,0,차대차 - 측면충돌,신호위반,건조,맑음,교차로 - 교차로안,화물,남,63세,상해없음,화물,남,38세,경상
2018020500100233,2018년 2월 5일 10시,월요일,대구광역시 서구 평리동,중상사고,0,1,0,0,차대차 - 기타,안전운전불이행,건조,맑음,단일로 - 기타,승용,남,40세,상해없음,자전거,남,81세,중상
2018020500100234,2018년 2월 5일 10시,월요일,대구광역시 북구 태전동,부상신고사고,0,0,0,1,차대사람 - 길가장자리구역통행중,안전운전불이행,건조,맑음,단일로 - 기타,승용,남,42세,상해없음,보행자,남,23세,부상신고
2018020500100260,2018년 2월 5일 11시,월요일,대구광역시 북구 서변동,경상사고,0,0,1,0,차대차 - 측면충돌,안전운전불이행,건조,맑음,단일로 - 기타,승용,남,45세,상해없음,이륜,남,18세,경상
2018020500100294,2018년 2월 5일 12시,월요일,대구광역시 달서구 상인동,경상사고,0,0,1,0,차대차 - 측면충돌,안전거리미확보,건조,맑음,단일로 - 기타,승용,여,68세,상해없음,승용,남,71세,경상
2018020500100296,2018년 2월 5일 12시,월요일,대구광역시 서구 내당동,경상사고,0,0,1,0,차대차 - 추돌,안전운전불이행,건조,맑음,단일로 - 기타,승용,남,29세,상해없음,승용,여,68세,경상
2018020500100357,2018년 2월 5일 14시,월요일,대구광역시 수성구 범어동,경상사고,0,0,1,0,차대차 - 측면충돌,안전거리미확보,건조,맑음,기타 - 기타,승용,남,26세,상해없음,승용,남,48세,경상
2018020500100358,2018년 2월 5일 14시,월요일,대구광역시 북구 태전동,사망사고,1,0,0,0,차대사람 - 횡단중,안전운전불이행,건조,맑음,단일로 - 기타,승용,여,50세,상해없음,보행자,남,86세,사망
2018020500100392,2018년 2월 5일 15시,월요일,대구광역시 서구 비산동,경상사고,0,0,1,0,차대사람 - 보도통행중,보행자보호의무위반,건조,맑음,교차로 - 교차로부근,승용,남,67세,상해없음,보행자,여,12세,경상
2018020500100393,2018년 2월 5일 15시,월요일,대구광역시 달서구 감삼동,경상사고,0,0,1,0,차대차 - 측면충돌,안전운전불이행,건조,맑음,단일로 - 기타,승용,여,43세,경상,승용,여,38세,상해없음
2018020500100429,2018년 2월 5일 16시,월요일,대구광역시 달성군 구지면,경상사고,0,0,1,0,차대차 - 기타,교차로운행방법위반,건조,맑음,교차로 - 교차로안,승용,남,38세,상해없음,승합,남,59세,상해없음
2018020500100430,2018년 2월 5일 16시,월요일,대구광역시 서구 내당동,경상사고,0,0,2,0,차대차 - 추돌,안전운전불이행,건조,맑음,단일로 - 기타,승용,남,47세,상해없음,승용,남,48세,경상
2018020500100431,2018년 2월 5일 16시,월요일,대구광역시 중구 동산동,경상사고,0,0,1,1,차대차 - 추돌,안전운전불이행,건조,맑음,단일로 - 기타,승용,남,81세,상해없음,승용,여,50세,경상
2018020500100460,2018년 2월 5일 17시,월요일,대구광역시 동구 괴전동,중상사고,0,1,0,0,차대사람 - 횡단중,보행자보호의무위반,건조,맑음,교차로 - 교차로부근,승용,남,50세,상해없음,보행자,여,48세,중상
2018020500100461,2018년 2월 5일 17시,월요일,대구광역시 동구 신기동,경상사고,0,0,1,0,차대차 - 측면충돌,안전운전불이행,건조,맑음,단일로 - 기타,화물,남,33세,상해없음,승용,여,55세,경상
2018020500100501,2018년 2월 5일 18시,월요일,대구광역시 남구 이천동,중상사고,0,1,0,0,차대차 - 측면충돌,안전거리미확보,건조,맑음,단일로 - 기타,승용,여,38세,상해없음,승용,여,39세,중상
2018020500100502,2018년 2월 5일 18시,월요일,대구광역시 달서구 대천동,중상사고,0,1,0,0,차대사람 - 횡단중,신호위반,건조,맑음,교차로 - 교차로횡단보도내,승용,남,46세,상해없음,보행자,여,21세,중상
2018020500100503,2018년 2월 5일 18시,월요일,대구광역시 달서구 월성동,중상사고,0,1,0,0,차대사람 - 보도통행중,보행자보호의무위반,건조,맑음,단일로 - 기타,승용,남,63세,상해없음,보행자,여,65세,중상
2018020500100504,2018년 2월 5일 18시,월요일,대구광역시 서구 비산동,중상사고,0,2,0,1,차대차 - 기타,교차로운행방법위반,건조,맑음,교차로 - 교차로안,이륜,남,25세,부상신고,이륜,남,44세,중상
2018020500100538,2018년 2월 5일 19시,월요일,대구광역시 달서구 두류동,중상사고,0,1,0,0,차대차 - 기타,직진우회전진행방해,건조,맑음,교차로 - 교차로안,승용,남,60세,상해없음,이륜,남,16세,중상
2018020500100567,2018년 2월 5일 20시,월요일,대구광역시 북구 구암동,중상사고,0,1,0,1,차대차 - 측면충돌,신호위반,건조,맑음,교차로 - 교차로안,자전거,남,13세,부상신고,이륜,남,50세,중상
2018020600100025,2018년 2월 6일 01시,화요일,대구광역시 북구 칠성동1가,중상사고,0,3,0,0,차대차 - 추돌,과속,건조,맑음,단일로 - 고가도로위,승용,남,59세,중상,승용,남,50세,상해없음
2018020600100041,2018년 2월 6일 03시,화요일,대구광역시 수성구 두산동,경상사고,0,0,3,0,차대차 - 측면충돌,안전운전불이행,건조,맑음,단일로 - 기타,승용,여,34세,상해없음,승용,남,65세,경상
2018020600100045,2018년 2월 6일 04시,화요일,대구광역시 동구 신서동,부상신고사고,0,0,0,1,차대사람 - 횡단중,보행자보호의무위반,건조,맑음,단일로 - 기타,기타불명,기타불명,기타불명,기타불명,보행자,남,50세,부상신고
2018020600100055,2018년 2월 6일 05시,화요일,대구광역시 수성구 지산동,중상사고,0,1,0,0,차대차 - 측면충돌,신호위반,건조,맑음,교차로 - 교차로안,승용,남,70세,상해없음,승용,남,71세,중상
2018020600100071,2018년 2월 6일 06시,화요일,대구광역시 달성군 화원읍,경상사고,0,0,1,0,차대차 - 기타,직진우회전진행방해,건조,맑음,교차로 - 교차로안,승용,남,46세,상해없음,자전거,남,56세,경상
2018020600100143,2018년 2월 6일 08시,화요일,대구광역시 동구 신암동,경상사고,0,0,1,0,차대차 - 측면충돌,안전거리미확보,건조,맑음,단일로 - 기타,승용,남,70세,상해없음,승용,남,33세,경상
2018020600100144,2018년 2월 6일 08시,화요일,대구광역시 북구 복현동,경상사고,0,0,1,0,차대사람 - 횡단중,보행자보호의무위반,건조,맑음,교차로 - 교차로안,화물,남,41세,상해없음,보행자,여,28세,경상
2018020600100145,2018년 2월 6일 08시,화요일,대구광역시 중구 동인동4가,경상사고,0,0,1,0,차대차 - 추돌,안전운전불이행,건조,맑음,교차로 - 교차로부근,승용,남,73세,상해없음,승용,여,43세,경상
2018020600100182,2018년 2월 6일 09시,화요일,대구광역시 달서구 상인동,경상사고,0,0,1,0,차대차 - 기타,신호위반,건조,맑음,교차로 - 교차로안,기타불명,기타불명,미분류,기타불명,승용,남,23세,상해없음
2018020600100183,2018년 2월 6일 09시,화요일,대구광역시 달서구 파호동,경상사고,0,0,2,0,차대차 - 추돌,안전운전불이행,건조,맑음,단일로 - 기타,화물,남,63세,상해없음,승용,남,84세,경상
2018020600100210,2018년 2월 6일 10시,화요일,대구광역시 수성구 두산동,경상사고,0,0,1,0,차대차 - 측면충돌,안전운전불이행,건조,맑음,교차로 - 교차로부근,승용,남,79세,상해없음,화물,남,39세,경상
2018020600100238,2018년 2월 6일 11시,화요일,대구광역시 동구 효목동,경상사고,0,0,1,0,차대차 - 측면충돌,안전거리미확보,건조,맑음,단일로 - 기타,승용,남,61세,상해없음,승용,남,55세,경상
2018020600100239,2018년 2월 6일 11시,화요일,대구광역시 수성구 범어동,경상사고,0,0,4,0,차대차 - 추돌,안전거리미확보,건조,맑음,단일로 - 기타,화물,남,50세,상해없음,승용,남,36세,경상
2018020600100240,2018년 2월 6일 11시,화요일,대구광역시 수성구 범물동,중상사고,0,1,0,0,차대차 - 측면충돌,안전운전불이행,건조,맑음,교차로 - 교차로안,승용,여,63세,상해없음,승용,남,25세,중상
2018020600100241,2018년 2월 6일 11시,화요일,대구광역시 북구 동천동,경상사고,0,0,1,0,차대차 - 기타,안전운전불이행,건조,맑음,단일로 - 기타,승용,여,48세,상해없음,승용,남,35세,경상
2018020600100278,2018년 2월 6일 12시,화요일,대구광역시 달성군 논공읍,경상사고,0,0,2,0,차대차 - 측면충돌,안전운전불이행,건조,맑음,단일로 - 기타,화물,남,63세,상해없음,승용,남,38세,경상
2018020600100350,2018년 2월 6일 14시,화요일,대구광역시 서구 평리동,중상사고,0,2,0,1,차대차 - 측면충돌,신호위반,건조,맑음,교차로 - 교차로안,승용,여,56세,부상신고,승용,남,65세,중상
2018020600100377,2018년 2월 6일 15시,화요일,대구광역시 동구 방촌동,경상사고,0,0,2,1,차대차 - 측면충돌,안전운전불이행,건조,맑음,단일로 - 기타,이륜,남,29세,부상신고,승용,여,42세,경상
2018020600100408,2018년 2월 6일 16시,화요일,대구광역시 동구 효목동,경상사고,0,0,1,0,차대사람 - 차도통행중,안전운전불이행,건조,맑음,단일로 - 기타,승용,남,37세,상해없음,보행자,여,49세,경상
2018020600100409,2018년 2월 6일 16시,화요일,대구광역시 북구 구암동,경상사고,0,0,2,0,차대차 - 추돌,안전운전불이행,건조,맑음,단일로 - 기타,승용,남,49세,상해없음,승용,남,41세,경상
2018020600100444,2018년 2월 6일 17시,화요일,대구광역시 수성구 범어동,중상사고,0,1,0,1,차량단독 - 기타,안전운전불이행,건조,맑음,단일로 - 기타,승용,여,72세,부상신고,,,,
2018020600100445,2018년 2월 6일 17시,화요일,대구광역시 서구 원대동3가,경상사고,0,0,1,0,차대사람 - 길가장자리구역통행중,안전운전불이행,건조,맑음,단일로 - 기타,승용,남,72세,상해없음,보행자,남,37세,경상
2018020600100446,2018년 2월 6일 17시,화요일,대구광역시 달서구 호산동,경상사고,0,0,1,0,차대차 - 기타,안전운전불이행,건조,맑음,단일로 - 기타,승용,여,68세,상해없음,승용,여,36세,경상
2018020600100492,2018년 2월 6일 18시,화요일,대구광역시 달성군 유가읍,경상사고,0,0,1,0,차대차 - 측면충돌,신호위반,건조,맑음,교차로 - 교차로안,승용,남,47세,상해없음,승용,여,45세,경상
2018020600100493,2018년 2월 6일 18시,화요일,대구광역시 달성군 가창면,중상사고,0,1,0,0,차대차 - 추돌,중앙선침범,건조,맑음,단일로 - 기타,승용,남,61세,상해없음,승용,여,49세,중상
2018020600100494,2018년 2월 6일 18시,화요일,대구광역시 서구 이현동,경상사고,0,0,3,0,차대차 - 추돌,안전운전불이행,건조,맑음,단일로 - 기타,승용,남,57세,상해없음,승용,남,62세,경상
2018020600100524,2018년 2월 6일 19시,화요일,대구광역시 남구 봉덕동,경상사고,0,0,2,0,차대차 - 측면충돌,차로위반,건조,맑음,단일로 - 기타,승용,남,60세,상해없음,승용,남,36세,경상
2018020600100525,2018년 2월 6일 19시,화요일,대구광역시 달서구 월성동,경상사고,0,0,1,0,차대차 - 기타,안전운전불이행,건조,맑음,단일로 - 기타,승용,여,24세,상해없음,화물,남,30세,경상
2018020600100526,2018년 2월 6일 19시,화요일,대구광역시 달성군 구지면,중상사고,0,1,0,0,차대차 - 기타,안전운전불이행,건조,맑음,단일로 - 기타,승용,남,34세,상해없음,화물,남,71세,중상
2018020600100561,2018년 2월 6일 20시,화요일,대구광역시 수성구 황금동,경상사고,0,0,1,0,차대차 - 정면충돌,불법유턴,건조,맑음,단일로 - 기타,승용,남,50세,상해없음,승용,남,44세,경상
2018020600100562,2018년 2월 6일 20시,화요일,대구광역시 달성군 현풍읍,경상사고,0,0,1,0,차대차 - 기타,안전운전불이행,건조,맑음,단일로 - 기타,승용,남,56세,기타불명,승용,남,55세,경상
2018020600100592,2018년 2월 6일 21시,화요일,대구광역시 수성구 황금동,경상사고,0,0,1,0,차대차 - 추돌,안전운전불이행,건조,맑음,교차로 - 교차로부근,승용,남,44세,상해없음,승용,남,38세,경상
2018020600100645,2018년 2월 6일 23시,화요일,대구광역시 동구 사복동,경상사고,0,0,2,0,차대차 - 추돌,안전운전불이행,건조,맑음,단일로 - 기타,승용,남,29세,상해없음,화물,남,39세,경상
2018020600100646,2018년 2월 6일 23시,화요일,대구광역시 달성군 구지면,경상사고,0,0,1,0,차대사람 - 기타,안전운전불이행,건조,맑음,교차로 - 교차로부근,승용,남,44세,상해없음,보행자,남,37세,경상
2018020600100647,2018년 2월 6일 23시,화요일,대구광역시 북구 복현동,경상사고,0,0,1,0,차대사람 - 기타,안전운전불이행,건조,맑음,교차로 - 교차로안,승용,남,25세,상해없음,보행자,남,37세,경상
2018020600100648,2018년 2월 6일 23시,화요일,대구광역시 북구 동천동,경상사고,0,0,2,0,차대차 - 추돌,안전운전불이행,건조,맑음,단일로 - 기타,승용,남,41세,상해없음,승용,남,44세,경상
2018020700100036,2018년 2월 7일 02시,수요일,대구광역시 달서구 송현동,경상사고,0,0,1,0,차대사람 - 횡단중,보행자보호의무위반,건조,맑음,교차로 - 교차로횡단보도내,승용,남,47세,상해없음,보행자,남,49세,경상
2018020700100055,2018년 2월 7일 04시,수요일,대구광역시 수성구 만촌동,중상사고,0,1,0,0,차대차 - 추돌,안전운전불이행,건조,맑음,단일로 - 기타,승용,남,32세,상해없음,승용,남,51세,중상
2018020700100161,2018년 2월 7일 08시,수요일,대구광역시 남구 대명동,경상사고,0,0,1,0,차대차 - 측면충돌,안전운전불이행,건조,맑음,교차로 - 교차로안,이륜,남,18세,경상,승용,남,27세,상해없음
2018020700100162,2018년 2월 7일 08시,수요일,대구광역시 수성구 범어동,중상사고,0,1,0,0,차대사람 - 차도통행중,안전운전불이행,건조,맑음,주차장 - 주차장,승용,남,80세,상해없음,보행자,여,34세,중상
2018020700100163,2018년 2월 7일 08시,수요일,대구광역시 중구 동인동2가,중상사고,0,1,0,0,차대차 - 측면충돌,신호위반,건조,맑음,교차로 - 교차로안,승용,남,56세,상해없음,이륜,남,43세,중상