사고번호,사고일시,요일,시군구,사고내용,사망자수,중상자수,경상자수,부상신고자수,사고유형,법규위반,노면상태,기상상태,도로형태,가해운전자 차종,가해운전자 성별,가해운전자 연령,가해운전자 상해정도,피해운전자 차종,피해운전자 성별,피해운전자 연령,피해운전자 상해정도
2018021000100264,2018년 2월 10일 12시,토요일,대구광역시 달서구 월성동,경상사고,0,0,2,0,차대차 - 측면충돌,안전거리미확보,건조,맑음,교차로 - 교차로부근,승용,남,67세,상해없음,승용,남,42세,경상
2018021000100265,2018년 2월 10일 12시,토요일,대구광역시 북구 침산동,중상사고,0,1,1,0,차대차 - 추돌,안전운전불이행,건조,맑음,단일로 - 교량,승용,여,34세,상해없음,승용,여,38세,경상
2018021000100311,2018년 2월 10일 14시,토요일,대구광역시 동구 신암동,경상사고,0,0,2,0,차대차 - 추돌,안전거리미확보,건조,맑음,단일로 - 기타,승용,남,58세,상해없음,승용,남,50세,경상
2018021000100312,2018년 2월 10일 14시,토요일,대구광역시 달서구 상인동,경상사고,0,0,1,0,차대사람 - 기타,보행자보호의무위반,건조,맑음,교차로 - 교차로횡단보도내,승용,여,42세,상해없음,보행자,남,20세,경상
2018021000100313,2018년 2월 10일 14시,토요일,대구광역시 중구 동성로2가,경상사고,0,0,1,0,차대사람 - 기타,안전운전불이행,건조,맑음,단일로 - 기타,승용,남,37세,상해없음,보행자,남,27세,경상
2018021000100347,2018년 2월 10일 15시,토요일,대구광역시 수성구 수성동1가,부상신고사고,0,0,0,2,차대차 - 기타,신호위반,건조,맑음,교차로 - 교차로안,승용,남,64세,상해없음,승용,여,31세,부상신고
2018021000100348,2018년 2월 10일 15시,토요일,대구광역시 달성군 다사읍,경상사고,0,0,1,0,차대사람 - 기타,안전운전불이행,건조,맑음,단일로 - 기타,자전거,남,59세,상해없음,보행자,여,56세,경상
2018021000100372,2018년 2월 10일 16시,토요일,대구광역시 동구 신서동,경상사고,0,0,1,0,차대차 - 정면충돌,중앙선침범,건조,맑음,단일로 - 기타,승용,여,43세,상해없음,승용,남,42세,경상
2018021000100373,2018년 2월 10일 16시,토요일,대구광역시 중구 남산동,중상사고,0,1,0,1,차대사람 - 기타,기타,건조,맑음,단일로 - 기타,화물,남,63세,부상신고,보행자,남,66세,중상
2018021000100400,2018년 2월 10일 17시,토요일,대구광역시 달서구 월성동,중상사고,0,1,0,0,차대사람 - 기타,안전운전불이행,건조,맑음,단일로 - 기타,승용,여,59세,상해없음,보행자,여,69세,중상
2018021000100401,2018년 2월 10일 17시,토요일,대구광역시 북구 관음동,경상사고,0,0,1,0,차대차 - 기타,안전운전불이행,건조,맑음,단일로 - 기타,화물,남,65세,상해없음,승용,여,53세,경상
2018021000100429,2018년 2월 10일 18시,토요일,대구광역시 동구 지저동,경상사고,0,0,2,0,차대차 - 측면충돌,안전거리미확보,건조,맑음,단일로 - 기타,승용,남,65세,상해없음,승용,남,60세,경상
2018021000100430,2018년 2월 10일 18시,토요일,대구광역시 수성구 신매동,경상사고,0,0,1,0,차대차 - 측면충돌,안전운전불이행,건조,맑음,교차로 - 교차로부근,승용,남,62세,상해없음,자전거,남,56세,경상
2018021000100431,2018년 2월 10일 18시,토요일,대구광역시 달성군 다사읍,경상사고,0,0,1,0,차대차 - 측면충돌,안전운전불이행,건조,맑음,단일로 - 기타,승용,남,60세,상해없음,승용,여,42세,경상
2018021000100473,2018년 2월 10일 19시,토요일,대구광역시 북구 노원동3가,경상사고,0,0,1,0,차대차 - 추돌,안전운전불이행,건조,맑음,교차로 - 교차로부근,승용,남,65세,상해없음,승용,남,37세,경상
2018021000100474,2018년 2월 10일 19시,토요일,대구광역시 중구 동인동3가,경상사고,0,0,1,0,차대차 - 추돌,안전운전불이행,건조,맑음,교차로 - 교차로횡단보도내,승용,남,27세,상해없음,승용,여,57세,경상
2018021000100523,2018년 2월 10일 21시,토요일,대구광역시 서구 중리동,중상사고,0,1,0,0,차대차 - 기타,교차로운행방법위반,건조,맑음,교차로 - 교차로안,승용,남,32세,상해없음,이륜,남,49세,중상
2018021000100564,2018년 2월 10일 23시,토요일,대구광역시 달성군 화원읍,경상사고,0,0,2,0,차대차 - 추돌,안전운전불이행,건조,맑음,교차로 - 교차로부근,승용,남,56세,상해없음,승합,여,45세,경상
2018021000100565,2018년 2월 10일 23시,토요일,대구광역시 중구 삼덕동1가,경상사고,0,0,1,0,차대사람 - 길가장자리구역통행중,안전운전불이행,건조,맑음,단일로 - 기타,승용,기타불명,미분류,기타불명,보행자,남,23세,경상
2018021100100015,2018년 2월 11일 00시,일요일,대구광역시 수성구 두산동,경상사고,0,0,2,0,차대차 - 측면충돌,교차로운행방법위반,건조,맑음,교차로 - 교차로안,승용,남,58세,상해없음,승용,남,31세,경상
2018021100100016,2018년 2월 11일 00시,일요일,대구광역시 달서구 진천동,중상사고,0,1,2,0,차대차 - 추돌,안전거리미확보,건조,맑음,단일로 - 기타,승용,남,30세,상해없음,승용,남,53세,중상
2018021100100032,2018년 2월 11일 01시,일요일,대구광역시 서구 비산동,경상사고,0,0,1,0,차대차 - 측면충돌,안전거리미확보,건조,맑음,단일로 - 기타,승용,남,69세,상해없음,승용,남,57세,경상
2018021100100048,2018년 2월 11일 02시,일요일,대구광역시 달서구 신당동,중상사고,0,1,1,0,차대차 - 측면충돌,안전운전불이행,건조,맑음,교차로 - 교차로부근,승용,남,55세,상해없음,승용,남,30세,상해없음
2018021100100083,2018년 2월 11일 05시,일요일,대구광역시 북구 동천동,경상사고,0,0,2,0,차대사람 - 기타,안전운전불이행,건조,맑음,단일로 - 기타,승용,남,52세,상해없음,보행자,남,33세,경상
2018021100100095,2018년 2월 11일 06시,일요일,대구광역시 수성구 중동,경상사고,0,0,1,0,차대차 - 기타,안전운전불이행,건조,맑음,단일로 - 기타,승용,여,27세,상해없음,승용,남,56세,상해없음
2018021100100114,2018년 2월 11일 08시,일요일,대구광역시 동구 신기동,경상사고,0,0,1,0,차대차 - 측면충돌,안전운전불이행,건조,맑음,교차로 - 교차로안,승용,남,36세,상해없음,화물,남,47세,경상
2018021100100234,2018년 2월 11일 14시,일요일,대구광역시 남구 대명동,경상사고,0,0,1,0,차대차 - 측면충돌,안전운전불이행,건조,맑음,단일로 - 지하차도(도로)내,화물,남,69세,상해없음,자전거,남,69세,경상
2018021100100235,2018년 2월 11일 14시,일요일,대구광역시 달서구 본리동,중상사고,0,1,0,0,차대사람 - 횡단중,신호위반,건조,맑음,단일로 - 기타,승용,남,58세,상해없음,보행자,남,11세,중상
2018021100100260,2018년 2월 11일 15시,일요일,대구광역시 서구 내당동,부상신고사고,0,0,0,1,차대사람 - 기타,안전운전불이행,건조,맑음,단일로 - 기타,기타불명,기타불명,미분류,기타불명,보행자,남,28세,부상신고
2018021100100261,2018년 2월 11일 15시,일요일,대구광역시 달서구 용산동,중상사고,0,1,0,0,차대차 - 측면충돌,교차로운행방법위반,건조,맑음,교차로 - 교차로안,승용,남,60세,상해없음,이륜,남,43세,중상
2018021100100284,2018년 2월 11일 16시,일요일,대구광역시 동구 불로동,부상신고사고,0,0,0,1,차대사람 - 횡단중,안전운전불이행,건조,맑음,단일로 - 기타,기타불명,기타불명,미분류,기타불명,보행자,남,50세,부상신고
2018021100100285,2018년 2월 11일 16시,일요일,대구광역시 달서구 본동,부상신고사고,0,0,0,1,차대차 - 측면충돌,교차로운행방법위반,건조,맑음,교차로 - 교차로안,이륜,남,61세,부상신고,승용,여,58세,상해없음
2018021100100286,2018년 2월 11일 16시,일요일,대구광역시 달서구 월성동,경상사고,0,0,1,0,차량단독 - 기타,안전운전불이행,건조,맑음,단일로 - 기타,이륜,남,58세,경상,,,,
2018021100100287,2018년 2월 11일 16시,일요일,대구광역시 달서구 상인동,경상사고,0,0,1,0,차대차 - 측면충돌,교차로운행방법위반,건조,맑음,교차로 - 교차로안,이륜,남,27세,상해없음,이륜,남,56세,경상
2018021100100288,2018년 2월 11일 16시,일요일,대구광역시 달서구 이곡동,경상사고,0,0,4,0,차대차 - 추돌,안전운전불이행,건조,맑음,단일로 - 기타,화물,남,38세,상해없음,승용,여,51세,경상
2018021100100311,2018년 2월 11일 17시,일요일,대구광역시 서구 내당동,중상사고,0,1,0,0,차대차 - 측면충돌,안전운전불이행,건조,맑음,단일로 - 기타,기타불명,기타불명,기타불명,기타불명,승용,남,62세,상해없음
2018021100100346,2018년 2월 11일 18시,일요일,대구광역시 달서구 도원동,중상사고,0,1,0,0,차대사람 - 횡단중,보행자보호의무위반,건조,맑음,교차로 - 교차로횡단보도내,승용,여,60세,상해없음,보행자,여,20세,중상
2018021100100347,2018년 2월 11일 18시,일요일,대구광역시 서구 평리동,중상사고,0,1,0,0,차대차 - 측면충돌,신호위반,건조,맑음,교차로 - 교차로안,승용,남,47세,상해없음,승합,여,38세,중상
2018021100100372,2018년 2월 11일 19시,일요일,대구광역시 동구 효목동,경상사고,0,0,1,0,차대차 - 측면충돌,안전운전불이행,건조,맑음,단일로 - 기타,기타불명,기타불명,미분류,기타불명,승용,남,44세,상해없음
2018021100100373,2018년 2월 11일 19시,일요일,대구광역시 북구 구암동,중상사고,0,1,2,0,차대차 - 측면충돌,신호위반,건조,맑음,교차로 - 교차로안,이륜,남,22세,중상,승용,남,31세,경상
2018021100100399,2018년 2월 11일 20시,일요일,대구광역시 달서구 송현동,중상사고,0,1,0,0,차대차 - 측면충돌,안전운전불이행,건조,맑음,단일로 - 기타,승용,남,62세,상해없음,이륜,남,30세,중상
2018021100100433,2018년 2월 11일 21시,일요일,대구광역시 남구 대명동,경상사고,0,0,3,0,차대차 - 측면충돌,안전거리미확보,건조,맑음,단일로 - 기타,승용,남,58세,상해없음,승합,남,38세,경상
2018021100100434,2018년 2월 11일 21시,일요일,대구광역시 달서구 감삼동,중상사고,0,1,0,0,차대사람 - 보도통행중,안전운전불이행,건조,맑음,교차로 - 교차로부근,승용,남,69세,상해없음,보행자,여,51세,중상
2018021100100453,2018년 2월 11일 22시,일요일,대구광역시 동구 신평동,경상사고,0,0,1,0,차대차 - 기타,신호위반,건조,맑음,교차로 - 교차로안,승합,남,48세,상해없음,승용,남,59세,경상
2018021200100047,2018년 2월 12일 04시,월요일,대구광역시 달서구 월성동,경상사고,0,0,1,0,차대차 - 측면충돌,교차로운행방법위반,건조,맑음,교차로 - 교차로안,화물,남,53세,상해없음,승용,여,49세,경상
2018021200100132,2018년 2월 12일 08시,월요일,대구광역시 동구 율하동,경상사고,0,0,1,0,차대차 - 측면충돌,신호위반,건조,맑음,교차로 - 교차로안,승용,남,61세,상해없음,승용,여,26세,경상
2018021200100133,2018년 2월 12일 08시,월요일,대구광역시 달서구 본동,경상사고,0,0,1,0,차대차 - 추돌,안전운전불이행,건조,맑음,단일로 - 기타,승용,남,71세,상해없음,승용,남,41세,경상
2018021200100134,2018년 2월 12일 08시,월요일,대구광역시 서구 비산동,경상사고,0,0,1,0,차대사람 - 횡단중,신호위반,젖음/습기,흐림,단일로 - 기타,승용,남,36세,상해없음,보행자,여,71세,경상
2018021200100135,2018년 2월 12일 08시,월요일,대구광역시 중구 달성동,중상사고,0,1,0,0,차대사람 - 보도통행중,보행자보호의무위반,건조,맑음,단일로 - 기타,승용,여,26세,상해없음,보행자,남,41세,중상
2018021200100180,2018년 2월 12일 09시,월요일,대구광역시 남구 대명동,경상사고,0,0,1,0,차대차 - 측면충돌,기타,건조,맑음,단일로 - 기타,원동기,여,52세,경상,승용,여,31세,상해없음
2018021200100181,2018년 2월 12일 09시,월요일,대구광역시 수성구 만촌동,경상사고,0,0,3,0,차대차 - 측면충돌,교차로운행방법위반,건조,맑음,교차로 - 교차로안,승용,여,61세,상해없음,승용,여,23세,경상
2018021200100216,2018년 2월 12일 10시,월요일,대구광역시 중구 삼덕동3가,경상사고,0,0,1,0,차대차 - 기타,안전거리미확보,건조,맑음,단일로 - 기타,화물,남,69세,상해없음,승용,여,26세,상해없음
2018021200100217,2018년 2월 12일 10시,월요일,대구광역시 북구 서변동,경상사고,0,0,3,0,차대차 - 측면충돌,안전운전불이행,건조,맑음,교차로 - 교차로안,승합,남,51세,경상,특수,남,29세,경상
2018021200100248,2018년 2월 12일 11시,월요일,대구광역시 동구 신암동,경상사고,0,0,2,0,차대차 - 측면충돌,신호위반,건조,맑음,교차로 - 교차로안,승용,여,54세,상해없음,승용,남,60세,경상
2018021200100249,2018년 2월 12일 11시,월요일,대구광역시 서구 비산동,중상사고,0,1,0,0,차대사람 - 차도통행중,안전운전불이행,건조,맑음,단일로 - 기타,승용,남,73세,상해없음,보행자,여,57세,중상
2018021200100279,2018년 2월 12일 12시,월요일,대구광역시 북구 서변동,중상사고,0,1,0,0,차대차 - 측면충돌,교차로운행방법위반,건조,맑음,교차로 - 교차로안,승용,남,34세,상해없음,이륜,남,41세,중상
2018021200100460,2018년 2월 12일 16시,월요일,대구광역시 달성군 옥포읍,경상사고,0,0,3,0,차대차 - 측면충돌,안전운전불이행,건조,맑음,교차로 - 교차로안,승용,여,61세,상해없음,승용,남,51세,경상
2018021200100461,2018년 2월 12일 16시,월요일,대구광역시 달서구 신당동,경상사고,0,0,1,0,차대차 - 측면충돌,신호위반,건조,맑음,교차로 - 교차로부근,이륜,남,20세,경상,승용,남,62세,상해없음
2018021200100462,2018년 2월 12일 16시,월요일,대구광역시 북구 국우동,경상사고,0,0,1,0,차대차 - 기타,안전거리미확보,건조,맑음,단일로 - 기타,승용,남,44세,상해없음,승용,남,35세,경상
2018021200100463,2018년 2월 12일 16시,월요일,대구광역시 북구 서변동,경상사고,0,0,1,0,차대차 - 측면충돌,직진우회전진행방해,서리/결빙,눈,교차로 - 교차로부근,화물,남,34세,상해없음,화물,남,59세,경상
2018021200100504,2018년 2월 12일 17시,월요일,대구광역시 남구 봉덕동,경상사고,0,0,1,0,차대차 - 측면충돌,차로위반,건조,맑음,기타 - 기타,승용,여,41세,상해없음,이륜,남,50세,경상
2018021200100505,2018년 2월 12일 17시,월요일,대구광역시 동구 신기동,경상사고,0,0,1,0,차대차 - 기타,교차로운행방법위반,건조,맑음,교차로 - 교차로안,승용,여,43세,상해없음,이륜,남,23세,경상
2018021200100506,2018년 2월 12일 17시,월요일,대구광역시 중구 태평로1가,경상사고,0,0,3,0,차대차 - 추돌,안전거리미확보,건조,맑음,단일로 - 기타,화물,남,59세,경상,승용,남,31세,상해없음
2018021200100507,2018년 2월 12일 17시,월요일,대구광역시 중구 봉산동,경상사고,0,0,2,0,차대차 - 추돌,안전거리미확보,건조,맑음,단일로 - 기타,승용,남,54세,상해없음,승용,남,31세,경상
2018021200100568,2018년 2월 12일 18시,월요일,대구광역시 동구 신암동,경상사고,0,0,1,0,차대사람 - 횡단중,안전운전불이행,건조,맑음,기타 - 기타,승용,남,69세,기타불명,보행자,남,63세,경상
2018021200100569,2018년 2월 12일 18시,월요일,대구광역시 중구 동인동4가,경상사고,0,0,1,0,차대사람 - 횡단중,안전운전불이행,건조,맑음,단일로 - 기타,기타불명,기타불명,미분류,기타불명,보행자,여,26세,경상
2018021200100570,2018년 2월 12일 18시,월요일,대구광역시 달서구 용산동,중상사고,0,1,0,0,차대차 - 기타,안전거리미확보,건조,맑음,단일로 - 기타,승용,여,56세,상해없음,이륜,남,50세,중상
2018021200100616,2018년 2월 12일 19시,월요일,대구광역시 남구 봉덕동,경상사고,0,0,2,0,차대차 - 추돌,안전거리미확보,젖음/습기,흐림,교차로 - 교차로부근,승용,남,64세,상해없음,승용,여,28세,경상
2018021200100617,2018년 2월 12일 19시,월요일,대구광역시 수성구 매호동,경상사고,0,0,2,0,차대차 - 측면충돌,교차로운행방법위반,건조,맑음,교차로 - 교차로안,화물,남,58세,경상,승용,여,49세,경상
2018021200100618,2018년 2월 12일 19시,월요일,대구광역시 북구 칠성동2가,경상사고,0,0,1,0,차대사람 - 기타,안전운전불이행,젖음/습기,눈,교차로 - 교차로안,승용,남,52세,상해없음,보행자,여,68세,경상
2018021200100664,2018년 2월 12일 20시,월요일,대구광역시 남구 대명동,경상사고,0,0,1,0,차대차 - 측면충돌,교차로운행방법위반,건조,맑음,교차로 - 교차로부근,승용,남,36세,상해없음,이륜,남,18세,경상
2018021200100665,2018년 2월 12일 20시,월요일,대구광역시 북구 복현동,경상사고,0,0,1,0,차대사람 - 기타,보행자보호의무위반,건조,맑음,교차로 - 교차로횡단보도내,승용,남,62세,상해없음,보행자,남,28세,경상
2018021200100706,2018년 2월 12일 21시,월요일,대구광역시 동구 신천동,중상사고,0,1,0,0,차대사람 - 횡단중,안전운전불이행,젖음/습기,눈,교차로 - 교차로횡단보도내,승용,여,59세,상해없음,보행자,여,70세,중상
2018021200100707,2018년 2월 12일 21시,월요일,대구광역시 달서구 유천동,경상사고,0,0,1,0,차대차 - 측면충돌,안전운전불이행,건조,맑음,교차로 - 교차로부근,승용,여,51세,상해없음,화물,남,51세,경상
2018021200100732,2018년 2월 12일 22시,월요일,대구광역시 동구 방촌동,경상사고,0,0,1,0,차대차 - 측면충돌,교차로운행방법위반,건조,맑음,교차로 - 교차로안,승용,남,66세,상해없음,승용,여,78세,경상
2018021200100762,2018년 2월 12일 23시,월요일,대구광역시 북구 침산동,중상사고,0,1,2,0,차대차 - 기타,신호위반,건조,맑음,교차로 - 교차로안,승용,여,51세,상해없음,승용,남,54세,경상
2018021200100763,2018년 2월 12일 23시,월요일,대구광역시 서구 내당동,경상사고,0,0,5,0,차대차 - 추돌,안전운전불이행,건조,맑음,단일로 - 기타,승용,남,61세,상해없음,승용,남,26세,경상
2018021300100021,2018년 2월 13일 00시,화요일,대구광역시 달서구 대곡동,경상사고,0,0,3,0,차대차 - 기타,안전운전불이행,건조,맑음,교차로 - 교차로부근,승용,남,18세,상해없음,승용,남,56세,경상
2018021300100066,2018년 2월 13일 03시,화요일,대구광역시 남구 대명동,중상사고,0,1,2,0,차대사람 - 횡단중,안전운전불이행,건조,맑음,기타 - 기타,승용,남,27세,상해없음,보행자,남,47세,경상
2018021300100067,2018년 2월 13일 03시,화요일,대구광역시 북구 칠성동2가,중상사고,0,1,1,0,차대차 - 기타,신호위반,건조,맑음,교차로 - 교차로안,승용,여,24세,상해없음,승용,남,49세,중상
2018021300100068,2018년 2월 13일 03시,화요일,대구광역시 서구 비산동,경상사고,0,0,1,0,차대사람 - 횡단중,기타,건조,맑음,단일로 - 기타,승용,남,48세,상해없음,보행자,남,46세,경상
2018021300100130,2018년 2월 13일 07시,화요일,대구광역시 동구 율하동,경상사고,0,0,1,0,차대차 - 측면충돌,안전운전불이행,건조,맑음,단일로 - 기타,승용,여,41세,상해없음,승용,여,44세,경상
2018021300100131,2018년 2월 13일 07시,화요일,대구광역시 수성구 범물동,경상사고,0,0,1,0,차대차 - 추돌,안전거리미확보,건조,맑음,단일로 - 기타,승용,남,70세,상해없음,승용,남,26세,경상
2018021300100132,2018년 2월 13일 07시,화요일,대구광역시 북구 구암동,경상사고,0,0,1,0,차대차 - 기타,안전운전불이행,서리/결빙,흐림,교차로 - 교차로부근,승용,여,40세,상해없음,화물,남,52세,경상
2018021300100161,2018년 2월 13일 08시,화요일,대구광역시 달서구 상인동,중상사고,0,2,1,0,차대차 - 측면충돌,안전거리미확보,건조,맑음,단일로 - 기타,기타불명,기타불명,미분류,기타불명,승용,여,33세,상해없음
2018021300100162,2018년 2월 13일 08시,화요일,대구광역시 북구 대현동,중상사고,0,1,0,0,차대차 - 측면충돌,신호위반,건조,맑음,단일로 - 기타,화물,여,59세,상해없음,원동기,남,66세,중상
2018021300100163,2018년 2월 13일 08시,화요일,대구광역시 달서구 용산동,중상사고,0,1,0,0,차대차 - 측면충돌,중앙선침범,건조,맑음,단일로 - 기타,승용,남,49세,상해없음,승합,남,57세,중상
2018021300100164,2018년 2월 13일 08시,화요일,대구광역시 북구 서변동,경상사고,0,0,1,0,차대차 - 측면충돌,중앙선침범,적설,맑음,단일로 - 기타,승용,남,65세,상해없음,승합,남,42세,경상
2018021300100211,2018년 2월 13일 09시,화요일,대구광역시 동구 신천동,경상사고,0,0,1,1,차대차 - 측면충돌,신호위반,건조,맑음,단일로 - 기타,승용,남,64세,부상신고,승용,남,48세,경상
2018021300100212,2018년 2월 13일 09시,화요일,대구광역시 달서구 상인동,중상사고,0,1,0,0,차대차 - 측면충돌,안전운전불이행,건조,맑음,단일로 - 기타,이륜,남,80세,중상,승용,여,58세,상해없음
2018021300100213,2018년 2월 13일 09시,화요일,대구광역시 북구 산격동,중상사고,0,1,0,0,차대사람 - 기타,안전운전불이행,적설,맑음,단일로 - 기타,승합,남,52세,상해없음,보행자,여,71세,중상
2018021300100259,2018년 2월 13일 10시,화요일,대구광역시 동구 지묘동,경상사고,0,0,3,0,차대차 - 측면충돌,안전운전불이행,적설,맑음,단일로 - 기타,화물,남,55세,상해없음,화물,남,45세,경상
2018021300100261,2018년 2월 13일 10시,화요일,대구광역시 달서구 상인동,중상사고,0,1,0,0,차대사람 - 횡단중,보행자보호의무위반,건조,맑음,교차로 - 교차로부근,화물,여,44세,상해없음,보행자,여,70세,중상
2018021300100262,2018년 2월 13일 10시,화요일,대구광역시 달서구 송현동,경상사고,0,0,1,0,차대사람 - 기타,보행자보호의무위반,건조,맑음,교차로 - 교차로안,사륜오토바이(ATV),남,69세,상해없음,보행자,남,51세,경상
2018021300100263,2018년 2월 13일 10시,화요일,대구광역시 서구 내당동,경상사고,0,0,4,0,차대차 - 기타,안전거리미확보,건조,맑음,단일로 - 기타,승용,남,72세,상해없음,승용,여,44세,경상
2018021300100264,2018년 2월 13일 10시,화요일,대구광역시 달서구 이곡동,경상사고,0,0,2,0,차대차 - 추돌,안전운전불이행,건조,맑음,교차로 - 교차로부근,승용,남,34세,상해없음,승용,여,39세,경상
2018021300100370,2018년 2월 13일 13시,화요일,대구광역시 수성구 수성동1가,중상사고,0,1,1,0,차대차 - 추돌,안전운전불이행,건조,맑음,단일로 - 교량,승용,남,30세,상해없음,승용,남,39세,경상
2018021300100371,2018년 2월 13일 13시,화요일,대구광역시 달성군 현풍읍,경상사고,0,0,1,0,차대사람 - 기타,신호위반,건조,맑음,교차로 - 교차로안,이륜,남,27세,상해없음,보행자,남,11세,경상
2018021300100372,2018년 2월 13일 13시,화요일,대구광역시 서구 이현동,경상사고,0,0,1,0,차대차 - 추돌,안전거리미확보,건조,맑음,단일로 - 기타,승용,여,32세,상해없음,승용,남,35세,경상
2018021300100413,2018년 2월 13일 14시,화요일,대구광역시 남구 이천동,경상사고,0,0,1,0,차대차 - 후진중충돌,안전운전불이행,건조,맑음,교차로 - 교차로부근,승용,남,87세,상해없음,승용,남,25세,경상
2018021300100414,2018년 2월 13일 14시,화요일,대구광역시 달서구 본리동,부상신고사고,0,0,0,2,차대차 - 기타,안전운전불이행,건조,맑음,단일로 - 기타,승용,여,69세,상해없음,승용,남,63세,상해없음
2018021300100415,2018년 2월 13일 14시,화요일,대구광역시 달서구 본리동,경상사고,0,0,1,0,차대차 - 기타,안전운전불이행,건조,맑음,단일로 - 기타,승합,남,54세,상해없음,승용,여,33세,경상
2018021300100461,2018년 2월 13일 15시,화요일,대구광역시 동구 효목동,중상사고,0,1,2,0,차대차 - 추돌,안전운전불이행,건조,맑음,단일로 - 기타,화물,남,59세,상해없음,승용,여,47세,중상
2018021300100462,2018년 2월 13일 15시,화요일,대구광역시 달서구 대천동,경상사고,0,0,1,0,차대사람 - 기타,안전운전불이행,건조,맑음,교차로 - 교차로안,화물,남,79세,상해없음,보행자,남,20세,경상
2018021300100463,2018년 2월 13일 15시,화요일,대구광역시 북구 태전동,사망사고,1,0,0,0,차대사람 - 보도통행중,기타,건조,맑음,기타 - 기타,화물,남,61세,상해없음,보행자,여,70세,사망
2018021300100513,2018년 2월 13일 16시,화요일,대구광역시 수성구 매호동,경상사고,0,0,1,0,차대사람 - 횡단중,보행자보호의무위반,건조,맑음,교차로 - 교차로횡단보도내,승용,여,43세,상해없음,보행자,남,6세,경상
2018021300100514,2018년 2월 13일 16시,화요일,대구광역시 달성군 화원읍,중상사고,0,1,0,0,차대차 - 정면충돌,중앙선침범,건조,맑음,단일로 - 기타,승용,여,59세,상해없음,화물,남,60세,중상
2018021300100515,2018년 2월 13일 16시,화요일,대구광역시 달서구 용산동,경상사고,0,0,1,0,차대차 - 측면충돌,안전운전불이행,건조,맑음,단일로 - 기타,승용,여,46세,상해없음,승용,여,48세,경상
2018021300100566,2018년 2월 13일 17시,화요일,대구광역시 수성구 신매동,중상사고,0,1,0,0,차대사람 - 기타,안전운전불이행,건조,맑음,단일로 - 기타,화물,남,55세,상해없음,보행자,여,23세,중상
2018021300100627,2018년 2월 13일 18시,화요일,대구광역시 달서구 송현동,중상사고,0,1,1,0,차대차 - 측면충돌,안전운전불이행,건조,맑음,교차로 - 교차로안,기타불명,기타불명,미분류,기타불명,승용,남,56세,중상
2018021300100628,2018년 2월 13일 18시,화요일,대구광역시 달서구 송현동,경상사고,0,0,1,0,차대차 - 측면충돌,차로위반,건조,맑음,단일로 - 기타,승합,남,62세,상해없음,승용,남,28세,경상
2018021300100629,2018년 2월 13일 18시,화요일,대구광역시 북구 복현동,부상신고사고,0,0,0,1,차대차 - 기타,안전운전불이행,건조,맑음,단일로 - 기타,승용,여,66세,상해없음,자전거,남,47세,부상신고
2018021300100716,2018년 2월 13일 20시,화요일,대구광역시 달서구 유천동,경상사고,0,0,1,0,차대차 - 기타,차로위반,건조,맑음,단일로 - 기타,승용,여,53세,상해없음,승합,남,50세,경상
2018021300100717,2018년 2월 13일 20시,화요일,대구광역시 서구 이현동,경상사고,0,0,1,0,차대차 - 측면충돌,안전운전불이행,건조,맑음,단일로 - 기타,화물,남,66세,상해없음,승용,남,27세,경상
2018021300100756,2018년 2월 13일 21시,화요일,대구광역시 북구 대현동,경상사고,0,0,1,0,차대차 - 측면충돌,안전운전불이행,건조,맑음,단일로 - 기타,승용,여,46세,상해없음,이륜,남,18세,경상
2018021300100757,2018년 2월 13일 21시,화요일,대구광역시 북구 침산동,부상신고사고,0,0,0,1,차대차 - 기타,안전운전불이행,건조,맑음,단일로 - 기타,이륜,여,56세,부상신고,승용,남,65세,상해없음
2018021300100758,2018년 2월 13일 21시,화요일,대구광역시 서구 비산동,경상사고,0,0,1,0,차대사람 - 기타,교차로운행방법위반,건조,맑음,교차로 - 교차로부근,승용,남,36세,상해없음,보행자,여,29세,경상
2018021300100759,2018년 2월 13일 21시,화요일,대구광역시 서구 평리동,경상사고,0,0,1,1,차대차 - 기타,신호위반,건조,맑음,교차로 - 교차로안,승용,여,48세,상해없음,승용,남,47세,경상
2018021300100810,2018년 2월 13일 23시,화요일,대구광역시 수성구 두산동,경상사고,0,0,1,0,차대사람 - 횡단중,안전운전불이행,건조,맑음,단일로 - 기타,승용,남,43세,상해없음,보행자,남,48세,경상
2018021300100811,2018년 2월 13일 23시,화요일,대구광역시 달서구 송현동,중상사고,0,1,0,0,차대차 - 기타,직진우회전진행방해,건조,맑음,교차로 - 교차로안,승용,남,30세,상해없음,승용,남,60세,중상
2018021300100812,2018년 2월 13일 23시,화요일,대구광역시 중구 삼덕동3가,경상사고,0,0,2,0,차대차 - 측면충돌,신호위반,건조,맑음,교차로 - 교차로안,승용,남,48세,상해없음,승용,남,28세,경상
2018021300100813,2018년 2월 13일 23시,화요일,대구광역시 중구 문화동,경상사고,0,0,1,0,차대차 - 측면충돌,교차로운행방법위반,건조,맑음,교차로 - 교차로안,승용,남,19세,상해없음,승용,남,61세,경상
2018021400100030,2018년 2월 14일 00시,수요일,대구광역시 북구 태전동,경상사고,0,0,1,0,차대차 - 추돌,안전운전불이행,건조,맑음,단일로 - 기타,승용,남,26세,기타불명,승용,남,47세,경상