사고번호,사고일시,요일,시군구,사고내용,사망자수,중상자수,경상자수,부상신고자수,사고유형,법규위반,노면상태,기상상태,도로형태,가해운전자 차종,가해운전자 성별,가해운전자 연령,가해운전자 상해정도,피해운전자 차종,피해운전자 성별,피해운전자 연령,피해운전자 상해정도
2018021400100059,2018년 2월 14일 01시,수요일,대구광역시 동구 신천동,경상사고,0,0,1,0,차대차 - 측면충돌,신호위반,건조,맑음,교차로 - 교차로안,승용,남,23세,상해없음,승용,남,23세,경상
2018021400100100,2018년 2월 14일 05시,수요일,대구광역시 수성구 사월동,중상사고,0,1,0,0,차량단독 - 기타,안전운전불이행,건조,맑음,교차로 - 교차로안,이륜,남,64세,중상,,,,
2018021400100101,2018년 2월 14일 05시,수요일,대구광역시 북구 태전동,경상사고,0,0,1,0,차대차 - 추돌,안전운전불이행,건조,맑음,단일로 - 기타,승용,남,21세,상해없음,승용,남,37세,경상
2018021400100120,2018년 2월 14일 06시,수요일,대구광역시 달서구 대천동,경상사고,0,0,1,0,차대사람 - 횡단중,보행자보호의무위반,건조,맑음,단일로 - 기타,승합,남,52세,상해없음,보행자,남,63세,경상
2018021400100121,2018년 2월 14일 06시,수요일,대구광역시 달서구 신당동,중상사고,0,1,1,0,차대차 - 추돌,안전거리미확보,건조,맑음,단일로 - 기타,승용,남,72세,상해없음,화물,남,48세,경상
2018021400100140,2018년 2월 14일 07시,수요일,대구광역시 남구 봉덕동,부상신고사고,0,0,0,1,차대사람 - 횡단중,보행자보호의무위반,건조,맑음,교차로 - 교차로횡단보도내,승용,여,23세,상해없음,보행자,남,20세,부상신고
2018021400100141,2018년 2월 14일 07시,수요일,대구광역시 달서구 상인동,중상사고,0,1,0,0,차대차 - 추돌,안전거리미확보,건조,맑음,단일로 - 기타,승용,남,19세,상해없음,승용,여,51세,중상
2018021400100142,2018년 2월 14일 07시,수요일,대구광역시 달서구 본동,경상사고,0,0,1,0,차대차 - 추돌,안전거리미확보,건조,맑음,단일로 - 기타,승용,남,37세,상해없음,승용,여,49세,경상
2018021400100163,2018년 2월 14일 08시,수요일,대구광역시 남구 이천동,경상사고,0,0,1,0,차대차 - 측면충돌,안전거리미확보,건조,맑음,교차로 - 교차로부근,이륜,남,77세,경상,승용,여,25세,상해없음
2018021400100164,2018년 2월 14일 08시,수요일,대구광역시 수성구 범어동,부상신고사고,0,0,0,1,차대사람 - 횡단중,보행자보호의무위반,건조,맑음,교차로 - 교차로부근,승용,여,62세,상해없음,보행자,남,72세,부상신고
2018021400100165,2018년 2월 14일 08시,수요일,대구광역시 북구 서변동,중상사고,0,1,0,0,차대차 - 기타,안전운전불이행,건조,맑음,단일로 - 기타,승용,여,56세,중상,승합,남,51세,상해없음
2018021400100224,2018년 2월 14일 10시,수요일,대구광역시 남구 대명동,경상사고,0,0,1,0,차대차 - 측면충돌,안전운전불이행,건조,맑음,교차로 - 교차로부근,승용,남,59세,상해없음,승용,여,54세,경상
2018021400100299,2018년 2월 14일 12시,수요일,대구광역시 중구 문화동,경상사고,0,0,1,1,차대차 - 기타,차로위반,건조,맑음,단일로 - 기타,승용,남,65세,상해없음,이륜,남,18세,부상신고
2018021400100354,2018년 2월 14일 14시,수요일,대구광역시 수성구 상동,경상사고,0,0,1,0,차대차 - 측면충돌,안전운전불이행,건조,맑음,단일로 - 기타,승용,여,34세,상해없음,승용,여,43세,경상
2018021400100355,2018년 2월 14일 14시,수요일,대구광역시 달서구 월성동,경상사고,0,0,1,0,차대차 - 측면충돌,안전운전불이행,건조,맑음,단일로 - 기타,승용,남,37세,상해없음,승용,남,35세,경상
2018021400100400,2018년 2월 14일 15시,수요일,대구광역시 수성구 연호동,중상사고,0,1,0,0,차대차 - 기타,안전거리미확보,건조,맑음,단일로 - 기타,승합,남,47세,상해없음,승용,여,48세,상해없음
2018021400100401,2018년 2월 14일 15시,수요일,대구광역시 서구 중리동,경상사고,0,0,1,0,차대차 - 측면충돌,안전운전불이행,건조,맑음,단일로 - 기타,화물,남,62세,상해없음,승용,여,56세,경상
2018021400100439,2018년 2월 14일 16시,수요일,대구광역시 동구 효목동,경상사고,0,0,1,0,차대차 - 측면충돌,안전운전불이행,건조,맑음,교차로 - 교차로안,승용,남,67세,상해없음,승용,남,45세,경상
2018021400100440,2018년 2월 14일 16시,수요일,대구광역시 달서구 상인동,경상사고,0,0,1,0,차대차 - 측면충돌,안전운전불이행,건조,맑음,교차로 - 교차로부근,승용,남,34세,상해없음,승용,여,23세,경상
2018021400100441,2018년 2월 14일 16시,수요일,대구광역시 달서구 이곡동,경상사고,0,0,1,0,차대차 - 추돌,안전거리미확보,건조,맑음,단일로 - 기타,승용,여,26세,상해없음,승용,여,40세,경상
2018021400100442,2018년 2월 14일 16시,수요일,대구광역시 달서구 성당동,중상사고,0,1,0,0,차대차 - 측면충돌,신호위반,건조,맑음,교차로 - 교차로안,승용,남,55세,상해없음,이륜,남,77세,중상
2018021400100488,2018년 2월 14일 17시,수요일,대구광역시 달서구 상인동,경상사고,0,0,2,0,차대차 - 측면충돌,안전거리미확보,건조,맑음,단일로 - 기타,이륜,남,18세,경상,승용,남,36세,경상
2018021400100489,2018년 2월 14일 17시,수요일,대구광역시 달서구 이곡동,중상사고,0,1,0,0,차대사람 - 보도통행중,기타,건조,맑음,기타 - 기타,승용,남,51세,상해없음,보행자,여,57세,중상
2018021400100527,2018년 2월 14일 18시,수요일,대구광역시 동구 효목동,경상사고,0,0,1,0,차대차 - 측면충돌,안전운전불이행,건조,맑음,교차로 - 교차로안,승용,여,49세,상해없음,승용,여,47세,경상
2018021400100528,2018년 2월 14일 18시,수요일,대구광역시 수성구 이천동,경상사고,0,0,3,0,차대차 - 추돌,안전운전불이행,건조,맑음,단일로 - 기타,승용,여,46세,상해없음,승용,여,49세,경상
2018021400100529,2018년 2월 14일 18시,수요일,대구광역시 달서구 상인동,중상사고,0,1,0,0,차대사람 - 기타,안전운전불이행,건조,맑음,단일로 - 기타,승합,남,56세,상해없음,보행자,여,75세,중상
2018021400100530,2018년 2월 14일 18시,수요일,대구광역시 북구 고성동3가,경상사고,0,0,1,0,차대차 - 추돌,안전운전불이행,건조,맑음,단일로 - 기타,승용,남,59세,상해없음,승용,여,67세,경상
2018021400100531,2018년 2월 14일 18시,수요일,대구광역시 서구 평리동,경상사고,0,0,1,0,차대차 - 기타,교차로운행방법위반,건조,맑음,교차로 - 교차로안,승용,여,55세,상해없음,승용,남,28세,경상
2018021400100533,2018년 2월 14일 18시,수요일,대구광역시 달서구 감삼동,경상사고,0,0,1,0,차대차 - 추돌,안전운전불이행,건조,맑음,단일로 - 기타,승용,남,60세,상해없음,승용,남,64세,경상
2018021400100594,2018년 2월 14일 19시,수요일,대구광역시 동구 각산동,경상사고,0,0,1,0,차대사람 - 횡단중,보행자보호의무위반,건조,맑음,교차로 - 교차로안,승용,남,59세,상해없음,보행자,여,58세,경상
2018021400100595,2018년 2월 14일 19시,수요일,대구광역시 북구 대현동,경상사고,0,0,1,0,차대사람 - 횡단중,보행자보호의무위반,건조,맑음,교차로 - 교차로횡단보도내,승용,여,50세,상해없음,보행자,남,70세,경상
2018021400100634,2018년 2월 14일 20시,수요일,대구광역시 달서구 송현동,경상사고,0,0,2,0,차대차 - 정면충돌,중앙선침범,건조,맑음,교차로 - 교차로부근,승용,남,35세,상해없음,승용,남,51세,경상
2018021400100675,2018년 2월 14일 21시,수요일,대구광역시 서구 내당동,경상사고,0,0,2,0,차대차 - 측면충돌,안전운전불이행,건조,맑음,교차로 - 교차로안,승용,남,54세,상해없음,승용,남,31세,경상
2018021400100676,2018년 2월 14일 21시,수요일,대구광역시 북구 국우동,중상사고,0,1,0,0,차대차 - 기타,안전운전불이행,건조,맑음,단일로 - 기타,기타불명,기타불명,미분류,기타불명,이륜,남,30세,중상
2018021400100713,2018년 2월 14일 22시,수요일,대구광역시 남구 대명동,경상사고,0,0,1,0,차대차 - 측면충돌,안전운전불이행,건조,맑음,단일로 - 기타,승용,여,61세,상해없음,승용,남,49세,기타불명
2018021400100714,2018년 2월 14일 22시,수요일,대구광역시 수성구 만촌동,경상사고,0,0,1,1,차대차 - 측면충돌,신호위반,건조,맑음,교차로 - 교차로안,이륜,남,24세,부상신고,승용,여,26세,경상
2018021400100715,2018년 2월 14일 22시,수요일,대구광역시 달성군 논공읍,경상사고,0,0,1,0,차대차 - 기타,교차로운행방법위반,건조,맑음,교차로 - 교차로안,승용,여,50세,상해없음,이륜,남,29세,경상
2018021400100716,2018년 2월 14일 22시,수요일,대구광역시 달성군 논공읍,경상사고,0,0,2,0,차대차 - 측면충돌,안전운전불이행,건조,맑음,교차로 - 교차로안,승용,남,21세,경상,승용,남,46세,경상
2018021400100717,2018년 2월 14일 22시,수요일,대구광역시 달서구 죽전동,경상사고,0,0,1,0,차대차 - 기타,안전운전불이행,건조,맑음,기타 - 기타,승용,남,39세,상해없음,승용,남,56세,경상
2018021500100017,2018년 2월 15일 00시,목요일,대구광역시 서구 중리동,중상사고,0,1,2,0,차대차 - 기타,안전운전불이행,건조,맑음,단일로 - 기타,승용,남,32세,상해없음,승용,남,50세,중상
2018021500100018,2018년 2월 15일 00시,목요일,대구광역시 서구 내당동,경상사고,0,0,2,0,차대차 - 추돌,안전운전불이행,건조,맑음,단일로 - 기타,승용,남,58세,상해없음,승용,남,29세,경상
2018021500100019,2018년 2월 15일 00시,목요일,대구광역시 북구 서변동,경상사고,0,0,1,0,차량단독 - 공작물충돌,안전운전불이행,건조,맑음,단일로 - 기타,승용,남,47세,상해없음,,,,
2018021500100038,2018년 2월 15일 01시,목요일,대구광역시 남구 대명동,경상사고,0,0,1,0,차대사람 - 횡단중,중앙선침범,건조,맑음,단일로 - 기타,승용,남,51세,상해없음,보행자,남,45세,경상
2018021500100062,2018년 2월 15일 02시,목요일,대구광역시 달서구 두류동,경상사고,0,0,2,0,차대사람 - 기타,안전운전불이행,건조,맑음,단일로 - 기타,승용,남,34세,상해없음,보행자,여,26세,경상
2018021500100075,2018년 2월 15일 03시,목요일,대구광역시 달서구 본리동,중상사고,0,1,2,0,차대차 - 측면충돌,신호위반,건조,흐림,교차로 - 교차로안,승용,여,64세,상해없음,승용,남,60세,중상
2018021500100076,2018년 2월 15일 03시,목요일,대구광역시 북구 동천동,경상사고,0,0,1,0,차대사람 - 기타,안전운전불이행,건조,맑음,기타 - 기타,특수,남,44세,상해없음,보행자,남,53세,경상
2018021500100134,2018년 2월 15일 08시,목요일,대구광역시 북구 칠성동2가,경상사고,0,0,1,0,차대차 - 측면충돌,안전거리미확보,건조,맑음,단일로 - 기타,승용,남,71세,상해없음,화물,남,50세,경상
2018021500100168,2018년 2월 15일 10시,목요일,대구광역시 수성구 황금동,경상사고,0,0,1,0,차대차 - 추돌,안전거리미확보,건조,맑음,교차로 - 교차로부근,승용,남,49세,상해없음,승용,남,36세,경상
2018021500100199,2018년 2월 15일 11시,목요일,대구광역시 남구 봉덕동,경상사고,0,0,1,0,차대차 - 측면충돌,안전운전불이행,건조,맑음,교차로 - 교차로안,자전거,남,10세,경상,승용,남,44세,상해없음
2018021500100201,2018년 2월 15일 11시,목요일,대구광역시 북구 복현동,경상사고,0,0,1,0,차대차 - 기타,안전거리미확보,건조,맑음,단일로 - 기타,승용,여,22세,상해없음,승용,여,29세,경상
2018021500100249,2018년 2월 15일 13시,목요일,대구광역시 달서구 월성동,중상사고,0,1,0,0,차대사람 - 기타,안전운전불이행,건조,맑음,교차로 - 교차로부근,승용,여,35세,상해없음,보행자,여,87세,중상
2018021500100264,2018년 2월 15일 14시,목요일,대구광역시 달성군 화원읍,부상신고사고,0,0,0,1,차대차 - 기타,안전운전불이행,건조,맑음,주차장 - 주차장,승용,여,64세,상해없음,승합,남,45세,상해없음
2018021500100311,2018년 2월 15일 17시,목요일,대구광역시 동구 불로동,경상사고,0,0,1,1,차대차 - 측면충돌,교차로운행방법위반,건조,맑음,교차로 - 교차로안,승용,남,58세,부상신고,이륜,여,48세,경상
2018021500100312,2018년 2월 15일 17시,목요일,대구광역시 달서구 진천동,경상사고,0,0,1,0,차대차 - 기타,차로위반,건조,맑음,단일로 - 기타,승용,남,43세,상해없음,승합,남,40세,상해없음
2018021500100355,2018년 2월 15일 19시,목요일,대구광역시 서구 내당동,사망사고,1,0,0,0,차대차 - 측면충돌,안전운전불이행,건조,맑음,교차로 - 교차로부근,승용,여,28세,상해없음,자전거,남,45세,사망
2018021500100379,2018년 2월 15일 20시,목요일,대구광역시 중구 동성로2가,경상사고,0,0,1,0,차대사람 - 기타,안전운전불이행,건조,맑음,단일로 - 기타,기타불명,기타불명,미분류,기타불명,보행자,여,25세,경상
2018021500100405,2018년 2월 15일 21시,목요일,대구광역시 서구 비산동,경상사고,0,0,1,0,차대차 - 추돌,안전운전불이행,건조,맑음,단일로 - 기타,이륜,남,16세,상해없음,승합,남,42세,경상
2018021500100406,2018년 2월 15일 21시,목요일,대구광역시 달서구 신당동,경상사고,0,0,1,0,차대사람 - 기타,안전운전불이행,건조,맑음,단일로 - 기타,승용,남,25세,상해없음,보행자,남,48세,경상
2018021500100426,2018년 2월 15일 22시,목요일,대구광역시 북구 읍내동,경상사고,0,0,1,0,차대사람 - 횡단중,안전운전불이행,건조,기타,교차로 - 교차로부근,승용,남,56세,상해없음,보행자,여,52세,경상
2018021500100443,2018년 2월 15일 23시,목요일,대구광역시 서구 상리동,경상사고,0,0,1,0,차대사람 - 횡단중,안전운전불이행,건조,맑음,단일로 - 기타,승용,남,45세,상해없음,보행자,남,67세,경상
2018021600100006,2018년 2월 16일 00시,금요일,대구광역시 수성구 만촌동,부상신고사고,0,0,0,2,차대차 - 측면충돌,안전거리미확보,건조,맑음,단일로 - 기타,승용,남,75세,상해없음,승용,남,37세,부상신고
2018021600100019,2018년 2월 16일 02시,금요일,대구광역시 서구 평리동,경상사고,0,0,1,0,차대차 - 측면충돌,안전거리미확보,건조,맑음,단일로 - 기타,승용,남,57세,상해없음,이륜,남,17세,경상
2018021600100081,2018년 2월 16일 10시,금요일,대구광역시 남구 봉덕동,경상사고,0,0,3,0,차대차 - 측면충돌,안전운전불이행,건조,맑음,단일로 - 기타,승합,남,60세,상해없음,승용,남,56세,경상
2018021600100082,2018년 2월 16일 10시,금요일,대구광역시 북구 칠성동2가,경상사고,0,0,3,0,차대차 - 측면충돌,안전운전불이행,건조,맑음,교차로 - 교차로안,승용,남,67세,상해없음,승용,남,27세,경상
2018021600100123,2018년 2월 16일 12시,금요일,대구광역시 달서구 진천동,경상사고,0,0,1,0,차대사람 - 기타,안전운전불이행,건조,맑음,단일로 - 기타,승용,남,35세,상해없음,보행자,남,46세,경상
2018021600100124,2018년 2월 16일 12시,금요일,대구광역시 달성군 구지면,중상사고,0,1,4,0,차대차 - 측면충돌,직진우회전진행방해,건조,맑음,교차로 - 교차로안,승용,남,57세,상해없음,승용,남,30세,경상
2018021600100147,2018년 2월 16일 13시,금요일,대구광역시 서구 내당동,경상사고,0,0,1,0,차대차 - 측면충돌,차로위반,건조,맑음,단일로 - 기타,승용,남,28세,상해없음,승용,남,41세,상해없음
2018021600100174,2018년 2월 16일 14시,금요일,대구광역시 달서구 상인동,경상사고,0,0,1,0,차대사람 - 차도통행중,안전운전불이행,건조,맑음,기타 - 기타,승용,남,62세,상해없음,보행자,남,64세,경상
2018021600100191,2018년 2월 16일 15시,금요일,대구광역시 남구 봉덕동,경상사고,0,0,1,0,차대차 - 측면충돌,교차로운행방법위반,건조,맑음,교차로 - 교차로안,이륜,남,17세,경상,승용,여,52세,상해없음
2018021600100193,2018년 2월 16일 15시,금요일,대구광역시 동구 용계동,중상사고,0,2,0,0,차대차 - 측면충돌,교차로운행방법위반,건조,맑음,교차로 - 교차로부근,승용,남,43세,상해없음,승용,남,31세,중상
2018021600100217,2018년 2월 16일 16시,금요일,대구광역시 중구 삼덕동2가,중상사고,0,1,0,0,차대차 - 측면충돌,신호위반,건조,맑음,교차로 - 교차로안,이륜,남,22세,상해없음,이륜,남,58세,중상
2018021600100237,2018년 2월 16일 17시,금요일,대구광역시 달서구 신당동,중상사고,0,1,1,0,차대차 - 추돌,안전운전불이행,건조,맑음,단일로 - 기타,승용,여,56세,상해없음,승용,여,52세,경상
2018021600100257,2018년 2월 16일 18시,금요일,대구광역시 수성구 중동,경상사고,0,0,4,0,차대차 - 측면충돌,교차로운행방법위반,건조,맑음,교차로 - 교차로안,승용,남,56세,경상,승용,남,64세,경상
2018021600100270,2018년 2월 16일 19시,금요일,대구광역시 달서구 송현동,경상사고,0,0,2,0,차대차 - 측면충돌,직진우회전진행방해,건조,맑음,교차로 - 교차로안,이륜,남,24세,경상,승용,남,66세,상해없음
2018021600100298,2018년 2월 16일 20시,금요일,대구광역시 수성구 범물동,중상사고,0,1,4,0,차대차 - 추돌,안전운전불이행,건조,맑음,단일로 - 기타,승용,남,53세,상해없음,승용,여,60세,경상
2018021600100299,2018년 2월 16일 20시,금요일,대구광역시 달서구 진천동,중상사고,0,2,0,0,차대차 - 추돌,안전운전불이행,건조,맑음,단일로 - 기타,승용,남,47세,상해없음,승용,남,33세,중상
2018021600100343,2018년 2월 16일 23시,금요일,대구광역시 달서구 두류동,경상사고,0,0,1,0,차대사람 - 기타,안전운전불이행,건조,맑음,단일로 - 기타,승용,남,28세,상해없음,보행자,남,58세,경상
2018021600100344,2018년 2월 16일 23시,금요일,대구광역시 달서구 성당동,중상사고,0,1,1,0,차대차 - 기타,신호위반,건조,맑음,교차로 - 교차로안,승용,남,53세,상해없음,승용,남,62세,중상
2018021700100012,2018년 2월 17일 00시,토요일,대구광역시 서구 내당동,경상사고,0,0,1,0,차대차 - 측면충돌,안전운전불이행,건조,맑음,단일로 - 기타,승용,남,46세,상해없음,승용,남,40세,상해없음
2018021700100013,2018년 2월 17일 00시,토요일,대구광역시 북구 동천동,경상사고,0,0,1,0,차대사람 - 기타,안전운전불이행,건조,맑음,단일로 - 기타,승용,남,33세,상해없음,보행자,남,22세,경상
2018021700100032,2018년 2월 17일 02시,토요일,대구광역시 서구 평리동,경상사고,0,0,2,0,차대차 - 측면충돌,안전운전불이행,건조,맑음,교차로 - 교차로부근,승용,남,27세,상해없음,승용,남,59세,경상
2018021700100047,2018년 2월 17일 03시,토요일,대구광역시 중구 삼덕동1가,경상사고,0,0,1,0,차대사람 - 길가장자리구역통행중,안전운전불이행,건조,맑음,단일로 - 기타,승용,남,35세,상해없음,보행자,남,19세,경상
2018021700100054,2018년 2월 17일 04시,토요일,대구광역시 중구 삼덕동1가,부상신고사고,0,0,0,1,차대사람 - 기타,안전운전불이행,건조,맑음,단일로 - 기타,승용,남,26세,상해없음,보행자,여,24세,부상신고
2018021700100055,2018년 2월 17일 04시,토요일,대구광역시 북구 구암동,경상사고,0,0,2,0,차량단독 - 기타,안전운전불이행,건조,맑음,단일로 - 기타,승용,남,50세,기타불명,,,,
2018021700100061,2018년 2월 17일 05시,토요일,대구광역시 북구 대현동,경상사고,0,0,2,0,차대차 - 정면충돌,신호위반,건조,맑음,교차로 - 교차로안,승용,남,28세,경상,승합,남,36세,경상
2018021700100132,2018년 2월 17일 12시,토요일,대구광역시 남구 대명동,부상신고사고,0,0,0,1,차대차 - 측면충돌,불법유턴,건조,맑음,단일로 - 기타,자전거,남,67세,부상신고,이륜,남,70세,상해없음
2018021700100146,2018년 2월 17일 13시,토요일,대구광역시 동구 대림동,경상사고,0,0,3,0,차대차 - 측면충돌,신호위반,건조,맑음,교차로 - 교차로안,승용,여,27세,상해없음,승용,여,38세,경상
2018021700100147,2018년 2월 17일 13시,토요일,대구광역시 중구 대안동,부상신고사고,0,0,0,1,차대차 - 측면충돌,신호위반,건조,맑음,교차로 - 교차로부근,자전거,남,79세,부상신고,승용,남,59세,상해없음
2018021700100167,2018년 2월 17일 14시,토요일,대구광역시 달성군 화원읍,경상사고,0,0,1,1,차대차 - 기타,안전운전불이행,건조,맑음,단일로 - 기타,이륜,남,21세,부상신고,승용,남,44세,경상
2018021700100168,2018년 2월 17일 14시,토요일,대구광역시 북구 침산동,경상사고,0,0,1,0,차대차 - 추돌,안전운전불이행,건조,맑음,단일로 - 지하차도(도로)내,승용,남,67세,상해없음,승용,남,41세,경상
2018021700100169,2018년 2월 17일 14시,토요일,대구광역시 중구 공평동,부상신고사고,0,0,0,1,차대차 - 측면충돌,안전거리미확보,건조,맑음,단일로 - 기타,이륜,남,26세,부상신고,승합,남,51세,상해없음
2018021700100189,2018년 2월 17일 15시,토요일,대구광역시 동구 신암동,경상사고,0,0,1,0,차대차 - 측면충돌,교차로운행방법위반,건조,맑음,교차로 - 교차로안,승용,남,57세,상해없음,승용,남,28세,경상
2018021700100206,2018년 2월 17일 16시,토요일,대구광역시 동구 신서동,경상사고,0,0,1,1,차대차 - 측면충돌,안전거리미확보,건조,맑음,단일로 - 기타,승용,여,29세,부상신고,승용,여,46세,경상
2018021700100207,2018년 2월 17일 16시,토요일,대구광역시 달서구 도원동,경상사고,0,0,1,0,차대차 - 측면충돌,안전운전불이행,건조,맑음,교차로 - 교차로안,승용,남,54세,상해없음,승용,남,58세,경상
2018021700100208,2018년 2월 17일 16시,토요일,대구광역시 달성군 가창면,경상사고,0,0,1,0,차대차 - 기타,안전거리미확보,건조,맑음,단일로 - 기타,승용,남,59세,상해없음,승용,남,40세,경상
2018021700100209,2018년 2월 17일 16시,토요일,대구광역시 중구 태평로3가,중상사고,0,1,0,0,차대차 - 측면충돌,안전거리미확보,건조,맑음,교차로 - 교차로부근,승용,여,45세,상해없음,이륜,남,63세,중상
2018021700100210,2018년 2월 17일 16시,토요일,대구광역시 중구 달성동,부상신고사고,0,0,0,1,차대차 - 측면충돌,안전운전불이행,건조,맑음,교차로 - 교차로부근,자전거,남,65세,부상신고,승용,남,73세,상해없음
2018021700100234,2018년 2월 17일 17시,토요일,대구광역시 동구 신기동,경상사고,0,0,4,0,차대차 - 측면충돌,안전운전불이행,건조,맑음,교차로 - 교차로안,승용,남,43세,상해없음,승용,여,27세,경상
2018021700100254,2018년 2월 17일 18시,토요일,대구광역시 달서구 월성동,중상사고,0,1,1,0,차대차 - 추돌,안전운전불이행,건조,맑음,교차로 - 교차로안,화물,남,64세,중상,승용,남,47세,경상
2018021700100255,2018년 2월 17일 18시,토요일,대구광역시 중구 수창동,경상사고,0,0,1,0,차대차 - 측면충돌,안전거리미확보,건조,맑음,교차로 - 교차로부근,이륜,남,42세,상해없음,승용,남,63세,경상
2018021700100284,2018년 2월 17일 19시,토요일,대구광역시 달서구 송현동,경상사고,0,0,1,0,차대사람 - 기타,신호위반,건조,맑음,교차로 - 교차로횡단보도내,승용,남,57세,상해없음,보행자,남,44세,경상
2018021700100285,2018년 2월 17일 19시,토요일,대구광역시 북구 산격동,경상사고,0,0,1,0,차대사람 - 횡단중,안전운전불이행,건조,맑음,교차로 - 교차로횡단보도내,승용,남,55세,상해없음,보행자,여,28세,경상
2018021700100286,2018년 2월 17일 19시,토요일,대구광역시 달서구 신당동,중상사고,0,1,0,0,차대사람 - 기타,안전운전불이행,건조,맑음,단일로 - 기타,승용,남,37세,상해없음,보행자,남,60세,중상
2018021700100319,2018년 2월 17일 20시,토요일,대구광역시 북구 복현동,중상사고,0,1,0,0,차대차 - 기타,안전운전불이행,건조,맑음,단일로 - 기타,승용,남,62세,상해없음,원동기,남,30세,중상
2018021700100341,2018년 2월 17일 21시,토요일,대구광역시 중구 공평동,경상사고,0,0,1,0,차대차 - 측면충돌,안전운전불이행,건조,맑음,단일로 - 기타,이륜,남,25세,상해없음,승용,남,27세,상해없음
2018021700100342,2018년 2월 17일 21시,토요일,대구광역시 달서구 성당동,부상신고사고,0,0,0,2,차대차 - 기타,안전운전불이행,건조,맑음,단일로 - 기타,승용,남,64세,부상신고,이륜,남,17세,부상신고
2018021700100366,2018년 2월 17일 22시,토요일,대구광역시 중구 대봉동,중상사고,0,1,0,0,차대사람 - 차도통행중,신호위반,건조,맑음,단일로 - 기타,승용,남,29세,상해없음,보행자,여,47세,중상
2018021800100021,2018년 2월 18일 01시,일요일,대구광역시 동구 효목동,경상사고,0,0,1,0,차대차 - 기타,안전거리미확보,건조,맑음,단일로 - 기타,승용,남,64세,상해없음,승용,남,59세,상해없음
2018021800100022,2018년 2월 18일 01시,일요일,대구광역시 동구 방촌동,중상사고,0,1,2,0,차대차 - 측면충돌,안전거리미확보,건조,맑음,교차로 - 교차로부근,승용,남,53세,상해없음,승용,남,45세,경상
2018021800100023,2018년 2월 18일 01시,일요일,대구광역시 북구 칠성동2가,경상사고,0,0,2,0,차대차 - 측면충돌,안전운전불이행,건조,맑음,단일로 - 기타,승용,남,45세,상해없음,승용,남,51세,경상
2018021800100052,2018년 2월 18일 03시,일요일,대구광역시 북구 칠성동1가,경상사고,0,0,1,0,차대차 - 기타,안전운전불이행,건조,맑음,단일로 - 고가도로위,승용,남,24세,상해없음,승용,남,65세,상해없음
2018021800100060,2018년 2월 18일 04시,일요일,대구광역시 수성구 중동,경상사고,0,0,2,0,차대차 - 측면충돌,신호위반,건조,맑음,교차로 - 교차로안,승용,여,59세,상해없음,승용,남,52세,경상
2018021800100061,2018년 2월 18일 04시,일요일,대구광역시 북구 침산동,경상사고,0,0,1,0,차량단독 - 기타,안전운전불이행,건조,맑음,단일로 - 기타,승용,남,33세,상해없음,,,,
2018021800100101,2018년 2월 18일 09시,일요일,대구광역시 동구 신천동,경상사고,0,0,1,0,차대차 - 측면충돌,안전운전불이행,건조,맑음,단일로 - 기타,승용,남,68세,상해없음,승합,남,58세,상해없음
2018021800100126,2018년 2월 18일 11시,일요일,대구광역시 동구 진인동,경상사고,0,0,2,0,차대차 - 측면충돌,안전운전불이행,건조,맑음,교차로 - 교차로안,승합,남,59세,상해없음,승용,남,75세,경상
2018021800100158,2018년 2월 18일 13시,일요일,대구광역시 달서구 두류동,경상사고,0,0,1,1,차대차 - 기타,안전운전불이행,건조,맑음,단일로 - 기타,이륜,남,32세,상해없음,승용,남,66세,부상신고
2018021800100173,2018년 2월 18일 14시,일요일,대구광역시 동구 신암동,경상사고,0,0,2,0,차대차 - 측면충돌,신호위반,건조,맑음,교차로 - 교차로안,승용,남,70세,상해없음,승용,남,63세,경상
2018021800100214,2018년 2월 18일 16시,일요일,대구광역시 동구 봉무동,경상사고,0,0,1,0,차대차 - 측면충돌,안전거리미확보,건조,맑음,단일로 - 기타,승용,남,50세,상해없음,이륜,남,32세,경상
2018021800100215,2018년 2월 18일 16시,일요일,대구광역시 달서구 상인동,중상사고,0,1,0,0,차대차 - 측면충돌,안전운전불이행,건조,맑음,단일로 - 기타,승용,남,69세,상해없음,원동기,남,19세,중상
2018021800100232,2018년 2월 18일 17시,일요일,대구광역시 서구 비산동,중상사고,0,1,0,0,차대차 - 측면충돌,신호위반,건조,맑음,단일로 - 기타,승용,여,52세,상해없음,자전거,남,9세,중상
2018021800100245,2018년 2월 18일 18시,일요일,대구광역시 중구 남산동,경상사고,0,0,1,1,차대차 - 측면충돌,안전운전불이행,건조,맑음,단일로 - 기타,승용,남,59세,부상신고,승용,남,40세,경상
2018021800100267,2018년 2월 18일 19시,일요일,대구광역시 남구 대명동,부상신고사고,0,0,0,1,차대사람 - 기타,안전운전불이행,건조,맑음,단일로 - 기타,승용,남,50세,상해없음,보행자,남,59세,부상신고
2018021800100268,2018년 2월 18일 19시,일요일,대구광역시 달서구 송현동,경상사고,0,0,2,0,차대차 - 측면충돌,안전운전불이행,건조,맑음,단일로 - 기타,승용,남,56세,상해없음,승용,남,29세,경상