사고번호,사고일시,요일,시군구,사고내용,사망자수,중상자수,경상자수,부상신고자수,사고유형,법규위반,노면상태,기상상태,도로형태,가해운전자 차종,가해운전자 성별,가해운전자 연령,가해운전자 상해정도,피해운전자 차종,피해운전자 성별,피해운전자 연령,피해운전자 상해정도
2018022200100484,2018년 2월 22일 20시,목요일,대구광역시 서구 비산동,중상사고,0,1,0,0,차대사람 - 횡단중,안전운전불이행,건조,맑음,단일로 - 기타,이륜,남,63세,상해없음,보행자,여,66세,중상
2018022200100517,2018년 2월 22일 21시,목요일,대구광역시 남구 대명동,경상사고,0,0,2,0,차대사람 - 횡단중,보행자보호의무위반,건조,맑음,교차로 - 교차로횡단보도내,승용,남,67세,상해없음,보행자,남,25세,경상
2018022200100518,2018년 2월 22일 21시,목요일,대구광역시 북구 읍내동,경상사고,0,0,1,0,차대사람 - 기타,안전운전불이행,건조,맑음,단일로 - 기타,승용,여,39세,상해없음,보행자,여,60세,경상
2018022200100559,2018년 2월 22일 22시,목요일,대구광역시 달성군 현풍읍,중상사고,0,1,0,0,차대차 - 기타,과속,건조,맑음,단일로 - 기타,승용,여,33세,중상,화물,남,55세,상해없음
2018022200100583,2018년 2월 22일 23시,목요일,대구광역시 남구 대명동,경상사고,0,0,1,0,차대사람 - 차도통행중,안전운전불이행,건조,맑음,단일로 - 기타,승용,남,35세,상해없음,보행자,남,43세,경상
2018022200100584,2018년 2월 22일 23시,목요일,대구광역시 동구 방촌동,부상신고사고,0,0,0,1,차대차 - 측면충돌,교차로운행방법위반,건조,맑음,교차로 - 교차로안,승용,여,67세,상해없음,이륜,남,18세,부상신고
2018022200100585,2018년 2월 22일 23시,목요일,대구광역시 달성군 구지면,중상사고,0,2,0,0,차대사람 - 횡단중,안전운전불이행,건조,맑음,단일로 - 기타,승용,남,39세,상해없음,보행자,남,46세,중상
2018022300100039,2018년 2월 23일 01시,금요일,대구광역시 수성구 범물동,중상사고,0,1,2,0,차대차 - 추돌,안전운전불이행,건조,맑음,교차로 - 교차로부근,승용,남,43세,상해없음,승용,남,39세,중상
2018022300100048,2018년 2월 23일 02시,금요일,대구광역시 수성구 만촌동,중상사고,0,1,1,0,차대차 - 측면충돌,안전운전불이행,건조,맑음,교차로 - 교차로안,승용,남,56세,상해없음,승용,남,59세,중상
2018022300100060,2018년 2월 23일 04시,금요일,대구광역시 북구 관음동,경상사고,0,0,1,0,차대차 - 기타,교차로운행방법위반,건조,맑음,교차로 - 교차로안,이륜,남,24세,경상,화물,남,25세,상해없음
2018022300100072,2018년 2월 23일 05시,금요일,대구광역시 서구 평리동,경상사고,0,0,1,0,차량단독 - 기타,안전운전불이행,건조,맑음,단일로 - 기타,승용,남,63세,상해없음,,,,
2018022300100118,2018년 2월 23일 07시,금요일,대구광역시 북구 복현동,경상사고,0,0,1,0,차대차 - 측면충돌,안전운전불이행,건조,맑음,교차로 - 교차로안,이륜,남,41세,경상,승용,남,58세,상해없음
2018022300100222,2018년 2월 23일 10시,금요일,대구광역시 동구 신서동,부상신고사고,0,0,0,1,차대사람 - 기타,안전운전불이행,건조,맑음,단일로 - 기타,승합,남,57세,상해없음,보행자,여,68세,부상신고
2018022300100223,2018년 2월 23일 10시,금요일,대구광역시 달서구 상인동,경상사고,0,0,3,0,차대차 - 추돌,안전운전불이행,건조,맑음,교차로 - 교차로부근,승용,여,50세,상해없음,승용,남,55세,경상
2018022300100224,2018년 2월 23일 10시,금요일,대구광역시 서구 중리동,중상사고,0,1,0,0,차대사람 - 차도통행중,중앙선침범,건조,맑음,단일로 - 기타,화물,남,42세,상해없음,보행자,여,47세,중상
2018022300100225,2018년 2월 23일 10시,금요일,대구광역시 달서구 이곡동,경상사고,0,0,1,0,차대사람 - 차도통행중,안전운전불이행,건조,맑음,기타 - 기타,화물,남,33세,상해없음,보행자,남,47세,경상
2018022300100266,2018년 2월 23일 11시,금요일,대구광역시 달성군 다사읍,중상사고,0,1,0,0,차대차 - 기타,신호위반,건조,맑음,단일로 - 기타,승용,남,69세,상해없음,자전거,여,49세,중상
2018022300100267,2018년 2월 23일 11시,금요일,대구광역시 북구 국우동,경상사고,0,0,2,0,차대차 - 추돌,안전운전불이행,건조,맑음,교차로 - 교차로부근,화물,남,54세,상해없음,승용,여,52세,경상
2018022300100328,2018년 2월 23일 14시,금요일,대구광역시 달서구 본동,경상사고,0,0,1,0,차대차 - 측면충돌,안전거리미확보,건조,맑음,단일로 - 기타,승용,남,61세,상해없음,승용,여,59세,경상
2018022300100354,2018년 2월 23일 15시,금요일,대구광역시 동구 신암동,경상사고,0,0,1,0,차대차 - 추돌,안전거리미확보,건조,맑음,교차로 - 교차로부근,승합,남,75세,상해없음,승용,여,51세,경상
2018022300100355,2018년 2월 23일 15시,금요일,대구광역시 달서구 도원동,중상사고,0,1,0,0,차대사람 - 기타,안전운전불이행,건조,맑음,단일로 - 기타,승합,남,52세,상해없음,보행자,여,83세,중상
2018022300100356,2018년 2월 23일 15시,금요일,대구광역시 달서구 두류동,경상사고,0,0,1,0,차대사람 - 기타,안전운전불이행,건조,맑음,단일로 - 기타,화물,남,52세,상해없음,보행자,여,62세,경상
2018022300100410,2018년 2월 23일 17시,금요일,대구광역시 달서구 진천동,경상사고,0,0,1,0,차대차 - 후진중충돌,안전운전불이행,건조,맑음,단일로 - 기타,화물,남,63세,상해없음,승용,여,51세,경상
2018022300100411,2018년 2월 23일 17시,금요일,대구광역시 달서구 상인동,경상사고,0,0,1,0,차대차 - 추돌,안전운전불이행,건조,맑음,교차로 - 교차로부근,승용,여,33세,상해없음,승용,여,51세,경상
2018022300100443,2018년 2월 23일 18시,금요일,대구광역시 달서구 대곡동,경상사고,0,0,1,0,차대차 - 추돌,안전거리미확보,건조,맑음,교차로 - 교차로부근,승용,남,45세,상해없음,승용,여,47세,경상
2018022300100444,2018년 2월 23일 18시,금요일,대구광역시 달서구 두류동,부상신고사고,0,0,0,1,차량단독 - 기타,안전운전불이행,젖음/습기,맑음,단일로 - 기타,이륜,여,55세,부상신고,,,,
2018022300100489,2018년 2월 23일 19시,금요일,대구광역시 동구 지저동,경상사고,0,0,1,0,차대차 - 추돌,안전운전불이행,건조,맑음,단일로 - 기타,승용,남,58세,상해없음,승용,남,32세,경상
2018022300100490,2018년 2월 23일 19시,금요일,대구광역시 달서구 상인동,경상사고,0,0,1,0,차대차 - 측면충돌,안전거리미확보,건조,맑음,단일로 - 기타,화물,남,39세,상해없음,이륜,남,48세,경상
2018022300100491,2018년 2월 23일 19시,금요일,대구광역시 북구 동천동,부상신고사고,0,0,0,1,차대차 - 기타,안전운전불이행,건조,맑음,교차로 - 교차로부근,이륜,남,16세,부상신고,승용,남,43세,기타불명
2018022300100523,2018년 2월 23일 20시,금요일,대구광역시 북구 산격동,경상사고,0,0,2,0,차대차 - 기타,안전거리미확보,건조,맑음,단일로 - 기타,승용,여,20세,경상,승용,남,23세,경상
2018022300100524,2018년 2월 23일 20시,금요일,대구광역시 달서구 이곡동,경상사고,0,0,1,0,차대사람 - 보도통행중,안전운전불이행,건조,맑음,주차장 - 주차장,승용,남,78세,상해없음,보행자,남,54세,경상
2018022300100525,2018년 2월 23일 20시,금요일,대구광역시 달서구 감삼동,경상사고,0,0,2,0,차대차 - 측면충돌,안전거리미확보,건조,맑음,단일로 - 기타,승용,남,51세,상해없음,승용,남,33세,경상
2018022300100562,2018년 2월 23일 21시,금요일,대구광역시 남구 대명동,경상사고,0,0,2,0,차대차 - 측면충돌,안전운전불이행,건조,맑음,교차로 - 교차로안,화물,남,67세,상해없음,승용,남,34세,경상
2018022300100563,2018년 2월 23일 21시,금요일,대구광역시 달성군 다사읍,경상사고,0,0,1,0,차대차 - 추돌,안전운전불이행,건조,맑음,주차장 - 주차장,승용,남,43세,상해없음,승용,남,31세,경상
2018022300100564,2018년 2월 23일 21시,금요일,대구광역시 북구 침산동,부상신고사고,0,0,0,1,차대차 - 측면충돌,안전운전불이행,건조,맑음,단일로 - 기타,승용,남,69세,부상신고,승용,남,27세,기타불명
2018022300100597,2018년 2월 23일 22시,금요일,대구광역시 남구 대명동,경상사고,0,0,2,0,차대차 - 측면충돌,안전운전불이행,건조,맑음,단일로 - 지하차도(도로)내,승용,여,27세,상해없음,승용,남,30세,경상
2018022300100598,2018년 2월 23일 22시,금요일,대구광역시 동구 입석동,부상신고사고,0,0,0,1,차대차 - 측면충돌,안전운전불이행,건조,맑음,교차로 - 교차로횡단보도내,자전거,남,25세,부상신고,승용,남,18세,상해없음
2018022300100599,2018년 2월 23일 22시,금요일,대구광역시 북구 동천동,중상사고,0,1,1,0,차대사람 - 횡단중,안전운전불이행,건조,맑음,단일로 - 기타,이륜,남,17세,경상,보행자,남,14세,중상
2018022300100600,2018년 2월 23일 22시,금요일,대구광역시 북구 구암동,경상사고,0,0,1,0,차대차 - 기타,교차로운행방법위반,건조,맑음,교차로 - 교차로안,승용,남,43세,상해없음,이륜,남,21세,경상
2018022300100601,2018년 2월 23일 22시,금요일,대구광역시 북구 태전동,경상사고,0,0,1,0,차대차 - 측면충돌,신호위반,건조,맑음,교차로 - 교차로안,승용,남,59세,상해없음,이륜,남,35세,경상
2018022300100633,2018년 2월 23일 23시,금요일,대구광역시 수성구 범어동,경상사고,0,0,1,0,차대차 - 측면충돌,신호위반,건조,맑음,교차로 - 교차로안,승용,남,47세,상해없음,승용,남,56세,경상
2018022300100634,2018년 2월 23일 23시,금요일,대구광역시 중구 삼덕동3가,경상사고,0,0,1,0,차량단독 - 기타,안전운전불이행,건조,맑음,단일로 - 기타,승용,남,51세,상해없음,,,,
2018022300100635,2018년 2월 23일 23시,금요일,대구광역시 달서구 두류동,경상사고,0,0,1,0,차대차 - 기타,안전운전불이행,건조,맑음,단일로 - 기타,승용,남,31세,상해없음,이륜,남,28세,경상
2018022400100013,2018년 2월 24일 00시,토요일,대구광역시 수성구 중동,경상사고,0,0,2,0,차대차 - 측면충돌,교차로운행방법위반,건조,맑음,교차로 - 교차로안,승용,남,58세,상해없음,승용,남,29세,경상
2018022400100014,2018년 2월 24일 00시,토요일,대구광역시 북구 노원동2가,경상사고,0,0,1,0,차대차 - 측면충돌,안전운전불이행,건조,맑음,단일로 - 기타,승용,남,49세,상해없음,승용,남,25세,경상
2018022400100045,2018년 2월 24일 02시,토요일,대구광역시 동구 신천동,경상사고,0,0,1,0,차대차 - 후진중충돌,안전운전불이행,건조,맑음,교차로 - 교차로부근,승용,남,39세,상해없음,승용,여,44세,경상
2018022400100056,2018년 2월 24일 03시,토요일,대구광역시 중구 대봉동,경상사고,0,0,1,0,차대사람 - 차도통행중,안전운전불이행,건조,맑음,단일로 - 기타,승용,남,38세,상해없음,보행자,남,24세,경상
2018022400100079,2018년 2월 24일 05시,토요일,대구광역시 중구 삼덕동1가,경상사고,0,0,2,0,차대차 - 추돌,안전거리미확보,건조,맑음,단일로 - 기타,승용,남,71세,상해없음,승용,남,74세,경상
2018022400100098,2018년 2월 24일 06시,토요일,대구광역시 북구 침산동,중상사고,0,1,0,0,차대사람 - 횡단중,신호위반,건조,맑음,교차로 - 교차로횡단보도내,화물,남,69세,상해없음,보행자,여,76세,중상
2018022400100099,2018년 2월 24일 06시,토요일,대구광역시 북구 읍내동,경상사고,0,0,1,0,차대차 - 기타,안전운전불이행,건조,맑음,단일로 - 기타,화물,남,55세,상해없음,이륜,남,23세,경상
2018022400100128,2018년 2월 24일 08시,토요일,대구광역시 남구 대명동,경상사고,0,0,2,0,차대차 - 측면충돌,안전운전불이행,건조,맑음,교차로 - 교차로부근,승용,남,25세,상해없음,승용,남,61세,경상
2018022400100129,2018년 2월 24일 08시,토요일,대구광역시 달서구 이곡동,중상사고,0,1,0,0,차대차 - 측면충돌,차로위반,건조,맑음,단일로 - 기타,승용,여,55세,상해없음,이륜,남,59세,중상
2018022400100130,2018년 2월 24일 08시,토요일,대구광역시 달서구 성당동,중상사고,0,1,0,0,차대차 - 추돌,안전운전불이행,건조,맑음,단일로 - 기타,화물,남,62세,상해없음,승용,여,50세,중상
2018022400100152,2018년 2월 24일 09시,토요일,대구광역시 달서구 호산동,중상사고,0,1,0,0,차대차 - 측면충돌,안전운전불이행,건조,맑음,단일로 - 기타,승용,남,20세,상해없음,자전거,남,63세,중상
2018022400100178,2018년 2월 24일 10시,토요일,대구광역시 동구 신암동,경상사고,0,0,2,0,차대차 - 측면충돌,안전운전불이행,건조,맑음,단일로 - 기타,승용,여,62세,상해없음,화물,남,79세,경상
2018022400100179,2018년 2월 24일 10시,토요일,대구광역시 달서구 월성동,중상사고,0,1,0,0,차대차 - 측면충돌,교차로운행방법위반,건조,맑음,교차로 - 교차로부근,승용,여,71세,상해없음,승용,남,59세,중상
2018022400100207,2018년 2월 24일 11시,토요일,대구광역시 동구 효목동,경상사고,0,0,1,0,차대차 - 추돌,안전운전불이행,건조,맑음,단일로 - 지하차도(도로)내,승용,남,66세,상해없음,승용,여,39세,경상
2018022400100208,2018년 2월 24일 11시,토요일,대구광역시 수성구 범물동,경상사고,0,0,1,0,차대차 - 측면충돌,신호위반,건조,맑음,교차로 - 교차로안,승용,여,57세,상해없음,승용,여,57세,경상
2018022400100231,2018년 2월 24일 12시,토요일,대구광역시 동구 검사동,경상사고,0,0,1,1,차대차 - 기타,안전운전불이행,건조,맑음,기타 - 기타,자전거,남,11세,부상신고,자전거,남,64세,경상
2018022400100232,2018년 2월 24일 12시,토요일,대구광역시 달서구 두류동,경상사고,0,0,1,0,차대차 - 후진중충돌,안전운전불이행,건조,맑음,기타 - 기타,화물,남,53세,상해없음,승용,여,28세,경상
2018022400100263,2018년 2월 24일 13시,토요일,대구광역시 달서구 진천동,경상사고,0,0,1,0,차대사람 - 기타,기타,건조,맑음,교차로 - 교차로부근,승용,남,39세,상해없음,보행자,남,31세,경상
2018022400100264,2018년 2월 24일 13시,토요일,대구광역시 달성군 현풍읍,중상사고,0,2,0,0,차대차 - 추돌,안전운전불이행,건조,맑음,단일로 - 기타,승용,남,39세,상해없음,승용,여,37세,중상
2018022400100312,2018년 2월 24일 15시,토요일,대구광역시 중구 인교동,경상사고,0,0,1,0,차대차 - 기타,차로위반,건조,맑음,단일로 - 기타,승용,남,75세,상해없음,이륜,남,53세,경상
2018022400100313,2018년 2월 24일 15시,토요일,대구광역시 달서구 감삼동,중상사고,0,1,0,0,차대차 - 추돌,안전운전불이행,건조,맑음,단일로 - 기타,이륜,남,26세,중상,승용,여,53세,상해없음
2018022400100371,2018년 2월 24일 17시,토요일,대구광역시 동구 방촌동,경상사고,0,0,1,0,차대사람 - 기타,안전운전불이행,건조,맑음,단일로 - 기타,승용,여,25세,상해없음,보행자,여,83세,경상
2018022400100372,2018년 2월 24일 17시,토요일,대구광역시 달성군 현풍읍,경상사고,0,0,2,0,차대차 - 기타,안전운전불이행,건조,맑음,기타 - 기타,화물,남,54세,상해없음,승용,여,26세,경상
2018022400100394,2018년 2월 24일 18시,토요일,대구광역시 달성군 다사읍,중상사고,0,1,0,0,차대사람 - 횡단중,안전운전불이행,건조,맑음,교차로 - 교차로횡단보도내,승용,남,45세,상해없음,보행자,남,73세,중상
2018022400100395,2018년 2월 24일 18시,토요일,대구광역시 서구 평리동,중상사고,0,2,0,0,차대차 - 측면충돌,신호위반,건조,맑음,교차로 - 교차로안,승용,남,48세,상해없음,승용,남,41세,중상
2018022400100396,2018년 2월 24일 18시,토요일,대구광역시 달서구 신당동,경상사고,0,0,1,0,차대차 - 측면충돌,안전운전불이행,건조,맑음,교차로 - 교차로부근,승용,남,49세,상해없음,이륜,남,19세,경상
2018022400100397,2018년 2월 24일 18시,토요일,대구광역시 달서구 호림동,경상사고,0,0,1,0,차대차 - 측면충돌,안전운전불이행,건조,맑음,단일로 - 기타,승용,남,37세,상해없음,원동기,남,29세,경상
2018022400100398,2018년 2월 24일 18시,토요일,대구광역시 북구 학정동,경상사고,0,0,1,0,차대차 - 기타,안전운전불이행,건조,맑음,단일로 - 기타,승용,남,55세,상해없음,자전거,남,13세,경상
2018022400100425,2018년 2월 24일 19시,토요일,대구광역시 수성구 신매동,중상사고,0,1,0,0,차대차 - 측면충돌,교차로운행방법위반,건조,맑음,교차로 - 교차로부근,승용,여,57세,상해없음,이륜,남,21세,중상
2018022400100426,2018년 2월 24일 19시,토요일,대구광역시 달서구 월성동,경상사고,0,0,4,0,차대차 - 측면충돌,안전운전불이행,건조,맑음,교차로 - 교차로부근,승용,여,35세,상해없음,승용,남,19세,경상
2018022400100427,2018년 2월 24일 19시,토요일,대구광역시 달서구 용산동,부상신고사고,0,0,0,1,차대차 - 측면충돌,안전거리미확보,건조,맑음,교차로 - 교차로부근,승용,남,74세,상해없음,원동기,남,24세,부상신고
2018022400100428,2018년 2월 24일 19시,토요일,대구광역시 북구 읍내동,중상사고,0,1,0,0,차대차 - 측면충돌,교차로운행방법위반,건조,맑음,교차로 - 교차로횡단보도내,승용,남,36세,상해없음,승용,남,27세,중상
2018022400100451,2018년 2월 24일 20시,토요일,대구광역시 동구 신암동,부상신고사고,0,0,0,1,차대사람 - 길가장자리구역통행중,안전운전불이행,건조,맑음,단일로 - 기타,기타불명,기타불명,미분류,기타불명,보행자,남,62세,부상신고
2018022400100469,2018년 2월 24일 21시,토요일,대구광역시 중구 공평동,경상사고,0,0,1,0,차대사람 - 길가장자리구역통행중,안전운전불이행,건조,맑음,단일로 - 기타,승용,남,26세,상해없음,보행자,남,26세,경상
2018022400100470,2018년 2월 24일 21시,토요일,대구광역시 북구 태전동,부상신고사고,0,0,0,1,차대차 - 측면충돌,안전운전불이행,건조,맑음,교차로 - 교차로부근,원동기,남,68세,부상신고,승용,남,56세,상해없음
2018022400100518,2018년 2월 24일 23시,토요일,대구광역시 남구 봉덕동,중상사고,0,1,0,0,차대사람 - 횡단중,신호위반,건조,맑음,단일로 - 지하차도(도로)내,승용,남,69세,상해없음,보행자,남,62세,중상
2018022400100519,2018년 2월 24일 23시,토요일,대구광역시 남구 이천동,경상사고,0,0,2,0,차대차 - 측면충돌,교차로운행방법위반,건조,맑음,교차로 - 교차로안,승용,남,41세,상해없음,승용,남,53세,경상
2018022500100010,2018년 2월 25일 00시,일요일,대구광역시 동구 신서동,중상사고,0,1,0,0,차대사람 - 횡단중,안전운전불이행,건조,맑음,교차로 - 교차로횡단보도내,승용,여,47세,상해없음,보행자,여,63세,중상
2018022500100011,2018년 2월 25일 00시,일요일,대구광역시 달성군 다사읍,사망사고,1,0,0,0,차대차 - 추돌,안전운전불이행,건조,맑음,단일로 - 기타,원동기,남,45세,사망,화물,남,55세,상해없음
2018022500100012,2018년 2월 25일 00시,일요일,대구광역시 북구 태전동,경상사고,0,0,2,0,차대차 - 기타,안전거리미확보,건조,맑음,단일로 - 기타,화물,남,43세,상해없음,승용,남,55세,상해없음
2018022500100027,2018년 2월 25일 01시,일요일,대구광역시 남구 대명동,경상사고,0,0,2,0,차대차 - 측면충돌,안전거리미확보,건조,맑음,단일로 - 기타,승용,남,49세,상해없음,승용,남,26세,경상
2018022500100028,2018년 2월 25일 01시,일요일,대구광역시 수성구 수성동4가,중상사고,0,1,0,0,차대사람 - 횡단중,안전운전불이행,건조,맑음,교차로 - 교차로부근,승용,여,39세,상해없음,보행자,남,29세,중상
2018022500100051,2018년 2월 25일 03시,일요일,대구광역시 수성구 두산동,경상사고,0,0,1,0,차대차 - 정면충돌,중앙선침범,건조,맑음,교차로 - 교차로부근,승용,여,33세,상해없음,승용,남,28세,경상
2018022500100052,2018년 2월 25일 03시,일요일,대구광역시 북구 고성동3가,중상사고,0,1,2,0,차대차 - 측면충돌,안전거리미확보,건조,맑음,교차로 - 교차로부근,승용,남,55세,경상,원동기,남,17세,중상
2018022500100053,2018년 2월 25일 03시,일요일,대구광역시 서구 내당동,사망사고,1,1,0,0,차대차 - 정면충돌,신호위반,건조,맑음,교차로 - 교차로안,이륜,남,25세,사망,승용,남,70세,중상
2018022500100069,2018년 2월 25일 05시,일요일,대구광역시 달성군 유가읍,사망사고,1,0,1,0,차대차 - 측면충돌,신호위반,건조,맑음,교차로 - 교차로안,원동기,남,31세,사망,승용,남,43세,경상
2018022500100081,2018년 2월 25일 06시,일요일,대구광역시 달서구 상인동,중상사고,0,1,0,0,차대차 - 측면충돌,직진우회전진행방해,건조,맑음,교차로 - 교차로안,승용,남,73세,중상,승용,여,51세,상해없음
2018022500100186,2018년 2월 25일 13시,일요일,대구광역시 달서구 신당동,중상사고,0,1,0,0,차대사람 - 횡단중,안전운전불이행,건조,맑음,교차로 - 교차로횡단보도내,승용,남,42세,상해없음,보행자,남,23세,중상
2018022500100206,2018년 2월 25일 14시,일요일,대구광역시 중구 삼덕동1가,경상사고,0,0,1,0,차대사람 - 보도통행중,안전운전불이행,건조,맑음,기타 - 기타,승용,남,48세,상해없음,보행자,남,30세,경상
2018022500100207,2018년 2월 25일 14시,일요일,대구광역시 북구 관음동,부상신고사고,0,0,0,1,차량단독 - 공작물충돌,안전운전불이행,건조,맑음,기타 - 기타,승용,남,18세,부상신고,,,,
2018022500100231,2018년 2월 25일 15시,일요일,대구광역시 수성구 사월동,경상사고,0,0,2,0,차대차 - 측면충돌,안전거리미확보,건조,맑음,단일로 - 기타,승용,여,59세,상해없음,화물,남,39세,경상
2018022500100276,2018년 2월 25일 17시,일요일,대구광역시 달서구 진천동,경상사고,0,0,1,0,차대차 - 측면충돌,안전운전불이행,건조,맑음,단일로 - 기타,자전거,남,64세,경상,승용,여,23세,상해없음
2018022500100277,2018년 2월 25일 17시,일요일,대구광역시 달서구 호산동,경상사고,0,0,1,0,차대차 - 측면충돌,신호위반,건조,맑음,교차로 - 교차로안,화물,남,73세,상해없음,이륜,남,25세,경상
2018022500100278,2018년 2월 25일 17시,일요일,대구광역시 북구 서변동,경상사고,0,0,1,0,차대차 - 추돌,안전거리미확보,건조,맑음,단일로 - 기타,승용,남,55세,상해없음,승용,남,32세,경상
2018022500100342,2018년 2월 25일 20시,일요일,대구광역시 서구 평리동,중상사고,0,1,0,0,차대차 - 측면충돌,안전거리미확보,건조,맑음,단일로 - 기타,승합,남,55세,상해없음,이륜,남,35세,중상
2018022500100361,2018년 2월 25일 21시,일요일,대구광역시 동구 지묘동,경상사고,0,0,1,0,차대차 - 기타,안전운전불이행,건조,맑음,단일로 - 기타,승용,남,19세,상해없음,원동기,남,17세,경상
2018022500100392,2018년 2월 25일 23시,일요일,대구광역시 수성구 시지동,중상사고,0,1,0,0,차대사람 - 횡단중,안전운전불이행,건조,맑음,단일로 - 기타,승용,남,34세,상해없음,보행자,남,69세,중상
2018022600100008,2018년 2월 26일 00시,월요일,대구광역시 북구 산격동,부상신고사고,0,0,0,2,차대차 - 측면충돌,신호위반,건조,맑음,교차로 - 교차로부근,이륜,남,20세,부상신고,승용,남,42세,상해없음
2018022600100009,2018년 2월 26일 00시,월요일,대구광역시 북구 태전동,경상사고,0,0,2,0,차대차 - 기타,안전운전불이행,건조,맑음,단일로 - 기타,승용,여,25세,상해없음,승용,남,71세,경상
2018022600100016,2018년 2월 26일 02시,월요일,대구광역시 남구 봉덕동,경상사고,0,0,1,0,차대차 - 측면충돌,안전거리미확보,건조,맑음,교차로 - 교차로부근,승용,남,26세,상해없음,승용,남,30세,경상
2018022600100020,2018년 2월 26일 03시,월요일,대구광역시 북구 대현동,중상사고,0,1,2,0,차대차 - 측면충돌,신호위반,건조,맑음,교차로 - 교차로안,승용,남,66세,상해없음,승용,남,48세,중상
2018022600100079,2018년 2월 26일 07시,월요일,대구광역시 서구 내당동,중상사고,0,1,1,0,차대차 - 측면충돌,신호위반,건조,맑음,교차로 - 교차로안,이륜,남,16세,상해없음,승용,남,61세,경상
2018022600100105,2018년 2월 26일 08시,월요일,대구광역시 달성군 옥포읍,경상사고,0,0,1,0,차대차 - 측면충돌,안전운전불이행,건조,맑음,단일로 - 기타,기타불명,남,90세 이상,기타불명,승용,남,27세,경상
2018022600100106,2018년 2월 26일 08시,월요일,대구광역시 서구 중리동,경상사고,0,0,2,0,차대차 - 측면충돌,직진우회전진행방해,건조,맑음,교차로 - 교차로안,화물,남,51세,상해없음,승용,남,59세,경상
2018022600100107,2018년 2월 26일 08시,월요일,대구광역시 달서구 신당동,경상사고,0,0,1,0,차대사람 - 횡단중,신호위반,건조,맑음,단일로 - 기타,승용,여,53세,상해없음,보행자,여,28세,경상
2018022600100173,2018년 2월 26일 10시,월요일,대구광역시 남구 대명동,경상사고,0,0,1,0,차대차 - 측면충돌,차로위반,건조,맑음,단일로 - 기타,승용,남,76세,상해없음,승용,남,55세,경상
2018022600100174,2018년 2월 26일 10시,월요일,대구광역시 동구 지저동,경상사고,0,0,1,0,차대차 - 측면충돌,신호위반,건조,맑음,교차로 - 교차로안,승용,여,46세,상해없음,승용,여,58세,경상
2018022600100175,2018년 2월 26일 10시,월요일,대구광역시 북구 검단동,중상사고,0,1,0,0,차대차 - 후진중충돌,안전운전불이행,건조,맑음,교차로 - 교차로부근,화물,남,20세,상해없음,승합,남,43세,중상
2018022600100176,2018년 2월 26일 10시,월요일,대구광역시 북구 노원동1가,중상사고,0,1,1,0,차대차 - 측면충돌,안전운전불이행,건조,맑음,교차로 - 교차로안,화물,남,55세,경상,승용,남,60세,중상
2018022600100177,2018년 2월 26일 10시,월요일,대구광역시 서구 비산동,중상사고,0,1,0,0,차대사람 - 길가장자리구역통행중,안전운전불이행,건조,맑음,교차로 - 교차로안,승합,남,67세,상해없음,보행자,여,63세,중상
2018022600100209,2018년 2월 26일 11시,월요일,대구광역시 남구 대명동,경상사고,0,0,1,0,차대차 - 추돌,안전거리미확보,건조,맑음,단일로 - 기타,이륜,남,28세,경상,화물,남,49세,상해없음
2018022600100210,2018년 2월 26일 11시,월요일,대구광역시 수성구 지산동,중상사고,0,1,0,0,차대차 - 측면충돌,안전운전불이행,건조,맑음,교차로 - 교차로부근,승용,남,52세,상해없음,승용,남,39세,중상
2018022600100211,2018년 2월 26일 11시,월요일,대구광역시 수성구 중동,중상사고,0,1,0,0,차대차 - 측면충돌,기타,건조,맑음,교차로 - 교차로부근,승용,남,79세,상해없음,원동기,남,25세,중상
2018022600100242,2018년 2월 26일 12시,월요일,대구광역시 수성구 만촌동,중상사고,0,1,0,0,차대사람 - 차도통행중,안전운전불이행,건조,맑음,단일로 - 기타,승용,남,74세,상해없음,보행자,여,67세,중상
2018022600100278,2018년 2월 26일 13시,월요일,대구광역시 남구 대명동,경상사고,0,0,1,0,차대사람 - 길가장자리구역통행중,안전운전불이행,건조,맑음,단일로 - 기타,승용,남,24세,상해없음,보행자,여,64세,경상
2018022600100315,2018년 2월 26일 14시,월요일,대구광역시 남구 봉덕동,경상사고,0,0,1,0,차대사람 - 차도통행중,안전운전불이행,건조,맑음,단일로 - 기타,승용,남,23세,상해없음,보행자,여,47세,경상
2018022600100316,2018년 2월 26일 14시,월요일,대구광역시 수성구 시지동,중상사고,0,1,0,1,차대차 - 측면충돌,안전운전불이행,건조,맑음,단일로 - 기타,승용,여,56세,부상신고,승용,남,42세,중상
2018022600100317,2018년 2월 26일 14시,월요일,대구광역시 수성구 만촌동,경상사고,0,0,1,0,차대차 - 기타,안전운전불이행,건조,맑음,단일로 - 기타,승용,여,53세,상해없음,승합,남,47세,상해없음
2018022600100318,2018년 2월 26일 14시,월요일,대구광역시 달서구 월성동,경상사고,0,0,1,0,차대차 - 후진중충돌,안전운전불이행,건조,맑음,단일로 - 기타,화물,남,45세,상해없음,승용,여,40세,상해없음
2018022600100319,2018년 2월 26일 14시,월요일,대구광역시 달서구 본리동,중상사고,0,1,0,0,차대사람 - 횡단중,안전운전불이행,건조,맑음,단일로 - 기타,승용,남,71세,상해없음,보행자,여,75세,중상