사고번호,사고일시,요일,시군구,사고내용,사망자수,중상자수,경상자수,부상신고자수,사고유형,법규위반,노면상태,기상상태,도로형태,가해운전자 차종,가해운전자 성별,가해운전자 연령,가해운전자 상해정도,피해운전자 차종,피해운전자 성별,피해운전자 연령,피해운전자 상해정도
2018022600100353,2018년 2월 26일 15시,월요일,대구광역시 남구 대명동,중상사고,0,1,1,0,차대차 - 측면충돌,기타,건조,맑음,단일로 - 기타,승용,남,25세,경상,승용,남,46세,중상
2018022600100354,2018년 2월 26일 15시,월요일,대구광역시 달성군 가창면,경상사고,0,0,1,0,차대차 - 추돌,안전거리미확보,건조,맑음,단일로 - 기타,승용,남,58세,상해없음,승용,여,53세,상해없음
2018022600100392,2018년 2월 26일 16시,월요일,대구광역시 수성구 만촌동,경상사고,0,0,2,0,차대차 - 측면충돌,안전거리미확보,건조,맑음,단일로 - 기타,승용,남,66세,상해없음,승용,남,78세,경상
2018022600100393,2018년 2월 26일 16시,월요일,대구광역시 달서구 월성동,경상사고,0,0,3,0,차대차 - 추돌,안전거리미확보,건조,맑음,교차로 - 교차로부근,화물,남,64세,상해없음,화물,남,63세,경상
2018022600100394,2018년 2월 26일 16시,월요일,대구광역시 달성군 화원읍,경상사고,0,0,4,0,차대차 - 측면충돌,교차로운행방법위반,건조,맑음,단일로 - 기타,승용,남,58세,경상,승용,남,30세,경상
2018022600100424,2018년 2월 26일 17시,월요일,대구광역시 수성구 범어동,중상사고,0,1,0,0,차대사람 - 기타,안전운전불이행,건조,맑음,단일로 - 기타,승용,여,50세,상해없음,보행자,여,50세,중상
2018022600100425,2018년 2월 26일 17시,월요일,대구광역시 수성구 수성동3가,경상사고,0,0,3,0,차대차 - 측면충돌,안전운전불이행,건조,맑음,단일로 - 기타,승용,남,63세,상해없음,승용,여,51세,경상
2018022600100426,2018년 2월 26일 17시,월요일,대구광역시 달성군 화원읍,부상신고사고,0,0,0,1,차대차 - 기타,차로위반,건조,맑음,단일로 - 기타,승용,여,55세,부상신고,승합,남,64세,상해없음
2018022600100427,2018년 2월 26일 17시,월요일,대구광역시 서구 내당동,중상사고,0,1,0,0,차대사람 - 차도통행중,안전운전불이행,건조,맑음,교차로 - 교차로안,승용,남,52세,상해없음,보행자,남,35세,중상
2018022600100464,2018년 2월 26일 18시,월요일,대구광역시 수성구 범어동,경상사고,0,0,1,0,차대차 - 추돌,안전운전불이행,건조,맑음,단일로 - 기타,승용,남,49세,상해없음,화물,남,64세,경상
2018022600100465,2018년 2월 26일 18시,월요일,대구광역시 중구 대신동,중상사고,0,2,4,1,차대차 - 측면충돌,안전운전불이행,건조,맑음,교차로 - 교차로부근,승용,여,56세,부상신고,이륜,남,18세,중상
2018022600100491,2018년 2월 26일 19시,월요일,대구광역시 달서구 상인동,경상사고,0,0,2,0,차대차 - 추돌,안전거리미확보,건조,맑음,교차로 - 교차로부근,승용,여,58세,상해없음,승용,남,24세,경상
2018022600100492,2018년 2월 26일 19시,월요일,대구광역시 북구 태전동,중상사고,0,1,0,0,차대차 - 기타,교차로운행방법위반,건조,맑음,기타 - 기타,승용,여,44세,상해없음,자전거,여,68세,중상
2018022600100514,2018년 2월 26일 20시,월요일,대구광역시 달서구 장기동,중상사고,0,1,0,0,차대사람 - 보도통행중,보행자보호의무위반,건조,맑음,단일로 - 기타,승용,남,63세,상해없음,보행자,남,63세,중상
2018022600100515,2018년 2월 26일 20시,월요일,대구광역시 달서구 이곡동,중상사고,0,1,0,0,차대사람 - 보도통행중,안전운전불이행,건조,맑음,교차로 - 교차로횡단보도내,승용,남,25세,상해없음,보행자,여,41세,중상
2018022600100516,2018년 2월 26일 20시,월요일,대구광역시 북구 동천동,경상사고,0,0,1,0,차대차 - 측면충돌,안전운전불이행,건조,맑음,단일로 - 기타,승용,남,48세,상해없음,이륜,남,21세,경상
2018022600100541,2018년 2월 26일 21시,월요일,대구광역시 달성군 현풍읍,중상사고,0,1,1,0,차대차 - 측면충돌,중앙선침범,건조,맑음,교차로 - 교차로안,승용,남,18세,상해없음,승합,남,43세,중상
2018022600100542,2018년 2월 26일 21시,월요일,대구광역시 서구 평리동,경상사고,0,0,1,0,차대사람 - 길가장자리구역통행중,안전운전불이행,건조,맑음,단일로 - 기타,승용,남,53세,상해없음,보행자,남,47세,경상
2018022600100574,2018년 2월 26일 23시,월요일,대구광역시 달서구 송현동,부상신고사고,0,0,0,1,차대사람 - 횡단중,신호위반,건조,맑음,교차로 - 교차로안,기타불명,기타불명,미분류,기타불명,보행자,남,55세,부상신고
2018022600100575,2018년 2월 26일 23시,월요일,대구광역시 달성군 화원읍,경상사고,0,0,1,0,차대차 - 기타,신호위반,건조,맑음,교차로 - 교차로안,승용,남,25세,상해없음,승용,여,47세,경상
2018022700100099,2018년 2월 27일 08시,화요일,대구광역시 달서구 갈산동,경상사고,0,0,1,0,차대차 - 측면충돌,안전운전불이행,건조,맑음,단일로 - 기타,화물,남,44세,상해없음,승용,남,37세,경상
2018022700100124,2018년 2월 27일 09시,화요일,대구광역시 수성구 수성동3가,경상사고,0,0,1,0,차대차 - 추돌,신호위반,건조,맑음,교차로 - 교차로안,승용,남,48세,상해없음,승용,남,65세,경상
2018022700100153,2018년 2월 27일 10시,화요일,대구광역시 달서구 성당동,중상사고,0,1,0,0,차대차 - 측면충돌,안전운전불이행,건조,맑음,단일로 - 기타,승용,여,60세,상해없음,자전거,남,74세,중상
2018022700100177,2018년 2월 27일 11시,화요일,대구광역시 동구 입석동,경상사고,0,0,2,0,차대차 - 측면충돌,안전운전불이행,건조,맑음,교차로 - 교차로안,승용,남,75세,상해없음,승용,여,56세,경상
2018022700100198,2018년 2월 27일 12시,화요일,대구광역시 수성구 연호동,사망사고,1,0,0,0,차량단독 - 공작물충돌,안전운전불이행,건조,맑음,단일로 - 기타,이륜,남,36세,사망,,,,
2018022700100199,2018년 2월 27일 12시,화요일,대구광역시 중구 남산동,부상신고사고,0,0,0,1,차대차 - 측면충돌,안전운전불이행,건조,맑음,단일로 - 기타,이륜,남,30세,부상신고,승용,남,56세,상해없음
2018022700100200,2018년 2월 27일 12시,화요일,대구광역시 중구 삼덕동1가,중상사고,0,1,0,0,차대사람 - 차도통행중,안전운전불이행,건조,맑음,단일로 - 기타,승용,남,62세,상해없음,보행자,여,12세,중상
2018022700100256,2018년 2월 27일 14시,화요일,대구광역시 수성구 지산동,경상사고,0,0,1,0,차대차 - 후진중충돌,안전운전불이행,건조,맑음,미분류 - 미분류,승용,남,44세,기타불명,승용,여,47세,경상
2018022700100287,2018년 2월 27일 15시,화요일,대구광역시 수성구 수성동1가,경상사고,0,0,1,0,차대사람 - 횡단중,보행자보호의무위반,건조,맑음,단일로 - 기타,승용,남,47세,상해없음,보행자,남,9세,경상
2018022700100288,2018년 2월 27일 15시,화요일,대구광역시 북구 서변동,경상사고,0,0,1,0,차대사람 - 횡단중,보행자보호의무위반,건조,맑음,교차로 - 교차로횡단보도내,승용,여,43세,상해없음,보행자,남,59세,경상
2018022700100324,2018년 2월 27일 16시,화요일,대구광역시 중구 남산동,경상사고,0,0,1,0,차대차 - 후진중충돌,안전운전불이행,건조,맑음,단일로 - 기타,승용,남,48세,상해없음,승용,남,47세,경상
2018022700100345,2018년 2월 27일 17시,화요일,대구광역시 남구 대명동,경상사고,0,0,1,0,차대차 - 측면충돌,안전운전불이행,건조,맑음,단일로 - 기타,승용,여,55세,상해없음,이륜,남,25세,경상
2018022700100346,2018년 2월 27일 17시,화요일,대구광역시 동구 불로동,경상사고,0,0,2,0,차대차 - 기타,직진우회전진행방해,건조,맑음,교차로 - 교차로안,승용,여,33세,상해없음,승용,남,75세,경상
2018022700100347,2018년 2월 27일 17시,화요일,대구광역시 북구 산격동,중상사고,0,1,0,0,차대차 - 측면충돌,안전거리미확보,건조,맑음,단일로 - 기타,화물,남,49세,상해없음,자전거,남,55세,중상
2018022700100380,2018년 2월 27일 18시,화요일,대구광역시 달서구 도원동,중상사고,0,1,0,0,차대사람 - 기타,보행자보호의무위반,건조,맑음,교차로 - 교차로부근,승용,여,50세,상해없음,보행자,남,71세,중상
2018022700100381,2018년 2월 27일 18시,화요일,대구광역시 달서구 용산동,경상사고,0,0,2,0,차대차 - 측면충돌,안전운전불이행,건조,맑음,단일로 - 기타,승용,남,39세,상해없음,원동기,남,22세,경상
2018022700100431,2018년 2월 27일 19시,화요일,대구광역시 동구 신천동,경상사고,0,0,1,0,차대사람 - 길가장자리구역통행중,안전운전불이행,건조,맑음,단일로 - 기타,승용,여,59세,상해없음,보행자,남,14세,경상
2018022700100432,2018년 2월 27일 19시,화요일,대구광역시 달성군 다사읍,경상사고,0,0,2,0,차대차 - 추돌,안전운전불이행,건조,맑음,단일로 - 기타,승용,남,49세,상해없음,승용,남,32세,경상
2018022700100433,2018년 2월 27일 19시,화요일,대구광역시 북구 대현동,경상사고,0,0,1,0,차대차 - 측면충돌,안전운전불이행,젖음/습기,비,단일로 - 기타,승용,남,65세,상해없음,승용,남,32세,경상
2018022700100434,2018년 2월 27일 19시,화요일,대구광역시 북구 금호동,경상사고,0,0,1,0,차대차 - 측면충돌,안전거리미확보,건조,맑음,단일로 - 기타,승용,여,40세,상해없음,이륜,남,21세,경상
2018022700100435,2018년 2월 27일 19시,화요일,대구광역시 북구 태전동,경상사고,0,0,1,0,차대차 - 측면충돌,직진우회전진행방해,건조,맑음,교차로 - 교차로안,승용,남,66세,상해없음,승용,여,57세,상해없음
2018022700100466,2018년 2월 27일 20시,화요일,대구광역시 남구 대명동,경상사고,0,0,1,0,차량단독 - 기타,안전운전불이행,건조,맑음,기타 - 기타,승용,남,59세,상해없음,,,,
2018022700100467,2018년 2월 27일 20시,화요일,대구광역시 달서구 갈산동,경상사고,0,0,2,0,차대차 - 측면충돌,교차로운행방법위반,건조,맑음,교차로 - 교차로안,화물,남,74세,상해없음,승용,여,54세,경상
2018022700100501,2018년 2월 27일 21시,화요일,대구광역시 수성구 노변동,중상사고,0,1,0,0,차대사람 - 횡단중,신호위반,건조,맑음,단일로 - 기타,이륜,남,33세,상해없음,보행자,여,56세,중상
2018022800100009,2018년 2월 28일 00시,수요일,대구광역시 동구 신암동,중상사고,0,1,0,0,차대사람 - 횡단중,안전운전불이행,건조,맑음,단일로 - 기타,승용,남,53세,상해없음,보행자,남,46세,중상
2018022800100014,2018년 2월 28일 01시,수요일,대구광역시 동구 신기동,경상사고,0,0,1,0,차대사람 - 횡단중,보행자보호의무위반,건조,맑음,교차로 - 교차로횡단보도내,화물,남,54세,상해없음,보행자,남,53세,경상
2018022800100015,2018년 2월 28일 01시,수요일,대구광역시 북구 칠성동1가,경상사고,0,0,1,0,차대차 - 측면충돌,안전운전불이행,건조,맑음,교차로 - 교차로안,승용,남,21세,상해없음,승용,남,49세,경상
2018022800100068,2018년 2월 28일 07시,수요일,대구광역시 북구 침산동,경상사고,0,0,1,0,차대차 - 측면충돌,안전거리미확보,건조,흐림,교차로 - 교차로횡단보도내,화물,남,48세,상해없음,승용,여,35세,경상
2018022800100092,2018년 2월 28일 08시,수요일,대구광역시 수성구 지산동,중상사고,0,1,4,1,차대차 - 측면충돌,신호위반,건조,흐림,교차로 - 교차로안,승용,여,69세,상해없음,승합,남,54세,경상
2018022800100093,2018년 2월 28일 08시,수요일,대구광역시 달성군 화원읍,경상사고,0,0,2,0,차대차 - 기타,안전거리미확보,건조,맑음,단일로 - 기타,승용,여,48세,상해없음,승합,남,48세,경상
2018022800100094,2018년 2월 28일 08시,수요일,대구광역시 북구 칠성동2가,경상사고,0,0,1,0,차대사람 - 횡단중,보행자보호의무위반,건조,흐림,교차로 - 교차로부근,승용,남,45세,상해없음,보행자,여,23세,경상
2018022800100095,2018년 2월 28일 08시,수요일,대구광역시 달서구 장기동,중상사고,0,1,0,0,차대차 - 측면충돌,안전운전불이행,건조,맑음,단일로 - 기타,승용,남,28세,상해없음,이륜,남,63세,중상
2018022800100096,2018년 2월 28일 08시,수요일,대구광역시 북구 구암동,경상사고,0,0,1,0,차대차 - 추돌,안전운전불이행,건조,맑음,교차로 - 교차로부근,승용,남,56세,상해없음,승용,남,60세,경상
2018022800100119,2018년 2월 28일 09시,수요일,대구광역시 수성구 지산동,중상사고,0,1,0,0,차대사람 - 횡단중,신호위반,건조,맑음,교차로 - 교차로횡단보도내,승용,남,52세,상해없음,보행자,여,53세,중상
2018022800100143,2018년 2월 28일 10시,수요일,대구광역시 동구 신평동,중상사고,0,2,0,0,차대차 - 추돌,교차로운행방법위반,건조,맑음,교차로 - 교차로안,이륜,남,75세,중상,화물,남,67세,상해없음
2018022800100237,2018년 2월 28일 13시,수요일,대구광역시 달서구 상인동,경상사고,0,0,1,0,차대사람 - 보도통행중,기타,젖음/습기,비,기타 - 기타,승용,남,71세,상해없음,보행자,남,17세,경상
2018022800100276,2018년 2월 28일 14시,수요일,대구광역시 남구 대명동,중상사고,0,1,0,0,차대사람 - 횡단중,보행자보호의무위반,젖음/습기,비,교차로 - 교차로횡단보도내,승용,남,62세,상해없음,보행자,남,31세,중상
2018022800100277,2018년 2월 28일 14시,수요일,대구광역시 남구 대명동,경상사고,0,0,2,0,차대차 - 측면충돌,안전운전불이행,젖음/습기,비,단일로 - 기타,승용,남,55세,상해없음,승용,남,56세,경상
2018022800100278,2018년 2월 28일 14시,수요일,대구광역시 동구 동호동,경상사고,0,0,1,0,차대사람 - 횡단중,보행자보호의무위반,건조,맑음,단일로 - 기타,승용,남,36세,상해없음,보행자,여,7세,경상
2018022800100314,2018년 2월 28일 15시,수요일,대구광역시 북구 검단동,경상사고,0,0,1,0,차대차 - 추돌,안전운전불이행,젖음/습기,비,단일로 - 기타,승용,남,55세,상해없음,승용,남,50세,경상
2018022800100322,2018년 2월 28일 15시,수요일,대구광역시 동구 신암동,부상신고사고,0,0,0,1,차대차 - 추돌,안전운전불이행,건조,맑음,단일로 - 기타,승용,여,48세,상해없음,승용,남,28세,부상신고
2018022800100323,2018년 2월 28일 15시,수요일,대구광역시 동구 효목동,중상사고,0,1,0,0,차대차 - 추돌,안전운전불이행,젖음/습기,비,단일로 - 기타,승용,여,50세,상해없음,승용,여,51세,중상
2018022800100358,2018년 2월 28일 16시,수요일,대구광역시 수성구 범어동,경상사고,0,0,1,0,차대차 - 추돌,안전거리미확보,젖음/습기,맑음,단일로 - 기타,승용,남,62세,상해없음,승용,남,24세,상해없음
2018022800100359,2018년 2월 28일 16시,수요일,대구광역시 달서구 장기동,경상사고,0,0,1,0,차대차 - 측면충돌,안전거리미확보,젖음/습기,비,단일로 - 기타,건설기계,남,63세,상해없음,승용,여,46세,경상
2018022800100360,2018년 2월 28일 16시,수요일,대구광역시 북구 태전동,경상사고,0,0,1,0,차대차 - 추돌,안전운전불이행,젖음/습기,비,단일로 - 기타,승용,남,63세,상해없음,승용,여,44세,경상
2018022800100361,2018년 2월 28일 16시,수요일,대구광역시 북구 태전동,경상사고,0,0,1,1,차대차 - 기타,안전운전불이행,젖음/습기,비,교차로 - 교차로부근,승용,여,42세,부상신고,화물,남,35세,경상
2018022800100362,2018년 2월 28일 16시,수요일,대구광역시 북구 태전동,경상사고,0,0,2,0,차대차 - 측면충돌,교차로운행방법위반,젖음/습기,비,교차로 - 교차로안,승용,여,37세,경상,승용,여,36세,경상
2018022800100403,2018년 2월 28일 17시,수요일,대구광역시 동구 방촌동,경상사고,0,0,1,0,차대차 - 측면충돌,안전거리미확보,젖음/습기,비,교차로 - 교차로부근,승용,여,64세,상해없음,이륜,남,18세,경상
2018022800100404,2018년 2월 28일 17시,수요일,대구광역시 달서구 송현동,경상사고,0,0,1,0,차량단독 - 기타,안전운전불이행,건조,맑음,단일로 - 기타,승용,여,59세,경상,,,,
2018022800100405,2018년 2월 28일 17시,수요일,대구광역시 달성군 다사읍,중상사고,0,1,0,0,차대사람 - 횡단중,안전운전불이행,젖음/습기,비,교차로 - 교차로횡단보도내,승용,여,43세,상해없음,보행자,여,58세,중상
2018022800100406,2018년 2월 28일 17시,수요일,대구광역시 서구 평리동,경상사고,0,0,3,0,차대차 - 측면충돌,안전거리미확보,젖음/습기,비,단일로 - 기타,승용,남,38세,상해없음,화물,남,52세,경상
2018022800100460,2018년 2월 28일 18시,수요일,대구광역시 서구 상리동,경상사고,0,0,1,0,차대차 - 측면충돌,안전거리미확보,건조,맑음,단일로 - 기타,화물,남,58세,상해없음,화물,남,36세,경상
2018022800100463,2018년 2월 28일 18시,수요일,대구광역시 달서구 월암동,경상사고,0,0,2,0,차대차 - 측면충돌,안전운전불이행,젖음/습기,비,단일로 - 기타,승용,여,61세,상해없음,승용,남,27세,경상
2018022800100464,2018년 2월 28일 18시,수요일,대구광역시 달서구 상인동,경상사고,0,0,1,0,차대사람 - 기타,안전운전불이행,젖음/습기,비,단일로 - 기타,이륜,남,53세,상해없음,보행자,여,19세,경상
2018022800100537,2018년 2월 28일 19시,수요일,대구광역시 동구 검사동,경상사고,0,0,1,0,차대차 - 기타,안전거리미확보,젖음/습기,비,단일로 - 기타,승용,여,48세,상해없음,승용,남,20세,경상
2018022800100538,2018년 2월 28일 19시,수요일,대구광역시 동구 신천동,경상사고,0,0,1,0,차대차 - 측면충돌,안전운전불이행,건조,맑음,기타 - 기타,화물,남,57세,상해없음,승용,남,58세,경상
2018022800100539,2018년 2월 28일 19시,수요일,대구광역시 달서구 송현동,경상사고,0,0,1,0,차대차 - 측면충돌,차로위반,젖음/습기,비,단일로 - 기타,승용,남,26세,상해없음,승용,남,57세,경상
2018022800100540,2018년 2월 28일 19시,수요일,대구광역시 북구 복현동,경상사고,0,0,1,0,차대사람 - 횡단중,보행자보호의무위반,젖음/습기,비,교차로 - 교차로안,승용,여,56세,상해없음,보행자,남,48세,경상
2018022800100541,2018년 2월 28일 19시,수요일,대구광역시 중구 북성로2가,중상사고,0,1,0,0,차대차 - 측면충돌,직진우회전진행방해,젖음/습기,비,교차로 - 교차로안,승용,남,57세,상해없음,자전거,여,59세,중상
2018022800100588,2018년 2월 28일 20시,수요일,대구광역시 수성구 두산동,경상사고,0,0,1,0,차대사람 - 횡단중,보행자보호의무위반,젖음/습기,비,단일로 - 기타,승용,여,34세,상해없음,보행자,여,47세,경상
2018022800100589,2018년 2월 28일 20시,수요일,대구광역시 달서구 송현동,중상사고,0,1,0,0,차대사람 - 횡단중,안전운전불이행,젖음/습기,비,단일로 - 기타,승용,여,35세,상해없음,보행자,남,65세,중상
2018022800100590,2018년 2월 28일 20시,수요일,대구광역시 북구 침산동,경상사고,0,0,1,0,차대사람 - 보도통행중,기타,젖음/습기,비,단일로 - 기타,이륜,남,45세,상해없음,보행자,여,45세,경상
2018022800100591,2018년 2월 28일 20시,수요일,대구광역시 서구 내당동,경상사고,0,0,1,1,차대차 - 추돌,안전운전불이행,젖음/습기,비,단일로 - 기타,이륜,남,38세,부상신고,승용,여,54세,경상
2018022800100592,2018년 2월 28일 20시,수요일,대구광역시 달서구 신당동,중상사고,0,1,0,0,차대차 - 측면충돌,기타,젖음/습기,비,단일로 - 기타,승용,남,43세,상해없음,원동기,남,31세,중상
2018022800100593,2018년 2월 28일 20시,수요일,대구광역시 북구 관음동,경상사고,0,0,1,0,차대사람 - 기타,보행자보호의무위반,젖음/습기,비,교차로 - 교차로횡단보도내,이륜,남,44세,상해없음,보행자,남,62세,경상
2018022800100653,2018년 2월 28일 21시,수요일,대구광역시 남구 이천동,경상사고,0,0,2,1,차대차 - 정면충돌,신호위반,젖음/습기,맑음,교차로 - 교차로부근,이륜,남,19세,부상신고,승용,남,60세,상해없음
2018022800100654,2018년 2월 28일 21시,수요일,대구광역시 동구 지저동,경상사고,0,0,2,0,차대차 - 측면충돌,중앙선침범,젖음/습기,비,단일로 - 기타,승용,여,55세,상해없음,승용,남,58세,경상
2018022800100655,2018년 2월 28일 21시,수요일,대구광역시 수성구 지산동,중상사고,0,1,0,0,차대사람 - 횡단중,안전운전불이행,젖음/습기,비,단일로 - 기타,이륜,남,54세,상해없음,보행자,남,50세,중상
2018022800100656,2018년 2월 28일 21시,수요일,대구광역시 수성구 중동,경상사고,0,0,1,0,차대차 - 추돌,교차로운행방법위반,젖음/습기,비,교차로 - 교차로안,승용,여,42세,상해없음,이륜,남,25세,경상
2018022800100657,2018년 2월 28일 21시,수요일,대구광역시 수성구 범어동,경상사고,0,0,2,0,차대차 - 추돌,안전운전불이행,젖음/습기,비,교차로 - 교차로부근,승용,남,63세,상해없음,승합,남,57세,경상
2018022800100658,2018년 2월 28일 21시,수요일,대구광역시 달서구 대천동,경상사고,0,0,2,0,차대차 - 측면충돌,차로위반,건조,맑음,단일로 - 기타,승용,남,65세,상해없음,승용,남,39세,경상
2018022800100659,2018년 2월 28일 21시,수요일,대구광역시 달서구 성당동,경상사고,0,0,1,0,차대사람 - 횡단중,신호위반,젖음/습기,비,교차로 - 교차로부근,화물,남,52세,상해없음,보행자,남,31세,경상
2018022800100711,2018년 2월 28일 22시,수요일,대구광역시 북구 노원동2가,경상사고,0,0,2,0,차대차 - 추돌,안전운전불이행,젖음/습기,비,단일로 - 교량,승용,남,47세,상해없음,승용,남,56세,상해없음
2018022800100752,2018년 2월 28일 23시,수요일,대구광역시 수성구 황금동,중상사고,0,1,0,0,차대사람 - 횡단중,안전운전불이행,젖음/습기,비,단일로 - 기타,승용,여,27세,상해없음,보행자,남,49세,중상
2018022800100753,2018년 2월 28일 23시,수요일,대구광역시 북구 서변동,경상사고,0,0,1,1,차량단독 - 공작물충돌,안전운전불이행,젖음/습기,비,단일로 - 기타,승용,남,58세,부상신고,,,,
2018030100100029,2018년 3월 1일 00시,목요일,대구광역시 중구 태평로3가,경상사고,0,0,1,0,차대차 - 추돌,안전거리미확보,젖음/습기,비,교차로 - 교차로부근,기타불명,기타불명,미분류,기타불명,승용,남,58세,경상
2018030100100030,2018년 3월 1일 00시,목요일,대구광역시 달서구 감삼동,경상사고,0,0,1,0,차대차 - 추돌,안전운전불이행,젖음/습기,비,단일로 - 기타,승용,남,69세,상해없음,승용,남,52세,상해없음
2018030100100083,2018년 3월 1일 03시,목요일,대구광역시 북구 태전동,경상사고,0,0,2,1,차대차 - 기타,교차로운행방법위반,건조,맑음,교차로 - 교차로안,승용,여,40세,부상신고,승용,남,50세,경상
2018030100100094,2018년 3월 1일 04시,목요일,대구광역시 남구 대명동,경상사고,0,0,2,0,차대차 - 추돌,안전운전불이행,젖음/습기,비,교차로 - 교차로부근,승용,여,26세,상해없음,승용,여,26세,경상
2018030100100107,2018년 3월 1일 05시,목요일,대구광역시 남구 대명동,중상사고,0,1,0,0,차대사람 - 기타,안전운전불이행,건조,맑음,기타 - 기타,승용,남,68세,상해없음,보행자,여,21세,중상
2018030100100108,2018년 3월 1일 05시,목요일,대구광역시 남구 대명동,중상사고,0,1,0,0,차대사람 - 횡단중,안전운전불이행,건조,맑음,교차로 - 교차로안,승용,여,33세,상해없음,보행자,여,88세,중상
2018030100100109,2018년 3월 1일 05시,목요일,대구광역시 수성구 범어동,사망사고,3,0,0,0,차대차 - 기타,과속,젖음/습기,흐림,단일로 - 기타,승용,남,28세,사망,원동기,남,55세,기타불명
2018030100100132,2018년 3월 1일 07시,목요일,대구광역시 달서구 진천동,경상사고,0,0,2,0,차대차 - 추돌,안전운전불이행,건조,맑음,단일로 - 기타,승용,남,38세,상해없음,승용,남,39세,경상
2018030100100133,2018년 3월 1일 07시,목요일,대구광역시 달서구 장기동,경상사고,0,0,1,0,차대차 - 정면충돌,안전운전불이행,건조,맑음,교차로 - 교차로안,승용,남,75세,상해없음,자전거,여,57세,경상
2018030100100155,2018년 3월 1일 09시,목요일,대구광역시 서구 중리동,중상사고,0,1,0,0,차대차 - 측면충돌,안전운전불이행,건조,맑음,교차로 - 교차로부근,건설기계,남,62세,상해없음,이륜,여,49세,중상
2018030100100156,2018년 3월 1일 09시,목요일,대구광역시 북구 학정동,부상신고사고,0,0,0,1,차대차 - 기타,교차로운행방법위반,건조,맑음,교차로 - 교차로안,자전거,남,79세,부상신고,승용,남,60세,상해없음
2018030100100191,2018년 3월 1일 11시,목요일,대구광역시 달서구 유천동,경상사고,0,0,1,0,차량단독 - 공작물충돌,안전운전불이행,건조,맑음,교차로 - 교차로안,승용,여,64세,경상,,,,
2018030100100192,2018년 3월 1일 11시,목요일,대구광역시 북구 구암동,경상사고,0,0,1,0,차대차 - 추돌,안전운전불이행,건조,맑음,단일로 - 기타,승용,남,25세,상해없음,승용,남,49세,경상
2018030100100221,2018년 3월 1일 12시,목요일,대구광역시 동구 율암동,경상사고,0,0,1,0,차대차 - 기타,안전운전불이행,건조,맑음,단일로 - 기타,원동기,남,43세,경상,승용,여,67세,상해없음
2018030100100222,2018년 3월 1일 12시,목요일,대구광역시 북구 서변동,경상사고,0,0,1,0,차대차 - 측면충돌,안전운전불이행,건조,맑음,단일로 - 기타,기타불명,기타불명,미분류,기타불명,승용,남,27세,경상
2018030100100274,2018년 3월 1일 14시,목요일,대구광역시 남구 대명동,경상사고,0,0,1,0,차대사람 - 기타,안전운전불이행,건조,맑음,단일로 - 기타,승용,여,60세,상해없음,보행자,여,51세,경상
2018030100100275,2018년 3월 1일 14시,목요일,대구광역시 달성군 현풍읍,경상사고,0,0,1,0,차대차 - 추돌,안전거리미확보,건조,맑음,교차로 - 교차로부근,화물,남,75세,상해없음,승용,남,55세,경상
2018030100100276,2018년 3월 1일 14시,목요일,대구광역시 중구 삼덕동1가,경상사고,0,0,1,0,차대사람 - 길가장자리구역통행중,안전운전불이행,건조,맑음,단일로 - 기타,승용,남,51세,상해없음,보행자,남,29세,경상
2018030100100335,2018년 3월 1일 16시,목요일,대구광역시 달서구 본동,경상사고,0,0,2,0,차대차 - 추돌,안전거리미확보,건조,맑음,교차로 - 교차로부근,승용,여,37세,상해없음,승용,남,23세,경상
2018030100100336,2018년 3월 1일 16시,목요일,대구광역시 북구 산격동,경상사고,0,0,1,0,차대사람 - 기타,안전운전불이행,건조,맑음,단일로 - 기타,승용,남,62세,상해없음,보행자,남,41세,경상
2018030100100337,2018년 3월 1일 16시,목요일,대구광역시 서구 내당동,중상사고,0,1,3,0,차대차 - 추돌,안전거리미확보,건조,맑음,교차로 - 교차로부근,승용,남,66세,상해없음,승용,여,35세,경상
2018030100100365,2018년 3월 1일 17시,목요일,대구광역시 동구 율하동,경상사고,0,0,2,0,차대차 - 측면충돌,안전운전불이행,건조,맑음,단일로 - 기타,승용,여,45세,상해없음,승용,남,20세,경상
2018030100100366,2018년 3월 1일 17시,목요일,대구광역시 서구 비산동,경상사고,0,0,1,0,차대차 - 측면충돌,신호위반,건조,맑음,단일로 - 기타,이륜,남,46세,상해없음,자전거,남,75세,경상
2018030100100426,2018년 3월 1일 19시,목요일,대구광역시 수성구 만촌동,부상신고사고,0,0,0,1,차대차 - 측면충돌,안전운전불이행,건조,맑음,단일로 - 기타,승용,남,47세,상해없음,이륜,남,42세,부상신고
2018030100100427,2018년 3월 1일 19시,목요일,대구광역시 달서구 이곡동,경상사고,0,0,1,0,차대사람 - 횡단중,보행자보호의무위반,건조,맑음,교차로 - 교차로횡단보도내,승용,남,18세,상해없음,보행자,남,17세,경상
2018030100100441,2018년 3월 1일 20시,목요일,대구광역시 수성구 수성동1가,경상사고,0,0,1,0,차대차 - 기타,안전운전불이행,건조,맑음,단일로 - 기타,기타불명,기타불명,미분류,기타불명,원동기,남,25세,경상
2018030100100442,2018년 3월 1일 20시,목요일,대구광역시 달서구 진천동,경상사고,0,0,1,0,차대차 - 측면충돌,안전거리미확보,건조,맑음,단일로 - 기타,승용,여,34세,상해없음,승용,여,54세,경상