사고번호,사고일시,요일,시군구,사고내용,사망자수,중상자수,경상자수,부상신고자수,사고유형,법규위반,노면상태,기상상태,도로형태,가해운전자 차종,가해운전자 성별,가해운전자 연령,가해운전자 상해정도,피해운전자 차종,피해운전자 성별,피해운전자 연령,피해운전자 상해정도
2018032400100097,2018년 3월 24일 07시,토요일,대구광역시 달서구 장기동,경상사고,0,0,1,0,차대차 - 측면충돌,안전거리미확보,건조,맑음,단일로 - 기타,승용,남,24세,상해없음,승용,여,52세,경상
2018032400100117,2018년 3월 24일 08시,토요일,대구광역시 동구 동호동,중상사고,0,1,0,0,차대차 - 기타,안전운전불이행,건조,맑음,교차로 - 교차로안,승용,남,47세,상해없음,자전거,여,40세,중상
2018032400100160,2018년 3월 24일 10시,토요일,대구광역시 달서구 이곡동,중상사고,0,1,1,0,차대차 - 추돌,안전거리미확보,건조,맑음,교차로 - 교차로부근,이륜,남,58세,중상,승용,남,52세,경상
2018032400100191,2018년 3월 24일 11시,토요일,대구광역시 중구 삼덕동3가,경상사고,0,0,2,1,차대차 - 측면충돌,안전거리미확보,건조,맑음,단일로 - 기타,승용,남,28세,부상신고,승용,남,56세,경상
2018032400100250,2018년 3월 24일 13시,토요일,대구광역시 수성구 범물동,경상사고,0,0,2,0,차대차 - 추돌,안전운전불이행,건조,맑음,교차로 - 교차로부근,승용,남,75세,상해없음,승용,여,36세,경상
2018032400100289,2018년 3월 24일 14시,토요일,대구광역시 북구 태전동,중상사고,0,1,0,0,차대사람 - 횡단중,불법유턴,건조,맑음,단일로 - 기타,승합,여,43세,상해없음,보행자,여,65세,중상
2018032400100319,2018년 3월 24일 15시,토요일,대구광역시 서구 내당동,경상사고,0,0,1,0,차대차 - 측면충돌,교차로운행방법위반,건조,맑음,단일로 - 기타,승용,남,44세,상해없음,자전거,남,55세,경상
2018032400100351,2018년 3월 24일 16시,토요일,대구광역시 동구 입석동,경상사고,0,0,1,0,차대차 - 측면충돌,교차로운행방법위반,건조,맑음,교차로 - 교차로안,승용,남,28세,상해없음,승용,여,27세,경상
2018032400100352,2018년 3월 24일 16시,토요일,대구광역시 동구 신기동,경상사고,0,0,1,0,차대차 - 추돌,안전운전불이행,건조,맑음,단일로 - 기타,이륜,남,64세,상해없음,승용,남,23세,경상
2018032400100353,2018년 3월 24일 16시,토요일,대구광역시 중구 달성동,경상사고,0,0,1,0,차대차 - 측면충돌,안전거리미확보,건조,맑음,단일로 - 기타,승용,여,63세,경상,승용,남,39세,상해없음
2018032400100418,2018년 3월 24일 18시,토요일,대구광역시 수성구 범어동,경상사고,0,0,5,1,차대차 - 측면충돌,신호위반,건조,맑음,교차로 - 교차로안,승용,남,55세,부상신고,승용,남,68세,경상
2018032400100453,2018년 3월 24일 19시,토요일,대구광역시 수성구 범어동,경상사고,0,0,2,0,차대차 - 추돌,안전운전불이행,건조,맑음,교차로 - 교차로안,승용,남,31세,상해없음,승용,남,26세,경상
2018032400100454,2018년 3월 24일 19시,토요일,대구광역시 달성군 논공읍,경상사고,0,0,2,0,차대차 - 측면충돌,신호위반,건조,맑음,교차로 - 교차로안,이륜,남,16세,경상,화물,남,47세,경상
2018032400100455,2018년 3월 24일 19시,토요일,대구광역시 달성군 다사읍,중상사고,0,1,0,1,차대차 - 측면충돌,안전운전불이행,건조,맑음,단일로 - 기타,원동기,여,15세,부상신고,승용,여,47세,상해없음
2018032400100456,2018년 3월 24일 19시,토요일,대구광역시 달서구 이곡동,사망사고,1,0,0,0,차대차 - 측면충돌,차로위반,건조,맑음,교차로 - 교차로부근,승용,남,39세,상해없음,이륜,남,40세,사망
2018032400100457,2018년 3월 24일 19시,토요일,대구광역시 달서구 이곡동,경상사고,0,0,5,0,차대차 - 추돌,교차로운행방법위반,건조,맑음,교차로 - 교차로부근,승용,여,49세,상해없음,승용,남,41세,경상
2018032400100491,2018년 3월 24일 20시,토요일,대구광역시 수성구 범물동,경상사고,0,0,1,0,차대차 - 추돌,안전운전불이행,건조,맑음,교차로 - 교차로부근,승용,남,68세,상해없음,승용,여,48세,상해없음
2018032400100492,2018년 3월 24일 20시,토요일,대구광역시 달서구 상인동,경상사고,0,0,2,0,차대차 - 측면충돌,신호위반,건조,맑음,교차로 - 교차로안,승용,남,59세,상해없음,승용,남,48세,경상
2018032400100493,2018년 3월 24일 20시,토요일,대구광역시 달서구 신당동,경상사고,0,0,2,0,차대차 - 추돌,안전운전불이행,건조,맑음,단일로 - 기타,승용,남,37세,상해없음,승용,남,42세,경상
2018032400100517,2018년 3월 24일 21시,토요일,대구광역시 수성구 상동,중상사고,0,1,0,0,차대차 - 측면충돌,안전운전불이행,건조,맑음,교차로 - 교차로부근,자전거,남,18세,중상,승용,남,76세,상해없음
2018032400100548,2018년 3월 24일 23시,토요일,대구광역시 수성구 범어동,경상사고,0,0,2,0,차대차 - 추돌,직진우회전진행방해,건조,맑음,교차로 - 교차로안,승용,여,42세,경상,승용,남,41세,경상
2018032500100051,2018년 3월 25일 05시,일요일,대구광역시 달성군 현풍읍,경상사고,0,0,1,0,차대차 - 추돌,안전운전불이행,건조,맑음,교차로 - 교차로안,승용,여,45세,상해없음,승용,남,28세,경상
2018032500100052,2018년 3월 25일 05시,일요일,대구광역시 달서구 신당동,사망사고,1,0,1,0,차대차 - 기타,신호위반,건조,맑음,교차로 - 교차로안,이륜,남,16세,사망,승용,남,42세,경상
2018032500100091,2018년 3월 25일 09시,일요일,대구광역시 남구 이천동,경상사고,0,0,2,0,차대차 - 추돌,안전운전불이행,건조,맑음,단일로 - 기타,승용,남,26세,상해없음,승용,남,27세,경상
2018032500100092,2018년 3월 25일 09시,일요일,대구광역시 수성구 수성동3가,경상사고,0,0,1,0,차대차 - 정면충돌,신호위반,건조,맑음,단일로 - 기타,승용,여,33세,상해없음,자전거,남,17세,경상
2018032500100125,2018년 3월 25일 11시,일요일,대구광역시 달서구 본동,중상사고,0,2,1,1,차대차 - 측면충돌,차로위반,건조,맑음,단일로 - 기타,승용,여,66세,부상신고,승용,남,35세,중상
2018032500100126,2018년 3월 25일 11시,일요일,대구광역시 달성군 하빈면,중상사고,0,1,0,0,차량단독 - 전도전복 - 전도,안전운전불이행,건조,맑음,단일로 - 기타,승용,여,39세,중상,미분류,미분류,미분류,미분류
2018032500100127,2018년 3월 25일 11시,일요일,대구광역시 북구 칠성동2가,부상신고사고,0,0,0,1,차대차 - 기타,신호위반,건조,맑음,교차로 - 교차로안,원동기,남,68세,부상신고,승용,남,49세,상해없음
2018032500100201,2018년 3월 25일 14시,일요일,대구광역시 동구 지묘동,경상사고,0,0,1,0,차대차 - 측면충돌,안전운전불이행,건조,맑음,단일로 - 기타,승용,남,60세,상해없음,자전거,남,12세,경상
2018032500100235,2018년 3월 25일 15시,일요일,대구광역시 동구 신암동,중상사고,0,1,0,0,차대사람 - 보도통행중,기타,건조,맑음,기타 - 기타,원동기,남,22세,상해없음,보행자,여,52세,중상
2018032500100236,2018년 3월 25일 15시,일요일,대구광역시 북구 침산동,중상사고,0,2,3,0,차대차 - 추돌,안전거리미확보,건조,맑음,단일로 - 기타,승용,남,64세,기타불명,승용,여,67세,경상
2018032500100264,2018년 3월 25일 16시,일요일,대구광역시 수성구 범어동,중상사고,0,1,0,0,차대차 - 측면충돌,안전운전불이행,건조,맑음,단일로 - 기타,승용,남,62세,상해없음,이륜,남,50세,중상
2018032500100265,2018년 3월 25일 16시,일요일,대구광역시 서구 비산동,중상사고,0,1,0,0,차대차 - 측면충돌,중앙선침범,건조,맑음,교차로 - 교차로부근,승용,남,22세,상해없음,이륜,남,61세,중상
2018032500100294,2018년 3월 25일 17시,일요일,대구광역시 수성구 상동,경상사고,0,0,4,0,차대차 - 측면충돌,안전운전불이행,건조,맑음,단일로 - 기타,승용,여,57세,상해없음,승용,남,41세,경상
2018032500100295,2018년 3월 25일 17시,일요일,대구광역시 달성군 화원읍,중상사고,0,1,0,0,차대차 - 기타,안전운전불이행,건조,맑음,교차로 - 교차로부근,화물,여,64세,상해없음,이륜,남,43세,중상
2018032500100296,2018년 3월 25일 17시,일요일,대구광역시 서구 비산동,경상사고,0,0,1,0,차대사람 - 보도통행중,안전운전불이행,건조,맑음,기타 - 기타,자전거,남,19세,상해없음,보행자,여,70세,경상
2018032500100318,2018년 3월 25일 18시,일요일,대구광역시 북구 칠성동2가,중상사고,0,1,0,0,차대차 - 측면충돌,직진우회전진행방해,건조,맑음,교차로 - 교차로안,원동기,남,58세,중상,승용,남,34세,상해없음
2018032500100347,2018년 3월 25일 19시,일요일,대구광역시 북구 태전동,경상사고,0,0,1,0,차대사람 - 기타,안전운전불이행,건조,맑음,단일로 - 기타,승용,남,46세,상해없음,보행자,남,19세,경상
2018032500100378,2018년 3월 25일 20시,일요일,대구광역시 서구 내당동,경상사고,0,0,2,0,차대차 - 추돌,안전운전불이행,건조,맑음,단일로 - 기타,승용,남,22세,상해없음,승용,여,53세,경상
2018032500100398,2018년 3월 25일 21시,일요일,대구광역시 남구 이천동,중상사고,0,1,1,1,차대차 - 추돌,안전거리미확보,건조,맑음,단일로 - 교량,승용,여,45세,부상신고,승용,남,62세,경상
2018032500100399,2018년 3월 25일 21시,일요일,대구광역시 북구 산격동,경상사고,0,0,1,0,차대사람 - 횡단중,신호위반,건조,맑음,단일로 - 기타,이륜,남,19세,상해없음,보행자,여,46세,경상
2018032500100429,2018년 3월 25일 23시,일요일,대구광역시 달서구 신당동,경상사고,0,0,1,0,차대차 - 추돌,안전운전불이행,건조,맑음,단일로 - 기타,승용,남,52세,상해없음,승용,남,50세,경상
2018032600100012,2018년 3월 26일 01시,월요일,대구광역시 북구 산격동,경상사고,0,0,1,0,차대차 - 추돌,안전운전불이행,건조,맑음,단일로 - 기타,이륜,여,51세,경상,화물,남,56세,기타불명
2018032600100019,2018년 3월 26일 02시,월요일,대구광역시 수성구 연호동,경상사고,0,0,1,0,차대차 - 추돌,안전거리미확보,건조,맑음,교차로 - 교차로부근,승용,남,58세,상해없음,승용,남,46세,경상
2018032600100023,2018년 3월 26일 03시,월요일,대구광역시 수성구 두산동,경상사고,0,0,1,1,차대차 - 측면충돌,안전거리미확보,건조,맑음,단일로 - 기타,승용,남,25세,부상신고,승용,남,25세,경상
2018032600100070,2018년 3월 26일 07시,월요일,대구광역시 달성군 다사읍,경상사고,0,0,1,0,차대차 - 추돌,안전거리미확보,건조,맑음,교차로 - 교차로안,화물,남,60세,상해없음,승용,여,47세,경상
2018032600100103,2018년 3월 26일 08시,월요일,대구광역시 남구 봉덕동,경상사고,0,0,1,0,차대차 - 기타,안전운전불이행,건조,맑음,단일로 - 기타,화물,남,47세,상해없음,이륜,남,44세,경상
2018032600100104,2018년 3월 26일 08시,월요일,대구광역시 동구 검사동,중상사고,0,1,0,0,차대차 - 측면충돌,안전거리미확보,건조,맑음,단일로 - 기타,승용,남,62세,상해없음,승용,여,30세,중상
2018032600100105,2018년 3월 26일 08시,월요일,대구광역시 수성구 범어동,경상사고,0,0,1,0,차대차 - 측면충돌,안전거리미확보,건조,맑음,단일로 - 기타,승용,남,30세,상해없음,승용,여,27세,경상
2018032600100106,2018년 3월 26일 08시,월요일,대구광역시 중구 대봉동,경상사고,0,0,1,0,차대차 - 측면충돌,안전운전불이행,건조,맑음,단일로 - 기타,자전거,남,17세,경상,화물,남,57세,상해없음
2018032600100107,2018년 3월 26일 08시,월요일,대구광역시 중구 달성동,부상신고사고,0,0,0,1,차대차 - 추돌,안전운전불이행,건조,맑음,교차로 - 교차로안,이륜,여,54세,부상신고,승용,여,26세,상해없음
2018032600100108,2018년 3월 26일 08시,월요일,대구광역시 북구 금호동,경상사고,0,0,2,0,차대차 - 추돌,안전거리미확보,건조,맑음,단일로 - 기타,승용,여,51세,기타불명,승용,여,34세,경상
2018032600100109,2018년 3월 26일 08시,월요일,대구광역시 북구 태전동,경상사고,0,0,3,0,차대차 - 측면충돌,교차로운행방법위반,건조,맑음,교차로 - 교차로안,화물,남,66세,기타불명,승용,여,42세,경상
2018032600100134,2018년 3월 26일 09시,월요일,대구광역시 북구 읍내동,중상사고,0,2,2,0,차대차 - 추돌,안전거리미확보,건조,맑음,교차로 - 교차로부근,승합,남,64세,상해없음,화물,남,76세,경상
2018032600100168,2018년 3월 26일 10시,월요일,대구광역시 남구 봉덕동,중상사고,0,1,3,0,차대차 - 추돌,안전거리미확보,건조,맑음,단일로 - 터널,특수,남,38세,상해없음,승용,여,38세,경상
2018032600100169,2018년 3월 26일 10시,월요일,대구광역시 서구 내당동,경상사고,0,0,1,0,차대차 - 측면충돌,안전거리미확보,건조,맑음,교차로 - 교차로안,승용,여,66세,상해없음,화물,남,52세,경상
2018032600100227,2018년 3월 26일 12시,월요일,대구광역시 달서구 두류동,중상사고,0,1,0,0,차대차 - 측면충돌,안전운전불이행,건조,맑음,교차로 - 교차로안,승용,여,27세,기타불명,이륜,남,76세,중상
2018032600100310,2018년 3월 26일 15시,월요일,대구광역시 수성구 상동,부상신고사고,0,0,0,1,차량단독 - 기타,안전운전불이행,건조,맑음,단일로 - 기타,승합,남,60세,상해없음,,,,
2018032600100311,2018년 3월 26일 15시,월요일,대구광역시 북구 매천동,중상사고,0,2,0,0,차대차 - 정면충돌,중앙선침범,건조,맑음,단일로 - 기타,승용,남,67세,중상,승용,남,35세,중상
2018032600100355,2018년 3월 26일 16시,월요일,대구광역시 남구 대명동,경상사고,0,0,3,0,차대차 - 추돌,안전운전불이행,건조,맑음,단일로 - 기타,승용,남,24세,상해없음,승용,여,52세,경상
2018032600100356,2018년 3월 26일 16시,월요일,대구광역시 동구 신천동,중상사고,0,1,0,0,차대사람 - 보도통행중,안전운전불이행,건조,맑음,기타 - 기타,승용,남,62세,상해없음,보행자,여,71세,중상
2018032600100357,2018년 3월 26일 16시,월요일,대구광역시 달성군 논공읍,경상사고,0,0,2,0,차대차 - 기타,안전운전불이행,건조,맑음,단일로 - 기타,승용,남,27세,경상,승용,남,51세,경상
2018032600100358,2018년 3월 26일 16시,월요일,대구광역시 달성군 다사읍,경상사고,0,0,1,0,차대사람 - 기타,기타,건조,맑음,단일로 - 기타,승합,남,37세,상해없음,보행자,남,7세,경상
2018032600100359,2018년 3월 26일 16시,월요일,대구광역시 중구 북성로2가,중상사고,0,1,0,0,차대사람 - 기타,안전운전불이행,건조,맑음,교차로 - 교차로안,승용,남,65세,상해없음,보행자,남,90세 이상,중상
2018032600100406,2018년 3월 26일 17시,월요일,대구광역시 수성구 범물동,경상사고,0,0,2,1,차대차 - 추돌,직진우회전진행방해,건조,맑음,교차로 - 교차로안,승용,남,36세,상해없음,승용,남,46세,경상
2018032600100407,2018년 3월 26일 17시,월요일,대구광역시 달성군 구지면,경상사고,0,0,1,0,차대차 - 측면충돌,차로위반,건조,맑음,단일로 - 기타,화물,남,61세,상해없음,이륜,남,42세,경상
2018032600100408,2018년 3월 26일 17시,월요일,대구광역시 달성군 다사읍,부상신고사고,0,0,0,2,차대차 - 기타,안전운전불이행,건조,맑음,단일로 - 기타,승용,남,68세,부상신고,화물,남,46세,부상신고
2018032600100444,2018년 3월 26일 18시,월요일,대구광역시 남구 봉덕동,경상사고,0,0,1,0,차대차 - 측면충돌,안전운전불이행,건조,맑음,단일로 - 기타,승용,남,28세,상해없음,승용,여,34세,경상
2018032600100445,2018년 3월 26일 18시,월요일,대구광역시 동구 율암동,경상사고,0,0,1,0,차대차 - 측면충돌,안전운전불이행,건조,맑음,단일로 - 기타,승용,남,52세,상해없음,자전거,남,23세,경상
2018032600100446,2018년 3월 26일 18시,월요일,대구광역시 수성구 범어동,경상사고,0,0,1,0,차대차 - 측면충돌,안전거리미확보,건조,맑음,교차로 - 교차로부근,승용,남,69세,상해없음,승용,여,66세,상해없음
2018032600100447,2018년 3월 26일 18시,월요일,대구광역시 북구 칠성동1가,부상신고사고,0,0,0,1,차대차 - 측면충돌,안전거리미확보,건조,맑음,단일로 - 기타,자전거,남,57세,부상신고,이륜,남,29세,상해없음
2018032600100483,2018년 3월 26일 19시,월요일,대구광역시 북구 국우동,중상사고,0,1,2,0,차대차 - 추돌,안전거리미확보,건조,맑음,단일로 - 기타,승용,여,45세,중상,승용,남,47세,경상
2018032600100509,2018년 3월 26일 20시,월요일,대구광역시 달서구 성당동,경상사고,0,0,3,0,차대차 - 추돌,안전운전불이행,건조,맑음,교차로 - 교차로부근,승용,남,55세,상해없음,승용,남,46세,경상
2018032600100510,2018년 3월 26일 20시,월요일,대구광역시 남구 대명동,경상사고,0,0,1,0,차대사람 - 보도통행중,기타,건조,맑음,단일로 - 기타,이륜,남,60세,상해없음,보행자,남,63세,경상
2018032600100511,2018년 3월 26일 20시,월요일,대구광역시 달서구 장기동,경상사고,0,0,2,0,차대차 - 측면충돌,안전운전불이행,건조,맑음,단일로 - 기타,승용,남,60세,상해없음,승용,남,21세,경상
2018032600100512,2018년 3월 26일 20시,월요일,대구광역시 달서구 용산동,경상사고,0,0,1,0,차대차 - 추돌,안전운전불이행,건조,맑음,단일로 - 기타,승용,남,47세,상해없음,승용,남,67세,경상
2018032600100565,2018년 3월 26일 22시,월요일,대구광역시 수성구 범어동,경상사고,0,0,1,0,차대차 - 측면충돌,안전운전불이행,건조,맑음,단일로 - 기타,승용,남,25세,상해없음,승용,여,50세,경상
2018032600100589,2018년 3월 26일 23시,월요일,대구광역시 달서구 상인동,중상사고,0,1,0,0,차대사람 - 기타,안전운전불이행,건조,맑음,교차로 - 교차로안,승용,남,50세,상해없음,보행자,여,20세,중상
2018032700100027,2018년 3월 27일 03시,화요일,대구광역시 중구 삼덕동1가,부상신고사고,0,0,0,1,차대사람 - 기타,안전운전불이행,건조,맑음,단일로 - 기타,승용,남,37세,상해없음,보행자,남,18세,부상신고
2018032700100037,2018년 3월 27일 05시,화요일,대구광역시 수성구 범물동,경상사고,0,0,2,0,차대차 - 추돌,안전운전불이행,건조,맑음,교차로 - 교차로부근,승용,남,26세,상해없음,승용,남,63세,상해없음
2018032700100038,2018년 3월 27일 05시,화요일,대구광역시 북구 관음동,중상사고,0,2,1,0,차대차 - 측면충돌,신호위반,건조,맑음,교차로 - 교차로안,승용,여,47세,상해없음,승용,남,77세,중상
2018032700100070,2018년 3월 27일 07시,화요일,대구광역시 달서구 대곡동,중상사고,0,1,4,0,차대차 - 추돌,안전운전불이행,건조,맑음,단일로 - 기타,화물,남,59세,상해없음,승용,남,33세,중상
2018032700100106,2018년 3월 27일 08시,화요일,대구광역시 서구 평리동,경상사고,0,0,1,0,차대차 - 측면충돌,안전운전불이행,건조,맑음,단일로 - 기타,승용,남,58세,상해없음,자전거,남,80세,경상
2018032700100143,2018년 3월 27일 09시,화요일,대구광역시 달서구 본동,경상사고,0,0,4,0,차대차 - 기타,안전운전불이행,건조,맑음,교차로 - 교차로부근,승용,남,56세,상해없음,승합,여,40세,경상
2018032700100144,2018년 3월 27일 09시,화요일,대구광역시 북구 검단동,경상사고,0,0,2,0,차대차 - 추돌,안전거리미확보,건조,맑음,단일로 - 기타,화물,남,45세,경상,화물,남,55세,경상
2018032700100176,2018년 3월 27일 10시,화요일,대구광역시 달성군 논공읍,중상사고,0,1,0,0,차대차 - 추돌,안전거리미확보,건조,맑음,단일로 - 기타,이륜,남,44세,중상,이륜,남,38세,상해없음
2018032700100199,2018년 3월 27일 11시,화요일,대구광역시 달서구 도원동,중상사고,0,1,1,0,차대차 - 기타,안전거리미확보,건조,맑음,단일로 - 기타,승용,남,63세,상해없음,승용,여,40세,경상
2018032700100200,2018년 3월 27일 11시,화요일,대구광역시 달서구 이곡동,중상사고,0,1,1,0,차대차 - 측면충돌,안전운전불이행,건조,맑음,단일로 - 기타,화물,남,56세,상해없음,승합,남,53세,중상
2018032700100221,2018년 3월 27일 12시,화요일,대구광역시 달서구 상인동,경상사고,0,0,2,0,차대차 - 측면충돌,안전운전불이행,건조,맑음,교차로 - 교차로안,승용,여,69세,경상,승합,남,58세,경상
2018032700100222,2018년 3월 27일 12시,화요일,대구광역시 달서구 대곡동,경상사고,0,0,1,0,차대차 - 측면충돌,안전거리미확보,건조,맑음,단일로 - 기타,승용,남,30세,상해없음,승용,여,49세,경상
2018032700100249,2018년 3월 27일 13시,화요일,대구광역시 수성구 황금동,경상사고,0,0,1,0,차대차 - 측면충돌,교차로운행방법위반,건조,맑음,교차로 - 교차로안,이륜,남,23세,상해없음,승용,남,39세,경상
2018032700100275,2018년 3월 27일 14시,화요일,대구광역시 수성구 범물동,경상사고,0,0,1,0,차대차 - 기타,안전거리미확보,건조,맑음,단일로 - 기타,이륜,남,73세,경상,승합,남,58세,상해없음
2018032700100276,2018년 3월 27일 14시,화요일,대구광역시 달서구 파호동,경상사고,0,0,1,0,차대사람 - 기타,안전운전불이행,건조,맑음,단일로 - 기타,건설기계,남,46세,기타불명,보행자,남,64세,경상
2018032700100277,2018년 3월 27일 14시,화요일,대구광역시 달서구 감삼동,경상사고,0,0,2,0,차대차 - 추돌,안전운전불이행,건조,맑음,교차로 - 교차로부근,승용,남,47세,상해없음,화물,남,18세,경상
2018032700100335,2018년 3월 27일 16시,화요일,대구광역시 남구 대명동,경상사고,0,0,1,0,차대차 - 측면충돌,안전운전불이행,건조,맑음,교차로 - 교차로부근,화물,여,53세,상해없음,자전거,남,78세,경상
2018032700100374,2018년 3월 27일 17시,화요일,대구광역시 달서구 송현동,경상사고,0,0,1,0,차대사람 - 기타,안전운전불이행,건조,맑음,단일로 - 기타,승용,여,69세,상해없음,보행자,여,54세,경상
2018032700100402,2018년 3월 27일 18시,화요일,대구광역시 수성구 상동,경상사고,0,0,1,0,차대차 - 추돌,안전거리미확보,건조,맑음,단일로 - 기타,승용,여,51세,상해없음,승합,남,60세,경상
2018032700100403,2018년 3월 27일 18시,화요일,대구광역시 서구 비산동,경상사고,0,0,1,0,차대사람 - 차도통행중,안전운전불이행,건조,맑음,교차로 - 교차로부근,승용,남,62세,상해없음,보행자,남,34세,경상
2018032700100428,2018년 3월 27일 19시,화요일,대구광역시 달서구 진천동,경상사고,0,0,1,0,차대차 - 측면충돌,안전거리미확보,건조,맑음,교차로 - 교차로안,승용,남,57세,상해없음,승용,여,32세,경상
2018032700100429,2018년 3월 27일 19시,화요일,대구광역시 북구 복현동,중상사고,0,1,0,0,차대차 - 측면충돌,기타,건조,맑음,단일로 - 기타,승용,남,71세,상해없음,자전거,남,43세,중상
2018032700100430,2018년 3월 27일 19시,화요일,대구광역시 중구 시장북로,중상사고,0,1,0,0,차대차 - 추돌,안전운전불이행,건조,맑음,단일로 - 기타,승용,남,64세,상해없음,승용,남,42세,중상
2018032700100431,2018년 3월 27일 19시,화요일,대구광역시 달서구 장동,중상사고,0,1,0,0,차대차 - 측면충돌,중앙선침범,건조,맑음,단일로 - 기타,승용,남,54세,상해없음,이륜,남,49세,중상
2018032700100432,2018년 3월 27일 19시,화요일,대구광역시 달서구 용산동,중상사고,0,1,0,0,차대차 - 측면충돌,안전거리미확보,건조,맑음,단일로 - 기타,이륜,남,54세,중상,승용,남,58세,상해없음
2018032700100492,2018년 3월 27일 21시,화요일,대구광역시 북구 침산동,경상사고,0,0,1,1,차대차 - 측면충돌,신호위반,건조,맑음,교차로 - 교차로안,이륜,남,32세,부상신고,자전거,여,48세,경상
2018032700100493,2018년 3월 27일 21시,화요일,대구광역시 서구 평리동,중상사고,0,1,0,0,차대차 - 기타,안전운전불이행,건조,맑음,교차로 - 교차로부근,승용,남,28세,상해없음,승용,남,58세,상해없음
2018032700100510,2018년 3월 27일 22시,화요일,대구광역시 달서구 용산동,중상사고,0,1,0,0,차대사람 - 횡단중,보행자보호의무위반,건조,맑음,교차로 - 교차로횡단보도내,승용,여,56세,상해없음,보행자,남,41세,중상
2018032700100531,2018년 3월 27일 23시,화요일,대구광역시 수성구 황금동,경상사고,0,0,1,0,차대차 - 추돌,안전운전불이행,건조,맑음,교차로 - 교차로안,승용,남,50세,상해없음,승용,남,60세,경상
2018032800100021,2018년 3월 28일 01시,수요일,대구광역시 서구 중리동,경상사고,0,0,1,0,차대차 - 측면충돌,교차로운행방법위반,건조,맑음,교차로 - 교차로안,승용,남,43세,상해없음,승용,남,44세,상해없음
2018032800100028,2018년 3월 28일 02시,수요일,대구광역시 달서구 성당동,경상사고,0,0,2,0,차대차 - 측면충돌,안전운전불이행,건조,맑음,교차로 - 교차로부근,승용,남,59세,상해없음,승용,남,54세,경상
2018032800100081,2018년 3월 28일 07시,수요일,대구광역시 동구 신암동,경상사고,0,0,1,0,차대차 - 측면충돌,안전거리미확보,건조,맑음,교차로 - 교차로부근,승용,남,32세,상해없음,승용,남,54세,경상
2018032800100082,2018년 3월 28일 07시,수요일,대구광역시 동구 신암동,경상사고,0,0,1,0,차대차 - 측면충돌,안전거리미확보,건조,맑음,단일로 - 기타,승용,남,32세,상해없음,승용,남,54세,경상
2018032800100114,2018년 3월 28일 08시,수요일,대구광역시 동구 봉무동,경상사고,0,0,1,0,차대차 - 측면충돌,신호위반,건조,맑음,교차로 - 교차로안,승용,남,52세,상해없음,승용,여,58세,경상
2018032800100115,2018년 3월 28일 08시,수요일,대구광역시 북구 태전동,경상사고,0,0,1,0,차대사람 - 기타,안전운전불이행,건조,맑음,단일로 - 기타,승용,남,27세,상해없음,보행자,남,59세,경상
2018032800100145,2018년 3월 28일 09시,수요일,대구광역시 서구 평리동,경상사고,0,0,1,0,차대차 - 기타,직진우회전진행방해,건조,맑음,교차로 - 교차로안,화물,남,57세,상해없음,자전거,남,73세,경상
2018032800100176,2018년 3월 28일 10시,수요일,대구광역시 남구 대명동,중상사고,0,1,0,0,차대차 - 추돌,안전운전불이행,건조,맑음,기타 - 기타,이륜,남,51세,중상,승합,남,60세,상해없음
2018032800100221,2018년 3월 28일 12시,수요일,대구광역시 북구 칠성동1가,중상사고,0,1,0,0,차대차 - 측면충돌,안전운전불이행,건조,맑음,교차로 - 교차로횡단보도내,승용,남,27세,상해없음,자전거,남,64세,중상
2018032800100222,2018년 3월 28일 12시,수요일,대구광역시 서구 평리동,경상사고,0,0,1,0,차대차 - 측면충돌,안전거리미확보,건조,맑음,단일로 - 기타,승용,남,23세,상해없음,이륜,남,17세,경상
2018032800100302,2018년 3월 28일 14시,수요일,대구광역시 수성구 노변동,경상사고,0,0,1,0,차대차 - 측면충돌,안전운전불이행,건조,맑음,단일로 - 기타,이륜,남,27세,경상,화물,남,22세,상해없음
2018032800100303,2018년 3월 28일 14시,수요일,대구광역시 북구 읍내동,경상사고,0,0,1,0,차대차 - 기타,안전운전불이행,건조,맑음,단일로 - 기타,승용,남,56세,상해없음,이륜,남,26세,경상
2018032800100341,2018년 3월 28일 15시,수요일,대구광역시 달서구 본동,경상사고,0,0,1,0,차대차 - 측면충돌,안전거리미확보,건조,맑음,교차로 - 교차로안,승용,남,78세,상해없음,이륜,남,20세,경상
2018032800100342,2018년 3월 28일 15시,수요일,대구광역시 북구 노원동2가,경상사고,0,0,1,0,차대차 - 측면충돌,안전운전불이행,건조,맑음,단일로 - 기타,이륜,남,60세,경상,승용,남,81세,상해없음
2018032800100384,2018년 3월 28일 16시,수요일,대구광역시 동구 효목동,중상사고,0,1,0,0,차대차 - 기타,안전운전불이행,건조,맑음,교차로 - 교차로안,승용,남,70세,상해없음,자전거,남,15세,중상
2018032800100385,2018년 3월 28일 16시,수요일,대구광역시 북구 노원동2가,중상사고,0,1,1,0,차대차 - 측면충돌,신호위반,건조,맑음,교차로 - 교차로안,원동기,남,72세,상해없음,승용,여,64세,경상
2018032800100424,2018년 3월 28일 17시,수요일,대구광역시 달성군 하빈면,경상사고,0,0,4,0,차대차 - 추돌,안전운전불이행,건조,맑음,교차로 - 교차로부근,화물,남,65세,상해없음,승용,여,59세,경상