사고번호,사고일시,요일,시군구,사고내용,사망자수,중상자수,경상자수,부상신고자수,사고유형,법규위반,노면상태,기상상태,도로형태,가해운전자 차종,가해운전자 성별,가해운전자 연령,가해운전자 상해정도,피해운전자 차종,피해운전자 성별,피해운전자 연령,피해운전자 상해정도
2018032800100466,2018년 3월 28일 18시,수요일,대구광역시 수성구 수성동1가,중상사고,0,1,0,0,차대사람 - 횡단중,신호위반,건조,맑음,단일로 - 기타,승용,여,30세,상해없음,보행자,여,59세,중상
2018032800100489,2018년 3월 28일 19시,수요일,대구광역시 수성구 범어동,부상신고사고,0,0,0,1,차대차 - 기타,신호위반,건조,맑음,단일로 - 기타,자전거,여,78세,부상신고,승용,남,25세,상해없음
2018032800100490,2018년 3월 28일 19시,수요일,대구광역시 서구 내당동,경상사고,0,0,1,0,차대사람 - 차도통행중,안전운전불이행,건조,맑음,단일로 - 기타,승용,여,35세,상해없음,보행자,여,6세,경상
2018032800100491,2018년 3월 28일 19시,수요일,대구광역시 달서구 신당동,경상사고,0,0,2,0,차대차 - 측면충돌,안전운전불이행,건조,맑음,교차로 - 교차로안,화물,남,64세,상해없음,이륜,남,19세,경상
2018032800100524,2018년 3월 28일 20시,수요일,대구광역시 동구 동호동,중상사고,0,1,0,0,차대차 - 측면충돌,신호위반,건조,맑음,교차로 - 교차로안,승용,남,59세,상해없음,승용,여,49세,중상
2018032800100525,2018년 3월 28일 20시,수요일,대구광역시 달서구 월성동,경상사고,0,0,1,0,차대차 - 기타,안전거리미확보,건조,맑음,단일로 - 기타,승용,남,68세,상해없음,승용,여,44세,경상
2018032800100549,2018년 3월 28일 21시,수요일,대구광역시 달서구 도원동,경상사고,0,0,2,0,차대차 - 측면충돌,안전운전불이행,건조,맑음,교차로 - 교차로안,승용,여,56세,상해없음,승용,남,43세,상해없음
2018032800100550,2018년 3월 28일 21시,수요일,대구광역시 달서구 유천동,경상사고,0,0,4,0,차대차 - 기타,안전운전불이행,건조,맑음,단일로 - 기타,승용,여,33세,상해없음,승용,남,58세,경상
2018032800100551,2018년 3월 28일 21시,수요일,대구광역시 북구 복현동,중상사고,0,1,1,0,차대차 - 기타,안전거리미확보,건조,맑음,단일로 - 기타,승용,여,58세,상해없음,원동기,여,53세,중상
2018032800100574,2018년 3월 28일 22시,수요일,대구광역시 달서구 이곡동,중상사고,0,1,0,0,차대사람 - 횡단중,안전운전불이행,건조,맑음,단일로 - 기타,승용,남,64세,상해없음,보행자,남,27세,중상
2018032800100599,2018년 3월 28일 23시,수요일,대구광역시 수성구 두산동,중상사고,0,1,0,0,차량단독 - 전도전복 - 전도,안전운전불이행,건조,맑음,단일로 - 기타,이륜,남,30세,중상,미분류,미분류,미분류,미분류
2018032900100013,2018년 3월 29일 00시,목요일,대구광역시 동구 입석동,중상사고,0,1,2,0,차대차 - 측면충돌,신호위반,건조,맑음,교차로 - 교차로안,승용,남,26세,상해없음,승용,남,61세,중상
2018032900100041,2018년 3월 29일 02시,목요일,대구광역시 서구 상리동,경상사고,0,0,1,0,차대차 - 추돌,안전운전불이행,건조,맑음,단일로 - 기타,승용,남,37세,상해없음,화물,남,39세,경상
2018032900100063,2018년 3월 29일 05시,목요일,대구광역시 달성군 옥포읍,경상사고,0,0,1,0,차대차 - 측면충돌,중앙선침범,건조,맑음,단일로 - 기타,승용,여,20세,상해없음,승용,남,65세,경상
2018032900100120,2018년 3월 29일 08시,목요일,대구광역시 서구 내당동,경상사고,0,0,1,0,차대사람 - 길가장자리구역통행중,보행자보호의무위반,건조,맑음,교차로 - 교차로횡단보도내,승용,남,58세,상해없음,보행자,여,13세,경상
2018032900100121,2018년 3월 29일 08시,목요일,대구광역시 서구 상리동,중상사고,0,1,0,0,차량단독 - 기타,기타,건조,맑음,단일로 - 기타,승합,남,49세,상해없음,,,,
2018032900100122,2018년 3월 29일 08시,목요일,대구광역시 북구 서변동,중상사고,0,1,0,0,차대차 - 기타,신호위반,건조,맑음,교차로 - 교차로횡단보도내,승용,남,43세,상해없음,자전거,남,48세,중상
2018032900100158,2018년 3월 29일 09시,목요일,대구광역시 수성구 신매동,경상사고,0,0,1,0,차대차 - 추돌,안전운전불이행,건조,맑음,단일로 - 기타,건설기계,남,60세,상해없음,승용,여,28세,경상
2018032900100191,2018년 3월 29일 10시,목요일,대구광역시 달서구 송현동,중상사고,0,3,5,0,차대차 - 측면충돌,과속,건조,맑음,교차로 - 교차로안,화물,남,26세,상해없음,승합,남,61세,상해없음
2018032900100192,2018년 3월 29일 10시,목요일,대구광역시 중구 태평로1가,중상사고,0,1,0,0,차대차 - 측면충돌,안전운전불이행,건조,맑음,단일로 - 기타,승용,남,47세,상해없음,자전거,남,63세,중상
2018032900100223,2018년 3월 29일 11시,목요일,대구광역시 수성구 만촌동,중상사고,0,1,0,0,차대차 - 추돌,안전운전불이행,건조,맑음,교차로 - 교차로부근,승용,남,71세,상해없음,승용,여,29세,중상
2018032900100224,2018년 3월 29일 11시,목요일,대구광역시 북구 복현동,경상사고,0,0,2,0,차량단독 - 공작물충돌,안전운전불이행,건조,맑음,단일로 - 기타,승용,남,63세,상해없음,,,,
2018032900100248,2018년 3월 29일 12시,목요일,대구광역시 수성구 범어동,중상사고,0,1,0,0,차대차 - 추돌,안전운전불이행,건조,맑음,교차로 - 교차로부근,승용,여,40세,상해없음,승용,남,64세,중상
2018032900100249,2018년 3월 29일 12시,목요일,대구광역시 수성구 중동,중상사고,0,1,0,0,차대차 - 측면충돌,교차로운행방법위반,건조,맑음,교차로 - 교차로안,승용,여,77세,상해없음,이륜,남,40세,중상
2018032900100250,2018년 3월 29일 12시,목요일,대구광역시 달서구 이곡동,경상사고,0,0,2,0,차대차 - 측면충돌,안전거리미확보,건조,맑음,단일로 - 기타,승용,남,62세,상해없음,승용,남,32세,경상
2018032900100274,2018년 3월 29일 13시,목요일,대구광역시 남구 대명동,경상사고,0,0,1,0,차대차 - 측면충돌,직진우회전진행방해,건조,맑음,교차로 - 교차로안,이륜,남,60세,경상,승용,남,75세,상해없음
2018032900100275,2018년 3월 29일 13시,목요일,대구광역시 달성군 논공읍,부상신고사고,0,0,0,1,차대차 - 기타,신호위반,건조,맑음,교차로 - 교차로안,화물,여,60세,부상신고,건설기계,남,57세,상해없음
2018032900100307,2018년 3월 29일 14시,목요일,대구광역시 수성구 상동,중상사고,0,1,0,0,차대차 - 측면충돌,신호위반,건조,맑음,단일로 - 기타,화물,남,61세,상해없음,자전거,여,58세,중상
2018032900100336,2018년 3월 29일 15시,목요일,대구광역시 수성구 시지동,부상신고사고,0,0,0,1,차대차 - 측면충돌,직진우회전진행방해,건조,맑음,교차로 - 교차로안,승용,남,74세,부상신고,승용,남,29세,상해없음
2018032900100337,2018년 3월 29일 15시,목요일,대구광역시 달성군 다사읍,경상사고,0,0,1,0,차대사람 - 기타,안전운전불이행,건조,맑음,주차장 - 주차장,승합,남,55세,상해없음,보행자,여,32세,경상
2018032900100338,2018년 3월 29일 15시,목요일,대구광역시 달서구 본리동,중상사고,0,1,0,0,차대사람 - 횡단중,신호위반,건조,맑음,교차로 - 교차로횡단보도내,승용,남,53세,상해없음,보행자,여,8세,중상
2018032900100380,2018년 3월 29일 16시,목요일,대구광역시 달성군 유가읍,경상사고,0,0,1,0,차대차 - 기타,안전운전불이행,건조,맑음,교차로 - 교차로안,화물,남,35세,경상,승용,남,35세,상해없음
2018032900100381,2018년 3월 29일 16시,목요일,대구광역시 달서구 용산동,경상사고,0,0,1,0,차대차 - 기타,안전운전불이행,건조,맑음,교차로 - 교차로부근,이륜,남,22세,상해없음,이륜,남,23세,경상
2018032900100418,2018년 3월 29일 17시,목요일,대구광역시 북구 노원동3가,부상신고사고,0,0,0,1,차대차 - 측면충돌,신호위반,건조,맑음,교차로 - 교차로안,원동기,남,51세,부상신고,화물,남,52세,상해없음
2018032900100419,2018년 3월 29일 17시,목요일,대구광역시 달서구 신당동,경상사고,0,0,1,0,차대차 - 측면충돌,차로위반,건조,맑음,교차로 - 교차로부근,승용,여,50세,상해없음,이륜,남,19세,경상
2018032900100454,2018년 3월 29일 18시,목요일,대구광역시 북구 복현동,경상사고,0,0,1,0,차대차 - 기타,안전운전불이행,건조,맑음,단일로 - 기타,승용,남,53세,상해없음,승용,남,55세,경상
2018032900100455,2018년 3월 29일 18시,목요일,대구광역시 중구 동인동2가,경상사고,0,0,1,0,차대차 - 측면충돌,안전운전불이행,건조,맑음,교차로 - 교차로안,승용,남,71세,상해없음,자전거,남,71세,경상
2018032900100456,2018년 3월 29일 18시,목요일,대구광역시 달서구 두류동,중상사고,0,1,2,0,차대차 - 후진중충돌,안전운전불이행,건조,맑음,단일로 - 기타,승용,여,33세,상해없음,승용,여,65세,경상
2018032900100484,2018년 3월 29일 19시,목요일,대구광역시 수성구 시지동,경상사고,0,0,1,0,차대차 - 측면충돌,안전거리미확보,건조,맑음,단일로 - 기타,승용,남,70세,상해없음,승용,여,43세,경상
2018032900100485,2018년 3월 29일 19시,목요일,대구광역시 달서구 월성동,중상사고,0,1,0,0,차대차 - 정면충돌,중앙선침범,건조,맑음,단일로 - 기타,승용,남,44세,상해없음,승용,여,36세,중상
2018032900100486,2018년 3월 29일 19시,목요일,대구광역시 달서구 상인동,중상사고,0,1,1,0,차대차 - 측면충돌,신호위반,건조,맑음,교차로 - 교차로안,원동기,남,16세,중상,승용,남,26세,상해없음
2018032900100487,2018년 3월 29일 19시,목요일,대구광역시 달서구 성당동,경상사고,0,0,1,0,차대사람 - 보도통행중,안전운전불이행,건조,맑음,단일로 - 기타,승용,여,23세,상해없음,보행자,여,19세,경상
2018032900100526,2018년 3월 29일 20시,목요일,대구광역시 북구 산격동,중상사고,0,1,0,0,차대사람 - 기타,안전운전불이행,건조,맑음,단일로 - 기타,승용,여,52세,상해없음,보행자,여,77세,중상
2018032900100564,2018년 3월 29일 21시,목요일,대구광역시 서구 평리동,경상사고,0,0,1,0,차대차 - 측면충돌,안전운전불이행,건조,맑음,단일로 - 기타,자전거,남,15세,경상,승용,남,47세,상해없음
2018032900100594,2018년 3월 29일 22시,목요일,대구광역시 서구 내당동,경상사고,0,0,2,0,차대차 - 추돌,안전운전불이행,건조,맑음,단일로 - 기타,승용,남,29세,기타불명,승용,여,41세,경상
2018032900100595,2018년 3월 29일 22시,목요일,대구광역시 달서구 장기동,중상사고,0,1,0,0,차대사람 - 기타,안전운전불이행,건조,맑음,단일로 - 기타,승용,남,55세,상해없음,보행자,여,36세,중상
2018033000100013,2018년 3월 30일 00시,금요일,대구광역시 수성구 수성동4가,경상사고,0,0,2,0,차대차 - 측면충돌,안전운전불이행,건조,맑음,교차로 - 교차로부근,승용,남,43세,상해없음,승용,여,47세,경상
2018033000100032,2018년 3월 30일 01시,금요일,대구광역시 달성군 화원읍,경상사고,0,0,1,0,차대차 - 기타,안전거리미확보,건조,맑음,단일로 - 기타,화물,남,75세,상해없음,승용,남,26세,경상
2018033000100033,2018년 3월 30일 01시,금요일,대구광역시 북구 고성동2가,중상사고,0,1,1,0,차량단독 - 기타,안전운전불이행,건조,맑음,단일로 - 기타,원동기,남,23세,중상,,,,
2018033000100044,2018년 3월 30일 02시,금요일,대구광역시 중구 대봉동,경상사고,0,0,1,2,차대차 - 측면충돌,안전운전불이행,건조,맑음,교차로 - 교차로안,승용,남,53세,상해없음,승용,남,30세,부상신고
2018033000100045,2018년 3월 30일 02시,금요일,대구광역시 중구 대봉동,중상사고,0,2,1,0,차대차 - 기타,신호위반,건조,맑음,교차로 - 교차로안,승용,남,51세,상해없음,승용,남,29세,경상
2018033000100058,2018년 3월 30일 04시,금요일,대구광역시 남구 대명동,중상사고,0,1,0,0,차대차 - 측면충돌,신호위반,건조,맑음,교차로 - 교차로안,이륜,여,67세,상해없음,자전거,여,64세,중상
2018033000100130,2018년 3월 30일 08시,금요일,대구광역시 북구 침산동,경상사고,0,0,1,0,차대차 - 측면충돌,신호위반,건조,맑음,교차로 - 교차로안,승용,남,72세,상해없음,승용,여,41세,경상
2018033000100131,2018년 3월 30일 08시,금요일,대구광역시 달서구 이곡동,경상사고,0,0,1,0,차대차 - 추돌,안전운전불이행,건조,맑음,단일로 - 기타,승용,남,21세,상해없음,승용,남,35세,경상
2018033000100187,2018년 3월 30일 10시,금요일,대구광역시 달서구 월성동,경상사고,0,0,1,1,차대사람 - 기타,기타,건조,맑음,기타 - 기타,화물,남,52세,기타불명,보행자,여,33세,경상
2018033000100188,2018년 3월 30일 10시,금요일,대구광역시 달성군 유가읍,중상사고,0,1,1,0,차대차 - 측면충돌,안전운전불이행,건조,맑음,교차로 - 교차로안,승용,남,86세,경상,화물,남,53세,중상
2018033000100189,2018년 3월 30일 10시,금요일,대구광역시 중구 삼덕동2가,부상신고사고,0,0,0,1,차대차 - 측면충돌,안전거리미확보,건조,맑음,단일로 - 기타,자전거,남,79세,부상신고,승용,남,42세,상해없음
2018033000100190,2018년 3월 30일 10시,금요일,대구광역시 북구 서변동,사망사고,1,0,0,0,차대사람 - 횡단중,보행자보호의무위반,건조,맑음,교차로 - 교차로횡단보도내,승합,남,67세,상해없음,보행자,남,72세,사망
2018033000100222,2018년 3월 30일 11시,금요일,대구광역시 중구 동인동2가,경상사고,0,0,1,0,차대차 - 추돌,안전운전불이행,건조,맑음,교차로 - 교차로부근,승용,남,33세,상해없음,이륜,남,20세,경상
2018033000100246,2018년 3월 30일 12시,금요일,대구광역시 수성구 시지동,경상사고,0,0,1,0,차대차 - 추돌,안전운전불이행,건조,맑음,단일로 - 기타,이륜,남,68세,경상,승용,여,33세,상해없음
2018033000100247,2018년 3월 30일 12시,금요일,대구광역시 서구 평리동,경상사고,0,0,1,0,차대차 - 측면충돌,안전운전불이행,건조,맑음,교차로 - 교차로부근,승용,남,59세,상해없음,승용,남,53세,경상
2018033000100248,2018년 3월 30일 12시,금요일,대구광역시 서구 내당동,경상사고,0,0,1,0,차대차 - 측면충돌,신호위반,건조,맑음,교차로 - 교차로안,승용,남,50세,상해없음,원동기,남,17세,경상
2018033000100283,2018년 3월 30일 13시,금요일,대구광역시 동구 신암동,경상사고,0,0,1,0,차대사람 - 길가장자리구역통행중,안전운전불이행,건조,맑음,단일로 - 기타,승용,남,64세,상해없음,보행자,여,71세,경상
2018033000100284,2018년 3월 30일 13시,금요일,대구광역시 수성구 수성동3가,중상사고,0,1,0,0,차대차 - 측면충돌,안전운전불이행,건조,맑음,교차로 - 교차로안,이륜,여,22세,중상,승용,여,54세,상해없음
2018033000100285,2018년 3월 30일 13시,금요일,대구광역시 달서구 두류동,경상사고,0,0,1,0,차대사람 - 횡단중,안전운전불이행,건조,맑음,교차로 - 교차로부근,승용,남,43세,상해없음,보행자,남,61세,경상
2018033000100319,2018년 3월 30일 14시,금요일,대구광역시 수성구 시지동,경상사고,0,0,1,0,차대차 - 측면충돌,안전운전불이행,건조,맑음,단일로 - 기타,화물,여,48세,상해없음,이륜,남,49세,경상
2018033000100320,2018년 3월 30일 14시,금요일,대구광역시 서구 평리동,경상사고,0,0,1,0,차대차 - 측면충돌,교차로운행방법위반,건조,맑음,교차로 - 교차로안,승용,여,51세,상해없음,승용,남,23세,경상
2018033000100346,2018년 3월 30일 15시,금요일,대구광역시 동구 봉무동,경상사고,0,0,1,0,차대차 - 추돌,안전운전불이행,건조,맑음,단일로 - 기타,화물,남,73세,상해없음,승용,여,34세,경상
2018033000100347,2018년 3월 30일 15시,금요일,대구광역시 달성군 다사읍,중상사고,0,1,0,0,차대차 - 기타,안전운전불이행,건조,맑음,교차로 - 교차로안,승합,남,53세,상해없음,승용,남,62세,중상
2018033000100348,2018년 3월 30일 15시,금요일,대구광역시 중구 삼덕동1가,중상사고,0,1,0,0,차대사람 - 기타,안전운전불이행,건조,맑음,단일로 - 기타,자전거,남,25세,상해없음,보행자,여,67세,중상
2018033000100349,2018년 3월 30일 15시,금요일,대구광역시 달서구 감삼동,부상신고사고,0,0,0,1,차대차 - 측면충돌,안전운전불이행,건조,맑음,단일로 - 기타,자전거,남,22세,부상신고,승용,여,58세,상해없음
2018033000100393,2018년 3월 30일 16시,금요일,대구광역시 남구 봉덕동,경상사고,0,0,4,1,차대차 - 측면충돌,중앙선침범,건조,맑음,단일로 - 기타,승용,여,65세,부상신고,승용,여,44세,경상
2018033000100394,2018년 3월 30일 16시,금요일,대구광역시 달서구 월성동,경상사고,0,0,1,0,차대차 - 측면충돌,기타,건조,맑음,단일로 - 기타,승용,여,38세,상해없음,원동기,남,18세,경상
2018033000100395,2018년 3월 30일 16시,금요일,대구광역시 달서구 감삼동,경상사고,0,0,1,0,차대차 - 기타,안전운전불이행,건조,맑음,단일로 - 기타,승용,남,76세,상해없음,승용,여,42세,경상
2018033000100439,2018년 3월 30일 17시,금요일,대구광역시 남구 대명동,경상사고,0,0,1,0,차대차 - 추돌,안전운전불이행,건조,맑음,교차로 - 교차로부근,승용,남,68세,상해없음,승용,여,36세,경상
2018033000100440,2018년 3월 30일 17시,금요일,대구광역시 동구 동호동,경상사고,0,0,1,0,차대차 - 기타,직진우회전진행방해,건조,맑음,교차로 - 교차로안,승용,남,51세,상해없음,승용,여,47세,경상
2018033000100441,2018년 3월 30일 17시,금요일,대구광역시 서구 내당동,경상사고,0,0,1,0,차대차 - 측면충돌,안전거리미확보,건조,맑음,교차로 - 교차로부근,승용,남,27세,상해없음,이륜,남,19세,경상
2018033000100496,2018년 3월 30일 18시,금요일,대구광역시 동구 효목동,중상사고,0,1,0,0,차대사람 - 기타,안전운전불이행,건조,맑음,단일로 - 기타,화물,남,50세,상해없음,보행자,여,51세,중상
2018033000100497,2018년 3월 30일 18시,금요일,대구광역시 북구 대현동,중상사고,0,1,0,0,차대사람 - 횡단중,신호위반,건조,맑음,교차로 - 교차로안,승용,여,58세,상해없음,보행자,여,20세,중상
2018033000100528,2018년 3월 30일 19시,금요일,대구광역시 달서구 대천동,경상사고,0,0,1,0,차대사람 - 횡단중,보행자보호의무위반,건조,맑음,교차로 - 교차로횡단보도내,승용,남,47세,상해없음,보행자,남,6세,경상
2018033000100529,2018년 3월 30일 19시,금요일,대구광역시 중구 봉산동,경상사고,0,0,2,1,차대차 - 측면충돌,안전운전불이행,건조,맑음,교차로 - 교차로부근,이륜,남,56세,부상신고,화물,남,64세,경상
2018033000100530,2018년 3월 30일 19시,금요일,대구광역시 북구 사수동,중상사고,0,1,0,0,차대사람 - 기타,신호위반,건조,맑음,단일로 - 기타,이륜,남,18세,상해없음,보행자,남,63세,중상
2018033000100531,2018년 3월 30일 19시,금요일,대구광역시 북구 매천동,경상사고,0,0,1,0,차대사람 - 기타,신호위반,건조,맑음,교차로 - 교차로부근,승용,여,48세,상해없음,보행자,여,17세,경상
2018033000100568,2018년 3월 30일 20시,금요일,대구광역시 수성구 두산동,경상사고,0,0,1,0,차대차 - 추돌,안전거리미확보,건조,맑음,단일로 - 기타,승합,남,61세,상해없음,승용,남,47세,경상
2018033000100569,2018년 3월 30일 20시,금요일,대구광역시 달서구 상인동,경상사고,0,0,1,0,차대차 - 측면충돌,교차로운행방법위반,건조,맑음,교차로 - 교차로부근,승용,남,49세,상해없음,이륜,남,37세,경상
2018033000100570,2018년 3월 30일 20시,금요일,대구광역시 북구 산격동,중상사고,0,1,0,0,차대차 - 측면충돌,안전거리미확보,건조,맑음,단일로 - 기타,승용,남,67세,상해없음,자전거,남,71세,중상
2018033000100571,2018년 3월 30일 20시,금요일,대구광역시 북구 칠성동2가,경상사고,0,0,2,0,차대차 - 측면충돌,안전운전불이행,건조,맑음,교차로 - 교차로부근,승용,남,47세,상해없음,승용,남,60세,경상
2018033000100572,2018년 3월 30일 20시,금요일,대구광역시 달서구 신당동,경상사고,0,0,1,0,차대차 - 기타,안전운전불이행,건조,맑음,교차로 - 교차로부근,이륜,남,25세,경상,승용,남,20세,상해없음
2018033000100600,2018년 3월 30일 21시,금요일,대구광역시 달서구 신당동,경상사고,0,0,1,0,차대차 - 측면충돌,신호위반,건조,맑음,교차로 - 교차로안,승용,여,53세,상해없음,승용,남,64세,경상
2018033000100601,2018년 3월 30일 21시,금요일,대구광역시 달서구 성당동,경상사고,0,0,3,0,차대차 - 기타,안전운전불이행,건조,맑음,단일로 - 기타,승용,남,23세,상해없음,승용,남,64세,경상
2018033000100627,2018년 3월 30일 22시,금요일,대구광역시 남구 대명동,경상사고,0,0,1,3,차대차 - 측면충돌,안전운전불이행,건조,맑음,교차로 - 교차로부근,승용,남,58세,상해없음,승용,남,67세,경상
2018033000100651,2018년 3월 30일 23시,금요일,대구광역시 북구 산격동,경상사고,0,0,1,0,차대사람 - 기타,안전운전불이행,건조,맑음,교차로 - 교차로안,승용,남,44세,상해없음,보행자,남,46세,경상
2018033100100019,2018년 3월 31일 00시,토요일,대구광역시 달서구 월성동,경상사고,0,0,2,0,차대차 - 추돌,안전거리미확보,건조,맑음,단일로 - 기타,승용,남,40세,상해없음,승용,남,31세,경상
2018033100100041,2018년 3월 31일 01시,토요일,대구광역시 중구 동인동3가,경상사고,0,0,5,1,차대차 - 측면충돌,신호위반,건조,맑음,교차로 - 교차로안,승용,남,31세,부상신고,승용,남,53세,경상
2018033100100042,2018년 3월 31일 01시,토요일,대구광역시 달서구 본리동,경상사고,0,0,1,0,차대차 - 측면충돌,안전운전불이행,건조,맑음,교차로 - 교차로안,승용,남,59세,상해없음,승용,남,66세,경상
2018033100100050,2018년 3월 31일 02시,토요일,대구광역시 수성구 만촌동,중상사고,0,1,0,0,차량단독 - 공작물충돌,안전운전불이행,건조,맑음,단일로 - 기타,이륜,남,39세,중상,,,,
2018033100100058,2018년 3월 31일 03시,토요일,대구광역시 북구 노원동3가,경상사고,0,0,2,0,차대차 - 측면충돌,교차로운행방법위반,건조,맑음,교차로 - 교차로안,승용,남,29세,경상,특수,남,61세,경상
2018033100100059,2018년 3월 31일 03시,토요일,대구광역시 중구 삼덕동1가,경상사고,0,0,1,1,차대차 - 추돌,안전운전불이행,건조,맑음,단일로 - 기타,승용,남,23세,상해없음,승용,남,63세,경상
2018033100100077,2018년 3월 31일 05시,토요일,대구광역시 수성구 황금동,경상사고,0,0,1,0,차대차 - 후진중충돌,안전운전불이행,건조,맑음,단일로 - 기타,승용,남,22세,상해없음,승용,남,42세,경상
2018033100100078,2018년 3월 31일 05시,토요일,대구광역시 달성군 유가읍,부상신고사고,0,0,0,1,차량단독 - 전도전복 - 전복,안전운전불이행,건조,맑음,단일로 - 터널,승용,남,39세,부상신고,미분류,미분류,미분류,미분류
2018033100100079,2018년 3월 31일 05시,토요일,대구광역시 북구 태전동,중상사고,0,1,2,0,차대차 - 측면충돌,안전운전불이행,건조,맑음,교차로 - 교차로부근,승용,남,58세,중상,승합,남,54세,경상
2018033100100091,2018년 3월 31일 06시,토요일,대구광역시 달서구 송현동,경상사고,0,0,1,0,차대차 - 기타,안전운전불이행,건조,맑음,교차로 - 교차로안,화물,남,50세,상해없음,화물,남,55세,기타불명
2018033100100092,2018년 3월 31일 06시,토요일,대구광역시 중구 시장북로,부상신고사고,0,0,0,1,차대차 - 측면충돌,중앙선침범,건조,맑음,단일로 - 기타,이륜,남,42세,부상신고,승용,여,53세,상해없음
2018033100100100,2018년 3월 31일 07시,토요일,대구광역시 서구 비산동,경상사고,0,0,1,0,차대차 - 추돌,안전거리미확보,건조,맑음,단일로 - 기타,승용,남,29세,상해없음,이륜,남,65세,경상
2018033100100127,2018년 3월 31일 08시,토요일,대구광역시 서구 비산동,중상사고,0,1,0,0,차대사람 - 길가장자리구역통행중,안전운전불이행,건조,맑음,단일로 - 기타,승용,남,65세,상해없음,보행자,여,77세,중상
2018033100100168,2018년 3월 31일 10시,토요일,대구광역시 동구 방촌동,경상사고,0,0,1,0,차대차 - 측면충돌,안전운전불이행,건조,맑음,단일로 - 기타,승용,남,55세,상해없음,이륜,남,52세,경상
2018033100100169,2018년 3월 31일 10시,토요일,대구광역시 달서구 대천동,중상사고,0,1,2,0,차대차 - 추돌,안전운전불이행,건조,맑음,교차로 - 교차로부근,승용,남,52세,상해없음,승용,남,38세,경상
2018033100100170,2018년 3월 31일 10시,토요일,대구광역시 북구 대현동,경상사고,0,0,1,0,차대사람 - 보도통행중,기타,건조,맑음,단일로 - 기타,이륜,남,74세,상해없음,보행자,남,38세,경상
2018033100100171,2018년 3월 31일 10시,토요일,대구광역시 서구 비산동,중상사고,0,1,0,0,차대차 - 측면충돌,기타,건조,맑음,단일로 - 기타,화물,남,45세,상해없음,자전거,남,79세,중상
2018033100100201,2018년 3월 31일 11시,토요일,대구광역시 남구 봉덕동,경상사고,0,0,1,0,차대차 - 측면충돌,중앙선침범,건조,맑음,단일로 - 기타,승용,여,56세,상해없음,원동기,남,20세,경상
2018033100100202,2018년 3월 31일 11시,토요일,대구광역시 수성구 매호동,중상사고,0,1,0,0,차대차 - 측면충돌,안전운전불이행,건조,맑음,단일로 - 기타,승용,남,40세,상해없음,자전거,남,13세,중상
2018033100100229,2018년 3월 31일 12시,토요일,대구광역시 달서구 상인동,경상사고,0,0,1,0,차대차 - 측면충돌,안전운전불이행,건조,맑음,단일로 - 기타,승용,여,49세,상해없음,자전거,남,77세,경상
2018033100100230,2018년 3월 31일 12시,토요일,대구광역시 달성군 화원읍,부상신고사고,0,0,0,1,차대차 - 측면충돌,중앙선침범,건조,맑음,단일로 - 기타,자전거,남,60세,부상신고,승용,남,64세,상해없음
2018033100100231,2018년 3월 31일 12시,토요일,대구광역시 북구 동변동,중상사고,0,1,0,0,차대차 - 측면충돌,안전운전불이행,건조,맑음,단일로 - 기타,자전거,남,14세,중상,특수,남,42세,상해없음
2018033100100274,2018년 3월 31일 13시,토요일,대구광역시 수성구 수성동2가,경상사고,0,0,1,0,차대차 - 측면충돌,신호위반,건조,맑음,교차로 - 교차로부근,이륜,남,34세,경상,승용,남,60세,상해없음
2018033100100312,2018년 3월 31일 14시,토요일,대구광역시 동구 효목동,경상사고,0,0,4,0,차대차 - 기타,안전거리미확보,건조,맑음,교차로 - 교차로부근,승용,남,23세,경상,승용,남,75세,경상
2018033100100313,2018년 3월 31일 14시,토요일,대구광역시 달서구 본동,부상신고사고,0,0,0,1,차대사람 - 기타,안전운전불이행,건조,맑음,단일로 - 기타,화물,남,53세,상해없음,보행자,여,47세,부상신고
2018033100100314,2018년 3월 31일 14시,토요일,대구광역시 북구 대현동,부상신고사고,0,0,0,2,차대차 - 추돌,안전운전불이행,건조,맑음,교차로 - 교차로부근,이륜,남,39세,부상신고,승합,여,37세,상해없음
2018033100100315,2018년 3월 31일 14시,토요일,대구광역시 서구 평리동,중상사고,0,2,0,0,차대차 - 측면충돌,안전운전불이행,젖음/습기,맑음,교차로 - 교차로부근,승용,남,60세,중상,화물,남,74세,중상
2018033100100350,2018년 3월 31일 15시,토요일,대구광역시 수성구 상동,경상사고,0,0,2,0,차대차 - 추돌,안전운전불이행,건조,맑음,주차장 - 주차장,승용,여,40세,상해없음,승용,여,39세,경상
2018033100100351,2018년 3월 31일 15시,토요일,대구광역시 달성군 옥포읍,경상사고,0,0,2,0,차대차 - 기타,안전운전불이행,건조,맑음,단일로 - 기타,승용,남,32세,상해없음,승용,여,53세,경상
2018033100100352,2018년 3월 31일 15시,토요일,대구광역시 달성군 옥포읍,경상사고,0,0,3,0,차대차 - 기타,안전운전불이행,건조,맑음,단일로 - 기타,승용,남,36세,상해없음,승용,여,57세,경상
2018033100100353,2018년 3월 31일 15시,토요일,대구광역시 달서구 본리동,경상사고,0,0,4,0,차대차 - 측면충돌,안전운전불이행,건조,맑음,단일로 - 기타,승용,여,31세,경상,승용,여,37세,경상