사고번호,사고일시,요일,시군구,사고내용,사망자수,중상자수,경상자수,부상신고자수,사고유형,법규위반,노면상태,기상상태,도로형태,가해운전자 차종,가해운전자 성별,가해운전자 연령,가해운전자 상해정도,피해운전자 차종,피해운전자 성별,피해운전자 연령,피해운전자 상해정도
2018040300100614,2018년 4월 3일 22시,화요일,대구광역시 동구 신암동,경상사고,0,0,1,0,차대차 - 측면충돌,안전거리미확보,건조,맑음,단일로 - 교량,승용,남,48세,상해없음,승용,여,31세,경상
2018040300100639,2018년 4월 3일 23시,화요일,대구광역시 달서구 이곡동,경상사고,0,0,2,0,차대차 - 기타,신호위반,건조,맑음,교차로 - 교차로안,승합,남,53세,경상,승용,여,57세,경상
2018040400100009,2018년 4월 4일 00시,수요일,대구광역시 달서구 죽전동,경상사고,0,0,2,0,차대차 - 측면충돌,안전운전불이행,건조,맑음,교차로 - 교차로안,승용,남,27세,상해없음,승용,남,29세,경상
2018040400100027,2018년 4월 4일 01시,수요일,대구광역시 달서구 성당동,경상사고,0,0,3,0,차대차 - 측면충돌,안전운전불이행,건조,맑음,교차로 - 교차로안,승용,남,27세,상해없음,승용,여,66세,경상
2018040400100111,2018년 4월 4일 07시,수요일,대구광역시 달서구 월암동,경상사고,0,0,2,0,차대차 - 측면충돌,교차로운행방법위반,건조,맑음,교차로 - 교차로안,승용,남,27세,경상,화물,남,48세,경상
2018040400100112,2018년 4월 4일 07시,수요일,대구광역시 서구 이현동,경상사고,0,0,1,0,차대차 - 추돌,안전거리미확보,건조,맑음,교차로 - 교차로안,화물,남,48세,상해없음,승용,남,44세,경상
2018040400100113,2018년 4월 4일 07시,수요일,대구광역시 달서구 갈산동,경상사고,0,0,1,0,차대차 - 측면충돌,신호위반,건조,맑음,기타 - 기타,승용,남,51세,상해없음,자전거,남,33세,경상
2018040400100185,2018년 4월 4일 09시,수요일,대구광역시 수성구 수성동2가,경상사고,0,0,1,0,차대차 - 측면충돌,안전운전불이행,젖음/습기,비,교차로 - 교차로안,이륜,남,62세,경상,자전거,여,52세,상해없음
2018040400100186,2018년 4월 4일 09시,수요일,대구광역시 서구 비산동,경상사고,0,0,1,0,차대차 - 측면충돌,교차로운행방법위반,젖음/습기,비,교차로 - 교차로안,승용,남,28세,상해없음,승용,남,43세,경상
2018040400100225,2018년 4월 4일 10시,수요일,대구광역시 서구 상리동,중상사고,0,1,1,0,차대차 - 측면충돌,안전거리미확보,젖음/습기,비,단일로 - 기타,화물,남,56세,상해없음,승용,여,43세,중상
2018040400100240,2018년 4월 4일 11시,수요일,대구광역시 수성구 범어동,경상사고,0,0,1,0,차대차 - 기타,신호위반,젖음/습기,비,교차로 - 교차로안,승용,여,66세,상해없음,이륜,남,38세,경상
2018040400100241,2018년 4월 4일 11시,수요일,대구광역시 수성구 범어동,경상사고,0,0,2,0,차대차 - 기타,안전운전불이행,젖음/습기,비,단일로 - 기타,화물,남,68세,상해없음,화물,남,30세,경상
2018040400100242,2018년 4월 4일 11시,수요일,대구광역시 달서구 송현동,경상사고,0,0,2,0,차대차 - 측면충돌,교차로운행방법위반,젖음/습기,비,교차로 - 교차로안,승용,남,66세,경상,승용,남,41세,경상
2018040400100288,2018년 4월 4일 13시,수요일,대구광역시 북구 칠성동2가,중상사고,0,1,0,0,차대차 - 기타,안전운전불이행,젖음/습기,비,단일로 - 기타,자전거,여,71세,중상,기타불명,기타불명,미분류,기타불명
2018040400100324,2018년 4월 4일 14시,수요일,대구광역시 수성구 대흥동,경상사고,0,0,5,0,차대차 - 측면충돌,교차로운행방법위반,젖음/습기,비,교차로 - 교차로안,승용,여,44세,경상,승용,남,24세,경상
2018040400100325,2018년 4월 4일 14시,수요일,대구광역시 달성군 옥포읍,중상사고,0,1,0,0,차대차 - 측면충돌,안전운전불이행,젖음/습기,비,교차로 - 교차로부근,승용,여,53세,상해없음,자전거,남,81세,중상
2018040400100326,2018년 4월 4일 14시,수요일,대구광역시 북구 침산동,부상신고사고,0,0,0,1,차대차 - 기타,안전운전불이행,젖음/습기,비,단일로 - 기타,승용,남,60세,부상신고,화물,남,46세,상해없음
2018040400100353,2018년 4월 4일 15시,수요일,대구광역시 달성군 옥포읍,경상사고,0,0,2,0,차대차 - 측면충돌,교차로운행방법위반,건조,맑음,교차로 - 교차로안,화물,남,52세,경상,승용,남,74세,경상
2018040400100354,2018년 4월 4일 15시,수요일,대구광역시 북구 산격동,경상사고,0,0,1,0,차대차 - 측면충돌,안전거리미확보,건조,맑음,단일로 - 기타,승용,남,63세,상해없음,승합,남,54세,상해없음
2018040400100391,2018년 4월 4일 16시,수요일,대구광역시 동구 입석동,경상사고,0,0,1,0,차대차 - 측면충돌,안전거리미확보,건조,맑음,교차로 - 교차로안,승용,여,56세,상해없음,승용,여,77세,경상
2018040400100426,2018년 4월 4일 17시,수요일,대구광역시 북구 복현동,중상사고,0,1,0,0,차대차 - 측면충돌,안전거리미확보,건조,맑음,교차로 - 교차로안,승용,남,40세,상해없음,승용,여,48세,중상
2018040400100466,2018년 4월 4일 18시,수요일,대구광역시 수성구 수성동1가,경상사고,0,0,1,0,차대차 - 측면충돌,안전운전불이행,건조,맑음,교차로 - 교차로안,승용,여,52세,상해없음,승용,남,67세,경상
2018040400100467,2018년 4월 4일 18시,수요일,대구광역시 달성군 현풍읍,중상사고,0,1,0,0,차대차 - 기타,교차로운행방법위반,건조,맑음,교차로 - 교차로안,화물,남,52세,상해없음,이륜,남,37세,중상
2018040400100468,2018년 4월 4일 18시,수요일,대구광역시 달성군 유가읍,경상사고,0,0,1,0,차량단독 - 전도전복 - 전도,안전운전불이행,젖음/습기,비,단일로 - 기타,승용,남,33세,상해없음,미분류,미분류,미분류,미분류
2018040400100505,2018년 4월 4일 19시,수요일,대구광역시 수성구 만촌동,경상사고,0,0,1,0,차대사람 - 차도통행중,안전운전불이행,젖음/습기,흐림,단일로 - 기타,승용,남,60세,상해없음,보행자,남,50세,경상
2018040400100506,2018년 4월 4일 19시,수요일,대구광역시 북구 침산동,경상사고,0,0,2,0,차대차 - 측면충돌,안전운전불이행,건조,맑음,교차로 - 교차로부근,승용,남,44세,경상,승용,여,35세,경상
2018040400100507,2018년 4월 4일 19시,수요일,대구광역시 서구 내당동,경상사고,0,0,3,0,차대차 - 측면충돌,신호위반,젖음/습기,흐림,교차로 - 교차로부근,승용,남,29세,경상,승합,남,31세,경상
2018040400100540,2018년 4월 4일 20시,수요일,대구광역시 북구 대현동,경상사고,0,0,1,1,차대차 - 측면충돌,교차로운행방법위반,젖음/습기,맑음,교차로 - 교차로안,이륜,남,24세,부상신고,이륜,남,39세,경상
2018040400100570,2018년 4월 4일 21시,수요일,대구광역시 수성구 지산동,중상사고,0,1,0,0,차대사람 - 차도통행중,안전운전불이행,젖음/습기,맑음,교차로 - 교차로안,승용,여,44세,상해없음,보행자,여,14세,중상
2018040400100571,2018년 4월 4일 21시,수요일,대구광역시 수성구 두산동,경상사고,0,0,1,0,차대차 - 측면충돌,안전운전불이행,건조,맑음,교차로 - 교차로부근,승용,남,39세,상해없음,승용,남,64세,상해없음
2018040400100592,2018년 4월 4일 22시,수요일,대구광역시 수성구 범어동,경상사고,0,0,1,0,차대차 - 추돌,안전운전불이행,젖음/습기,비,단일로 - 기타,승용,남,50세,상해없음,이륜,남,27세,경상
2018040400100616,2018년 4월 4일 23시,수요일,대구광역시 서구 내당동,중상사고,0,1,0,0,차대사람 - 기타,안전운전불이행,건조,맑음,기타 - 기타,승용,남,44세,상해없음,보행자,남,48세,중상
2018040500100020,2018년 4월 5일 00시,목요일,대구광역시 남구 대명동,중상사고,0,1,0,0,차대차 - 추돌,안전운전불이행,건조,맑음,단일로 - 기타,승용,남,37세,상해없음,승용,남,60세,중상
2018040500100021,2018년 4월 5일 00시,목요일,대구광역시 수성구 상동,경상사고,0,0,3,0,차대차 - 추돌,안전거리미확보,건조,맑음,단일로 - 기타,승용,남,42세,상해없음,승용,남,50세,경상
2018040500100037,2018년 4월 5일 03시,목요일,대구광역시 수성구 만촌동,경상사고,0,0,1,0,차대사람 - 기타,안전운전불이행,젖음/습기,흐림,단일로 - 기타,승용,남,59세,상해없음,보행자,남,49세,경상
2018040500100056,2018년 4월 5일 05시,목요일,대구광역시 달서구 감삼동,중상사고,0,1,0,0,차대사람 - 횡단중,안전운전불이행,젖음/습기,비,단일로 - 기타,승용,남,57세,상해없음,보행자,여,59세,중상
2018040500100082,2018년 4월 5일 07시,목요일,대구광역시 동구 불로동,경상사고,0,0,3,0,차대차 - 측면충돌,교차로운행방법위반,건조,맑음,교차로 - 교차로안,승용,남,67세,경상,화물,여,60세,경상
2018040500100123,2018년 4월 5일 08시,목요일,대구광역시 수성구 지산동,경상사고,0,0,2,0,차대차 - 측면충돌,신호위반,젖음/습기,비,교차로 - 교차로안,승용,남,63세,상해없음,승용,남,37세,경상
2018040500100124,2018년 4월 5일 08시,목요일,대구광역시 달서구 진천동,경상사고,0,0,2,0,차대차 - 측면충돌,안전운전불이행,건조,맑음,교차로 - 교차로안,승용,남,57세,경상,화물,남,65세,경상
2018040500100160,2018년 4월 5일 09시,목요일,대구광역시 달서구 송현동,경상사고,0,0,1,0,차대차 - 추돌,안전거리미확보,젖음/습기,비,단일로 - 기타,승용,남,49세,상해없음,승용,남,29세,경상
2018040500100161,2018년 4월 5일 09시,목요일,대구광역시 달서구 이곡동,경상사고,0,0,1,0,차대차 - 추돌,안전운전불이행,젖음/습기,흐림,교차로 - 교차로부근,승용,남,61세,상해없음,승용,여,37세,경상
2018040500100189,2018년 4월 5일 10시,목요일,대구광역시 달서구 상인동,경상사고,0,0,1,0,차대사람 - 횡단중,안전운전불이행,건조,맑음,교차로 - 교차로부근,승용,여,41세,상해없음,보행자,여,69세,경상
2018040500100190,2018년 4월 5일 10시,목요일,대구광역시 달성군 다사읍,중상사고,0,1,1,0,차대차 - 정면충돌,신호위반,젖음/습기,흐림,교차로 - 교차로안,승용,여,47세,경상,원동기,남,40세,중상
2018040500100216,2018년 4월 5일 11시,목요일,대구광역시 달성군 하빈면,경상사고,0,0,1,0,차대차 - 측면충돌,안전운전불이행,건조,맑음,교차로 - 교차로부근,화물,남,50세,상해없음,승용,여,24세,경상
2018040500100248,2018년 4월 5일 12시,목요일,대구광역시 서구 이현동,경상사고,0,0,1,0,차대차 - 측면충돌,신호위반,건조,맑음,교차로 - 교차로부근,승용,여,63세,상해없음,화물,남,50세,경상
2018040500100249,2018년 4월 5일 12시,목요일,대구광역시 중구 남산동,경상사고,0,0,1,1,차대차 - 측면충돌,기타,건조,맑음,교차로 - 교차로안,승용,여,39세,부상신고,승용,남,62세,경상
2018040500100269,2018년 4월 5일 13시,목요일,대구광역시 남구 대명동,경상사고,0,0,1,0,차대사람 - 길가장자리구역통행중,안전운전불이행,건조,맑음,단일로 - 기타,승용,남,31세,상해없음,보행자,남,45세,경상
2018040500100297,2018년 4월 5일 14시,목요일,대구광역시 중구 종로1가,중상사고,0,1,0,0,차대차 - 추돌,안전거리미확보,건조,맑음,단일로 - 기타,이륜,남,29세,상해없음,승용,남,54세,중상
2018040500100355,2018년 4월 5일 16시,목요일,대구광역시 수성구 만촌동,경상사고,0,0,1,0,차대차 - 측면충돌,안전운전불이행,젖음/습기,맑음,단일로 - 기타,승용,남,26세,상해없음,승용,여,32세,경상
2018040500100356,2018년 4월 5일 16시,목요일,대구광역시 수성구 상동,경상사고,0,0,2,0,차대차 - 추돌,안전운전불이행,젖음/습기,비,교차로 - 교차로부근,승용,남,54세,상해없음,승용,남,50세,경상
2018040500100357,2018년 4월 5일 16시,목요일,대구광역시 중구 문화동,경상사고,0,0,3,0,차대차 - 기타,안전운전불이행,건조,맑음,단일로 - 기타,이륜,남,18세,상해없음,승용,남,31세,경상
2018040500100384,2018년 4월 5일 17시,목요일,대구광역시 동구 신천동,경상사고,0,0,1,0,차대차 - 기타,안전거리미확보,건조,맑음,단일로 - 기타,승용,남,42세,상해없음,승용,남,42세,경상
2018040500100385,2018년 4월 5일 17시,목요일,대구광역시 동구 신암동,중상사고,0,1,0,0,차대차 - 기타,불법유턴,젖음/습기,비,교차로 - 교차로부근,화물,남,56세,상해없음,이륜,남,48세,중상
2018040500100386,2018년 4월 5일 17시,목요일,대구광역시 달성군 가창면,중상사고,0,1,0,0,차대차 - 기타,안전운전불이행,건조,맑음,단일로 - 기타,승용,여,77세,상해없음,승용,남,56세,중상
2018040500100387,2018년 4월 5일 17시,목요일,대구광역시 북구 대현동,경상사고,0,0,1,0,차량단독 - 기타,안전운전불이행,건조,맑음,교차로 - 교차로안,승합,남,23세,상해없음,,,,
2018040500100388,2018년 4월 5일 17시,목요일,대구광역시 북구 태전동,부상신고사고,0,0,0,2,차대차 - 정면충돌,교차로운행방법위반,건조,맑음,교차로 - 교차로안,승용,남,27세,상해없음,승용,여,20세,부상신고
2018040500100389,2018년 4월 5일 17시,목요일,대구광역시 북구 서변동,중상사고,0,1,1,0,차대차 - 기타,직진우회전진행방해,건조,맑음,교차로 - 교차로안,화물,남,45세,경상,승용,여,50세,중상
2018040500100426,2018년 4월 5일 18시,목요일,대구광역시 동구 방촌동,부상신고사고,0,0,0,1,차대차 - 기타,안전운전불이행,젖음/습기,비,교차로 - 교차로부근,이륜,남,50세,부상신고,승용,남,37세,상해없음
2018040500100427,2018년 4월 5일 18시,목요일,대구광역시 달서구 송현동,경상사고,0,0,2,0,차대차 - 측면충돌,교차로운행방법위반,건조,맑음,교차로 - 교차로안,승용,여,68세,경상,승용,여,42세,경상
2018040500100480,2018년 4월 5일 19시,목요일,대구광역시 달서구 본동,경상사고,0,0,1,0,차대사람 - 보도통행중,보행자보호의무위반,건조,맑음,교차로 - 교차로횡단보도내,승용,여,49세,상해없음,보행자,남,48세,경상
2018040500100481,2018년 4월 5일 19시,목요일,대구광역시 달서구 신당동,경상사고,0,0,2,0,차대차 - 측면충돌,불법유턴,젖음/습기,비,교차로 - 교차로횡단보도내,이륜,남,29세,경상,승용,여,48세,경상
2018040500100534,2018년 4월 5일 20시,목요일,대구광역시 수성구 연호동,경상사고,0,0,1,0,차대차 - 추돌,안전운전불이행,젖음/습기,비,교차로 - 교차로부근,승용,남,39세,상해없음,승용,남,56세,경상
2018040500100535,2018년 4월 5일 20시,목요일,대구광역시 북구 노원동3가,중상사고,0,1,0,0,차대차 - 측면충돌,교차로운행방법위반,젖음/습기,비,교차로 - 교차로안,승용,여,51세,상해없음,이륜,남,26세,중상
2018040500100537,2018년 4월 5일 20시,목요일,대구광역시 북구 태전동,부상신고사고,0,0,0,1,차대차 - 기타,교차로운행방법위반,젖음/습기,비,교차로 - 교차로안,이륜,남,22세,부상신고,승용,여,46세,상해없음
2018040500100582,2018년 4월 5일 21시,목요일,대구광역시 동구 지저동,경상사고,0,0,1,0,차대차 - 정면충돌,중앙선침범,젖음/습기,비,단일로 - 기타,승합,남,58세,상해없음,승용,남,52세,경상
2018040500100584,2018년 4월 5일 21시,목요일,대구광역시 수성구 만촌동,경상사고,0,0,1,0,차대차 - 후진중충돌,안전운전불이행,젖음/습기,비,교차로 - 교차로부근,승용,남,52세,상해없음,승용,남,43세,경상
2018040500100585,2018년 4월 5일 21시,목요일,대구광역시 달성군 옥포읍,부상신고사고,0,0,0,1,차대사람 - 기타,안전운전불이행,젖음/습기,비,기타 - 기타,기타불명,기타불명,미분류,기타불명,보행자,남,21세,부상신고
2018040500100586,2018년 4월 5일 21시,목요일,대구광역시 북구 관음동,경상사고,0,0,1,0,차대차 - 정면충돌,안전운전불이행,젖음/습기,비,교차로 - 교차로안,승용,여,55세,상해없음,이륜,여,26세,경상
2018040500100629,2018년 4월 5일 22시,목요일,대구광역시 남구 대명동,경상사고,0,0,1,0,차대차 - 측면충돌,차로위반,건조,맑음,단일로 - 기타,이륜,남,27세,기타불명,승용,남,28세,상해없음
2018040500100630,2018년 4월 5일 22시,목요일,대구광역시 수성구 범어동,중상사고,0,1,0,0,차대차 - 측면충돌,안전운전불이행,젖음/습기,맑음,단일로 - 기타,승용,여,34세,상해없음,승용,남,47세,중상
2018040600100018,2018년 4월 6일 00시,금요일,대구광역시 동구 효목동,사망사고,1,0,0,0,차대사람 - 길가장자리구역통행중,안전운전불이행,젖음/습기,비,단일로 - 기타,승용,남,36세,상해없음,보행자,남,54세,사망
2018040600100019,2018년 4월 6일 00시,금요일,대구광역시 동구 용계동,경상사고,0,0,1,0,차대사람 - 횡단중,보행자보호의무위반,건조,맑음,기타 - 기타,화물,남,68세,상해없음,보행자,여,43세,경상
2018040600100020,2018년 4월 6일 00시,금요일,대구광역시 북구 서변동,경상사고,0,0,1,0,차대차 - 측면충돌,차로위반,젖음/습기,비,단일로 - 기타,승용,남,27세,상해없음,승용,여,45세,경상
2018040600100043,2018년 4월 6일 01시,금요일,대구광역시 동구 신천동,경상사고,0,0,2,0,차대차 - 측면충돌,안전운전불이행,젖음/습기,비,교차로 - 교차로부근,승용,여,44세,상해없음,승용,남,38세,경상
2018040600100044,2018년 4월 6일 01시,금요일,대구광역시 달서구 장기동,경상사고,0,0,1,0,차대사람 - 차도통행중,안전운전불이행,젖음/습기,비,교차로 - 교차로안,화물,남,65세,상해없음,보행자,남,63세,경상
2018040600100100,2018년 4월 6일 05시,금요일,대구광역시 북구 노원동3가,경상사고,0,0,1,0,차대차 - 기타,안전운전불이행,젖음/습기,비,단일로 - 기타,승용,남,37세,상해없음,승용,여,51세,경상
2018040600100101,2018년 4월 6일 05시,금요일,대구광역시 북구 복현동,부상신고사고,0,0,0,1,차대차 - 측면충돌,안전운전불이행,젖음/습기,비,단일로 - 교량,기타불명,기타불명,미분류,기타불명,승용,남,65세,부상신고
2018040600100102,2018년 4월 6일 05시,금요일,대구광역시 북구 읍내동,중상사고,0,1,0,0,차대차 - 측면충돌,신호위반,젖음/습기,비,교차로 - 교차로안,승용,여,26세,상해없음,이륜,여,56세,중상
2018040600100141,2018년 4월 6일 07시,금요일,대구광역시 달서구 상인동,경상사고,0,0,2,0,차대차 - 측면충돌,안전거리미확보,젖음/습기,비,교차로 - 교차로부근,승용,여,49세,경상,특수,남,36세,경상
2018040600100257,2018년 4월 6일 11시,금요일,대구광역시 달성군 하빈면,중상사고,0,1,0,1,차대차 - 기타,교차로운행방법위반,건조,맑음,교차로 - 교차로안,원동기,남,75세,부상신고,승용,남,58세,상해없음
2018040600100258,2018년 4월 6일 11시,금요일,대구광역시 중구 삼덕동1가,경상사고,0,0,1,0,차대사람 - 횡단중,안전운전불이행,건조,맑음,단일로 - 기타,승용,남,65세,상해없음,보행자,남,22세,상해없음
2018040600100306,2018년 4월 6일 13시,금요일,대구광역시 동구 신서동,경상사고,0,0,2,1,차대차 - 추돌,안전운전불이행,건조,맑음,단일로 - 기타,이륜,남,40세,부상신고,승용,남,62세,경상
2018040600100335,2018년 4월 6일 14시,금요일,대구광역시 달성군 현풍읍,중상사고,0,2,0,0,차대차 - 기타,안전운전불이행,건조,맑음,단일로 - 기타,승용,남,32세,상해없음,승용,여,62세,중상
2018040600100369,2018년 4월 6일 15시,금요일,대구광역시 달성군 논공읍,경상사고,0,0,3,0,차대차 - 추돌,안전운전불이행,건조,맑음,교차로 - 교차로부근,승용,여,50세,상해없음,승용,남,56세,경상
2018040600100406,2018년 4월 6일 16시,금요일,대구광역시 서구 평리동,중상사고,0,1,0,0,차대차 - 기타,기타,건조,맑음,단일로 - 기타,승용,남,51세,상해없음,원동기,남,34세,중상
2018040600100407,2018년 4월 6일 16시,금요일,대구광역시 서구 평리동,경상사고,0,0,1,0,차대차 - 추돌,안전거리미확보,건조,맑음,단일로 - 기타,승용,남,36세,상해없음,원동기,남,45세,경상
2018040600100408,2018년 4월 6일 16시,금요일,대구광역시 달서구 용산동,경상사고,0,0,1,0,차대사람 - 횡단중,안전운전불이행,건조,맑음,교차로 - 교차로안,승용,남,57세,상해없음,보행자,여,7세,경상
2018040600100439,2018년 4월 6일 17시,금요일,대구광역시 동구 신천동,경상사고,0,0,1,0,차대차 - 추돌,안전운전불이행,건조,맑음,단일로 - 기타,승용,남,68세,상해없음,승용,남,69세,경상
2018040600100440,2018년 4월 6일 17시,금요일,대구광역시 달서구 송현동,경상사고,0,0,1,0,차대차 - 측면충돌,신호위반,건조,맑음,교차로 - 교차로안,승용,여,53세,상해없음,승용,남,49세,경상
2018040600100510,2018년 4월 6일 19시,금요일,대구광역시 남구 대명동,중상사고,0,1,0,0,차대차 - 측면충돌,불법유턴,건조,맑음,교차로 - 교차로부근,승용,남,51세,상해없음,이륜,남,18세,중상
2018040600100511,2018년 4월 6일 19시,금요일,대구광역시 동구 동호동,경상사고,0,0,1,0,차대차 - 측면충돌,안전운전불이행,건조,맑음,단일로 - 기타,승용,여,42세,기타불명,승용,남,42세,경상
2018040600100512,2018년 4월 6일 19시,금요일,대구광역시 수성구 지산동,경상사고,0,0,2,0,차대차 - 측면충돌,안전거리미확보,건조,맑음,단일로 - 기타,승용,남,63세,상해없음,승용,여,66세,경상
2018040600100581,2018년 4월 6일 21시,금요일,대구광역시 달서구 대천동,경상사고,0,0,4,0,차대차 - 측면충돌,안전운전불이행,건조,맑음,교차로 - 교차로부근,승용,남,48세,상해없음,승용,여,46세,경상
2018040600100582,2018년 4월 6일 21시,금요일,대구광역시 서구 비산동,부상신고사고,0,0,0,1,차대사람 - 보도통행중,안전운전불이행,건조,맑음,단일로 - 기타,승용,여,59세,상해없음,보행자,남,63세,부상신고
2018040600100613,2018년 4월 6일 22시,금요일,대구광역시 달서구 이곡동,경상사고,0,0,1,0,차대차 - 기타,교차로운행방법위반,건조,맑음,교차로 - 교차로안,승용,남,46세,상해없음,승용,남,62세,상해없음
2018040600100614,2018년 4월 6일 22시,금요일,대구광역시 달서구 신당동,경상사고,0,0,3,0,차대차 - 추돌,안전운전불이행,건조,맑음,단일로 - 기타,승용,남,29세,상해없음,승합,남,57세,상해없음
2018040600100645,2018년 4월 6일 23시,금요일,대구광역시 동구 율하동,중상사고,0,2,0,0,차대차 - 추돌,안전운전불이행,건조,맑음,교차로 - 교차로부근,승용,남,28세,상해없음,화물,남,54세,중상
2018040600100646,2018년 4월 6일 23시,금요일,대구광역시 달서구 대천동,중상사고,0,1,0,0,차대차 - 추돌,안전운전불이행,건조,맑음,교차로 - 교차로부근,승용,남,40세,상해없음,승용,남,69세,중상
2018040700100016,2018년 4월 7일 00시,토요일,대구광역시 동구 방촌동,부상신고사고,0,0,0,1,차대사람 - 횡단중,안전운전불이행,건조,맑음,교차로 - 교차로부근,승용,남,25세,상해없음,보행자,남,23세,부상신고
2018040700100017,2018년 4월 7일 00시,토요일,대구광역시 서구 비산동,중상사고,0,1,2,0,차대차 - 측면충돌,안전거리미확보,건조,맑음,단일로 - 기타,승용,여,38세,경상,승용,남,24세,중상
2018040700100039,2018년 4월 7일 01시,토요일,대구광역시 달성군 유가읍,부상신고사고,0,0,0,1,차대차 - 추돌,안전운전불이행,건조,기타,단일로 - 기타,승용,남,34세,기타불명,승용,남,35세,부상신고
2018040700100060,2018년 4월 7일 02시,토요일,대구광역시 수성구 상동,경상사고,0,0,2,0,차대차 - 추돌,안전운전불이행,건조,맑음,단일로 - 기타,승용,여,42세,상해없음,승용,여,55세,경상
2018040700100073,2018년 4월 7일 03시,토요일,대구광역시 수성구 이천동,부상신고사고,0,0,0,1,차량단독 - 전도전복 - 전도,안전운전불이행,건조,맑음,단일로 - 기타,이륜,남,16세,부상신고,미분류,미분류,미분류,미분류
2018040700100097,2018년 4월 7일 05시,토요일,대구광역시 남구 대명동,경상사고,0,0,1,1,차대차 - 측면충돌,안전거리미확보,건조,맑음,교차로 - 교차로부근,승용,남,59세,부상신고,승용,남,25세,경상
2018040700100141,2018년 4월 7일 08시,토요일,대구광역시 수성구 상동,중상사고,0,1,0,0,차대차 - 추돌,안전운전불이행,건조,맑음,교차로 - 교차로부근,승용,남,62세,상해없음,승용,남,30세,중상
2018040700100142,2018년 4월 7일 08시,토요일,대구광역시 북구 구암동,경상사고,0,0,1,0,차대차 - 측면충돌,안전운전불이행,건조,맑음,교차로 - 교차로부근,승용,여,54세,상해없음,승용,여,45세,경상
2018040700100192,2018년 4월 7일 10시,토요일,대구광역시 달서구 신당동,경상사고,0,0,1,0,차대차 - 기타,안전운전불이행,건조,맑음,기타 - 기타,승용,남,57세,상해없음,승용,남,55세,경상
2018040700100233,2018년 4월 7일 11시,토요일,대구광역시 달서구 진천동,중상사고,0,1,0,0,차대사람 - 횡단중,안전운전불이행,건조,맑음,단일로 - 기타,승용,여,44세,상해없음,보행자,여,69세,중상
2018040700100234,2018년 4월 7일 11시,토요일,대구광역시 달성군 화원읍,경상사고,0,0,1,0,차대차 - 기타,교차로운행방법위반,건조,맑음,교차로 - 교차로안,승용,남,52세,상해없음,승용,남,56세,경상
2018040700100294,2018년 4월 7일 13시,토요일,대구광역시 중구 수창동,경상사고,0,0,3,0,차대차 - 측면충돌,안전운전불이행,건조,맑음,교차로 - 교차로부근,승용,여,51세,상해없음,승용,남,25세,경상
2018040700100295,2018년 4월 7일 13시,토요일,대구광역시 달서구 본리동,경상사고,0,0,1,0,차대차 - 측면충돌,안전운전불이행,건조,맑음,단일로 - 기타,승용,남,58세,상해없음,승용,여,41세,경상
2018040700100333,2018년 4월 7일 14시,토요일,대구광역시 수성구 두산동,경상사고,0,0,1,0,차대차 - 측면충돌,안전거리미확보,건조,맑음,교차로 - 교차로부근,승용,여,53세,상해없음,이륜,남,38세,경상
2018040700100334,2018년 4월 7일 14시,토요일,대구광역시 북구 산격동,경상사고,0,0,1,0,차대차 - 측면충돌,불법유턴,건조,맑음,교차로 - 교차로부근,기타불명,기타불명,미분류,기타불명,원동기,남,27세,경상
2018040700100335,2018년 4월 7일 14시,토요일,대구광역시 북구 읍내동,경상사고,0,0,2,0,차대차 - 후진중충돌,안전운전불이행,건조,맑음,단일로 - 기타,승용,여,46세,상해없음,승용,남,56세,경상
2018040700100381,2018년 4월 7일 15시,토요일,대구광역시 동구 동호동,경상사고,0,0,1,0,차대차 - 추돌,직진우회전진행방해,건조,맑음,교차로 - 교차로안,승용,남,63세,상해없음,승용,여,36세,경상
2018040700100382,2018년 4월 7일 15시,토요일,대구광역시 달성군 다사읍,중상사고,0,1,1,0,차대차 - 측면충돌,차로위반,건조,맑음,단일로 - 기타,승용,여,66세,상해없음,승용,남,44세,중상
2018040700100420,2018년 4월 7일 16시,토요일,대구광역시 달서구 월성동,중상사고,0,1,1,0,차대차 - 측면충돌,중앙선침범,건조,맑음,단일로 - 기타,승용,남,28세,상해없음,이륜,남,19세,경상
2018040700100421,2018년 4월 7일 16시,토요일,대구광역시 서구 내당동,경상사고,0,0,1,0,차대차 - 측면충돌,안전운전불이행,건조,맑음,교차로 - 교차로안,승용,여,32세,기타불명,이륜,남,28세,경상
2018040700100422,2018년 4월 7일 16시,토요일,대구광역시 중구 삼덕동2가,중상사고,0,3,1,0,차대차 - 추돌,안전운전불이행,건조,맑음,단일로 - 기타,화물,남,49세,상해없음,승용,여,40세,중상
2018040700100468,2018년 4월 7일 17시,토요일,대구광역시 수성구 매호동,경상사고,0,0,2,0,차대차 - 측면충돌,교차로운행방법위반,건조,맑음,교차로 - 교차로안,승용,여,57세,상해없음,승용,남,33세,경상
2018040700100515,2018년 4월 7일 18시,토요일,대구광역시 수성구 만촌동,경상사고,0,0,1,0,차대차 - 기타,안전운전불이행,건조,맑음,교차로 - 교차로부근,화물,남,32세,상해없음,승용,여,58세,경상
2018040700100516,2018년 4월 7일 18시,토요일,대구광역시 달서구 감삼동,경상사고,0,0,1,0,차대사람 - 기타,안전운전불이행,건조,맑음,단일로 - 기타,승용,여,63세,상해없음,보행자,여,33세,경상
2018040700100550,2018년 4월 7일 19시,토요일,대구광역시 수성구 지산동,경상사고,0,0,2,0,차대차 - 후진중충돌,안전운전불이행,건조,맑음,단일로 - 기타,승용,남,32세,상해없음,승용,남,30세,경상