사고번호,사고일시,요일,시군구,사고내용,사망자수,중상자수,경상자수,부상신고자수,사고유형,법규위반,노면상태,기상상태,도로형태,가해운전자 차종,가해운전자 성별,가해운전자 연령,가해운전자 상해정도,피해운전자 차종,피해운전자 성별,피해운전자 연령,피해운전자 상해정도
2018040700100551,2018년 4월 7일 19시,토요일,대구광역시 북구 산격동,경상사고,0,0,1,0,차대차 - 측면충돌,안전운전불이행,건조,맑음,교차로 - 교차로안,이륜,남,26세,경상,승용,남,56세,상해없음
2018040700100552,2018년 4월 7일 19시,토요일,대구광역시 북구 칠성동2가,부상신고사고,0,0,0,1,차대차 - 측면충돌,안전거리미확보,건조,맑음,기타 - 기타,승용,여,49세,부상신고,화물,남,41세,상해없음
2018040700100585,2018년 4월 7일 20시,토요일,대구광역시 수성구 지산동,중상사고,0,1,0,0,차대차 - 측면충돌,안전운전불이행,건조,맑음,단일로 - 기타,이륜,남,22세,중상,승용,남,70세,상해없음
2018040700100586,2018년 4월 7일 20시,토요일,대구광역시 수성구 수성동1가,경상사고,0,0,2,0,차대차 - 측면충돌,교차로운행방법위반,건조,맑음,교차로 - 교차로안,화물,남,43세,상해없음,승용,남,25세,경상
2018040700100587,2018년 4월 7일 20시,토요일,대구광역시 중구 덕산동,경상사고,0,0,1,0,차대차 - 측면충돌,신호위반,건조,맑음,교차로 - 교차로안,이륜,남,22세,경상,승용,남,31세,상해없음
2018040700100614,2018년 4월 7일 21시,토요일,대구광역시 수성구 범어동,경상사고,0,0,2,0,차대차 - 추돌,교차로운행방법위반,건조,맑음,교차로 - 교차로부근,승용,남,47세,상해없음,승용,남,40세,경상
2018040700100615,2018년 4월 7일 21시,토요일,대구광역시 달서구 송현동,경상사고,0,0,2,0,차대차 - 측면충돌,안전거리미확보,건조,맑음,단일로 - 기타,승용,남,68세,경상,승용,여,21세,경상
2018040700100616,2018년 4월 7일 21시,토요일,대구광역시 서구 비산동,경상사고,0,0,1,0,차대차 - 측면충돌,신호위반,건조,맑음,교차로 - 교차로안,원동기,남,19세,상해없음,승용,남,60세,경상
2018040700100617,2018년 4월 7일 21시,토요일,대구광역시 북구 매천동,경상사고,0,0,1,0,차대차 - 측면충돌,안전운전불이행,건조,맑음,단일로 - 기타,화물,남,44세,상해없음,승용,남,46세,경상
2018040700100644,2018년 4월 7일 22시,토요일,대구광역시 달서구 송현동,중상사고,0,1,0,0,차대차 - 측면충돌,안전운전불이행,건조,맑음,교차로 - 교차로안,승용,남,37세,상해없음,이륜,남,36세,중상
2018040700100645,2018년 4월 7일 22시,토요일,대구광역시 북구 복현동,경상사고,0,0,1,0,차대사람 - 기타,안전운전불이행,건조,맑음,단일로 - 기타,승합,남,59세,상해없음,보행자,여,31세,경상
2018040800100014,2018년 4월 8일 00시,일요일,대구광역시 서구 상리동,중상사고,0,1,1,0,차대차 - 측면충돌,직진우회전진행방해,건조,맑음,교차로 - 교차로안,승용,남,21세,상해없음,승용,여,49세,중상
2018040800100015,2018년 4월 8일 00시,일요일,대구광역시 서구 내당동,경상사고,0,0,2,0,차대차 - 측면충돌,안전운전불이행,건조,맑음,단일로 - 기타,승용,남,20세,상해없음,승용,남,73세,상해없음
2018040800100016,2018년 4월 8일 00시,일요일,대구광역시 중구 삼덕동1가,경상사고,0,0,1,0,차대사람 - 기타,안전운전불이행,건조,맑음,단일로 - 기타,승용,여,25세,상해없음,보행자,남,25세,경상
2018040800100017,2018년 4월 8일 00시,일요일,대구광역시 북구 태전동,경상사고,0,0,1,0,차대차 - 측면충돌,안전운전불이행,건조,맑음,단일로 - 기타,승용,남,27세,상해없음,화물,남,51세,경상
2018040800100036,2018년 4월 8일 01시,일요일,대구광역시 수성구 범물동,경상사고,0,0,2,0,차대차 - 측면충돌,신호위반,건조,맑음,교차로 - 교차로안,승용,여,31세,상해없음,승용,여,27세,경상
2018040800100037,2018년 4월 8일 01시,일요일,대구광역시 중구 삼덕동2가,경상사고,0,0,1,0,차대차 - 추돌,안전운전불이행,건조,맑음,교차로 - 교차로부근,승용,남,36세,상해없음,승용,남,26세,경상
2018040800100059,2018년 4월 8일 03시,일요일,대구광역시 동구 효목동,중상사고,0,1,0,0,차량단독 - 기타,안전운전불이행,건조,맑음,교차로 - 교차로부근,승용,남,65세,상해없음,,,,
2018040800100060,2018년 4월 8일 03시,일요일,대구광역시 서구 이현동,중상사고,0,1,0,0,차대차 - 추돌,안전운전불이행,건조,맑음,단일로 - 기타,승용,남,31세,상해없음,승용,남,31세,중상
2018040800100080,2018년 4월 8일 05시,일요일,대구광역시 수성구 신매동,경상사고,0,0,2,0,차대차 - 측면충돌,신호위반,건조,맑음,교차로 - 교차로안,승합,남,54세,상해없음,승용,여,49세,경상
2018040800100090,2018년 4월 8일 06시,일요일,대구광역시 달서구 성당동,중상사고,0,3,1,0,차대차 - 정면충돌,안전운전불이행,건조,맑음,단일로 - 기타,승용,남,38세,경상,승합,남,56세,기타불명
2018040800100108,2018년 4월 8일 08시,일요일,대구광역시 동구 검사동,경상사고,0,0,1,0,차대차 - 기타,안전거리미확보,건조,맑음,단일로 - 기타,승용,여,51세,상해없음,승합,남,48세,상해없음
2018040800100109,2018년 4월 8일 08시,일요일,대구광역시 달서구 본동,부상신고사고,0,0,0,1,차대차 - 정면충돌,교차로운행방법위반,건조,맑음,교차로 - 교차로안,승용,여,47세,상해없음,승용,남,52세,부상신고
2018040800100125,2018년 4월 8일 09시,일요일,대구광역시 북구 동호동,경상사고,0,0,1,0,차대차 - 기타,신호위반,건조,맑음,교차로 - 교차로안,승용,여,43세,상해없음,화물,남,62세,경상
2018040800100148,2018년 4월 8일 10시,일요일,대구광역시 동구 율하동,경상사고,0,0,1,0,차대차 - 측면충돌,차로위반,건조,맑음,교차로 - 교차로안,화물,남,58세,상해없음,승용,남,24세,경상
2018040800100218,2018년 4월 8일 13시,일요일,대구광역시 달서구 호산동,경상사고,0,0,2,0,차대차 - 기타,신호위반,건조,맑음,교차로 - 교차로안,승용,남,60세,상해없음,승용,여,44세,경상
2018040800100249,2018년 4월 8일 14시,일요일,대구광역시 달서구 상인동,경상사고,0,0,1,0,차대차 - 추돌,안전운전불이행,건조,맑음,교차로 - 교차로부근,승용,남,34세,상해없음,승용,여,46세,상해없음
2018040800100250,2018년 4월 8일 14시,일요일,대구광역시 서구 이현동,경상사고,0,0,1,0,차대차 - 측면충돌,중앙선침범,건조,맑음,단일로 - 기타,자전거,남,56세,경상,승용,남,59세,상해없음
2018040800100251,2018년 4월 8일 14시,일요일,대구광역시 서구 비산동,경상사고,0,0,3,0,차대차 - 측면충돌,안전운전불이행,건조,맑음,교차로 - 교차로안,승용,남,52세,상해없음,승용,남,34세,경상
2018040800100324,2018년 4월 8일 16시,일요일,대구광역시 수성구 범물동,중상사고,0,1,0,0,차대차 - 기타,기타,건조,맑음,주차장 - 주차장,승용,남,38세,상해없음,이륜,남,36세,중상
2018040800100350,2018년 4월 8일 17시,일요일,대구광역시 북구 서변동,경상사고,0,0,4,0,차대차 - 추돌,안전운전불이행,건조,맑음,기타 - 기타,승용,남,46세,상해없음,승용,남,59세,상해없음
2018040800100352,2018년 4월 8일 17시,일요일,대구광역시 동구 지묘동,경상사고,0,0,3,0,차대차 - 측면충돌,안전운전불이행,건조,맑음,단일로 - 기타,승용,여,68세,상해없음,승용,남,36세,경상
2018040800100353,2018년 4월 8일 17시,일요일,대구광역시 달서구 이곡동,경상사고,0,0,1,0,차대차 - 측면충돌,안전운전불이행,건조,맑음,교차로 - 교차로안,승용,여,48세,상해없음,개인형이동수단(PM),남,15세,경상
2018040800100354,2018년 4월 8일 17시,일요일,대구광역시 달서구 감삼동,중상사고,0,1,0,0,차대차 - 기타,안전운전불이행,건조,맑음,기타 - 기타,승용,남,34세,상해없음,이륜,남,39세,중상
2018040800100388,2018년 4월 8일 18시,일요일,대구광역시 중구 동산동,경상사고,0,0,2,0,차대차 - 측면충돌,안전운전불이행,건조,맑음,단일로 - 기타,승용,남,31세,상해없음,승용,여,28세,경상
2018040800100425,2018년 4월 8일 19시,일요일,대구광역시 중구 남산동,경상사고,0,0,4,0,차대차 - 추돌,안전운전불이행,건조,맑음,단일로 - 기타,승용,남,59세,상해없음,화물,남,40세,경상
2018040800100426,2018년 4월 8일 19시,일요일,대구광역시 달서구 감삼동,경상사고,0,0,3,0,차대차 - 기타,안전운전불이행,건조,맑음,단일로 - 기타,승용,여,22세,상해없음,승용,남,30세,경상
2018040800100448,2018년 4월 8일 20시,일요일,대구광역시 동구 신암동,중상사고,0,1,0,0,차대사람 - 횡단중,보행자보호의무위반,건조,맑음,단일로 - 기타,승용,남,37세,상해없음,보행자,남,33세,중상
2018040800100462,2018년 4월 8일 21시,일요일,대구광역시 수성구 범어동,경상사고,0,0,9,2,차대차 - 측면충돌,안전거리미확보,건조,맑음,단일로 - 기타,승용,남,22세,상해없음,승용,남,25세,상해없음
2018040800100463,2018년 4월 8일 21시,일요일,대구광역시 서구 평리동,중상사고,0,1,1,0,차대차 - 추돌,안전거리미확보,건조,맑음,단일로 - 기타,승용,남,31세,중상,승용,남,67세,경상
2018040900100008,2018년 4월 9일 00시,월요일,대구광역시 중구 동인동4가,중상사고,0,2,0,0,차대차 - 기타,중앙선침범,건조,맑음,단일로 - 교량,승용,남,24세,중상,승용,남,51세,중상
2018040900100009,2018년 4월 9일 00시,월요일,대구광역시 수성구 지산동,중상사고,0,1,0,0,차대차 - 측면충돌,기타,건조,맑음,단일로 - 기타,승용,남,65세,상해없음,이륜,남,41세,중상
2018040900100010,2018년 4월 9일 00시,월요일,대구광역시 수성구 중동,경상사고,0,0,1,0,차량단독 - 기타,안전운전불이행,기타,맑음,기타 - 기타,자전거,여,64세,경상,,,,
2018040900100029,2018년 4월 9일 02시,월요일,대구광역시 수성구 수성동1가,경상사고,0,0,2,0,차대차 - 측면충돌,안전거리미확보,건조,맑음,교차로 - 교차로부근,승용,남,59세,상해없음,이륜,남,20세,경상
2018040900100058,2018년 4월 9일 06시,월요일,대구광역시 달서구 두류동,경상사고,0,0,1,0,차대차 - 측면충돌,안전거리미확보,건조,맑음,단일로 - 기타,승용,남,57세,상해없음,이륜,남,38세,경상
2018040900100084,2018년 4월 9일 07시,월요일,대구광역시 수성구 연호동,경상사고,0,0,1,0,차대차 - 추돌,안전운전불이행,건조,맑음,교차로 - 교차로부근,승용,남,36세,상해없음,승용,남,48세,경상
2018040900100085,2018년 4월 9일 07시,월요일,대구광역시 수성구 상동,경상사고,0,0,2,0,차대차 - 측면충돌,신호위반,건조,맑음,교차로 - 교차로안,승용,여,71세,상해없음,승용,남,61세,경상
2018040900100119,2018년 4월 9일 08시,월요일,대구광역시 중구 동인동2가,경상사고,0,0,2,0,차대차 - 측면충돌,교차로운행방법위반,건조,맑음,교차로 - 교차로안,승용,남,60세,경상,승용,여,69세,경상
2018040900100120,2018년 4월 9일 08시,월요일,대구광역시 달서구 신당동,경상사고,0,0,1,0,차대차 - 측면충돌,안전운전불이행,건조,맑음,교차로 - 교차로부근,승용,남,23세,상해없음,승용,남,31세,경상
2018040900100154,2018년 4월 9일 09시,월요일,대구광역시 동구 율암동,경상사고,0,0,1,0,차대차 - 측면충돌,안전운전불이행,건조,맑음,교차로 - 교차로부근,승용,남,34세,상해없음,승용,남,35세,경상
2018040900100155,2018년 4월 9일 09시,월요일,대구광역시 동구 신천동,경상사고,0,0,2,0,차대차 - 측면충돌,안전거리미확보,건조,맑음,단일로 - 기타,승용,여,51세,경상,화물,남,50세,경상
2018040900100191,2018년 4월 9일 10시,월요일,대구광역시 수성구 상동,경상사고,0,0,2,0,차대차 - 추돌,안전운전불이행,건조,맑음,교차로 - 교차로부근,승용,여,58세,상해없음,승용,남,32세,경상
2018040900100192,2018년 4월 9일 10시,월요일,대구광역시 달서구 도원동,경상사고,0,0,1,0,차대차 - 측면충돌,차로위반,건조,맑음,단일로 - 기타,승용,여,43세,상해없음,승용,여,34세,경상
2018040900100233,2018년 4월 9일 11시,월요일,대구광역시 동구 입석동,경상사고,0,0,1,0,차대차 - 측면충돌,안전거리미확보,건조,맑음,교차로 - 교차로안,승용,남,39세,상해없음,승용,남,43세,경상
2018040900100234,2018년 4월 9일 11시,월요일,대구광역시 달서구 송현동,경상사고,0,0,1,0,차대차 - 측면충돌,안전운전불이행,건조,맑음,교차로 - 교차로안,이륜,남,29세,경상,승용,남,62세,상해없음
2018040900100235,2018년 4월 9일 11시,월요일,대구광역시 북구 복현동,경상사고,0,0,1,0,차대차 - 측면충돌,차로위반,건조,맑음,단일로 - 기타,승용,남,71세,상해없음,승용,남,39세,경상
2018040900100236,2018년 4월 9일 11시,월요일,대구광역시 달서구 두류동,경상사고,0,0,1,0,차대차 - 측면충돌,안전운전불이행,건조,맑음,단일로 - 기타,승용,남,39세,상해없음,승용,남,67세,경상
2018040900100304,2018년 4월 9일 13시,월요일,대구광역시 북구 관음동,경상사고,0,0,1,0,차대차 - 기타,교차로운행방법위반,건조,맑음,교차로 - 교차로안,이륜,남,19세,상해없음,승합,남,52세,상해없음
2018040900100377,2018년 4월 9일 15시,월요일,대구광역시 북구 동천동,경상사고,0,0,2,0,차대차 - 측면충돌,직진우회전진행방해,건조,맑음,교차로 - 교차로안,승용,여,27세,경상,승용,여,37세,경상
2018040900100412,2018년 4월 9일 16시,월요일,대구광역시 북구 침산동,중상사고,0,1,0,0,차대차 - 측면충돌,안전운전불이행,건조,맑음,교차로 - 교차로횡단보도내,자전거,여,68세,중상,승용,여,39세,상해없음
2018040900100466,2018년 4월 9일 17시,월요일,대구광역시 북구 침산동,중상사고,0,1,0,0,차대사람 - 보도통행중,보행자보호의무위반,건조,맑음,교차로 - 교차로횡단보도내,승합,남,48세,상해없음,보행자,여,34세,중상
2018040900100467,2018년 4월 9일 17시,월요일,대구광역시 서구 중리동,경상사고,0,0,1,0,차대사람 - 횡단중,안전운전불이행,건조,맑음,단일로 - 기타,화물,남,71세,상해없음,보행자,남,50세,경상
2018040900100505,2018년 4월 9일 18시,월요일,대구광역시 남구 대명동,경상사고,0,0,1,0,차대차 - 추돌,안전운전불이행,건조,맑음,단일로 - 기타,승용,남,62세,상해없음,승용,여,57세,경상
2018040900100506,2018년 4월 9일 18시,월요일,대구광역시 동구 율하동,경상사고,0,0,1,0,차대차 - 추돌,안전거리미확보,건조,맑음,교차로 - 교차로부근,승용,남,69세,상해없음,승용,남,64세,경상
2018040900100507,2018년 4월 9일 18시,월요일,대구광역시 달서구 월성동,경상사고,0,0,1,0,차대차 - 측면충돌,안전운전불이행,건조,맑음,기타 - 기타,승용,여,47세,상해없음,자전거,남,12세,경상
2018040900100508,2018년 4월 9일 18시,월요일,대구광역시 서구 내당동,경상사고,0,0,1,0,차대사람 - 기타,안전운전불이행,건조,맑음,단일로 - 기타,승용,여,33세,상해없음,보행자,남,80세,경상
2018040900100509,2018년 4월 9일 18시,월요일,대구광역시 서구 중리동,중상사고,0,1,2,0,차대차 - 측면충돌,안전운전불이행,건조,맑음,단일로 - 기타,승용,여,46세,경상,승용,남,46세,경상
2018040900100510,2018년 4월 9일 18시,월요일,대구광역시 중구 남산동,중상사고,0,1,0,0,차대사람 - 보도통행중,기타,건조,맑음,기타 - 기타,승용,남,56세,상해없음,보행자,여,31세,중상
2018040900100550,2018년 4월 9일 19시,월요일,대구광역시 동구 봉무동,경상사고,0,0,1,0,차대차 - 추돌,안전운전불이행,건조,맑음,주차장 - 주차장,승용,남,64세,상해없음,승용,여,59세,경상
2018040900100551,2018년 4월 9일 19시,월요일,대구광역시 달서구 용산동,경상사고,0,0,1,0,차대차 - 측면충돌,안전운전불이행,건조,맑음,교차로 - 교차로횡단보도내,승용,여,33세,상해없음,자전거,남,39세,경상
2018040900100552,2018년 4월 9일 19시,월요일,대구광역시 북구 태전동,경상사고,0,0,1,0,차대차 - 측면충돌,차로위반,건조,맑음,단일로 - 기타,화물,남,59세,상해없음,승용,남,27세,경상
2018040900100585,2018년 4월 9일 20시,월요일,대구광역시 달성군 화원읍,중상사고,0,1,0,0,차대차 - 측면충돌,안전운전불이행,건조,맑음,단일로 - 기타,화물,남,56세,상해없음,승용,남,74세,중상
2018040900100586,2018년 4월 9일 20시,월요일,대구광역시 북구 노원동3가,중상사고,0,1,1,0,차대차 - 추돌,안전운전불이행,건조,맑음,단일로 - 기타,승용,남,77세,상해없음,승용,남,57세,경상
2018040900100587,2018년 4월 9일 20시,월요일,대구광역시 북구 노원동3가,중상사고,0,1,0,1,차대차 - 측면충돌,불법유턴,건조,맑음,단일로 - 기타,승용,남,48세,부상신고,승용,남,32세,중상
2018040900100589,2018년 4월 9일 20시,월요일,대구광역시 북구 태전동,경상사고,0,0,1,0,차대차 - 기타,차로위반,건조,맑음,단일로 - 기타,승용,남,61세,상해없음,이륜,남,22세,경상
2018040900100619,2018년 4월 9일 21시,월요일,대구광역시 수성구 두산동,중상사고,0,1,0,0,차대차 - 기타,안전거리미확보,건조,맑음,단일로 - 기타,승용,남,73세,상해없음,이륜,남,36세,중상
2018040900100620,2018년 4월 9일 21시,월요일,대구광역시 중구 대봉동,경상사고,0,0,1,1,차대차 - 추돌,안전거리미확보,건조,맑음,단일로 - 기타,승용,남,51세,상해없음,승용,남,66세,상해없음
2018040900100621,2018년 4월 9일 21시,월요일,대구광역시 중구 교동,경상사고,0,0,2,0,차대차 - 측면충돌,신호위반,건조,맑음,교차로 - 교차로안,승용,남,59세,상해없음,승용,남,53세,상해없음
2018040900100622,2018년 4월 9일 21시,월요일,대구광역시 북구 구암동,경상사고,0,0,1,0,차대차 - 측면충돌,안전운전불이행,건조,맑음,교차로 - 교차로안,이륜,남,17세,상해없음,승용,남,58세,경상
2018040900100644,2018년 4월 9일 22시,월요일,대구광역시 수성구 이천동,중상사고,0,1,0,0,차대차 - 측면충돌,안전거리미확보,건조,맑음,단일로 - 기타,승용,남,63세,상해없음,승용,남,43세,중상
2018040900100658,2018년 4월 9일 23시,월요일,대구광역시 달성군 논공읍,중상사고,0,1,0,0,차대차 - 추돌,안전운전불이행,건조,기타,단일로 - 기타,승용,남,43세,상해없음,승용,여,49세,중상
2018040900100659,2018년 4월 9일 23시,월요일,대구광역시 수성구 황금동,경상사고,0,0,1,0,차대사람 - 길가장자리구역통행중,안전운전불이행,건조,맑음,단일로 - 기타,승용,여,61세,상해없음,보행자,남,22세,경상
2018040900100660,2018년 4월 9일 23시,월요일,대구광역시 수성구 상동,중상사고,0,3,0,0,차대사람 - 차도통행중,안전운전불이행,건조,맑음,단일로 - 기타,이륜,남,18세,중상,보행자,남,25세,중상
2018040900100661,2018년 4월 9일 23시,월요일,대구광역시 달서구 진천동,경상사고,0,0,1,0,차대차 - 측면충돌,안전운전불이행,건조,맑음,단일로 - 기타,승용,남,25세,상해없음,이륜,남,19세,경상
2018040900100662,2018년 4월 9일 23시,월요일,대구광역시 달서구 진천동,경상사고,0,0,2,1,차대차 - 측면충돌,안전운전불이행,건조,맑음,단일로 - 기타,승용,남,31세,경상,승용,남,53세,경상
2018041000100009,2018년 4월 10일 00시,화요일,대구광역시 달서구 월성동,중상사고,0,1,0,0,차대차 - 기타,안전운전불이행,건조,맑음,교차로 - 교차로부근,승용,남,28세,상해없음,승용,여,52세,중상
2018041000100010,2018년 4월 10일 00시,화요일,대구광역시 북구 복현동,경상사고,0,0,1,0,차대차 - 측면충돌,안전운전불이행,건조,맑음,교차로 - 교차로부근,승용,남,32세,상해없음,승용,남,40세,경상
2018041000100011,2018년 4월 10일 00시,화요일,대구광역시 달서구 이곡동,경상사고,0,0,1,0,차대차 - 추돌,안전운전불이행,건조,기타,교차로 - 교차로안,원동기,남,28세,상해없음,승용,남,27세,경상
2018041000100068,2018년 4월 10일 06시,화요일,대구광역시 달서구 송현동,경상사고,0,0,3,0,차대차 - 측면충돌,차로위반,건조,맑음,단일로 - 기타,승용,남,63세,상해없음,승용,남,61세,경상
2018041000100069,2018년 4월 10일 06시,화요일,대구광역시 서구 비산동,경상사고,0,0,1,0,차대차 - 측면충돌,신호위반,건조,맑음,교차로 - 교차로횡단보도내,이륜,남,45세,상해없음,자전거,남,69세,경상
2018041000100089,2018년 4월 10일 07시,화요일,대구광역시 서구 비산동,경상사고,0,0,2,0,차대차 - 측면충돌,신호위반,건조,맑음,교차로 - 교차로횡단보도내,자전거,여,45세,경상,화물,남,57세,경상
2018041000100090,2018년 4월 10일 07시,화요일,대구광역시 중구 봉산동,경상사고,0,0,1,0,차대사람 - 기타,신호위반,건조,맑음,기타 - 기타,이륜,남,16세,상해없음,보행자,남,18세,경상
2018041000100091,2018년 4월 10일 07시,화요일,대구광역시 달서구 성당동,경상사고,0,0,2,0,차대차 - 측면충돌,차로위반,건조,맑음,단일로 - 기타,승용,남,38세,상해없음,승용,남,27세,경상
2018041000100131,2018년 4월 10일 08시,화요일,대구광역시 수성구 수성동1가,경상사고,0,0,1,0,차대차 - 측면충돌,안전운전불이행,건조,맑음,교차로 - 교차로부근,승용,남,28세,상해없음,화물,남,45세,경상
2018041000100132,2018년 4월 10일 08시,화요일,대구광역시 달성군 현풍읍,경상사고,0,0,1,0,차대차 - 측면충돌,교차로운행방법위반,건조,맑음,교차로 - 교차로안,승용,남,57세,상해없음,승용,여,28세,경상
2018041000100166,2018년 4월 10일 09시,화요일,대구광역시 달서구 대곡동,경상사고,0,0,3,0,차대차 - 추돌,안전거리미확보,건조,맑음,단일로 - 기타,승용,여,36세,경상,승용,남,37세,상해없음
2018041000100167,2018년 4월 10일 09시,화요일,대구광역시 중구 동산동,경상사고,0,0,1,0,차대사람 - 기타,안전운전불이행,건조,맑음,단일로 - 기타,승용,여,53세,상해없음,보행자,여,72세,경상
2018041000100234,2018년 4월 10일 11시,화요일,대구광역시 서구 상리동,경상사고,0,0,1,0,차대차 - 기타,안전운전불이행,건조,맑음,단일로 - 기타,승용,남,52세,상해없음,승용,여,33세,경상
2018041000100238,2018년 4월 10일 11시,화요일,대구광역시 수성구 만촌동,경상사고,0,0,2,0,차대사람 - 횡단중,보행자보호의무위반,건조,맑음,교차로 - 교차로부근,승용,남,68세,상해없음,보행자,여,23세,경상
2018041000100239,2018년 4월 10일 11시,화요일,대구광역시 수성구 두산동,경상사고,0,0,2,0,차대차 - 추돌,신호위반,건조,맑음,교차로 - 교차로안,승용,남,81세,상해없음,승용,여,42세,경상
2018041000100240,2018년 4월 10일 11시,화요일,대구광역시 서구 비산동,경상사고,0,0,2,0,차대차 - 추돌,안전거리미확보,건조,맑음,단일로 - 기타,화물,남,60세,상해없음,승용,여,37세,경상
2018041000100259,2018년 4월 10일 12시,화요일,대구광역시 수성구 시지동,경상사고,0,0,1,0,차대차 - 측면충돌,기타,건조,맑음,단일로 - 기타,승용,여,46세,상해없음,승용,남,55세,경상
2018041000100260,2018년 4월 10일 12시,화요일,대구광역시 달서구 월성동,경상사고,0,0,1,0,차대차 - 추돌,안전운전불이행,건조,맑음,교차로 - 교차로부근,승용,남,51세,상해없음,승용,남,40세,경상
2018041000100292,2018년 4월 10일 13시,화요일,대구광역시 동구 신천동,경상사고,0,0,2,0,차대차 - 측면충돌,안전운전불이행,건조,맑음,단일로 - 기타,승용,여,45세,상해없음,승용,여,53세,경상
2018041000100293,2018년 4월 10일 13시,화요일,대구광역시 수성구 범어동,경상사고,0,0,1,0,차대차 - 측면충돌,기타,건조,맑음,교차로 - 교차로안,이륜,남,19세,상해없음,이륜,남,61세,경상
2018041000100348,2018년 4월 10일 15시,화요일,대구광역시 수성구 범어동,경상사고,0,0,1,0,차대사람 - 보도통행중,기타,건조,맑음,단일로 - 기타,승용,여,45세,상해없음,보행자,여,59세,경상
2018041000100381,2018년 4월 10일 16시,화요일,대구광역시 수성구 범어동,경상사고,0,0,1,0,차대사람 - 차도통행중,안전운전불이행,건조,맑음,단일로 - 기타,승용,남,40세,상해없음,보행자,여,8세,경상
2018041000100427,2018년 4월 10일 17시,화요일,대구광역시 동구 신암동,경상사고,0,0,1,0,차대차 - 기타,교차로운행방법위반,건조,맑음,교차로 - 교차로안,승합,남,65세,상해없음,이륜,남,62세,경상
2018041000100428,2018년 4월 10일 17시,화요일,대구광역시 수성구 범어동,경상사고,0,0,1,0,차대차 - 측면충돌,안전운전불이행,건조,맑음,단일로 - 기타,승용,여,49세,상해없음,화물,남,37세,경상
2018041000100429,2018년 4월 10일 17시,화요일,대구광역시 수성구 수성동3가,경상사고,0,0,4,0,차대차 - 기타,안전운전불이행,건조,맑음,단일로 - 지하차도(도로)내,승용,여,45세,상해없음,승합,남,60세,상해없음
2018041000100431,2018년 4월 10일 17시,화요일,대구광역시 북구 침산동,중상사고,0,1,0,0,차대사람 - 기타,안전운전불이행,건조,맑음,단일로 - 기타,이륜,남,34세,상해없음,보행자,여,62세,중상
2018041000100432,2018년 4월 10일 17시,화요일,대구광역시 북구 복현동,경상사고,0,0,1,0,차대사람 - 기타,안전운전불이행,건조,맑음,단일로 - 기타,승용,여,49세,상해없음,보행자,여,14세,경상
2018041000100433,2018년 4월 10일 17시,화요일,대구광역시 달서구 갈산동,경상사고,0,0,1,0,차대차 - 추돌,안전거리미확보,건조,맑음,단일로 - 기타,승용,남,45세,상해없음,승용,남,49세,경상
2018041000100468,2018년 4월 10일 18시,화요일,대구광역시 남구 대명동,중상사고,0,1,0,0,차대차 - 측면충돌,안전운전불이행,건조,맑음,교차로 - 교차로부근,승용,여,53세,상해없음,이륜,남,33세,중상
2018041000100469,2018년 4월 10일 18시,화요일,대구광역시 달서구 상인동,경상사고,0,0,2,0,차대차 - 측면충돌,안전운전불이행,건조,맑음,단일로 - 기타,승용,남,53세,상해없음,승용,여,37세,경상
2018041000100505,2018년 4월 10일 19시,화요일,대구광역시 수성구 황금동,경상사고,0,0,2,0,차대차 - 측면충돌,안전운전불이행,건조,맑음,단일로 - 기타,승용,여,38세,상해없음,승용,남,63세,경상
2018041000100506,2018년 4월 10일 19시,화요일,대구광역시 수성구 수성동4가,경상사고,0,0,1,0,차대차 - 측면충돌,안전거리미확보,건조,맑음,단일로 - 기타,승용,여,28세,상해없음,승용,남,36세,경상
2018041000100507,2018년 4월 10일 19시,화요일,대구광역시 달서구 용산동,경상사고,0,0,2,0,차대차 - 측면충돌,안전운전불이행,건조,맑음,기타 - 기타,이륜,남,69세,경상,승용,남,32세,상해없음
2018041000100536,2018년 4월 10일 20시,화요일,대구광역시 달서구 월성동,경상사고,0,0,1,0,차대사람 - 횡단중,안전운전불이행,건조,맑음,단일로 - 기타,승용,남,70세,상해없음,보행자,여,14세,경상
2018041000100581,2018년 4월 10일 21시,화요일,대구광역시 중구 태평로3가,경상사고,0,0,3,0,차대차 - 기타,안전운전불이행,건조,맑음,교차로 - 교차로안,승용,남,44세,상해없음,승용,남,35세,상해없음
2018041000100582,2018년 4월 10일 21시,화요일,대구광역시 중구 동인동3가,경상사고,0,0,3,0,차대차 - 측면충돌,직진우회전진행방해,건조,맑음,교차로 - 교차로안,승용,남,64세,상해없음,승용,여,29세,경상
2018041000100625,2018년 4월 10일 22시,화요일,대구광역시 북구 노원동2가,중상사고,0,1,1,0,차대차 - 측면충돌,교차로운행방법위반,건조,맑음,교차로 - 교차로안,승용,남,46세,상해없음,승용,남,53세,중상
2018041100100028,2018년 4월 11일 01시,수요일,대구광역시 달서구 용산동,경상사고,0,0,1,0,차대차 - 측면충돌,교차로운행방법위반,건조,맑음,교차로 - 교차로안,승용,남,58세,경상,승용,남,56세,상해없음
2018041100100033,2018년 4월 11일 02시,수요일,대구광역시 수성구 두산동,경상사고,0,0,1,0,차대사람 - 기타,안전운전불이행,건조,맑음,단일로 - 기타,승용,남,56세,상해없음,보행자,남,59세,경상
2018041100100034,2018년 4월 11일 02시,수요일,대구광역시 달서구 상인동,중상사고,0,1,2,0,차대차 - 추돌,안전운전불이행,건조,맑음,교차로 - 교차로부근,승용,남,25세,중상,승용,남,46세,경상