사고번호,사고일시,요일,시군구,사고내용,사망자수,중상자수,경상자수,부상신고자수,사고유형,법규위반,노면상태,기상상태,도로형태,가해운전자 차종,가해운전자 성별,가해운전자 연령,가해운전자 상해정도,피해운전자 차종,피해운전자 성별,피해운전자 연령,피해운전자 상해정도
2018042700100555,2018년 4월 27일 20시,금요일,대구광역시 북구 태전동,경상사고,0,0,1,0,차대차 - 측면충돌,안전운전불이행,건조,맑음,단일로 - 기타,승용,남,32세,상해없음,승용,여,48세,상해없음
2018042700100590,2018년 4월 27일 21시,금요일,대구광역시 달서구 월성동,경상사고,0,0,3,0,차대차 - 측면충돌,안전운전불이행,건조,맑음,교차로 - 교차로안,이륜,남,16세,경상,승용,여,43세,경상
2018042700100591,2018년 4월 27일 21시,금요일,대구광역시 달서구 상인동,경상사고,0,0,1,0,차대차 - 기타,안전거리미확보,건조,맑음,단일로 - 기타,승용,남,53세,상해없음,화물,남,32세,경상
2018042700100592,2018년 4월 27일 21시,금요일,대구광역시 달서구 두류동,경상사고,0,0,1,1,차대차 - 기타,안전운전불이행,건조,맑음,단일로 - 기타,이륜,남,19세,부상신고,승용,남,34세,경상
2018042700100622,2018년 4월 27일 22시,금요일,대구광역시 서구 비산동,경상사고,0,0,1,0,차대차 - 추돌,안전운전불이행,건조,맑음,단일로 - 기타,승용,남,54세,상해없음,승용,남,39세,경상
2018042700100648,2018년 4월 27일 23시,금요일,대구광역시 서구 비산동,중상사고,0,1,0,0,차대사람 - 기타,안전운전불이행,건조,맑음,단일로 - 기타,승용,남,40세,상해없음,보행자,남,62세,중상
2018042700100649,2018년 4월 27일 23시,금요일,대구광역시 서구 내당동,경상사고,0,0,5,0,차대차 - 측면충돌,불법유턴,건조,맑음,교차로 - 교차로안,승용,남,64세,경상,승용,남,56세,경상
2018042800100012,2018년 4월 28일 00시,토요일,대구광역시 동구 신암동,경상사고,0,0,1,0,차대차 - 측면충돌,안전거리미확보,건조,맑음,단일로 - 기타,승용,남,22세,상해없음,승용,남,53세,경상
2018042800100013,2018년 4월 28일 00시,토요일,대구광역시 달성군 다사읍,중상사고,0,1,1,0,차대차 - 기타,중앙선침범,건조,맑음,단일로 - 기타,화물,남,47세,상해없음,이륜,남,27세,경상
2018042800100040,2018년 4월 28일 01시,토요일,대구광역시 서구 비산동,중상사고,0,1,0,0,차대차 - 측면충돌,안전운전불이행,건조,맑음,교차로 - 교차로안,승용,남,57세,상해없음,원동기,남,22세,중상
2018042800100055,2018년 4월 28일 02시,토요일,대구광역시 달서구 용산동,경상사고,0,0,3,0,차대차 - 기타,안전운전불이행,건조,맑음,교차로 - 교차로부근,승용,남,30세,상해없음,승용,남,49세,경상
2018042800100072,2018년 4월 28일 03시,토요일,대구광역시 달서구 성당동,경상사고,0,0,2,0,차대차 - 추돌,안전운전불이행,건조,맑음,교차로 - 교차로부근,승용,남,36세,상해없음,승용,남,26세,경상
2018042800100098,2018년 4월 28일 05시,토요일,대구광역시 서구 비산동,부상신고사고,0,0,0,1,차대차 - 측면충돌,안전운전불이행,건조,맑음,단일로 - 기타,이륜,남,30세,부상신고,화물,여,56세,기타불명
2018042800100109,2018년 4월 28일 06시,토요일,대구광역시 북구 산격동,경상사고,0,0,1,0,차대차 - 추돌,안전운전불이행,건조,맑음,단일로 - 기타,승용,남,30세,상해없음,승합,남,53세,경상
2018042800100110,2018년 4월 28일 06시,토요일,대구광역시 달서구 성당동,중상사고,0,1,0,0,차대차 - 기타,안전운전불이행,건조,맑음,교차로 - 교차로횡단보도내,승용,남,23세,상해없음,승용,남,29세,중상
2018042800100159,2018년 4월 28일 08시,토요일,대구광역시 달서구 도원동,중상사고,0,1,0,0,차대차 - 기타,안전운전불이행,건조,맑음,단일로 - 기타,승용,여,71세,기타불명,자전거,여,70세,중상
2018042800100160,2018년 4월 28일 08시,토요일,대구광역시 달서구 송현동,중상사고,0,1,0,0,차대차 - 추돌,안전운전불이행,건조,맑음,교차로 - 교차로부근,승용,남,24세,상해없음,승용,남,57세,중상
2018042800100161,2018년 4월 28일 08시,토요일,대구광역시 북구 산격동,중상사고,0,1,2,0,차대차 - 기타,신호위반,건조,맑음,교차로 - 교차로안,승용,여,31세,상해없음,화물,남,53세,경상
2018042800100189,2018년 4월 28일 09시,토요일,대구광역시 수성구 범어동,경상사고,0,0,2,0,차대차 - 측면충돌,신호위반,건조,맑음,교차로 - 교차로안,승용,남,79세,상해없음,승용,남,75세,경상
2018042800100190,2018년 4월 28일 09시,토요일,대구광역시 달서구 송현동,경상사고,0,0,1,0,차량단독 - 기타,안전운전불이행,건조,맑음,교차로 - 교차로부근,승용,남,60세,상해없음,,,,
2018042800100228,2018년 4월 28일 10시,토요일,대구광역시 수성구 수성동2가,경상사고,0,0,1,0,차대차 - 측면충돌,안전운전불이행,건조,맑음,단일로 - 기타,승용,남,29세,상해없음,승용,남,50세,상해없음
2018042800100229,2018년 4월 28일 10시,토요일,대구광역시 북구 산격동,경상사고,0,0,1,0,차대차 - 추돌,안전운전불이행,건조,맑음,단일로 - 기타,승용,여,57세,상해없음,승용,여,45세,경상
2018042800100266,2018년 4월 28일 11시,토요일,대구광역시 달서구 송현동,경상사고,0,0,1,0,차대차 - 측면충돌,안전운전불이행,건조,맑음,교차로 - 교차로부근,승용,여,48세,상해없음,자전거,남,9세,경상
2018042800100267,2018년 4월 28일 11시,토요일,대구광역시 중구 상서동,경상사고,0,0,1,0,차대사람 - 기타,안전운전불이행,건조,맑음,단일로 - 기타,승용,남,43세,상해없음,보행자,남,18세,경상
2018042800100268,2018년 4월 28일 11시,토요일,대구광역시 북구 구암동,경상사고,0,0,2,0,차대차 - 기타,안전운전불이행,건조,맑음,교차로 - 교차로안,승용,남,24세,경상,이륜,남,63세,경상
2018042800100310,2018년 4월 28일 12시,토요일,대구광역시 달서구 상인동,중상사고,0,1,0,0,차대차 - 측면충돌,신호위반,건조,맑음,교차로 - 교차로안,이륜,남,38세,상해없음,자전거,남,44세,중상
2018042800100311,2018년 4월 28일 12시,토요일,대구광역시 달서구 이곡동,경상사고,0,0,1,0,차대차 - 측면충돌,안전운전불이행,건조,맑음,교차로 - 교차로부근,승용,여,37세,상해없음,승용,여,52세,경상
2018042800100350,2018년 4월 28일 13시,토요일,대구광역시 동구 신암동,중상사고,0,1,0,0,차대차 - 추돌,안전운전불이행,건조,맑음,단일로 - 기타,승용,남,49세,상해없음,승용,여,23세,중상
2018042800100351,2018년 4월 28일 13시,토요일,대구광역시 북구 노원동3가,중상사고,0,1,0,0,차대차 - 측면충돌,교차로운행방법위반,건조,맑음,교차로 - 교차로안,화물,남,48세,상해없음,화물,남,44세,중상
2018042800100383,2018년 4월 28일 14시,토요일,대구광역시 남구 대명동,중상사고,0,1,0,0,차대차 - 측면충돌,교차로운행방법위반,건조,맑음,교차로 - 교차로안,승용,남,61세,중상,승용,남,77세,상해없음
2018042800100421,2018년 4월 28일 15시,토요일,대구광역시 달서구 성당동,경상사고,0,0,1,0,차대사람 - 기타,안전운전불이행,건조,맑음,단일로 - 기타,자전거,남,9세,상해없음,보행자,여,42세,경상
2018042800100422,2018년 4월 28일 15시,토요일,대구광역시 북구 서변동,경상사고,0,0,1,0,차대차 - 측면충돌,안전운전불이행,건조,맑음,단일로 - 기타,화물,남,58세,상해없음,승용,남,21세,경상
2018042800100463,2018년 4월 28일 16시,토요일,대구광역시 중구 공평동,경상사고,0,0,1,0,차대차 - 측면충돌,안전운전불이행,건조,맑음,단일로 - 기타,승용,남,29세,상해없음,승용,여,27세,경상
2018042800100500,2018년 4월 28일 17시,토요일,대구광역시 북구 고성동3가,부상신고사고,0,0,0,1,차대차 - 측면충돌,안전운전불이행,건조,맑음,교차로 - 교차로부근,이륜,남,74세,부상신고,승용,여,60세,상해없음
2018042800100501,2018년 4월 28일 17시,토요일,대구광역시 북구 산격동,중상사고,0,1,0,0,차대사람 - 횡단중,안전운전불이행,건조,맑음,단일로 - 기타,승용,남,39세,상해없음,보행자,여,85세,중상
2018042800100531,2018년 4월 28일 18시,토요일,대구광역시 수성구 상동,중상사고,0,1,0,0,차대사람 - 길가장자리구역통행중,안전운전불이행,건조,맑음,단일로 - 기타,승용,남,39세,상해없음,보행자,여,76세,중상
2018042800100532,2018년 4월 28일 18시,토요일,대구광역시 수성구 상동,경상사고,0,0,1,0,차대차 - 기타,안전운전불이행,건조,맑음,단일로 - 기타,승용,남,25세,상해없음,이륜,남,53세,경상
2018042800100533,2018년 4월 28일 18시,토요일,대구광역시 수성구 만촌동,경상사고,0,0,4,0,차대차 - 측면충돌,안전운전불이행,건조,맑음,교차로 - 교차로부근,승용,남,54세,경상,승용,여,55세,경상
2018042800100534,2018년 4월 28일 18시,토요일,대구광역시 달서구 진천동,경상사고,0,0,1,0,차대차 - 측면충돌,신호위반,건조,맑음,단일로 - 기타,승용,남,63세,상해없음,이륜,남,36세,경상
2018042800100535,2018년 4월 28일 18시,토요일,대구광역시 달서구 본리동,경상사고,0,0,1,0,차대사람 - 기타,기타,건조,맑음,단일로 - 기타,이륜,남,49세,상해없음,보행자,여,9세,경상
2018042800100563,2018년 4월 28일 19시,토요일,대구광역시 남구 대명동,경상사고,0,0,1,0,차대차 - 후진중충돌,안전운전불이행,건조,맑음,단일로 - 기타,승용,남,61세,상해없음,승용,여,54세,경상
2018042800100564,2018년 4월 28일 19시,토요일,대구광역시 수성구 범물동,경상사고,0,0,1,0,차대차 - 추돌,안전운전불이행,건조,맑음,단일로 - 기타,승용,남,80세,상해없음,승용,남,48세,상해없음
2018042800100593,2018년 4월 28일 20시,토요일,대구광역시 동구 효목동,경상사고,0,0,1,0,차대차 - 측면충돌,안전운전불이행,건조,맑음,단일로 - 기타,자전거,남,75세,경상,승합,남,58세,상해없음
2018042800100594,2018년 4월 28일 20시,토요일,대구광역시 달서구 대천동,경상사고,0,0,1,0,차대차 - 측면충돌,안전거리미확보,건조,맑음,교차로 - 교차로안,승용,남,60세,상해없음,승용,남,37세,경상
2018042800100619,2018년 4월 28일 21시,토요일,대구광역시 수성구 신매동,부상신고사고,0,0,0,1,차대차 - 측면충돌,안전운전불이행,건조,맑음,교차로 - 교차로안,이륜,남,20세,부상신고,승합,남,53세,상해없음
2018042800100620,2018년 4월 28일 21시,토요일,대구광역시 북구 노원동1가,중상사고,0,1,0,0,차대사람 - 기타,안전운전불이행,건조,맑음,단일로 - 기타,승용,남,43세,상해없음,보행자,남,56세,중상
2018042800100621,2018년 4월 28일 21시,토요일,대구광역시 중구 동인동2가,경상사고,0,0,5,0,차대차 - 추돌,안전거리미확보,건조,맑음,단일로 - 기타,승용,남,27세,상해없음,승용,남,44세,경상
2018042800100648,2018년 4월 28일 22시,토요일,대구광역시 달서구 두류동,중상사고,0,1,0,0,차대차 - 기타,안전운전불이행,건조,맑음,단일로 - 기타,승용,남,57세,상해없음,승용,남,63세,상해없음
2018042800100670,2018년 4월 28일 23시,토요일,대구광역시 남구 대명동,중상사고,0,1,0,0,차대차 - 기타,중앙선침범,건조,맑음,단일로 - 기타,승용,여,61세,상해없음,승용,남,36세,중상
2018042800100671,2018년 4월 28일 23시,토요일,대구광역시 북구 매천동,경상사고,0,0,1,0,차대차 - 기타,안전운전불이행,건조,맑음,기타 - 기타,승용,남,43세,상해없음,이륜,남,22세,경상
2018042900100029,2018년 4월 29일 01시,일요일,대구광역시 달서구 용산동,중상사고,0,1,0,0,차대사람 - 횡단중,보행자보호의무위반,건조,흐림,단일로 - 기타,승용,남,44세,상해없음,보행자,남,45세,중상
2018042900100051,2018년 4월 29일 03시,일요일,대구광역시 동구 용계동,경상사고,0,0,1,0,차량단독 - 공작물충돌,안전운전불이행,건조,맑음,단일로 - 기타,승용,남,75세,상해없음,,,,
2018042900100064,2018년 4월 29일 04시,일요일,대구광역시 수성구 두산동,중상사고,0,1,1,0,차대차 - 추돌,안전운전불이행,건조,맑음,단일로 - 기타,승용,남,27세,상해없음,승용,남,58세,중상
2018042900100065,2018년 4월 29일 04시,일요일,대구광역시 달성군 화원읍,경상사고,0,0,1,0,차대차 - 기타,안전운전불이행,건조,맑음,단일로 - 기타,승용,남,23세,상해없음,승용,남,55세,상해없음
2018042900100070,2018년 4월 29일 05시,일요일,대구광역시 달서구 감삼동,중상사고,0,1,2,0,차대차 - 측면충돌,차로위반,건조,맑음,단일로 - 기타,승용,남,67세,상해없음,승용,남,58세,경상
2018042900100094,2018년 4월 29일 07시,일요일,대구광역시 수성구 황금동,중상사고,0,1,0,0,차대차 - 측면충돌,안전운전불이행,건조,맑음,단일로 - 기타,승용,여,25세,상해없음,자전거,여,71세,중상
2018042900100095,2018년 4월 29일 07시,일요일,대구광역시 수성구 만촌동,중상사고,0,1,2,0,차대차 - 추돌,안전운전불이행,건조,맑음,교차로 - 교차로부근,승용,남,28세,상해없음,승합,남,58세,경상
2018042900100111,2018년 4월 29일 08시,일요일,대구광역시 달서구 상인동,중상사고,0,1,0,0,차대차 - 정면충돌,신호위반,건조,맑음,교차로 - 교차로안,승용,남,47세,상해없음,승용,여,53세,중상
2018042900100112,2018년 4월 29일 08시,일요일,대구광역시 서구 비산동,경상사고,0,0,1,0,차대사람 - 기타,안전운전불이행,건조,맑음,단일로 - 기타,기타불명,기타불명,미분류,기타불명,보행자,여,67세,경상
2018042900100113,2018년 4월 29일 08시,일요일,대구광역시 중구 전동,중상사고,0,1,0,0,차대차 - 측면충돌,안전거리미확보,건조,맑음,단일로 - 기타,승용,남,74세,상해없음,이륜,남,31세,중상
2018042900100217,2018년 4월 29일 12시,일요일,대구광역시 남구 이천동,경상사고,0,0,1,0,차대차 - 측면충돌,교차로운행방법위반,건조,맑음,교차로 - 교차로안,승용,남,63세,상해없음,승합,남,52세,경상
2018042900100218,2018년 4월 29일 12시,일요일,대구광역시 서구 비산동,경상사고,0,0,2,0,차대차 - 측면충돌,교차로운행방법위반,건조,맑음,교차로 - 교차로부근,승용,남,54세,상해없음,승용,남,39세,경상
2018042900100245,2018년 4월 29일 13시,일요일,대구광역시 수성구 신매동,경상사고,0,0,2,1,차대차 - 측면충돌,안전운전불이행,건조,맑음,교차로 - 교차로부근,승용,남,32세,부상신고,승용,남,69세,경상
2018042900100246,2018년 4월 29일 13시,일요일,대구광역시 달서구 월성동,경상사고,0,0,1,0,차대사람 - 기타,안전운전불이행,건조,맑음,단일로 - 기타,화물,남,62세,상해없음,보행자,남,38세,경상
2018042900100281,2018년 4월 29일 14시,일요일,대구광역시 서구 이현동,경상사고,0,0,3,0,차대차 - 측면충돌,안전운전불이행,건조,맑음,교차로 - 교차로안,화물,남,75세,상해없음,승용,남,59세,경상
2018042900100317,2018년 4월 29일 15시,일요일,대구광역시 동구 도동,경상사고,0,0,4,0,차대차 - 기타,안전운전불이행,건조,맑음,단일로 - 기타,승용,남,50세,경상,승용,남,47세,상해없음
2018042900100322,2018년 4월 29일 15시,일요일,대구광역시 남구 대명동,경상사고,0,0,4,0,차대차 - 측면충돌,교차로운행방법위반,건조,맑음,교차로 - 교차로부근,승용,여,66세,상해없음,승용,남,31세,경상
2018042900100323,2018년 4월 29일 15시,일요일,대구광역시 달성군 옥포읍,경상사고,0,0,1,0,차대차 - 기타,교차로운행방법위반,건조,맑음,교차로 - 교차로안,화물,남,49세,상해없음,자전거,남,58세,경상
2018042900100324,2018년 4월 29일 15시,일요일,대구광역시 달서구 용산동,경상사고,0,0,1,0,차대차 - 측면충돌,차로위반,건조,맑음,단일로 - 기타,승용,여,35세,상해없음,이륜,남,27세,경상
2018042900100359,2018년 4월 29일 16시,일요일,대구광역시 남구 봉덕동,경상사고,0,0,8,0,차대차 - 측면충돌,차로위반,건조,맑음,교차로 - 교차로부근,승용,여,42세,경상,승용,남,31세,경상
2018042900100360,2018년 4월 29일 16시,일요일,대구광역시 동구 신천동,중상사고,0,1,0,0,차대사람 - 길가장자리구역통행중,안전운전불이행,건조,맑음,교차로 - 교차로부근,승용,여,39세,상해없음,보행자,남,42세,중상
2018042900100361,2018년 4월 29일 16시,일요일,대구광역시 달성군 논공읍,경상사고,0,0,1,0,차대차 - 정면충돌,안전운전불이행,건조,맑음,교차로 - 교차로부근,자전거,여,9세,경상,승용,남,45세,상해없음
2018042900100399,2018년 4월 29일 17시,일요일,대구광역시 동구 신천동,경상사고,0,0,1,0,차량단독 - 기타,안전운전불이행,건조,맑음,단일로 - 지하차도(도로)내,승용,남,70세,상해없음,,,,
2018042900100400,2018년 4월 29일 17시,일요일,대구광역시 달성군 다사읍,경상사고,0,0,1,0,차대차 - 측면충돌,안전운전불이행,건조,맑음,단일로 - 기타,승용,남,30세,상해없음,자전거,남,12세,경상
2018042900100428,2018년 4월 29일 18시,일요일,대구광역시 동구 신암동,경상사고,0,0,1,0,차대차 - 기타,안전운전불이행,건조,맑음,교차로 - 교차로안,승용,남,65세,상해없음,이륜,남,26세,경상
2018042900100429,2018년 4월 29일 18시,일요일,대구광역시 달서구 본동,경상사고,0,0,1,0,차대사람 - 기타,안전운전불이행,건조,맑음,단일로 - 기타,승용,남,56세,상해없음,보행자,여,27세,경상
2018042900100430,2018년 4월 29일 18시,일요일,대구광역시 달성군 가창면,중상사고,0,1,0,0,차대차 - 추돌,안전운전불이행,건조,맑음,단일로 - 기타,승용,남,53세,상해없음,승용,여,52세,중상
2018042900100431,2018년 4월 29일 18시,일요일,대구광역시 서구 내당동,경상사고,0,0,2,0,차대차 - 측면충돌,차로위반,건조,맑음,교차로 - 교차로부근,승용,남,20세,상해없음,승용,남,51세,경상
2018042900100432,2018년 4월 29일 18시,일요일,대구광역시 달서구 파호동,경상사고,0,0,2,0,차대차 - 기타,안전운전불이행,건조,맑음,단일로 - 기타,화물,남,55세,기타불명,이륜,남,20세,경상
2018042900100460,2018년 4월 29일 19시,일요일,대구광역시 북구 서변동,경상사고,0,0,1,0,차대사람 - 기타,보행자보호의무위반,건조,맑음,교차로 - 교차로부근,승용,여,61세,상해없음,보행자,남,3세,경상
2018042900100496,2018년 4월 29일 20시,일요일,대구광역시 동구 신천동,경상사고,0,0,1,0,차대차 - 측면충돌,안전거리미확보,건조,맑음,단일로 - 기타,승용,남,23세,상해없음,승용,남,61세,경상
2018042900100497,2018년 4월 29일 20시,일요일,대구광역시 달성군 화원읍,경상사고,0,0,1,0,차대차 - 기타,안전거리미확보,건조,맑음,교차로 - 교차로부근,이륜,남,26세,경상,기타불명,기타불명,미분류,기타불명
2018042900100517,2018년 4월 29일 21시,일요일,대구광역시 북구 매천동,사망사고,1,0,6,0,차대사람 - 차도통행중,과속,건조,맑음,단일로 - 기타,승용,남,50세,상해없음,보행자,여,49세,사망
2018043000100005,2018년 4월 30일 00시,월요일,대구광역시 달서구 본리동,경상사고,0,0,2,0,차대차 - 추돌,안전운전불이행,건조,맑음,단일로 - 기타,승용,남,48세,상해없음,승용,남,33세,경상
2018043000100020,2018년 4월 30일 01시,월요일,대구광역시 달서구 신당동,경상사고,0,0,1,0,차대차 - 추돌,안전거리미확보,건조,맑음,교차로 - 교차로부근,승용,남,34세,상해없음,승용,남,59세,경상
2018043000100025,2018년 4월 30일 02시,월요일,대구광역시 중구 삼덕동2가,경상사고,0,0,2,0,차대차 - 측면충돌,안전거리미확보,건조,맑음,교차로 - 교차로부근,승용,남,65세,상해없음,이륜,남,20세,경상
2018043000100040,2018년 4월 30일 04시,월요일,대구광역시 중구 대봉동,경상사고,0,0,3,0,차대차 - 측면충돌,교차로운행방법위반,건조,맑음,교차로 - 교차로안,승용,남,71세,상해없음,승용,남,21세,경상
2018043000100062,2018년 4월 30일 06시,월요일,대구광역시 수성구 수성동4가,경상사고,0,0,1,0,차대차 - 정면충돌,신호위반,건조,맑음,교차로 - 교차로안,승용,여,63세,상해없음,승용,남,37세,경상
2018043000100063,2018년 4월 30일 06시,월요일,대구광역시 달서구 월성동,부상신고사고,0,0,0,1,차대차 - 측면충돌,안전운전불이행,건조,맑음,단일로 - 기타,원동기,남,26세,부상신고,승용,남,71세,상해없음
2018043000100064,2018년 4월 30일 06시,월요일,대구광역시 달서구 호산동,경상사고,0,0,1,0,차대차 - 측면충돌,안전운전불이행,건조,맑음,단일로 - 기타,승용,여,32세,경상,화물,남,45세,상해없음
2018043000100084,2018년 4월 30일 07시,월요일,대구광역시 달서구 신당동,경상사고,0,0,4,0,차대차 - 추돌,안전운전불이행,건조,맑음,단일로 - 기타,화물,남,61세,상해없음,승용,남,63세,경상
2018043000100126,2018년 4월 30일 08시,월요일,대구광역시 서구 비산동,경상사고,0,0,1,0,차대차 - 측면충돌,안전운전불이행,건조,맑음,단일로 - 기타,승용,여,39세,상해없음,자전거,남,44세,경상
2018043000100127,2018년 4월 30일 08시,월요일,대구광역시 북구 관음동,중상사고,0,1,0,0,차대사람 - 기타,안전운전불이행,건조,맑음,교차로 - 교차로부근,화물,남,62세,상해없음,보행자,여,73세,중상
2018043000100154,2018년 4월 30일 09시,월요일,대구광역시 남구 대명동,경상사고,0,0,1,0,차대사람 - 횡단중,안전운전불이행,건조,맑음,단일로 - 기타,승합,남,30세,상해없음,보행자,남,35세,경상
2018043000100155,2018년 4월 30일 09시,월요일,대구광역시 북구 산격동,중상사고,0,1,0,0,차대차 - 측면충돌,교차로운행방법위반,건조,맑음,교차로 - 교차로부근,자전거,여,29세,중상,승용,여,60세,상해없음
2018043000100188,2018년 4월 30일 10시,월요일,대구광역시 남구 대명동,경상사고,0,0,1,0,차대사람 - 길가장자리구역통행중,안전운전불이행,건조,맑음,교차로 - 교차로안,화물,남,43세,상해없음,보행자,여,28세,경상
2018043000100189,2018년 4월 30일 10시,월요일,대구광역시 수성구 황금동,중상사고,0,1,0,0,차대차 - 측면충돌,안전운전불이행,건조,맑음,교차로 - 교차로부근,화물,남,57세,상해없음,자전거,남,59세,중상
2018043000100190,2018년 4월 30일 10시,월요일,대구광역시 서구 내당동,경상사고,0,0,1,0,차대차 - 추돌,안전운전불이행,건조,맑음,단일로 - 기타,승용,여,38세,상해없음,승용,남,37세,경상
2018043000100232,2018년 4월 30일 11시,월요일,대구광역시 남구 봉덕동,경상사고,0,0,1,0,차대차 - 추돌,안전거리미확보,건조,맑음,단일로 - 기타,승용,남,54세,상해없음,승용,남,28세,경상
2018043000100233,2018년 4월 30일 11시,월요일,대구광역시 수성구 범어동,경상사고,0,0,1,0,차대사람 - 횡단중,안전운전불이행,건조,맑음,교차로 - 교차로안,승용,여,26세,상해없음,보행자,여,77세,경상
2018043000100235,2018년 4월 30일 11시,월요일,대구광역시 달서구 장동,경상사고,0,0,2,0,차대차 - 기타,교차로운행방법위반,건조,맑음,교차로 - 교차로안,건설기계,남,50세,경상,승용,남,36세,경상
2018043000100236,2018년 4월 30일 11시,월요일,대구광역시 북구 구암동,경상사고,0,0,2,0,차대차 - 기타,안전운전불이행,건조,맑음,교차로 - 교차로안,승용,여,52세,경상,승용,여,53세,경상
2018043000100264,2018년 4월 30일 12시,월요일,대구광역시 북구 금호동,경상사고,0,0,2,0,차대차 - 기타,안전운전불이행,건조,맑음,단일로 - 기타,승용,남,46세,상해없음,승용,남,35세,경상
2018043000100265,2018년 4월 30일 12시,월요일,대구광역시 달서구 본리동,경상사고,0,0,1,0,차대차 - 측면충돌,안전운전불이행,건조,맑음,단일로 - 기타,승용,남,41세,상해없음,승용,남,54세,경상
2018043000100300,2018년 4월 30일 13시,월요일,대구광역시 동구 동호동,경상사고,0,0,1,0,차대차 - 측면충돌,안전운전불이행,건조,맑음,단일로 - 기타,승용,남,80세,상해없음,승용,남,49세,상해없음
2018043000100301,2018년 4월 30일 13시,월요일,대구광역시 서구 비산동,경상사고,0,0,1,0,차대차 - 측면충돌,교차로운행방법위반,건조,맑음,교차로 - 교차로안,화물,남,61세,상해없음,원동기,남,27세,경상
2018043000100302,2018년 4월 30일 13시,월요일,대구광역시 달서구 이곡동,경상사고,0,0,2,0,차대차 - 측면충돌,차로위반,건조,맑음,단일로 - 기타,화물,남,54세,상해없음,승용,남,25세,경상
2018043000100334,2018년 4월 30일 14시,월요일,대구광역시 수성구 범어동,부상신고사고,0,0,0,1,차대차 - 측면충돌,안전운전불이행,건조,맑음,단일로 - 기타,이륜,여,58세,부상신고,승용,여,42세,상해없음
2018043000100335,2018년 4월 30일 14시,월요일,대구광역시 수성구 황금동,경상사고,0,0,2,0,차대차 - 측면충돌,중앙선침범,건조,맑음,단일로 - 기타,승용,남,79세,상해없음,승용,여,41세,경상
2018043000100336,2018년 4월 30일 14시,월요일,대구광역시 북구 동천동,경상사고,0,0,2,0,차대차 - 기타,신호위반,건조,맑음,교차로 - 교차로안,이륜,남,20세,경상,승용,남,48세,경상
2018043000100370,2018년 4월 30일 15시,월요일,대구광역시 서구 평리동,경상사고,0,0,1,0,차대차 - 측면충돌,안전운전불이행,건조,맑음,교차로 - 교차로안,승용,남,25세,상해없음,이륜,남,71세,경상
2018043000100371,2018년 4월 30일 15시,월요일,대구광역시 달서구 용산동,경상사고,0,0,1,0,차대차 - 기타,안전운전불이행,건조,맑음,단일로 - 기타,승용,남,45세,상해없음,승용,여,35세,경상
2018043000100402,2018년 4월 30일 16시,월요일,대구광역시 달서구 본리동,경상사고,0,0,1,0,차대차 - 측면충돌,안전운전불이행,건조,맑음,교차로 - 교차로안,승용,남,67세,상해없음,승용,여,53세,경상
2018043000100403,2018년 4월 30일 16시,월요일,대구광역시 북구 태전동,경상사고,0,0,2,0,차대차 - 측면충돌,안전운전불이행,건조,맑음,교차로 - 교차로안,승용,남,74세,경상,승용,여,36세,경상
2018043000100451,2018년 4월 30일 17시,월요일,대구광역시 수성구 신매동,경상사고,0,0,1,0,차대차 - 추돌,안전운전불이행,건조,맑음,단일로 - 기타,승합,남,55세,상해없음,승용,여,28세,경상
2018043000100452,2018년 4월 30일 17시,월요일,대구광역시 수성구 범물동,경상사고,0,0,1,0,차대차 - 추돌,교차로운행방법위반,건조,맑음,교차로 - 교차로안,승합,남,29세,상해없음,승용,여,37세,상해없음
2018043000100453,2018년 4월 30일 17시,월요일,대구광역시 달서구 월성동,경상사고,0,0,1,0,차대차 - 추돌,안전거리미확보,건조,맑음,교차로 - 교차로안,승용,남,43세,상해없음,승용,남,20세,경상
2018043000100454,2018년 4월 30일 17시,월요일,대구광역시 달서구 신당동,경상사고,0,0,3,0,차대차 - 측면충돌,신호위반,건조,맑음,교차로 - 교차로안,승용,여,21세,상해없음,승용,남,19세,경상
2018043000100501,2018년 4월 30일 18시,월요일,대구광역시 수성구 범어동,중상사고,0,1,0,0,차대차 - 기타,안전거리미확보,건조,맑음,단일로 - 기타,화물,남,50세,상해없음,승합,남,57세,상해없음
2018043000100502,2018년 4월 30일 18시,월요일,대구광역시 달성군 다사읍,경상사고,0,0,2,0,차대차 - 기타,안전운전불이행,건조,맑음,교차로 - 교차로안,승용,남,67세,상해없음,승용,여,43세,경상
2018043000100534,2018년 4월 30일 19시,월요일,대구광역시 수성구 대흥동,중상사고,0,1,1,0,차대차 - 측면충돌,과속,건조,맑음,교차로 - 교차로안,승용,남,30세,경상,승용,여,23세,중상
2018043000100535,2018년 4월 30일 19시,월요일,대구광역시 서구 내당동,중상사고,0,1,0,0,차대차 - 측면충돌,안전운전불이행,건조,맑음,단일로 - 기타,승용,여,26세,상해없음,이륜,남,25세,중상
2018043000100536,2018년 4월 30일 19시,월요일,대구광역시 북구 태전동,부상신고사고,0,0,0,1,차대차 - 측면충돌,안전운전불이행,건조,맑음,단일로 - 기타,승합,남,64세,상해없음,자전거,남,8세,부상신고
2018043000100570,2018년 4월 30일 20시,월요일,대구광역시 중구 삼덕동2가,중상사고,0,1,0,0,차대사람 - 보도통행중,안전운전불이행,건조,맑음,단일로 - 기타,이륜,남,15세,상해없음,보행자,남,58세,중상