사고번호,사고일시,요일,시군구,사고내용,사망자수,중상자수,경상자수,부상신고자수,사고유형,법규위반,노면상태,기상상태,도로형태,가해운전자 차종,가해운전자 성별,가해운전자 연령,가해운전자 상해정도,피해운전자 차종,피해운전자 성별,피해운전자 연령,피해운전자 상해정도
2018043000100571,2018년 4월 30일 20시,월요일,대구광역시 달서구 신당동,중상사고,0,1,0,0,차대사람 - 횡단중,안전운전불이행,건조,맑음,교차로 - 교차로횡단보도내,승용,남,36세,상해없음,보행자,남,51세,중상
2018043000100572,2018년 4월 30일 20시,월요일,대구광역시 달서구 성당동,경상사고,0,0,1,0,차대차 - 측면충돌,안전거리미확보,건조,맑음,단일로 - 기타,승용,남,30세,상해없음,승용,여,52세,경상
2018043000100594,2018년 4월 30일 21시,월요일,대구광역시 달서구 신당동,경상사고,0,0,6,0,차대차 - 측면충돌,안전운전불이행,건조,맑음,단일로 - 기타,승용,남,39세,상해없음,승용,남,56세,경상
2018043000100595,2018년 4월 30일 21시,월요일,대구광역시 달서구 감삼동,경상사고,0,0,1,0,차대차 - 기타,안전운전불이행,건조,맑음,단일로 - 기타,승용,남,64세,상해없음,승용,남,37세,경상
2018043000100624,2018년 4월 30일 22시,월요일,대구광역시 달서구 용산동,경상사고,0,0,6,0,차대차 - 추돌,안전거리미확보,건조,맑음,단일로 - 기타,승용,남,30세,상해없음,승용,남,40세,경상
2018043000100645,2018년 4월 30일 23시,월요일,대구광역시 동구 검사동,경상사고,0,0,1,0,차대차 - 측면충돌,안전거리미확보,건조,맑음,교차로 - 교차로안,승용,여,33세,상해없음,승용,남,41세,경상
2018043000100646,2018년 4월 30일 23시,월요일,대구광역시 동구 신천동,경상사고,0,0,2,0,차대차 - 측면충돌,안전운전불이행,건조,맑음,단일로 - 기타,기타불명,기타불명,미분류,기타불명,승용,남,55세,경상
2018043000100647,2018년 4월 30일 23시,월요일,대구광역시 북구 침산동,중상사고,0,1,1,1,차대차 - 측면충돌,교차로운행방법위반,건조,맑음,교차로 - 교차로안,승용,남,65세,부상신고,승용,남,44세,중상
2018050100100015,2018년 5월 1일 00시,화요일,대구광역시 달서구 대곡동,경상사고,0,0,1,0,차대차 - 추돌,안전운전불이행,건조,맑음,교차로 - 교차로부근,승용,남,19세,상해없음,승용,남,20세,상해없음
2018050100100016,2018년 5월 1일 00시,화요일,대구광역시 북구 노원동3가,중상사고,0,1,0,0,차대차 - 추돌,안전운전불이행,건조,맑음,교차로 - 교차로부근,승용,남,23세,상해없음,승용,여,45세,중상
2018050100100017,2018년 5월 1일 00시,화요일,대구광역시 서구 내당동,경상사고,0,0,1,0,차대사람 - 차도통행중,안전운전불이행,건조,맑음,단일로 - 기타,승용,남,46세,상해없음,보행자,남,26세,경상
2018050100100027,2018년 5월 1일 01시,화요일,대구광역시 남구 대명동,경상사고,0,0,3,0,차대차 - 측면충돌,안전거리미확보,건조,맑음,단일로 - 기타,승용,남,26세,상해없음,승용,남,59세,경상
2018050100100028,2018년 5월 1일 01시,화요일,대구광역시 동구 검사동,중상사고,0,1,0,0,차대차 - 측면충돌,안전운전불이행,건조,맑음,교차로 - 교차로부근,승용,남,38세,상해없음,승용,남,30세,중상
2018050100100029,2018년 5월 1일 01시,화요일,대구광역시 서구 비산동,사망사고,1,0,0,0,차대차 - 기타,안전운전불이행,건조,맑음,단일로 - 기타,원동기,남,30세,사망,건설기계,남,30세,기타불명
2018050100100042,2018년 5월 1일 02시,화요일,대구광역시 북구 태전동,중상사고,0,1,0,0,차량단독 - 공작물충돌,안전운전불이행,건조,맑음,단일로 - 기타,승용,여,32세,중상,,,,
2018050100100052,2018년 5월 1일 03시,화요일,대구광역시 서구 평리동,중상사고,0,1,0,0,차대차 - 측면충돌,안전운전불이행,건조,맑음,단일로 - 기타,승용,남,37세,상해없음,이륜,남,52세,중상
2018050100100061,2018년 5월 1일 04시,화요일,대구광역시 달서구 상인동,경상사고,0,0,1,0,차대차 - 추돌,안전운전불이행,건조,맑음,교차로 - 교차로부근,승용,남,37세,상해없음,승용,남,49세,경상
2018050100100100,2018년 5월 1일 07시,화요일,대구광역시 동구 신기동,부상신고사고,0,0,0,1,차대차 - 추돌,안전거리미확보,건조,맑음,단일로 - 기타,이륜,남,27세,부상신고,승합,남,57세,상해없음
2018050100100123,2018년 5월 1일 08시,화요일,대구광역시 동구 입석동,경상사고,0,0,2,0,차대차 - 기타,안전운전불이행,건조,맑음,기타 - 기타,승용,남,61세,상해없음,승용,여,53세,경상
2018050100100124,2018년 5월 1일 08시,화요일,대구광역시 서구 평리동,경상사고,0,0,1,0,차대차 - 측면충돌,안전운전불이행,건조,맑음,단일로 - 기타,자전거,남,56세,경상,승용,남,56세,상해없음
2018050100100176,2018년 5월 1일 10시,화요일,대구광역시 동구 봉무동,중상사고,0,1,1,0,차대차 - 측면충돌,신호위반,건조,맑음,교차로 - 교차로안,승용,여,37세,상해없음,승용,남,60세,중상
2018050100100194,2018년 5월 1일 11시,화요일,대구광역시 서구 내당동,중상사고,0,1,0,0,차대차 - 측면충돌,중앙선침범,건조,맑음,단일로 - 기타,이륜,여,64세,중상,승용,남,35세,상해없음
2018050100100195,2018년 5월 1일 11시,화요일,대구광역시 중구 수창동,부상신고사고,0,0,0,1,차대차 - 측면충돌,불법유턴,건조,맑음,교차로 - 교차로부근,자전거,남,66세,부상신고,승용,남,58세,상해없음
2018050100100222,2018년 5월 1일 12시,화요일,대구광역시 동구 신암동,중상사고,0,1,0,0,차대사람 - 기타,기타,건조,맑음,기타 - 기타,자전거,남,70세,상해없음,보행자,여,72세,중상
2018050100100223,2018년 5월 1일 12시,화요일,대구광역시 수성구 수성동2가,경상사고,0,0,2,0,차대차 - 추돌,안전운전불이행,건조,맑음,단일로 - 기타,승용,남,35세,상해없음,승용,여,81세,경상
2018050100100225,2018년 5월 1일 12시,화요일,대구광역시 달서구 장기동,경상사고,0,0,3,0,차대차 - 측면충돌,안전운전불이행,건조,맑음,단일로 - 기타,승용,남,34세,상해없음,승용,여,39세,경상
2018050100100257,2018년 5월 1일 13시,화요일,대구광역시 남구 대명동,중상사고,0,1,1,0,차대차 - 추돌,안전거리미확보,건조,맑음,단일로 - 기타,승용,남,52세,상해없음,승용,여,30세,중상
2018050100100258,2018년 5월 1일 13시,화요일,대구광역시 북구 대현동,중상사고,0,1,0,0,차대사람 - 기타,안전운전불이행,건조,맑음,단일로 - 기타,승용,남,51세,상해없음,보행자,여,63세,중상
2018050100100259,2018년 5월 1일 13시,화요일,대구광역시 서구 비산동,중상사고,0,1,0,0,차대사람 - 기타,기타,건조,맑음,기타 - 기타,기타불명,남,63세,상해없음,보행자,여,30세,중상
2018050100100260,2018년 5월 1일 13시,화요일,대구광역시 중구 동인동1가,경상사고,0,0,2,1,차대차 - 측면충돌,안전거리미확보,건조,맑음,교차로 - 교차로안,승용,남,19세,부상신고,승용,남,32세,경상
2018050100100290,2018년 5월 1일 14시,화요일,대구광역시 달서구 월성동,경상사고,0,0,1,0,차대차 - 측면충돌,차로위반,건조,맑음,교차로 - 교차로안,승용,여,47세,상해없음,승용,남,25세,경상
2018050100100324,2018년 5월 1일 15시,화요일,대구광역시 수성구 지산동,경상사고,0,0,1,0,차대사람 - 기타,안전운전불이행,건조,맑음,단일로 - 기타,승용,여,63세,상해없음,보행자,남,10세,경상
2018050100100325,2018년 5월 1일 15시,화요일,대구광역시 서구 내당동,경상사고,0,0,2,0,차대차 - 측면충돌,안전거리미확보,건조,맑음,단일로 - 기타,승용,남,48세,경상,승용,남,65세,경상
2018050100100353,2018년 5월 1일 16시,화요일,대구광역시 달서구 유천동,중상사고,0,1,0,0,차대사람 - 횡단중,보행자보호의무위반,건조,맑음,교차로 - 교차로부근,승용,여,61세,상해없음,보행자,여,19세,중상
2018050100100354,2018년 5월 1일 16시,화요일,대구광역시 달성군 화원읍,부상신고사고,0,0,0,1,차대사람 - 기타,안전운전불이행,건조,맑음,단일로 - 기타,승용,여,37세,상해없음,보행자,남,50세,부상신고
2018050100100355,2018년 5월 1일 16시,화요일,대구광역시 북구 금호동,경상사고,0,0,2,0,차대차 - 측면충돌,직진우회전진행방해,젖음/습기,흐림,교차로 - 교차로안,승용,남,57세,상해없음,승용,남,35세,경상
2018050100100385,2018년 5월 1일 17시,화요일,대구광역시 달서구 도원동,경상사고,0,0,1,0,차대차 - 측면충돌,교차로운행방법위반,건조,맑음,교차로 - 교차로부근,승용,여,52세,상해없음,승용,남,42세,경상
2018050100100386,2018년 5월 1일 17시,화요일,대구광역시 달서구 유천동,경상사고,0,0,1,0,차대차 - 후진중충돌,안전운전불이행,건조,맑음,교차로 - 교차로부근,승용,여,43세,상해없음,승용,여,56세,경상
2018050100100387,2018년 5월 1일 17시,화요일,대구광역시 서구 평리동,중상사고,0,1,0,0,차대차 - 측면충돌,안전거리미확보,건조,맑음,단일로 - 기타,승용,남,61세,상해없음,이륜,남,61세,중상
2018050100100409,2018년 5월 1일 18시,화요일,대구광역시 달성군 다사읍,중상사고,0,1,0,1,차대사람 - 기타,안전운전불이행,건조,흐림,단일로 - 기타,원동기,여,21세,부상신고,보행자,남,37세,중상
2018050100100410,2018년 5월 1일 18시,화요일,대구광역시 달서구 감삼동,중상사고,0,1,0,0,차대차 - 측면충돌,안전운전불이행,건조,맑음,단일로 - 기타,승용,남,41세,상해없음,자전거,남,13세,중상
2018050100100437,2018년 5월 1일 19시,화요일,대구광역시 북구 읍내동,중상사고,0,1,0,0,차대사람 - 기타,안전운전불이행,건조,맑음,단일로 - 기타,이륜,남,19세,상해없음,보행자,여,59세,중상
2018050100100468,2018년 5월 1일 20시,화요일,대구광역시 달서구 송현동,중상사고,0,1,0,0,차대사람 - 횡단중,안전운전불이행,건조,맑음,단일로 - 기타,승용,남,30세,상해없음,보행자,여,42세,중상
2018050100100469,2018년 5월 1일 20시,화요일,대구광역시 달서구 두류동,경상사고,0,0,1,0,차대차 - 측면충돌,안전운전불이행,건조,맑음,단일로 - 기타,이륜,남,44세,경상,승용,남,56세,상해없음
2018050100100470,2018년 5월 1일 20시,화요일,대구광역시 달서구 용산동,경상사고,0,0,1,0,차대차 - 추돌,기타,건조,맑음,기타 - 기타,화물,남,23세,상해없음,승용,남,30세,경상
2018050100100499,2018년 5월 1일 21시,화요일,대구광역시 북구 산격동,경상사고,0,0,1,0,차대차 - 후진중충돌,안전운전불이행,건조,맑음,기타 - 기타,승용,여,60세,상해없음,승용,여,20세,경상
2018050100100500,2018년 5월 1일 21시,화요일,대구광역시 북구 동천동,중상사고,0,1,0,0,차대사람 - 기타,안전운전불이행,건조,흐림,기타 - 기타,승용,남,32세,상해없음,보행자,여,30세,중상
2018050100100513,2018년 5월 1일 22시,화요일,대구광역시 동구 율하동,경상사고,0,0,1,0,차대차 - 후진중충돌,안전운전불이행,건조,맑음,교차로 - 교차로부근,승용,여,56세,기타불명,승용,남,37세,경상
2018050100100514,2018년 5월 1일 22시,화요일,대구광역시 북구 태전동,중상사고,0,1,0,0,차대차 - 측면충돌,교차로운행방법위반,건조,맑음,교차로 - 교차로안,화물,남,36세,상해없음,승용,남,27세,중상
2018050100100525,2018년 5월 1일 23시,화요일,대구광역시 수성구 범어동,경상사고,0,0,1,0,차대차 - 추돌,안전운전불이행,건조,맑음,교차로 - 교차로부근,승용,남,69세,상해없음,승용,여,43세,경상
2018050200100010,2018년 5월 2일 00시,수요일,대구광역시 북구 동천동,중상사고,0,1,0,0,차대사람 - 길가장자리구역통행중,안전운전불이행,건조,맑음,단일로 - 기타,승용,여,30세,상해없음,보행자,여,23세,중상
2018050200100025,2018년 5월 2일 01시,수요일,대구광역시 달서구 호림동,중상사고,0,1,0,0,차대사람 - 차도통행중,안전운전불이행,건조,맑음,단일로 - 기타,승용,남,35세,상해없음,보행자,남,46세,중상
2018050200100041,2018년 5월 2일 03시,수요일,대구광역시 중구 서문로1가,경상사고,0,0,2,0,차대차 - 측면충돌,기타,젖음/습기,비,교차로 - 교차로안,승용,남,29세,경상,승용,남,48세,경상
2018050200100076,2018년 5월 2일 06시,수요일,대구광역시 동구 서호동,중상사고,0,1,0,0,차량단독 - 기타,안전운전불이행,건조,맑음,단일로 - 기타,승합,남,57세,상해없음,,,,
2018050200100100,2018년 5월 2일 07시,수요일,대구광역시 달성군 옥포읍,중상사고,0,1,0,0,차대차 - 정면충돌,중앙선침범,젖음/습기,비,단일로 - 기타,승용,남,25세,상해없음,승용,남,33세,중상
2018050200100101,2018년 5월 2일 07시,수요일,대구광역시 달성군 화원읍,중상사고,0,1,0,0,차대사람 - 기타,안전운전불이행,젖음/습기,비,교차로 - 교차로안,승용,남,37세,상해없음,보행자,남,60세,중상
2018050200100146,2018년 5월 2일 08시,수요일,대구광역시 남구 대명동,경상사고,0,0,1,0,차대차 - 기타,교차로운행방법위반,건조,맑음,교차로 - 교차로안,승용,남,27세,상해없음,자전거,남,41세,경상
2018050200100147,2018년 5월 2일 08시,수요일,대구광역시 수성구 신매동,경상사고,0,0,1,0,차대사람 - 횡단중,안전운전불이행,건조,맑음,단일로 - 기타,승용,여,46세,상해없음,보행자,남,12세,경상
2018050200100148,2018년 5월 2일 08시,수요일,대구광역시 달서구 상인동,부상신고사고,0,0,0,1,차대차 - 기타,교차로운행방법위반,건조,맑음,교차로 - 교차로안,이륜,남,39세,부상신고,승용,여,34세,상해없음
2018050200100149,2018년 5월 2일 08시,수요일,대구광역시 북구 복현동,경상사고,0,0,1,0,차대차 - 기타,직진우회전진행방해,건조,맑음,교차로 - 교차로안,화물,남,56세,상해없음,화물,남,57세,경상
2018050200100150,2018년 5월 2일 08시,수요일,대구광역시 서구 내당동,부상신고사고,0,0,0,1,차대차 - 측면충돌,안전운전불이행,젖음/습기,맑음,단일로 - 기타,이륜,남,76세,부상신고,승용,남,58세,상해없음
2018050200100151,2018년 5월 2일 08시,수요일,대구광역시 북구 사수동,경상사고,0,0,1,0,차대차 - 기타,안전거리미확보,젖음/습기,흐림,단일로 - 기타,승용,여,34세,상해없음,승용,남,64세,상해없음
2018050200100186,2018년 5월 2일 09시,수요일,대구광역시 동구 신천동,경상사고,0,0,1,0,차대차 - 기타,안전운전불이행,건조,맑음,교차로 - 교차로부근,승용,남,59세,상해없음,승용,남,58세,경상
2018050200100187,2018년 5월 2일 09시,수요일,대구광역시 중구 남산동,경상사고,0,0,1,0,차대차 - 측면충돌,교차로운행방법위반,건조,맑음,교차로 - 교차로안,승용,남,57세,상해없음,승용,남,57세,경상
2018050200100219,2018년 5월 2일 10시,수요일,대구광역시 동구 신암동,경상사고,0,0,1,1,차대차 - 측면충돌,직진우회전진행방해,젖음/습기,비,교차로 - 교차로안,승용,여,76세,부상신고,승용,남,48세,경상
2018050200100220,2018년 5월 2일 10시,수요일,대구광역시 동구 방촌동,중상사고,0,1,0,0,차대차 - 측면충돌,안전운전불이행,건조,맑음,교차로 - 교차로안,승용,남,31세,상해없음,자전거,남,74세,중상
2018050200100221,2018년 5월 2일 10시,수요일,대구광역시 수성구 범어동,경상사고,0,0,1,0,차대차 - 측면충돌,안전거리미확보,젖음/습기,비,단일로 - 기타,승용,남,24세,상해없음,승용,남,29세,경상
2018050200100250,2018년 5월 2일 11시,수요일,대구광역시 동구 동호동,경상사고,0,0,2,0,차대차 - 측면충돌,교차로운행방법위반,건조,맑음,교차로 - 교차로안,승용,남,38세,상해없음,승용,여,33세,경상
2018050200100281,2018년 5월 2일 12시,수요일,대구광역시 서구 내당동,경상사고,0,0,2,0,차대차 - 추돌,안전운전불이행,건조,맑음,단일로 - 기타,승용,여,25세,상해없음,승용,남,48세,경상
2018050200100310,2018년 5월 2일 13시,수요일,대구광역시 동구 동호동,중상사고,0,1,0,0,차대차 - 측면충돌,안전운전불이행,건조,맑음,교차로 - 교차로부근,이륜,남,78세,중상,승용,여,49세,상해없음
2018050200100311,2018년 5월 2일 13시,수요일,대구광역시 동구 신암동,중상사고,0,1,0,0,차량단독 - 기타,안전운전불이행,건조,맑음,교차로 - 교차로부근,승합,남,35세,상해없음,,,,
2018050200100346,2018년 5월 2일 14시,수요일,대구광역시 북구 침산동,중상사고,0,1,0,0,차대차 - 기타,안전운전불이행,건조,맑음,단일로 - 기타,승용,여,53세,상해없음,원동기,남,21세,중상
2018050200100347,2018년 5월 2일 14시,수요일,대구광역시 서구 내당동,경상사고,0,0,2,0,차대차 - 측면충돌,교차로운행방법위반,건조,맑음,교차로 - 교차로안,승용,여,45세,경상,승용,여,58세,경상
2018050200100378,2018년 5월 2일 15시,수요일,대구광역시 수성구 범어동,부상신고사고,0,0,0,1,차대차 - 추돌,안전운전불이행,건조,맑음,단일로 - 기타,이륜,남,39세,부상신고,승용,남,35세,상해없음
2018050200100379,2018년 5월 2일 15시,수요일,대구광역시 북구 침산동,중상사고,0,1,1,0,차대차 - 기타,안전운전불이행,건조,맑음,단일로 - 기타,화물,남,60세,상해없음,이륜,남,44세,경상
2018050200100415,2018년 5월 2일 16시,수요일,대구광역시 중구 동산동,경상사고,0,0,1,0,차대차 - 기타,안전운전불이행,건조,맑음,단일로 - 기타,화물,남,54세,상해없음,승합,남,61세,상해없음
2018050200100416,2018년 5월 2일 16시,수요일,대구광역시 북구 구암동,경상사고,0,0,1,0,차대차 - 기타,안전운전불이행,건조,맑음,교차로 - 교차로부근,승용,여,45세,기타불명,자전거,여,11세,경상
2018050200100448,2018년 5월 2일 17시,수요일,대구광역시 수성구 만촌동,경상사고,0,0,1,1,차대차 - 측면충돌,안전운전불이행,건조,맑음,단일로 - 기타,승용,남,47세,부상신고,승용,남,47세,경상
2018050200100449,2018년 5월 2일 17시,수요일,대구광역시 달서구 월성동,경상사고,0,0,1,0,차대차 - 기타,안전거리미확보,건조,맑음,교차로 - 교차로부근,화물,남,53세,상해없음,승합,남,56세,상해없음
2018050200100450,2018년 5월 2일 17시,수요일,대구광역시 북구 태전동,중상사고,0,1,0,0,차대사람 - 횡단중,보행자보호의무위반,건조,맑음,교차로 - 교차로횡단보도내,승합,남,42세,상해없음,보행자,여,50세,중상
2018050200100481,2018년 5월 2일 18시,수요일,대구광역시 동구 불로동,경상사고,0,0,1,0,차대사람 - 횡단중,보행자보호의무위반,건조,맑음,교차로 - 교차로안,승용,남,56세,상해없음,보행자,여,80세,경상
2018050200100482,2018년 5월 2일 18시,수요일,대구광역시 달서구 이곡동,경상사고,0,0,1,0,차대차 - 측면충돌,신호위반,젖음/습기,비,교차로 - 교차로안,승용,남,45세,상해없음,승용,여,52세,경상
2018050200100516,2018년 5월 2일 19시,수요일,대구광역시 남구 대명동,경상사고,0,0,1,0,차대차 - 측면충돌,교차로운행방법위반,젖음/습기,흐림,교차로 - 교차로안,원동기,남,31세,경상,승용,남,63세,상해없음
2018050200100517,2018년 5월 2일 19시,수요일,대구광역시 동구 율하동,경상사고,0,0,3,0,차대차 - 추돌,안전운전불이행,젖음/습기,비,단일로 - 기타,승용,남,59세,상해없음,승용,남,43세,경상
2018050200100518,2018년 5월 2일 19시,수요일,대구광역시 달서구 월성동,경상사고,0,0,1,0,차대사람 - 횡단중,안전운전불이행,건조,맑음,단일로 - 기타,승용,남,51세,상해없음,보행자,여,51세,경상
2018050200100549,2018년 5월 2일 20시,수요일,대구광역시 달성군 옥포읍,경상사고,0,0,1,0,차대사람 - 횡단중,보행자보호의무위반,건조,맑음,교차로 - 교차로횡단보도내,승용,여,48세,상해없음,보행자,남,63세,경상
2018050200100583,2018년 5월 2일 21시,수요일,대구광역시 달서구 상인동,경상사고,0,0,1,0,차대차 - 측면충돌,안전거리미확보,건조,맑음,단일로 - 기타,화물,남,76세,상해없음,승용,여,21세,경상
2018050200100584,2018년 5월 2일 21시,수요일,대구광역시 달서구 상인동,경상사고,0,0,5,0,차대차 - 측면충돌,안전거리미확보,젖음/습기,비,교차로 - 교차로부근,승용,남,21세,상해없음,승용,남,38세,경상
2018050200100630,2018년 5월 2일 23시,수요일,대구광역시 동구 신천동,중상사고,0,1,1,0,차대차 - 추돌,안전운전불이행,건조,맑음,단일로 - 기타,승용,남,28세,경상,승용,남,64세,중상
2018050300100040,2018년 5월 3일 02시,목요일,대구광역시 북구 노원동3가,중상사고,0,1,0,0,차량단독 - 기타,안전운전불이행,건조,맑음,단일로 - 기타,승합,남,59세,상해없음,,,,
2018050300100077,2018년 5월 3일 06시,목요일,대구광역시 동구 율하동,경상사고,0,0,1,0,차대차 - 정면충돌,중앙선침범,건조,맑음,단일로 - 기타,승용,남,26세,상해없음,승용,남,48세,경상
2018050300100078,2018년 5월 3일 06시,목요일,대구광역시 북구 서변동,경상사고,0,0,1,0,차대차 - 추돌,안전운전불이행,건조,맑음,교차로 - 교차로부근,승용,남,66세,상해없음,승용,여,54세,경상
2018050300100151,2018년 5월 3일 08시,목요일,대구광역시 북구 침산동,중상사고,0,1,0,0,차대차 - 측면충돌,안전운전불이행,건조,맑음,교차로 - 교차로부근,승용,남,39세,상해없음,자전거,남,16세,중상
2018050300100152,2018년 5월 3일 08시,목요일,대구광역시 달서구 갈산동,중상사고,0,1,1,0,차대차 - 기타,직진우회전진행방해,건조,맑음,교차로 - 교차로안,승용,여,29세,경상,이륜,남,33세,중상
2018050300100179,2018년 5월 3일 09시,목요일,대구광역시 남구 대명동,중상사고,0,1,0,0,차대사람 - 길가장자리구역통행중,안전운전불이행,건조,맑음,기타 - 기타,승용,남,25세,상해없음,보행자,남,54세,중상
2018050300100180,2018년 5월 3일 09시,목요일,대구광역시 중구 남산동,중상사고,0,1,0,0,차대사람 - 차도통행중,안전운전불이행,건조,맑음,단일로 - 기타,승용,남,69세,상해없음,보행자,여,46세,중상
2018050300100181,2018년 5월 3일 09시,목요일,대구광역시 중구 동인동4가,경상사고,0,0,1,0,차대차 - 추돌,안전운전불이행,건조,맑음,단일로 - 기타,승용,남,65세,상해없음,승용,남,28세,경상
2018050300100182,2018년 5월 3일 09시,목요일,대구광역시 달서구 장기동,부상신고사고,0,0,0,1,차대차 - 기타,안전운전불이행,건조,맑음,단일로 - 기타,자전거,남,21세,부상신고,승용,여,56세,상해없음
2018050300100209,2018년 5월 3일 10시,목요일,대구광역시 남구 대명동,경상사고,0,0,4,0,차대차 - 추돌,안전거리미확보,건조,맑음,단일로 - 터널,승용,남,62세,경상,승용,남,72세,경상
2018050300100210,2018년 5월 3일 10시,목요일,대구광역시 수성구 범어동,경상사고,0,0,4,2,차대차 - 측면충돌,안전거리미확보,건조,맑음,단일로 - 기타,승용,남,68세,부상신고,승용,남,23세,경상
2018050300100211,2018년 5월 3일 10시,목요일,대구광역시 수성구 만촌동,경상사고,0,0,1,0,차대차 - 추돌,안전운전불이행,건조,맑음,교차로 - 교차로부근,승용,여,56세,상해없음,원동기,남,49세,경상
2018050300100212,2018년 5월 3일 10시,목요일,대구광역시 북구 노원동3가,경상사고,0,0,1,0,차대차 - 측면충돌,안전운전불이행,건조,맑음,단일로 - 기타,이륜,남,55세,상해없음,승용,남,58세,상해없음
2018050300100240,2018년 5월 3일 11시,목요일,대구광역시 달서구 두류동,경상사고,0,0,1,0,차대차 - 기타,안전운전불이행,건조,맑음,단일로 - 기타,승용,여,66세,상해없음,화물,남,42세,경상
2018050300100299,2018년 5월 3일 13시,목요일,대구광역시 남구 봉덕동,중상사고,0,1,0,0,차대사람 - 횡단중,안전운전불이행,건조,맑음,단일로 - 기타,승용,남,30세,상해없음,보행자,남,76세,중상
2018050300100300,2018년 5월 3일 13시,목요일,대구광역시 동구 방촌동,중상사고,0,1,0,0,차대사람 - 기타,안전운전불이행,건조,맑음,단일로 - 기타,자전거,여,30세,상해없음,보행자,여,60세,중상
2018050300100301,2018년 5월 3일 13시,목요일,대구광역시 수성구 중동,경상사고,0,0,1,0,차대차 - 추돌,안전운전불이행,건조,맑음,단일로 - 기타,승용,여,41세,상해없음,승합,남,47세,상해없음
2018050300100302,2018년 5월 3일 13시,목요일,대구광역시 달서구 장기동,경상사고,0,0,1,0,차대차 - 측면충돌,중앙선침범,건조,맑음,교차로 - 교차로부근,승용,여,55세,상해없음,이륜,남,27세,경상
2018050300100374,2018년 5월 3일 15시,목요일,대구광역시 남구 봉덕동,중상사고,0,1,0,0,차대사람 - 횡단중,신호위반,건조,맑음,교차로 - 교차로안,화물,남,47세,상해없음,보행자,여,58세,중상
2018050300100415,2018년 5월 3일 16시,목요일,대구광역시 북구 대현동,경상사고,0,0,1,0,차대차 - 측면충돌,안전운전불이행,건조,맑음,교차로 - 교차로안,기타불명,기타불명,미분류,기타불명,자전거,남,22세,경상
2018050300100416,2018년 5월 3일 16시,목요일,대구광역시 중구 동인동1가,중상사고,0,1,0,0,차대차 - 측면충돌,안전운전불이행,건조,맑음,교차로 - 교차로부근,이륜,여,55세,중상,승용,남,68세,상해없음
2018050300100417,2018년 5월 3일 16시,목요일,대구광역시 달서구 신당동,중상사고,0,1,0,0,차대사람 - 횡단중,안전운전불이행,건조,맑음,교차로 - 교차로부근,승용,남,58세,상해없음,보행자,여,21세,중상
2018050300100461,2018년 5월 3일 17시,목요일,대구광역시 동구 신천동,중상사고,0,1,0,0,차대차 - 측면충돌,신호위반,건조,맑음,교차로 - 교차로안,승용,남,48세,상해없음,원동기,남,51세,중상
2018050300100462,2018년 5월 3일 17시,목요일,대구광역시 달서구 상인동,중상사고,0,1,0,0,차량단독 - 기타,기타,건조,맑음,단일로 - 기타,승합,남,53세,상해없음,,,,
2018050300100463,2018년 5월 3일 17시,목요일,대구광역시 달성군 논공읍,중상사고,0,1,1,0,차량단독 - 전도전복 - 전도,안전운전불이행,건조,맑음,단일로 - 기타,원동기,남,15세,경상,미분류,미분류,미분류,미분류
2018050300100464,2018년 5월 3일 17시,목요일,대구광역시 서구 원대동3가,중상사고,0,1,0,0,차대차 - 측면충돌,안전운전불이행,건조,맑음,교차로 - 교차로부근,승용,남,54세,상해없음,자전거,남,49세,중상
2018050300100465,2018년 5월 3일 17시,목요일,대구광역시 서구 내당동,경상사고,0,0,1,0,차대차 - 측면충돌,기타,건조,맑음,단일로 - 기타,승용,남,43세,경상,화물,여,34세,상해없음
2018050300100507,2018년 5월 3일 18시,목요일,대구광역시 동구 신암동,경상사고,0,0,1,0,차대차 - 정면충돌,안전운전불이행,건조,맑음,단일로 - 기타,승용,남,30세,상해없음,승합,남,44세,상해없음
2018050300100540,2018년 5월 3일 19시,목요일,대구광역시 북구 침산동,부상신고사고,0,0,0,1,차대차 - 기타,안전운전불이행,건조,맑음,교차로 - 교차로부근,자전거,남,13세,부상신고,승용,남,39세,상해없음
2018050300100569,2018년 5월 3일 20시,목요일,대구광역시 수성구 시지동,경상사고,0,0,2,0,차대차 - 측면충돌,안전운전불이행,건조,맑음,단일로 - 기타,승용,남,63세,상해없음,승용,남,50세,경상
2018050300100570,2018년 5월 3일 20시,목요일,대구광역시 달서구 유천동,경상사고,0,0,1,0,차대차 - 측면충돌,안전운전불이행,건조,맑음,단일로 - 기타,이륜,남,49세,경상,승용,남,44세,상해없음
2018050300100608,2018년 5월 3일 21시,목요일,대구광역시 동구 방촌동,부상신고사고,0,0,0,1,차대차 - 측면충돌,안전운전불이행,젖음/습기,비,교차로 - 교차로부근,기타불명,기타불명,미분류,기타불명,승용,여,25세,부상신고
2018050300100609,2018년 5월 3일 21시,목요일,대구광역시 동구 신서동,경상사고,0,0,2,0,차대차 - 측면충돌,안전운전불이행,젖음/습기,비,교차로 - 교차로부근,승용,여,46세,경상,승용,남,35세,경상
2018050300100610,2018년 5월 3일 21시,목요일,대구광역시 동구 효목동,경상사고,0,0,1,0,차대사람 - 횡단중,보행자보호의무위반,건조,맑음,교차로 - 교차로횡단보도내,승용,남,57세,상해없음,보행자,남,28세,경상
2018050300100635,2018년 5월 3일 22시,목요일,대구광역시 수성구 지산동,부상신고사고,0,0,0,1,차대차 - 기타,기타,건조,맑음,단일로 - 기타,승합,남,57세,상해없음,이륜,남,22세,부상신고