사고번호,사고일시,요일,시군구,사고내용,사망자수,중상자수,경상자수,부상신고자수,사고유형,법규위반,노면상태,기상상태,도로형태,가해운전자 차종,가해운전자 성별,가해운전자 연령,가해운전자 상해정도,피해운전자 차종,피해운전자 성별,피해운전자 연령,피해운전자 상해정도
2018050300100636,2018년 5월 3일 22시,목요일,대구광역시 서구 내당동,경상사고,0,0,1,0,차대차 - 기타,안전운전불이행,건조,맑음,단일로 - 기타,승용,여,70세,상해없음,자전거,여,48세,경상
2018050300100653,2018년 5월 3일 23시,목요일,대구광역시 수성구 범어동,중상사고,0,1,0,0,차대차 - 추돌,과속,건조,맑음,단일로 - 기타,승용,남,26세,상해없음,승용,여,55세,중상
2018050400100016,2018년 5월 4일 00시,금요일,대구광역시 수성구 두산동,경상사고,0,0,1,0,차대사람 - 기타,기타,젖음/습기,비,단일로 - 기타,승용,남,52세,상해없음,보행자,여,47세,경상
2018050400100031,2018년 5월 4일 01시,금요일,대구광역시 동구 용계동,경상사고,0,0,3,0,차대차 - 측면충돌,신호위반,건조,맑음,교차로 - 교차로안,승용,남,57세,상해없음,이륜,남,19세,경상
2018050400100037,2018년 5월 4일 02시,금요일,대구광역시 달서구 본동,사망사고,1,0,0,0,차대사람 - 기타,안전운전불이행,건조,맑음,단일로 - 기타,승용,남,29세,상해없음,보행자,여,29세,사망
2018050400100043,2018년 5월 4일 03시,금요일,대구광역시 동구 방촌동,경상사고,0,0,1,0,차대차 - 추돌,안전운전불이행,건조,맑음,단일로 - 기타,승용,남,55세,상해없음,승용,남,31세,경상
2018050400100164,2018년 5월 4일 09시,금요일,대구광역시 수성구 지산동,사망사고,1,0,0,0,차대사람 - 횡단중,안전운전불이행,건조,맑음,단일로 - 기타,승용,남,50세,상해없음,보행자,여,74세,사망
2018050400100165,2018년 5월 4일 09시,금요일,대구광역시 달서구 상인동,경상사고,0,0,1,0,차대차 - 추돌,안전운전불이행,건조,맑음,단일로 - 기타,승합,여,60세,상해없음,원동기,남,24세,경상
2018050400100198,2018년 5월 4일 10시,금요일,대구광역시 달서구 도원동,경상사고,0,0,1,0,차대차 - 추돌,안전운전불이행,건조,맑음,단일로 - 기타,승용,여,33세,상해없음,승용,여,48세,경상
2018050400100199,2018년 5월 4일 10시,금요일,대구광역시 북구 산격동,경상사고,0,0,1,0,차대사람 - 기타,안전운전불이행,건조,맑음,단일로 - 기타,승합,남,47세,상해없음,보행자,여,70세,경상
2018050400100226,2018년 5월 4일 11시,금요일,대구광역시 달서구 송현동,경상사고,0,0,1,0,차대차 - 측면충돌,기타,건조,맑음,단일로 - 기타,승용,여,51세,상해없음,승용,남,25세,경상
2018050400100227,2018년 5월 4일 11시,금요일,대구광역시 중구 태평로3가,경상사고,0,0,2,1,차대차 - 기타,안전거리미확보,건조,맑음,교차로 - 교차로안,승용,남,66세,부상신고,화물,남,40세,경상
2018050400100228,2018년 5월 4일 11시,금요일,대구광역시 북구 사수동,경상사고,0,0,1,0,차대차 - 측면충돌,안전운전불이행,건조,맑음,단일로 - 기타,승용,여,60세,상해없음,승용,여,53세,경상
2018050400100244,2018년 5월 4일 12시,금요일,대구광역시 달성군 화원읍,경상사고,0,0,1,0,차대차 - 측면충돌,안전운전불이행,건조,맑음,교차로 - 교차로안,승용,여,39세,상해없음,이륜,남,49세,경상
2018050400100245,2018년 5월 4일 12시,금요일,대구광역시 달서구 이곡동,중상사고,0,1,1,0,차대사람 - 보도통행중,안전운전불이행,건조,맑음,주차장 - 주차장,승용,여,38세,상해없음,보행자,여,68세,중상
2018050400100280,2018년 5월 4일 13시,금요일,대구광역시 서구 비산동,중상사고,0,1,0,0,차량단독 - 기타,안전운전불이행,건조,맑음,단일로 - 기타,자전거,여,53세,중상,,,,
2018050400100281,2018년 5월 4일 13시,금요일,대구광역시 중구 포정동,경상사고,0,0,1,0,차대차 - 추돌,안전운전불이행,건조,맑음,단일로 - 기타,기타불명,기타불명,미분류,기타불명,자전거,남,78세,경상
2018050400100333,2018년 5월 4일 14시,금요일,대구광역시 남구 봉덕동,중상사고,0,1,0,0,차대차 - 정면충돌,중앙선침범,건조,맑음,단일로 - 기타,승용,남,60세,상해없음,이륜,남,69세,중상
2018050400100334,2018년 5월 4일 14시,금요일,대구광역시 남구 대명동,경상사고,0,0,1,0,차대차 - 측면충돌,안전운전불이행,건조,맑음,단일로 - 기타,원동기,남,37세,경상,승합,남,63세,상해없음
2018050400100335,2018년 5월 4일 14시,금요일,대구광역시 수성구 범어동,경상사고,0,0,1,0,차대차 - 추돌,안전운전불이행,건조,맑음,단일로 - 기타,승용,남,58세,상해없음,승용,남,49세,경상
2018050400100336,2018년 5월 4일 14시,금요일,대구광역시 달서구 신당동,중상사고,0,1,0,0,차대차 - 추돌,안전운전불이행,건조,맑음,기타 - 기타,승용,여,21세,상해없음,승용,남,43세,상해없음
2018050400100379,2018년 5월 4일 15시,금요일,대구광역시 남구 대명동,경상사고,0,0,1,0,차대사람 - 길가장자리구역통행중,안전운전불이행,건조,맑음,단일로 - 기타,승용,여,24세,상해없음,보행자,여,55세,경상
2018050400100380,2018년 5월 4일 15시,금요일,대구광역시 중구 동산동,경상사고,0,0,1,0,차대차 - 기타,기타,건조,맑음,단일로 - 기타,승용,남,65세,상해없음,이륜,남,25세,경상
2018050400100424,2018년 5월 4일 16시,금요일,대구광역시 동구 동호동,경상사고,0,0,1,0,차대사람 - 보도통행중,기타,건조,맑음,단일로 - 기타,승용,남,72세,상해없음,보행자,남,17세,경상
2018050400100425,2018년 5월 4일 16시,금요일,대구광역시 동구 율하동,경상사고,0,0,1,0,차대차 - 측면충돌,신호위반,건조,맑음,교차로 - 교차로안,승용,여,39세,상해없음,이륜,남,50세,경상
2018050400100426,2018년 5월 4일 16시,금요일,대구광역시 동구 신천동,부상신고사고,0,0,0,1,차대차 - 측면충돌,안전거리미확보,건조,맑음,단일로 - 기타,승용,남,58세,상해없음,승용,남,40세,부상신고
2018050400100427,2018년 5월 4일 16시,금요일,대구광역시 수성구 만촌동,중상사고,0,1,0,0,차대사람 - 횡단중,보행자보호의무위반,건조,맑음,교차로 - 교차로부근,화물,남,42세,상해없음,보행자,여,12세,중상
2018050400100428,2018년 5월 4일 16시,금요일,대구광역시 달성군 유가읍,경상사고,0,0,2,0,차대사람 - 기타,중앙선침범,건조,맑음,단일로 - 기타,승용,여,35세,상해없음,보행자,여,36세,경상
2018050400100429,2018년 5월 4일 16시,금요일,대구광역시 달성군 논공읍,경상사고,0,0,1,0,차대차 - 측면충돌,교차로운행방법위반,건조,맑음,교차로 - 교차로안,승합,남,35세,상해없음,승용,남,64세,경상
2018050400100481,2018년 5월 4일 17시,금요일,대구광역시 동구 신천동,경상사고,0,0,1,0,차대차 - 측면충돌,안전운전불이행,건조,맑음,단일로 - 기타,승용,남,54세,상해없음,이륜,남,39세,경상
2018050400100482,2018년 5월 4일 17시,금요일,대구광역시 달서구 송현동,경상사고,0,0,1,0,차대차 - 측면충돌,신호위반,건조,맑음,교차로 - 교차로안,이륜,남,63세,상해없음,승용,여,44세,경상
2018050400100483,2018년 5월 4일 17시,금요일,대구광역시 북구 복현동,중상사고,0,1,0,0,차대사람 - 기타,안전운전불이행,건조,맑음,단일로 - 기타,승합,남,39세,상해없음,보행자,여,80세,중상
2018050400100484,2018년 5월 4일 17시,금요일,대구광역시 서구 평리동,중상사고,0,1,0,0,차대사람 - 횡단중,안전운전불이행,건조,맑음,교차로 - 교차로안,승용,남,25세,상해없음,보행자,여,79세,중상
2018050400100485,2018년 5월 4일 17시,금요일,대구광역시 달서구 감삼동,경상사고,0,0,1,0,차대차 - 측면충돌,차로위반,건조,맑음,단일로 - 기타,승용,여,22세,상해없음,승용,남,44세,경상
2018050400100522,2018년 5월 4일 18시,금요일,대구광역시 서구 평리동,중상사고,0,1,2,0,차대차 - 측면충돌,안전운전불이행,건조,맑음,교차로 - 교차로부근,이륜,남,61세,중상,승용,남,42세,경상
2018050400100523,2018년 5월 4일 18시,금요일,대구광역시 달서구 이곡동,경상사고,0,0,1,0,차대차 - 측면충돌,안전거리미확보,건조,맑음,단일로 - 기타,승용,남,69세,상해없음,이륜,남,17세,경상
2018050400100566,2018년 5월 4일 19시,금요일,대구광역시 동구 용계동,경상사고,0,0,1,0,차대차 - 기타,안전운전불이행,건조,맑음,단일로 - 교량,이륜,남,50세,상해없음,자전거,남,46세,경상
2018050400100567,2018년 5월 4일 19시,금요일,대구광역시 달서구 도원동,경상사고,0,0,1,0,차대차 - 추돌,안전운전불이행,건조,맑음,단일로 - 기타,승용,남,45세,상해없음,승용,여,48세,경상
2018050400100645,2018년 5월 4일 21시,금요일,대구광역시 북구 복현동,경상사고,0,0,1,0,차대차 - 추돌,안전운전불이행,건조,맑음,교차로 - 교차로부근,승용,남,30세,상해없음,승용,여,63세,경상
2018050400100675,2018년 5월 4일 22시,금요일,대구광역시 동구 효목동,경상사고,0,0,1,0,차대차 - 측면충돌,안전운전불이행,건조,맑음,교차로 - 교차로부근,이륜,남,55세,경상,승용,여,49세,상해없음
2018050400100676,2018년 5월 4일 22시,금요일,대구광역시 수성구 범어동,중상사고,0,1,0,0,차대사람 - 횡단중,보행자보호의무위반,건조,맑음,교차로 - 교차로횡단보도내,승용,여,28세,상해없음,보행자,남,58세,중상
2018050400100705,2018년 5월 4일 23시,금요일,대구광역시 남구 대명동,경상사고,0,0,2,1,차대차 - 측면충돌,안전거리미확보,젖음/습기,맑음,교차로 - 교차로부근,승용,여,23세,부상신고,승용,남,30세,경상
2018050400100706,2018년 5월 4일 23시,금요일,대구광역시 달서구 대곡동,경상사고,0,0,1,0,차대차 - 측면충돌,안전거리미확보,건조,맑음,단일로 - 기타,승용,여,61세,상해없음,승용,여,55세,경상
2018050400100707,2018년 5월 4일 23시,금요일,대구광역시 달서구 이곡동,중상사고,0,1,0,0,차대사람 - 횡단중,신호위반,건조,맑음,단일로 - 기타,승용,남,19세,상해없음,보행자,남,66세,중상
2018050400100708,2018년 5월 4일 23시,금요일,대구광역시 달서구 두류동,경상사고,0,0,1,0,차대사람 - 기타,안전운전불이행,건조,맑음,기타 - 기타,승용,남,55세,상해없음,보행자,남,30세,경상
2018050500100021,2018년 5월 5일 00시,토요일,대구광역시 동구 신천동,경상사고,0,0,1,0,차대차 - 측면충돌,안전운전불이행,건조,맑음,단일로 - 기타,승용,남,36세,상해없음,승용,남,27세,경상
2018050500100022,2018년 5월 5일 00시,토요일,대구광역시 수성구 황금동,경상사고,0,0,2,0,차대차 - 측면충돌,안전운전불이행,건조,맑음,단일로 - 기타,승용,남,30세,상해없음,승용,남,38세,상해없음
2018050500100023,2018년 5월 5일 00시,토요일,대구광역시 북구 침산동,경상사고,0,0,1,0,차대사람 - 횡단중,보행자보호의무위반,건조,흐림,교차로 - 교차로횡단보도내,승용,여,72세,상해없음,보행자,남,21세,경상
2018050500100024,2018년 5월 5일 00시,토요일,대구광역시 서구 내당동,경상사고,0,0,1,0,차대차 - 측면충돌,차로위반,건조,맑음,단일로 - 기타,승용,남,24세,상해없음,승용,남,67세,상해없음
2018050500100041,2018년 5월 5일 01시,토요일,대구광역시 수성구 대흥동,경상사고,0,0,1,0,차대차 - 추돌,과속,건조,맑음,단일로 - 기타,승용,남,38세,상해없음,승용,남,50세,경상
2018050500100042,2018년 5월 5일 01시,토요일,대구광역시 달서구 성당동,경상사고,0,0,2,0,차대차 - 측면충돌,안전거리미확보,건조,맑음,단일로 - 기타,승용,남,56세,경상,승용,남,61세,경상
2018050500100053,2018년 5월 5일 02시,토요일,대구광역시 수성구 두산동,부상신고사고,0,0,0,1,차대사람 - 기타,안전운전불이행,건조,맑음,단일로 - 기타,승용,남,29세,상해없음,보행자,남,21세,부상신고
2018050500100054,2018년 5월 5일 02시,토요일,대구광역시 북구 산격동,경상사고,0,0,3,0,차대차 - 추돌,안전운전불이행,기타,흐림,단일로 - 기타,승용,남,43세,상해없음,승용,남,55세,경상
2018050500100055,2018년 5월 5일 02시,토요일,대구광역시 북구 태전동,경상사고,0,0,1,0,차량단독 - 기타,안전운전불이행,건조,맑음,단일로 - 기타,승용,여,44세,경상,,,,
2018050500100069,2018년 5월 5일 03시,토요일,대구광역시 수성구 수성동4가,경상사고,0,0,3,0,차대차 - 측면충돌,안전거리미확보,건조,맑음,단일로 - 기타,승용,남,64세,상해없음,승합,남,58세,경상
2018050500100070,2018년 5월 5일 03시,토요일,대구광역시 수성구 두산동,경상사고,0,0,1,0,차대사람 - 기타,안전운전불이행,건조,맑음,교차로 - 교차로안,승용,남,35세,상해없음,보행자,여,44세,경상
2018050500100085,2018년 5월 5일 04시,토요일,대구광역시 수성구 수성동2가,경상사고,0,0,1,0,차대차 - 측면충돌,안전운전불이행,건조,맑음,단일로 - 기타,승용,남,51세,상해없음,승용,남,59세,경상
2018050500100116,2018년 5월 5일 06시,토요일,대구광역시 달성군 하빈면,경상사고,0,0,1,0,차대차 - 추돌,안전운전불이행,건조,맑음,교차로 - 교차로안,건설기계,남,63세,상해없음,승용,남,37세,경상
2018050500100132,2018년 5월 5일 07시,토요일,대구광역시 서구 내당동,경상사고,0,0,2,0,차대차 - 추돌,안전운전불이행,건조,맑음,단일로 - 기타,승용,남,25세,상해없음,승합,남,52세,경상
2018050500100133,2018년 5월 5일 07시,토요일,대구광역시 북구 서변동,경상사고,0,0,3,0,차대차 - 추돌,안전운전불이행,건조,맑음,단일로 - 기타,화물,남,65세,상해없음,승용,남,71세,경상
2018050500100160,2018년 5월 5일 08시,토요일,대구광역시 달서구 월성동,경상사고,0,0,1,0,차대차 - 측면충돌,중앙선침범,건조,맑음,교차로 - 교차로부근,자전거,남,45세,경상,승용,여,71세,상해없음
2018050500100193,2018년 5월 5일 09시,토요일,대구광역시 북구 칠성동1가,경상사고,0,0,1,0,차대차 - 측면충돌,직진우회전진행방해,건조,맑음,교차로 - 교차로안,승용,남,65세,상해없음,승용,남,21세,경상
2018050500100194,2018년 5월 5일 09시,토요일,대구광역시 중구 대봉동,중상사고,0,1,0,0,차대사람 - 횡단중,보행자보호의무위반,건조,맑음,단일로 - 기타,승용,남,60세,기타불명,보행자,여,80세,중상
2018050500100274,2018년 5월 5일 12시,토요일,대구광역시 북구 노원동3가,경상사고,0,0,1,0,차대차 - 측면충돌,직진우회전진행방해,건조,맑음,교차로 - 교차로안,이륜,남,62세,경상,화물,남,30세,상해없음
2018050500100275,2018년 5월 5일 12시,토요일,대구광역시 북구 산격동,경상사고,0,0,1,0,차대차 - 측면충돌,안전운전불이행,건조,맑음,단일로 - 기타,이륜,남,33세,경상,화물,남,54세,상해없음
2018050500100276,2018년 5월 5일 12시,토요일,대구광역시 북구 태전동,경상사고,0,0,1,0,차대차 - 후진중충돌,불법유턴,건조,맑음,단일로 - 기타,화물,남,40세,상해없음,승용,여,46세,경상
2018050500100300,2018년 5월 5일 13시,토요일,대구광역시 서구 비산동,경상사고,0,0,1,0,차대차 - 측면충돌,기타,건조,맑음,단일로 - 기타,승용,남,56세,상해없음,자전거,남,65세,경상
2018050500100301,2018년 5월 5일 13시,토요일,대구광역시 달서구 이곡동,중상사고,0,1,0,0,차대사람 - 횡단중,안전운전불이행,건조,맑음,단일로 - 기타,승합,남,46세,상해없음,보행자,남,34세,중상
2018050500100302,2018년 5월 5일 13시,토요일,대구광역시 달서구 장기동,경상사고,0,0,1,0,차대차 - 측면충돌,안전거리미확보,건조,맑음,단일로 - 기타,승용,남,28세,상해없음,화물,남,48세,경상
2018050500100341,2018년 5월 5일 14시,토요일,대구광역시 동구 동호동,중상사고,0,1,0,0,차대차 - 측면충돌,안전운전불이행,건조,맑음,교차로 - 교차로안,승용,여,47세,상해없음,자전거,남,79세,중상
2018050500100342,2018년 5월 5일 14시,토요일,대구광역시 수성구 범어동,중상사고,0,1,0,0,차대차 - 측면충돌,안전운전불이행,건조,맑음,단일로 - 기타,승용,여,38세,상해없음,이륜,남,44세,중상
2018050500100343,2018년 5월 5일 14시,토요일,대구광역시 북구 구암동,중상사고,0,1,0,0,차대차 - 기타,안전운전불이행,건조,맑음,단일로 - 기타,승용,남,46세,상해없음,승합,남,60세,상해없음
2018050500100376,2018년 5월 5일 15시,토요일,대구광역시 중구 태평로2가,경상사고,0,0,1,1,차대차 - 측면충돌,안전거리미확보,건조,맑음,교차로 - 교차로부근,승용,남,68세,부상신고,승용,남,48세,경상
2018050500100417,2018년 5월 5일 16시,토요일,대구광역시 동구 동호동,중상사고,0,2,0,1,차대차 - 측면충돌,직진우회전진행방해,건조,맑음,교차로 - 교차로안,승용,남,28세,부상신고,승용,남,68세,중상
2018050500100418,2018년 5월 5일 16시,토요일,대구광역시 수성구 신매동,중상사고,0,1,0,0,차대차 - 측면충돌,안전운전불이행,건조,맑음,교차로 - 교차로안,승용,여,62세,상해없음,자전거,여,59세,중상
2018050500100470,2018년 5월 5일 17시,토요일,대구광역시 달성군 화원읍,경상사고,0,0,1,0,차대차 - 측면충돌,안전운전불이행,건조,맑음,교차로 - 교차로안,승용,남,49세,상해없음,이륜,남,24세,경상
2018050500100471,2018년 5월 5일 17시,토요일,대구광역시 달성군 화원읍,경상사고,0,0,4,1,차대차 - 기타,신호위반,건조,맑음,교차로 - 교차로안,승용,여,55세,부상신고,승용,남,50세,경상
2018050500100498,2018년 5월 5일 18시,토요일,대구광역시 동구 사복동,경상사고,0,0,1,0,차대차 - 기타,안전운전불이행,건조,맑음,단일로 - 기타,승용,여,54세,상해없음,자전거,남,9세,경상
2018050500100532,2018년 5월 5일 19시,토요일,대구광역시 수성구 노변동,경상사고,0,0,2,0,차대차 - 기타,안전운전불이행,건조,맑음,단일로 - 기타,승용,남,61세,상해없음,승용,남,25세,경상
2018050500100534,2018년 5월 5일 19시,토요일,대구광역시 수성구 상동,중상사고,0,1,2,0,차대차 - 측면충돌,안전운전불이행,건조,맑음,교차로 - 교차로안,승용,남,62세,상해없음,승용,남,54세,중상
2018050500100535,2018년 5월 5일 19시,토요일,대구광역시 달서구 진천동,경상사고,0,0,1,0,차대사람 - 횡단중,안전운전불이행,건조,맑음,단일로 - 기타,승용,남,26세,상해없음,보행자,남,73세,경상
2018050500100536,2018년 5월 5일 19시,토요일,대구광역시 달성군 옥포읍,경상사고,0,0,2,0,차대차 - 추돌,안전운전불이행,건조,맑음,교차로 - 교차로부근,승용,남,63세,상해없음,승용,남,55세,경상
2018050500100537,2018년 5월 5일 19시,토요일,대구광역시 북구 동천동,중상사고,0,1,0,1,차대차 - 기타,안전운전불이행,건조,맑음,교차로 - 교차로안,이륜,남,22세,부상신고,이륜,남,61세,중상
2018050500100564,2018년 5월 5일 20시,토요일,대구광역시 북구 관음동,경상사고,0,0,1,0,차대차 - 기타,안전운전불이행,젖음/습기,흐림,기타 - 기타,승용,남,65세,상해없음,이륜,남,22세,경상
2018050500100565,2018년 5월 5일 20시,토요일,대구광역시 북구 매천동,경상사고,0,0,1,0,차대사람 - 기타,안전운전불이행,건조,맑음,단일로 - 기타,자전거,남,16세,상해없음,보행자,여,83세,경상
2018050500100592,2018년 5월 5일 21시,토요일,대구광역시 수성구 시지동,경상사고,0,0,1,0,차대차 - 측면충돌,교차로운행방법위반,건조,맑음,교차로 - 교차로안,승용,여,36세,상해없음,승용,남,46세,경상
2018050500100619,2018년 5월 5일 22시,토요일,대구광역시 동구 신암동,경상사고,0,0,1,0,차대차 - 측면충돌,안전거리미확보,건조,맑음,단일로 - 고가도로위,승용,남,58세,상해없음,이륜,남,25세,경상
2018050500100620,2018년 5월 5일 22시,토요일,대구광역시 동구 율하동,경상사고,0,0,4,0,차대차 - 추돌,안전운전불이행,젖음/습기,비,단일로 - 기타,승용,남,40세,상해없음,승용,여,38세,경상
2018050500100641,2018년 5월 5일 23시,토요일,대구광역시 남구 대명동,경상사고,0,0,6,0,차대차 - 측면충돌,안전거리미확보,건조,맑음,교차로 - 교차로안,승용,남,62세,경상,승용,남,24세,경상
2018050600100023,2018년 5월 6일 00시,일요일,대구광역시 달서구 장기동,중상사고,0,1,3,0,차대차 - 기타,불법유턴,건조,맑음,교차로 - 교차로안,자전거,남,58세,중상,승용,여,58세,경상
2018050600100024,2018년 5월 6일 00시,일요일,대구광역시 북구 국우동,경상사고,0,0,2,0,차대차 - 기타,신호위반,건조,흐림,교차로 - 교차로안,이륜,남,15세,경상,승용,남,27세,상해없음
2018050600100035,2018년 5월 6일 01시,일요일,대구광역시 동구 신암동,경상사고,0,0,1,0,차대차 - 측면충돌,안전운전불이행,건조,맑음,단일로 - 기타,승용,여,38세,상해없음,이륜,남,24세,경상
2018050600100036,2018년 5월 6일 01시,일요일,대구광역시 달서구 상인동,중상사고,0,1,2,0,차대차 - 측면충돌,안전운전불이행,젖음/습기,비,교차로 - 교차로안,승용,남,65세,상해없음,승용,남,45세,중상
2018050600100056,2018년 5월 6일 02시,일요일,대구광역시 남구 대명동,중상사고,0,1,0,0,차대사람 - 횡단중,안전운전불이행,젖음/습기,흐림,단일로 - 기타,승용,남,36세,상해없음,보행자,남,30세,중상
2018050600100057,2018년 5월 6일 02시,일요일,대구광역시 북구 동천동,경상사고,0,0,4,0,차대차 - 측면충돌,신호위반,젖음/습기,비,교차로 - 교차로안,승용,남,50세,경상,승용,여,21세,경상
2018050600100106,2018년 5월 6일 06시,일요일,대구광역시 달서구 본동,경상사고,0,0,1,0,차대차 - 측면충돌,안전운전불이행,젖음/습기,비,단일로 - 기타,승용,남,35세,상해없음,화물,남,47세,기타불명
2018050600100124,2018년 5월 6일 08시,일요일,대구광역시 북구 구암동,경상사고,0,0,1,0,차대차 - 측면충돌,신호위반,젖음/습기,비,교차로 - 교차로안,승용,남,78세,상해없음,승합,남,52세,경상
2018050600100189,2018년 5월 6일 12시,일요일,대구광역시 달서구 대천동,경상사고,0,0,3,0,차대차 - 측면충돌,신호위반,젖음/습기,비,교차로 - 교차로안,승용,남,19세,상해없음,승용,여,47세,경상
2018050600100229,2018년 5월 6일 13시,일요일,대구광역시 중구 달성동,중상사고,0,1,0,0,차대차 - 측면충돌,안전거리미확보,건조,맑음,단일로 - 지하차도(도로)내,승용,남,58세,상해없음,승용,여,49세,중상
2018050600100255,2018년 5월 6일 14시,일요일,대구광역시 북구 복현동,경상사고,0,0,2,0,차대차 - 추돌,안전운전불이행,젖음/습기,비,단일로 - 기타,승용,남,60세,상해없음,승용,남,44세,경상
2018050600100256,2018년 5월 6일 14시,일요일,대구광역시 중구 남산동,중상사고,0,1,2,0,차대차 - 추돌,안전거리미확보,건조,맑음,교차로 - 교차로부근,승용,남,52세,상해없음,승용,남,59세,경상
2018050600100290,2018년 5월 6일 16시,일요일,대구광역시 동구 율하동,중상사고,0,1,1,0,차량단독 - 공작물충돌,안전운전불이행,젖음/습기,비,단일로 - 고가도로위,승용,남,56세,상해없음,,,,
2018050600100291,2018년 5월 6일 16시,일요일,대구광역시 달서구 상인동,경상사고,0,0,1,0,차대차 - 추돌,안전운전불이행,젖음/습기,비,단일로 - 기타,이륜,남,14세,경상,승용,남,49세,상해없음
2018050600100307,2018년 5월 6일 17시,일요일,대구광역시 달성군 화원읍,경상사고,0,0,2,0,차대차 - 정면충돌,중앙선침범,건조,맑음,단일로 - 기타,승합,남,54세,상해없음,화물,남,25세,경상
2018050600100308,2018년 5월 6일 17시,일요일,대구광역시 북구 태전동,경상사고,0,0,1,0,차대차 - 측면충돌,안전운전불이행,젖음/습기,비,단일로 - 기타,이륜,남,18세,경상,화물,남,44세,상해없음
2018050600100330,2018년 5월 6일 18시,일요일,대구광역시 북구 금호동,중상사고,0,2,0,0,차대차 - 추돌,안전거리미확보,젖음/습기,비,단일로 - 기타,승용,여,55세,상해없음,승용,여,45세,중상
2018050600100334,2018년 5월 6일 18시,일요일,대구광역시 수성구 파동,경상사고,0,0,1,0,차대차 - 추돌,교차로운행방법위반,건조,맑음,교차로 - 교차로안,승합,남,22세,상해없음,승용,여,46세,경상
2018050600100360,2018년 5월 6일 19시,일요일,대구광역시 수성구 지산동,부상신고사고,0,0,0,1,차대차 - 추돌,직진우회전진행방해,젖음/습기,맑음,교차로 - 교차로안,승용,남,27세,상해없음,이륜,남,38세,부상신고
2018050600100361,2018년 5월 6일 19시,일요일,대구광역시 북구 노원동1가,경상사고,0,0,1,0,차대차 - 기타,안전거리미확보,젖음/습기,비,단일로 - 기타,승용,남,32세,상해없음,이륜,남,36세,경상
2018050600100381,2018년 5월 6일 20시,일요일,대구광역시 동구 율하동,중상사고,0,3,2,0,차대차 - 추돌,안전운전불이행,젖음/습기,비,단일로 - 기타,승용,남,63세,상해없음,승용,남,62세,중상
2018050600100382,2018년 5월 6일 20시,일요일,대구광역시 동구 방촌동,중상사고,0,1,0,0,차대차 - 측면충돌,안전거리미확보,젖음/습기,비,단일로 - 기타,승용,여,54세,상해없음,승용,여,51세,중상
2018050600100383,2018년 5월 6일 20시,일요일,대구광역시 달성군 화원읍,경상사고,0,0,1,0,차대차 - 추돌,안전운전불이행,젖음/습기,비,교차로 - 교차로부근,이륜,남,18세,경상,승용,남,50세,상해없음
2018050600100401,2018년 5월 6일 21시,일요일,대구광역시 북구 태전동,경상사고,0,0,1,0,차대사람 - 기타,안전운전불이행,젖음/습기,흐림,교차로 - 교차로안,승용,여,47세,상해없음,보행자,남,51세,경상
2018050600100424,2018년 5월 6일 22시,일요일,대구광역시 수성구 만촌동,경상사고,0,0,1,0,차대사람 - 기타,안전운전불이행,건조,맑음,교차로 - 교차로부근,이륜,남,29세,상해없음,보행자,남,37세,경상
2018050600100425,2018년 5월 6일 22시,일요일,대구광역시 달성군 다사읍,경상사고,0,0,1,0,차대차 - 기타,차로위반,건조,맑음,단일로 - 기타,이륜,남,49세,경상,승용,남,66세,상해없음
2018050600100443,2018년 5월 6일 23시,일요일,대구광역시 동구 율하동,경상사고,0,0,3,0,차대차 - 측면충돌,차로위반,젖음/습기,비,단일로 - 기타,승용,남,75세,경상,승용,남,63세,경상
2018050700100013,2018년 5월 7일 00시,월요일,대구광역시 달서구 성당동,경상사고,0,0,5,0,차대차 - 측면충돌,신호위반,건조,맑음,교차로 - 교차로안,승용,여,48세,상해없음,승용,남,26세,경상
2018050700100014,2018년 5월 7일 00시,월요일,대구광역시 서구 비산동,중상사고,0,1,0,0,차대사람 - 기타,안전운전불이행,젖음/습기,비,단일로 - 기타,승용,남,47세,상해없음,보행자,남,52세,중상
2018050700100069,2018년 5월 7일 05시,월요일,대구광역시 달성군 다사읍,경상사고,0,0,1,0,차대차 - 기타,신호위반,건조,맑음,교차로 - 교차로안,화물,남,69세,상해없음,승용,남,42세,경상
2018050700100070,2018년 5월 7일 05시,월요일,대구광역시 달서구 본리동,경상사고,0,0,4,0,차대차 - 추돌,안전운전불이행,젖음/습기,비,교차로 - 교차로부근,승용,남,37세,상해없음,승용,남,22세,경상
2018050700100082,2018년 5월 7일 06시,월요일,대구광역시 북구 복현동,중상사고,0,1,0,0,차대차 - 측면충돌,불법유턴,건조,맑음,교차로 - 교차로부근,자전거,남,73세,중상,승용,남,51세,기타불명
2018050700100093,2018년 5월 7일 07시,월요일,대구광역시 달성군 논공읍,경상사고,0,0,1,0,차대차 - 측면충돌,차로위반,건조,맑음,단일로 - 기타,화물,여,48세,상해없음,승용,여,49세,경상
2018050700100094,2018년 5월 7일 07시,월요일,대구광역시 북구 산격동,중상사고,0,1,1,0,차대차 - 추돌,안전운전불이행,젖음/습기,비,교차로 - 교차로부근,기타불명,남,35세,상해없음,승용,남,56세,경상
2018050700100095,2018년 5월 7일 07시,월요일,대구광역시 달서구 장기동,경상사고,0,0,1,0,차대차 - 측면충돌,안전거리미확보,젖음/습기,비,단일로 - 기타,화물,남,58세,상해없음,승용,남,59세,경상
2018050700100107,2018년 5월 7일 08시,월요일,대구광역시 동구 방촌동,경상사고,0,0,1,1,차대차 - 측면충돌,신호위반,젖음/습기,비,교차로 - 교차로안,승용,남,31세,부상신고,승용,남,37세,경상