사고번호,사고일시,요일,시군구,사고내용,사망자수,중상자수,경상자수,부상신고자수,사고유형,법규위반,노면상태,기상상태,도로형태,가해운전자 차종,가해운전자 성별,가해운전자 연령,가해운전자 상해정도,피해운전자 차종,피해운전자 성별,피해운전자 연령,피해운전자 상해정도
2018050700100108,2018년 5월 7일 08시,월요일,대구광역시 달서구 송현동,중상사고,0,1,1,0,차대차 - 측면충돌,교차로운행방법위반,건조,맑음,교차로 - 교차로안,화물,남,54세,중상,화물,남,47세,경상
2018050700100125,2018년 5월 7일 09시,월요일,대구광역시 수성구 범어동,경상사고,0,0,1,0,차대차 - 기타,안전운전불이행,건조,맑음,단일로 - 기타,승용,남,55세,상해없음,승용,남,71세,상해없음
2018050700100126,2018년 5월 7일 09시,월요일,대구광역시 달서구 상인동,중상사고,0,1,1,0,차대차 - 추돌,안전거리미확보,젖음/습기,비,단일로 - 기타,화물,남,59세,경상,승용,남,57세,중상
2018050700100127,2018년 5월 7일 09시,월요일,대구광역시 달서구 본동,경상사고,0,0,1,0,차대차 - 측면충돌,안전운전불이행,젖음/습기,비,기타 - 기타,승용,남,60세,상해없음,승용,여,35세,경상
2018050700100128,2018년 5월 7일 09시,월요일,대구광역시 달서구 성당동,경상사고,0,0,2,0,차대차 - 측면충돌,안전거리미확보,건조,맑음,단일로 - 기타,승용,남,64세,상해없음,승용,남,60세,경상
2018050700100176,2018년 5월 7일 11시,월요일,대구광역시 동구 용계동,경상사고,0,0,1,0,차대차 - 정면충돌,중앙선침범,젖음/습기,비,단일로 - 기타,화물,남,20세,상해없음,승용,여,31세,경상
2018050700100177,2018년 5월 7일 11시,월요일,대구광역시 북구 침산동,경상사고,0,0,2,0,차대차 - 측면충돌,안전거리미확보,젖음/습기,흐림,단일로 - 기타,승용,남,70세,상해없음,승용,남,39세,경상
2018050700100202,2018년 5월 7일 12시,월요일,대구광역시 북구 산격동,경상사고,0,0,1,0,차대차 - 기타,안전운전불이행,건조,맑음,교차로 - 교차로부근,이륜,남,72세,경상,화물,남,51세,상해없음
2018050700100203,2018년 5월 7일 12시,월요일,대구광역시 북구 침산동,경상사고,0,0,1,0,차대차 - 기타,안전거리미확보,건조,맑음,단일로 - 기타,승용,남,53세,상해없음,승합,남,53세,상해없음
2018050700100204,2018년 5월 7일 12시,월요일,대구광역시 북구 태전동,중상사고,0,1,4,0,차대차 - 추돌,안전운전불이행,건조,맑음,기타 - 기타,화물,남,71세,상해없음,승용,여,23세,경상
2018050700100239,2018년 5월 7일 13시,월요일,대구광역시 남구 대명동,경상사고,0,0,2,0,차대차 - 추돌,안전거리미확보,건조,맑음,교차로 - 교차로부근,승용,남,61세,상해없음,승용,남,48세,경상
2018050700100240,2018년 5월 7일 13시,월요일,대구광역시 북구 학정동,중상사고,0,1,0,0,차량단독 - 기타,안전운전불이행,젖음/습기,비,단일로 - 기타,승합,남,52세,상해없음,,,,
2018050700100269,2018년 5월 7일 14시,월요일,대구광역시 동구 신암동,부상신고사고,0,0,0,1,차대차 - 기타,안전운전불이행,건조,맑음,교차로 - 교차로안,기타불명,기타불명,미분류,기타불명,이륜,남,51세,부상신고
2018050700100270,2018년 5월 7일 14시,월요일,대구광역시 동구 효목동,중상사고,0,1,0,0,차대사람 - 기타,안전운전불이행,건조,맑음,교차로 - 교차로부근,승용,여,25세,상해없음,보행자,여,76세,중상
2018050700100271,2018년 5월 7일 14시,월요일,대구광역시 수성구 범어동,경상사고,0,0,3,0,차대차 - 측면충돌,안전운전불이행,건조,맑음,교차로 - 교차로안,화물,남,47세,상해없음,승용,남,38세,경상
2018050700100272,2018년 5월 7일 14시,월요일,대구광역시 중구 삼덕동1가,부상신고사고,0,0,0,1,차대사람 - 기타,안전운전불이행,건조,맑음,단일로 - 기타,승용,남,62세,상해없음,보행자,여,20세,부상신고
2018050700100296,2018년 5월 7일 15시,월요일,대구광역시 서구 내당동,경상사고,0,0,5,1,차대차 - 측면충돌,교차로운행방법위반,건조,맑음,기타 - 기타,승용,여,35세,부상신고,승용,여,36세,경상
2018050700100297,2018년 5월 7일 15시,월요일,대구광역시 달서구 감삼동,중상사고,0,1,3,0,차대차 - 측면충돌,교차로운행방법위반,건조,맑음,교차로 - 교차로부근,승용,남,21세,경상,승용,남,71세,중상
2018050700100330,2018년 5월 7일 16시,월요일,대구광역시 수성구 범어동,경상사고,0,0,1,0,차대차 - 측면충돌,안전운전불이행,건조,흐림,단일로 - 기타,승용,남,69세,상해없음,승용,남,46세,경상
2018050700100331,2018년 5월 7일 16시,월요일,대구광역시 서구 원대동3가,중상사고,0,1,0,0,차대차 - 측면충돌,안전운전불이행,건조,맑음,교차로 - 교차로부근,이륜,남,18세,상해없음,승용,남,70세,상해없음
2018050700100332,2018년 5월 7일 16시,월요일,대구광역시 서구 내당동,중상사고,0,1,2,0,차대차 - 추돌,신호위반,건조,맑음,교차로 - 교차로안,승용,여,58세,상해없음,승용,여,47세,상해없음
2018050700100407,2018년 5월 7일 18시,월요일,대구광역시 동구 봉무동,경상사고,0,0,1,1,차대차 - 측면충돌,안전운전불이행,건조,맑음,단일로 - 기타,화물,남,51세,기타불명,승용,남,27세,상해없음
2018050700100408,2018년 5월 7일 18시,월요일,대구광역시 달서구 장기동,경상사고,0,0,2,0,차대차 - 추돌,안전운전불이행,건조,맑음,단일로 - 기타,승용,남,32세,상해없음,승용,여,43세,경상
2018050700100436,2018년 5월 7일 19시,월요일,대구광역시 수성구 만촌동,경상사고,0,0,4,1,차량단독 - 기타,안전운전불이행,건조,맑음,단일로 - 기타,승용,남,46세,부상신고,,,,
2018050700100437,2018년 5월 7일 19시,월요일,대구광역시 수성구 만촌동,경상사고,0,0,4,0,차대차 - 추돌,안전운전불이행,건조,맑음,교차로 - 교차로부근,화물,남,54세,상해없음,승용,남,34세,경상
2018050700100438,2018년 5월 7일 19시,월요일,대구광역시 달서구 도원동,경상사고,0,0,1,0,차대차 - 기타,안전운전불이행,건조,맑음,단일로 - 기타,승용,남,23세,상해없음,승용,여,36세,경상
2018050700100439,2018년 5월 7일 19시,월요일,대구광역시 북구 칠성동2가,경상사고,0,0,1,0,차대차 - 측면충돌,안전거리미확보,건조,맑음,단일로 - 기타,승용,남,45세,상해없음,원동기,남,21세,경상
2018050700100440,2018년 5월 7일 19시,월요일,대구광역시 중구 삼덕동2가,경상사고,0,0,1,0,차대차 - 측면충돌,안전운전불이행,건조,맑음,교차로 - 교차로부근,승용,남,60세,상해없음,승용,남,68세,경상
2018050700100476,2018년 5월 7일 20시,월요일,대구광역시 수성구 범어동,부상신고사고,0,0,0,1,차대차 - 추돌,안전거리미확보,건조,맑음,단일로 - 기타,화물,여,76세,상해없음,승용,남,37세,상해없음
2018050700100477,2018년 5월 7일 20시,월요일,대구광역시 달서구 본리동,중상사고,0,1,0,0,차대차 - 정면충돌,중앙선침범,건조,맑음,기타 - 기타,이륜,남,43세,상해없음,이륜,남,47세,중상
2018050700100506,2018년 5월 7일 21시,월요일,대구광역시 달서구 용산동,경상사고,0,0,1,0,차대차 - 측면충돌,기타,건조,맑음,교차로 - 교차로부근,승용,남,51세,상해없음,이륜,남,51세,경상
2018050700100547,2018년 5월 7일 23시,월요일,대구광역시 동구 신기동,중상사고,0,1,2,1,차대차 - 측면충돌,직진우회전진행방해,건조,맑음,교차로 - 교차로안,승용,남,54세,부상신고,승용,남,31세,경상
2018050800100014,2018년 5월 8일 00시,화요일,대구광역시 동구 방촌동,중상사고,0,1,0,0,차대차 - 측면충돌,불법유턴,건조,맑음,교차로 - 교차로안,자전거,남,67세,중상,승용,남,23세,상해없음
2018050800100015,2018년 5월 8일 00시,화요일,대구광역시 달서구 두류동,경상사고,0,0,1,0,차대차 - 측면충돌,신호위반,건조,맑음,단일로 - 기타,기타불명,기타불명,미분류,기타불명,자전거,남,25세,경상
2018050800100028,2018년 5월 8일 01시,화요일,대구광역시 달성군 현풍읍,경상사고,0,0,1,0,차대차 - 후진중충돌,안전운전불이행,건조,맑음,단일로 - 기타,승용,남,23세,상해없음,승용,여,45세,상해없음
2018050800100035,2018년 5월 8일 02시,화요일,대구광역시 중구 남산동,경상사고,0,0,1,0,차대차 - 측면충돌,안전거리미확보,건조,맑음,단일로 - 기타,승용,남,65세,상해없음,이륜,남,22세,경상
2018050800100036,2018년 5월 8일 02시,화요일,대구광역시 중구 삼덕동1가,경상사고,0,0,1,0,차대사람 - 길가장자리구역통행중,안전운전불이행,건조,맑음,단일로 - 기타,승용,여,19세,상해없음,보행자,여,25세,경상
2018050800100040,2018년 5월 8일 03시,화요일,대구광역시 동구 용계동,중상사고,0,1,0,1,차대차 - 추돌,안전운전불이행,건조,맑음,교차로 - 교차로부근,승용,남,65세,부상신고,승용,여,58세,중상
2018050800100049,2018년 5월 8일 05시,화요일,대구광역시 수성구 만촌동,중상사고,0,1,0,0,차대사람 - 기타,안전운전불이행,건조,맑음,단일로 - 기타,승용,남,55세,상해없음,보행자,남,59세,중상
2018050800100050,2018년 5월 8일 05시,화요일,대구광역시 서구 상리동,경상사고,0,0,2,1,차대차 - 측면충돌,직진우회전진행방해,건조,맑음,교차로 - 교차로안,화물,남,36세,부상신고,승합,남,61세,경상
2018050800100084,2018년 5월 8일 07시,화요일,대구광역시 동구 평광동,경상사고,0,0,1,0,차대차 - 추돌,안전운전불이행,건조,맑음,단일로 - 기타,화물,남,79세,상해없음,승용,남,55세,경상
2018050800100116,2018년 5월 8일 08시,화요일,대구광역시 동구 효목동,경상사고,0,0,1,0,차대차 - 측면충돌,안전운전불이행,건조,맑음,단일로 - 기타,승용,남,62세,상해없음,승용,남,57세,경상
2018050800100117,2018년 5월 8일 08시,화요일,대구광역시 수성구 만촌동,경상사고,0,0,2,0,차대차 - 추돌,안전거리미확보,건조,맑음,교차로 - 교차로부근,승용,남,23세,기타불명,승용,여,46세,경상
2018050800100118,2018년 5월 8일 08시,화요일,대구광역시 북구 노원동1가,중상사고,0,1,0,0,차대차 - 측면충돌,신호위반,건조,맑음,교차로 - 교차로횡단보도내,승용,남,55세,상해없음,이륜,남,58세,중상
2018050800100119,2018년 5월 8일 08시,화요일,대구광역시 서구 평리동,경상사고,0,0,1,0,차대차 - 측면충돌,기타,건조,맑음,교차로 - 교차로안,승용,남,67세,상해없음,자전거,남,46세,경상
2018050800100147,2018년 5월 8일 09시,화요일,대구광역시 남구 대명동,경상사고,0,0,1,0,차대사람 - 보도통행중,기타,건조,맑음,단일로 - 기타,승용,여,67세,상해없음,보행자,남,82세,경상
2018050800100148,2018년 5월 8일 09시,화요일,대구광역시 북구 산격동,중상사고,0,1,0,0,차대사람 - 기타,안전운전불이행,건조,맑음,단일로 - 기타,화물,남,40세,상해없음,보행자,여,74세,중상
2018050800100215,2018년 5월 8일 11시,화요일,대구광역시 북구 산격동,경상사고,0,0,1,0,차대차 - 추돌,안전운전불이행,건조,맑음,단일로 - 기타,승합,남,56세,상해없음,승용,여,35세,경상
2018050800100238,2018년 5월 8일 12시,화요일,대구광역시 달서구 유천동,경상사고,0,0,2,0,차대차 - 추돌,안전거리미확보,건조,맑음,단일로 - 기타,승용,남,54세,상해없음,승용,여,50세,경상
2018050800100270,2018년 5월 8일 13시,화요일,대구광역시 수성구 만촌동,경상사고,0,0,1,0,차대차 - 측면충돌,안전운전불이행,건조,맑음,단일로 - 기타,건설기계,남,50세,상해없음,승용,여,46세,경상
2018050800100271,2018년 5월 8일 13시,화요일,대구광역시 달서구 신당동,경상사고,0,0,1,0,차대사람 - 기타,보행자보호의무위반,건조,맑음,교차로 - 교차로안,승용,여,35세,상해없음,보행자,남,69세,경상
2018050800100296,2018년 5월 8일 14시,화요일,대구광역시 수성구 범어동,경상사고,0,0,1,0,차대차 - 추돌,안전운전불이행,건조,맑음,단일로 - 기타,승용,남,37세,상해없음,승용,여,38세,경상
2018050800100297,2018년 5월 8일 14시,화요일,대구광역시 북구 산격동,경상사고,0,0,1,0,차대차 - 추돌,안전운전불이행,건조,맑음,단일로 - 기타,승용,남,52세,상해없음,승용,여,35세,경상
2018050800100341,2018년 5월 8일 15시,화요일,대구광역시 남구 대명동,부상신고사고,0,0,0,1,차대차 - 측면충돌,안전거리미확보,건조,맑음,단일로 - 기타,이륜,남,26세,부상신고,승용,여,48세,상해없음
2018050800100342,2018년 5월 8일 15시,화요일,대구광역시 수성구 두산동,경상사고,0,0,1,1,차대차 - 추돌,안전운전불이행,건조,맑음,단일로 - 기타,화물,남,65세,부상신고,화물,남,57세,경상
2018050800100343,2018년 5월 8일 15시,화요일,대구광역시 중구 동산동,중상사고,0,1,0,0,차대차 - 측면충돌,안전운전불이행,건조,맑음,단일로 - 기타,자전거,남,56세,중상,승합,남,57세,상해없음
2018050800100387,2018년 5월 8일 16시,화요일,대구광역시 서구 중리동,경상사고,0,0,1,0,차대사람 - 기타,기타,건조,맑음,단일로 - 기타,승합,남,57세,상해없음,보행자,여,54세,경상
2018050800100388,2018년 5월 8일 16시,화요일,대구광역시 북구 태전동,경상사고,0,0,1,1,차대차 - 기타,안전운전불이행,건조,맑음,교차로 - 교차로안,승용,여,35세,경상,이륜,남,20세,부상신고
2018050800100436,2018년 5월 8일 17시,화요일,대구광역시 동구 신암동,경상사고,0,0,1,0,차대차 - 측면충돌,안전거리미확보,건조,맑음,단일로 - 기타,승용,남,51세,상해없음,이륜,남,24세,경상
2018050800100437,2018년 5월 8일 17시,화요일,대구광역시 동구 율하동,경상사고,0,0,1,0,차대차 - 측면충돌,중앙선침범,건조,맑음,단일로 - 기타,승용,여,39세,상해없음,원동기,남,40세,경상
2018050800100438,2018년 5월 8일 17시,화요일,대구광역시 달서구 도원동,경상사고,0,0,1,0,차대차 - 측면충돌,안전운전불이행,건조,맑음,교차로 - 교차로횡단보도내,자전거,여,53세,경상,승용,여,47세,상해없음
2018050800100484,2018년 5월 8일 18시,화요일,대구광역시 수성구 매호동,경상사고,0,0,2,0,차대차 - 측면충돌,직진우회전진행방해,건조,맑음,교차로 - 교차로안,승용,여,34세,경상,승용,남,52세,경상
2018050800100485,2018년 5월 8일 18시,화요일,대구광역시 중구 북성로1가,경상사고,0,0,1,1,차대차 - 측면충돌,기타,건조,맑음,교차로 - 교차로안,승용,여,63세,부상신고,승용,여,41세,경상
2018050800100486,2018년 5월 8일 18시,화요일,대구광역시 달서구 장기동,중상사고,0,1,0,0,차대차 - 측면충돌,안전운전불이행,건조,맑음,단일로 - 기타,승용,남,36세,상해없음,이륜,남,22세,중상
2018050800100515,2018년 5월 8일 19시,화요일,대구광역시 동구 효목동,경상사고,0,0,1,0,차대차 - 측면충돌,안전운전불이행,건조,맑음,교차로 - 교차로부근,이륜,남,60세,경상,승용,남,54세,상해없음
2018050800100551,2018년 5월 8일 20시,화요일,대구광역시 달성군 다사읍,경상사고,0,0,1,0,차대차 - 기타,안전운전불이행,건조,맑음,교차로 - 교차로횡단보도내,승용,남,28세,상해없음,자전거,남,57세,경상
2018050800100552,2018년 5월 8일 20시,화요일,대구광역시 북구 태전동,경상사고,0,0,1,0,차대차 - 측면충돌,신호위반,건조,맑음,단일로 - 기타,이륜,남,23세,경상,승용,남,57세,상해없음
2018050800100572,2018년 5월 8일 21시,화요일,대구광역시 북구 대현동,경상사고,0,0,1,0,차대차 - 측면충돌,안전운전불이행,건조,맑음,단일로 - 기타,승용,남,27세,상해없음,승용,남,45세,경상
2018050800100573,2018년 5월 8일 21시,화요일,대구광역시 동구 효목동,중상사고,0,1,0,0,차대차 - 측면충돌,신호위반,건조,맑음,교차로 - 교차로안,승용,남,26세,상해없음,이륜,남,34세,중상
2018050800100574,2018년 5월 8일 21시,화요일,대구광역시 달서구 본동,경상사고,0,0,1,0,차대사람 - 횡단중,신호위반,건조,맑음,단일로 - 기타,승용,남,60세,상해없음,보행자,여,32세,경상
2018050800100575,2018년 5월 8일 21시,화요일,대구광역시 중구 태평로3가,중상사고,0,1,0,0,차대사람 - 기타,기타,건조,맑음,단일로 - 기타,승용,남,62세,상해없음,보행자,여,61세,중상
2018050800100611,2018년 5월 8일 23시,화요일,대구광역시 북구 산격동,경상사고,0,0,3,0,차대차 - 추돌,안전운전불이행,젖음/습기,흐림,단일로 - 기타,승용,여,68세,상해없음,승용,남,31세,경상
2018050900100008,2018년 5월 9일 00시,수요일,대구광역시 달서구 대천동,중상사고,0,1,1,0,차대차 - 기타,신호위반,건조,맑음,교차로 - 교차로안,승용,남,33세,상해없음,승용,남,55세,중상
2018050900100017,2018년 5월 9일 01시,수요일,대구광역시 서구 내당동,경상사고,0,0,1,0,차대차 - 정면충돌,신호위반,건조,맑음,교차로 - 교차로안,이륜,남,16세,상해없음,승용,남,48세,경상
2018050900100018,2018년 5월 9일 01시,수요일,대구광역시 달서구 이곡동,경상사고,0,0,1,0,차대사람 - 보도통행중,기타,건조,맑음,기타 - 기타,승용,남,26세,상해없음,보행자,남,56세,경상
2018050900100069,2018년 5월 9일 07시,수요일,대구광역시 동구 용계동,경상사고,0,0,1,0,차대차 - 추돌,안전운전불이행,건조,맑음,단일로 - 기타,승용,남,35세,상해없음,승용,여,36세,경상
2018050900100127,2018년 5월 9일 08시,수요일,대구광역시 동구 대림동,경상사고,0,0,2,0,차대차 - 측면충돌,신호위반,건조,맑음,단일로 - 기타,승용,남,37세,상해없음,승용,여,55세,경상
2018050900100128,2018년 5월 9일 08시,수요일,대구광역시 동구 신암동,경상사고,0,0,1,0,차대사람 - 길가장자리구역통행중,안전운전불이행,건조,맑음,단일로 - 기타,화물,남,25세,상해없음,보행자,여,48세,경상
2018050900100162,2018년 5월 9일 09시,수요일,대구광역시 달서구 상인동,경상사고,0,0,1,0,차대차 - 측면충돌,직진우회전진행방해,건조,맑음,교차로 - 교차로안,승용,남,22세,상해없음,자전거,여,26세,경상
2018050900100163,2018년 5월 9일 09시,수요일,대구광역시 달서구 성당동,경상사고,0,0,1,0,차대사람 - 횡단중,보행자보호의무위반,건조,맑음,단일로 - 기타,화물,남,48세,상해없음,보행자,여,53세,경상
2018050900100182,2018년 5월 9일 10시,수요일,대구광역시 남구 대명동,중상사고,0,1,1,0,차대차 - 측면충돌,기타,건조,맑음,교차로 - 교차로안,승용,여,40세,경상,승용,여,62세,중상
2018050900100183,2018년 5월 9일 10시,수요일,대구광역시 달서구 성당동,부상신고사고,0,0,0,1,차대차 - 측면충돌,안전거리미확보,건조,맑음,단일로 - 기타,이륜,남,30세,부상신고,승용,남,29세,상해없음
2018050900100184,2018년 5월 9일 10시,수요일,대구광역시 북구 칠성동2가,중상사고,0,1,0,0,차대차 - 측면충돌,기타,건조,맑음,단일로 - 기타,화물,남,47세,상해없음,이륜,남,62세,중상
2018050900100185,2018년 5월 9일 10시,수요일,대구광역시 북구 칠성동1가,부상신고사고,0,0,0,1,차대차 - 측면충돌,안전거리미확보,건조,맑음,단일로 - 기타,원동기,남,48세,부상신고,화물,남,32세,상해없음
2018050900100186,2018년 5월 9일 10시,수요일,대구광역시 북구 연경동,중상사고,0,1,0,0,차대사람 - 기타,안전운전불이행,건조,맑음,단일로 - 기타,승용,여,49세,상해없음,보행자,남,83세,중상
2018050900100249,2018년 5월 9일 12시,수요일,대구광역시 남구 대명동,중상사고,0,1,1,0,차대차 - 기타,차로위반,건조,맑음,단일로 - 기타,승합,남,42세,상해없음,승합,남,44세,상해없음
2018050900100282,2018년 5월 9일 13시,수요일,대구광역시 수성구 범어동,중상사고,0,1,0,1,차대차 - 측면충돌,직진우회전진행방해,건조,맑음,교차로 - 교차로안,승용,여,41세,부상신고,승용,여,41세,중상
2018050900100283,2018년 5월 9일 13시,수요일,대구광역시 수성구 신매동,경상사고,0,0,1,0,차대차 - 측면충돌,안전운전불이행,건조,맑음,교차로 - 교차로안,승용,남,61세,상해없음,원동기,남,26세,경상
2018050900100284,2018년 5월 9일 13시,수요일,대구광역시 수성구 범어동,중상사고,0,1,1,1,차대차 - 추돌,안전거리미확보,건조,맑음,교차로 - 교차로부근,승용,여,36세,부상신고,승용,남,73세,중상
2018050900100285,2018년 5월 9일 13시,수요일,대구광역시 북구 침산동,중상사고,0,1,0,0,차대차 - 측면충돌,안전운전불이행,건조,맑음,단일로 - 기타,승용,여,52세,상해없음,자전거,남,76세,중상
2018050900100286,2018년 5월 9일 13시,수요일,대구광역시 중구 서성로1가,경상사고,0,0,1,0,차대차 - 측면충돌,신호위반,건조,맑음,교차로 - 교차로안,원동기,남,74세,상해없음,원동기,남,51세,상해없음
2018050900100287,2018년 5월 9일 13시,수요일,대구광역시 중구 대신동,경상사고,0,0,2,0,차대차 - 측면충돌,안전운전불이행,건조,맑음,단일로 - 기타,승용,여,33세,상해없음,승용,여,43세,경상
2018050900100323,2018년 5월 9일 14시,수요일,대구광역시 중구 태평로3가,경상사고,0,0,1,0,차대차 - 기타,신호위반,건조,맑음,교차로 - 교차로부근,승합,남,58세,상해없음,자전거,남,80세,경상
2018050900100365,2018년 5월 9일 15시,수요일,대구광역시 중구 대신동,경상사고,0,0,3,0,차대차 - 측면충돌,안전운전불이행,건조,맑음,교차로 - 교차로부근,승용,여,55세,상해없음,이륜,남,17세,경상
2018050900100366,2018년 5월 9일 15시,수요일,대구광역시 중구 문화동,경상사고,0,0,2,0,차대차 - 측면충돌,안전운전불이행,건조,맑음,단일로 - 기타,승용,여,37세,상해없음,이륜,남,19세,경상
2018050900100367,2018년 5월 9일 15시,수요일,대구광역시 북구 관음동,중상사고,0,1,0,0,차대차 - 기타,안전거리미확보,건조,맑음,단일로 - 기타,승용,남,34세,상해없음,승합,남,58세,상해없음
2018050900100393,2018년 5월 9일 16시,수요일,대구광역시 동구 신암동,경상사고,0,0,2,1,차대차 - 측면충돌,안전거리미확보,건조,맑음,단일로 - 기타,승용,여,58세,부상신고,승용,여,47세,경상
2018050900100394,2018년 5월 9일 16시,수요일,대구광역시 서구 비산동,경상사고,0,0,1,0,차대차 - 측면충돌,중앙선침범,건조,맑음,단일로 - 기타,이륜,남,64세,경상,화물,남,40세,상해없음
2018050900100395,2018년 5월 9일 16시,수요일,대구광역시 서구 내당동,중상사고,0,1,0,0,차대사람 - 횡단중,신호위반,건조,맑음,단일로 - 기타,승용,남,66세,상해없음,보행자,여,57세,중상
2018050900100396,2018년 5월 9일 16시,수요일,대구광역시 북구 매천동,경상사고,0,0,1,0,차대차 - 추돌,안전운전불이행,건조,맑음,단일로 - 고가도로위,화물,남,67세,상해없음,승용,여,33세,경상
2018050900100450,2018년 5월 9일 17시,수요일,대구광역시 북구 서변동,경상사고,0,0,1,0,차대차 - 측면충돌,안전운전불이행,건조,맑음,교차로 - 교차로부근,화물,남,45세,상해없음,이륜,남,44세,경상
2018050900100451,2018년 5월 9일 17시,수요일,대구광역시 북구 태전동,경상사고,0,0,1,0,차대사람 - 기타,안전운전불이행,건조,맑음,단일로 - 기타,승용,남,31세,기타불명,보행자,남,23세,경상
2018050900100520,2018년 5월 9일 19시,수요일,대구광역시 동구 신암동,중상사고,0,1,0,0,차대차 - 측면충돌,안전운전불이행,건조,맑음,단일로 - 지하차도(도로)내,승용,여,46세,상해없음,이륜,남,64세,중상
2018050900100521,2018년 5월 9일 19시,수요일,대구광역시 수성구 지산동,경상사고,0,0,1,0,차대차 - 측면충돌,안전운전불이행,건조,맑음,단일로 - 기타,승용,여,49세,상해없음,승용,여,35세,경상
2018050900100522,2018년 5월 9일 19시,수요일,대구광역시 달성군 다사읍,부상신고사고,0,0,0,1,차대사람 - 기타,안전운전불이행,건조,맑음,단일로 - 기타,이륜,여,19세,상해없음,보행자,남,59세,부상신고
2018050900100523,2018년 5월 9일 19시,수요일,대구광역시 달서구 두류동,중상사고,0,1,0,0,차대차 - 측면충돌,안전운전불이행,건조,맑음,단일로 - 기타,승용,여,26세,상해없음,승용,남,68세,중상
2018050900100548,2018년 5월 9일 20시,수요일,대구광역시 수성구 두산동,경상사고,0,0,2,0,차대차 - 기타,안전운전불이행,건조,맑음,단일로 - 기타,승용,남,49세,상해없음,승용,남,35세,경상
2018050900100549,2018년 5월 9일 20시,수요일,대구광역시 달성군 화원읍,중상사고,0,1,0,0,차대사람 - 기타,보행자보호의무위반,건조,맑음,단일로 - 기타,화물,여,52세,상해없음,보행자,여,65세,중상
2018050900100588,2018년 5월 9일 21시,수요일,대구광역시 동구 효목동,경상사고,0,0,2,0,차대차 - 측면충돌,안전운전불이행,건조,맑음,교차로 - 교차로부근,이륜,남,16세,상해없음,이륜,남,18세,경상
2018050900100589,2018년 5월 9일 21시,수요일,대구광역시 수성구 상동,중상사고,0,1,0,0,차대사람 - 길가장자리구역통행중,안전운전불이행,건조,맑음,단일로 - 기타,승용,여,62세,상해없음,보행자,남,61세,중상
2018050900100613,2018년 5월 9일 22시,수요일,대구광역시 달서구 대천동,중상사고,0,2,0,0,차대차 - 측면충돌,신호위반,건조,맑음,교차로 - 교차로안,승용,남,66세,상해없음,승용,여,38세,중상
2018051000100033,2018년 5월 10일 02시,목요일,대구광역시 달성군 다사읍,중상사고,0,1,0,0,차대차 - 측면충돌,안전운전불이행,건조,맑음,단일로 - 기타,이륜,남,34세,상해없음,이륜,남,49세,중상
2018051000100050,2018년 5월 10일 05시,목요일,대구광역시 수성구 두산동,경상사고,0,0,2,0,차량단독 - 공작물충돌,안전운전불이행,건조,맑음,교차로 - 교차로안,승용,남,65세,상해없음,,,,
2018051000100090,2018년 5월 10일 07시,목요일,대구광역시 동구 신암동,경상사고,0,0,1,0,차대차 - 기타,안전운전불이행,건조,맑음,단일로 - 기타,승용,남,45세,상해없음,승용,여,42세,경상
2018051000100091,2018년 5월 10일 07시,목요일,대구광역시 달서구 본리동,부상신고사고,0,0,0,1,차대차 - 측면충돌,안전운전불이행,건조,맑음,단일로 - 기타,이륜,남,22세,부상신고,화물,남,60세,상해없음
2018051000100092,2018년 5월 10일 07시,목요일,대구광역시 달서구 용산동,경상사고,0,0,1,0,차대차 - 기타,교차로운행방법위반,건조,맑음,교차로 - 교차로안,승용,남,29세,상해없음,승용,남,49세,경상
2018051000100146,2018년 5월 10일 08시,목요일,대구광역시 달서구 대천동,경상사고,0,0,2,0,차대차 - 추돌,안전거리미확보,건조,맑음,단일로 - 기타,승용,남,64세,상해없음,승용,남,35세,경상
2018051000100147,2018년 5월 10일 08시,목요일,대구광역시 중구 남산동,부상신고사고,0,0,0,1,차대차 - 기타,안전운전불이행,건조,맑음,단일로 - 기타,기타불명,기타불명,미분류,기타불명,자전거,남,18세,부상신고
2018051000100148,2018년 5월 10일 08시,목요일,대구광역시 중구 수창동,경상사고,0,0,2,0,차대차 - 기타,안전운전불이행,건조,맑음,단일로 - 기타,승용,남,29세,상해없음,승용,여,38세,경상
2018051000100149,2018년 5월 10일 08시,목요일,대구광역시 달서구 호산동,중상사고,0,2,0,3,차대차 - 측면충돌,신호위반,건조,맑음,교차로 - 교차로안,승용,남,45세,중상,승용,남,37세,중상
2018051000100201,2018년 5월 10일 10시,목요일,대구광역시 달서구 대천동,경상사고,0,0,2,0,차대차 - 추돌,안전운전불이행,건조,맑음,단일로 - 기타,승용,남,50세,상해없음,승용,남,70세,경상
2018051000100202,2018년 5월 10일 10시,목요일,대구광역시 달성군 현풍읍,중상사고,0,1,1,0,차대차 - 추돌,안전거리미확보,건조,맑음,교차로 - 교차로부근,건설기계,남,66세,상해없음,승용,남,48세,중상
2018051000100234,2018년 5월 10일 11시,목요일,대구광역시 북구 노원동3가,중상사고,0,1,0,0,차대사람 - 횡단중,안전운전불이행,건조,맑음,단일로 - 기타,화물,여,50세,상해없음,보행자,남,51세,중상
2018051000100235,2018년 5월 10일 11시,목요일,대구광역시 북구 산격동,경상사고,0,0,1,0,차대차 - 기타,안전거리미확보,건조,맑음,단일로 - 기타,승용,남,73세,상해없음,승용,남,59세,상해없음