사고번호,사고일시,요일,시군구,사고내용,사망자수,중상자수,경상자수,부상신고자수,사고유형,법규위반,노면상태,기상상태,도로형태,가해운전자 차종,가해운전자 성별,가해운전자 연령,가해운전자 상해정도,피해운전자 차종,피해운전자 성별,피해운전자 연령,피해운전자 상해정도
2018051000100236,2018년 5월 10일 11시,목요일,대구광역시 서구 원대동1가,중상사고,0,1,0,0,차대차 - 측면충돌,안전운전불이행,건조,맑음,단일로 - 기타,자전거,남,74세,중상,승용,남,69세,상해없음
2018051000100274,2018년 5월 10일 12시,목요일,대구광역시 수성구 범물동,경상사고,0,0,1,0,차대사람 - 기타,안전운전불이행,건조,맑음,주차장 - 주차장,승용,여,61세,상해없음,보행자,남,66세,경상
2018051000100306,2018년 5월 10일 13시,목요일,대구광역시 달서구 상인동,중상사고,0,2,2,0,차대차 - 측면충돌,안전거리미확보,건조,맑음,단일로 - 기타,승용,남,51세,상해없음,승용,남,58세,중상
2018051000100307,2018년 5월 10일 13시,목요일,대구광역시 달성군 화원읍,경상사고,0,0,1,0,차량단독 - 기타,안전운전불이행,건조,맑음,단일로 - 기타,승합,남,41세,상해없음,,,,
2018051000100341,2018년 5월 10일 14시,목요일,대구광역시 달서구 상인동,경상사고,0,0,1,0,차대차 - 기타,안전운전불이행,건조,맑음,교차로 - 교차로부근,승용,남,48세,상해없음,자전거,남,68세,경상
2018051000100342,2018년 5월 10일 14시,목요일,대구광역시 서구 내당동,경상사고,0,0,1,1,차대차 - 기타,교차로운행방법위반,건조,맑음,교차로 - 교차로부근,승용,남,46세,상해없음,승합,남,66세,경상
2018051000100410,2018년 5월 10일 16시,목요일,대구광역시 동구 효목동,경상사고,0,0,2,0,차대차 - 추돌,안전운전불이행,건조,맑음,교차로 - 교차로부근,승용,남,66세,상해없음,승용,여,36세,경상
2018051000100411,2018년 5월 10일 16시,목요일,대구광역시 동구 미대동,중상사고,0,1,0,0,차량단독 - 기타,안전운전불이행,건조,맑음,단일로 - 기타,이륜,남,70세,중상,,,,
2018051000100412,2018년 5월 10일 16시,목요일,대구광역시 수성구 만촌동,중상사고,0,1,2,0,차대차 - 측면충돌,안전운전불이행,건조,맑음,교차로 - 교차로횡단보도내,승용,남,60세,상해없음,승용,여,51세,상해없음
2018051000100413,2018년 5월 10일 16시,목요일,대구광역시 중구 봉산동,경상사고,0,0,3,0,차대차 - 측면충돌,신호위반,건조,맑음,교차로 - 교차로안,승용,남,76세,상해없음,승용,남,66세,경상
2018051000100515,2018년 5월 10일 18시,목요일,대구광역시 동구 검사동,중상사고,0,1,0,0,차대차 - 측면충돌,신호위반,건조,맑음,교차로 - 교차로안,이륜,남,26세,중상,승용,여,23세,상해없음
2018051000100516,2018년 5월 10일 18시,목요일,대구광역시 달성군 다사읍,경상사고,0,0,2,0,차대차 - 측면충돌,안전운전불이행,건조,맑음,교차로 - 교차로부근,승용,여,55세,상해없음,화물,남,66세,경상
2018051000100517,2018년 5월 10일 18시,목요일,대구광역시 서구 비산동,경상사고,0,0,1,0,차대차 - 측면충돌,기타,건조,맑음,단일로 - 기타,승용,남,68세,상해없음,이륜,여,51세,경상
2018051000100518,2018년 5월 10일 18시,목요일,대구광역시 달서구 성당동,경상사고,0,0,1,0,차대차 - 기타,안전운전불이행,건조,맑음,단일로 - 기타,승용,남,76세,상해없음,승용,여,35세,경상
2018051000100547,2018년 5월 10일 19시,목요일,대구광역시 서구 비산동,경상사고,0,0,1,0,차대차 - 측면충돌,기타,건조,맑음,교차로 - 교차로부근,승용,남,71세,상해없음,이륜,남,23세,경상
2018051000100548,2018년 5월 10일 19시,목요일,대구광역시 달서구 장기동,경상사고,0,0,1,0,차대차 - 측면충돌,안전거리미확보,건조,맑음,단일로 - 기타,화물,남,57세,상해없음,승용,남,21세,경상
2018051000100581,2018년 5월 10일 20시,목요일,대구광역시 달서구 신당동,경상사고,0,0,1,0,차대사람 - 보도통행중,기타,건조,맑음,단일로 - 기타,자전거,남,26세,상해없음,보행자,여,53세,경상
2018051000100608,2018년 5월 10일 21시,목요일,대구광역시 달서구 월성동,경상사고,0,0,1,0,차대차 - 측면충돌,중앙선침범,건조,맑음,단일로 - 기타,승용,여,30세,상해없음,원동기,남,32세,경상
2018051000100639,2018년 5월 10일 22시,목요일,대구광역시 북구 노원동3가,중상사고,0,1,0,0,차량단독 - 기타,안전운전불이행,건조,맑음,단일로 - 기타,승합,남,49세,상해없음,,,,
2018051000100640,2018년 5월 10일 22시,목요일,대구광역시 달서구 성당동,중상사고,0,1,0,0,차대사람 - 기타,안전운전불이행,건조,맑음,기타 - 기타,기타불명,기타불명,미분류,기타불명,보행자,남,68세,중상
2018051000100655,2018년 5월 10일 23시,목요일,대구광역시 수성구 매호동,경상사고,0,0,4,0,차대차 - 추돌,안전운전불이행,건조,맑음,단일로 - 기타,승용,남,51세,상해없음,승용,남,40세,경상
2018051000100656,2018년 5월 10일 23시,목요일,대구광역시 달성군 다사읍,부상신고사고,0,0,0,1,차대차 - 측면충돌,기타,건조,흐림,교차로 - 교차로안,기타불명,기타불명,미분류,기타불명,원동기,남,18세,부상신고
2018051100100011,2018년 5월 11일 00시,금요일,대구광역시 동구 율하동,경상사고,0,0,4,0,차대차 - 측면충돌,안전운전불이행,건조,맑음,교차로 - 교차로안,승합,남,26세,상해없음,승용,남,54세,경상
2018051100100012,2018년 5월 11일 00시,금요일,대구광역시 중구 남산동,경상사고,0,0,1,0,차대차 - 측면충돌,안전거리미확보,건조,맑음,교차로 - 교차로부근,승용,여,37세,상해없음,승용,남,53세,경상
2018051100100023,2018년 5월 11일 01시,금요일,대구광역시 달서구 죽전동,경상사고,0,0,1,0,차대차 - 추돌,안전운전불이행,건조,맑음,교차로 - 교차로부근,승용,남,27세,상해없음,승용,남,51세,경상
2018051100100061,2018년 5월 11일 06시,금요일,대구광역시 동구 신천동,중상사고,0,1,0,0,차대차 - 측면충돌,신호위반,건조,맑음,교차로 - 교차로안,승합,남,49세,상해없음,승용,남,51세,중상
2018051100100062,2018년 5월 11일 06시,금요일,대구광역시 수성구 대흥동,중상사고,0,3,0,0,차대차 - 측면충돌,신호위반,건조,맑음,교차로 - 교차로안,승용,남,81세,중상,승용,남,58세,중상
2018051100100063,2018년 5월 11일 06시,금요일,대구광역시 달서구 월성동,경상사고,0,0,1,0,차대차 - 측면충돌,안전운전불이행,건조,맑음,교차로 - 교차로부근,승용,남,55세,상해없음,자전거,남,59세,경상
2018051100100078,2018년 5월 11일 07시,금요일,대구광역시 수성구 삼덕동,사망사고,1,2,0,1,차대차 - 측면충돌,과속,건조,맑음,교차로 - 교차로안,승용,남,30세,부상신고,승용,남,47세,중상
2018051100100115,2018년 5월 11일 08시,금요일,대구광역시 달성군 옥포읍,경상사고,0,0,2,0,차대차 - 측면충돌,교차로운행방법위반,건조,맑음,교차로 - 교차로안,승용,여,45세,경상,승용,여,45세,경상
2018051100100193,2018년 5월 11일 10시,금요일,대구광역시 남구 대명동,중상사고,0,1,0,0,차대차 - 기타,안전운전불이행,건조,맑음,단일로 - 기타,승용,여,54세,상해없음,개인형이동수단(PM),남,27세,중상
2018051100100194,2018년 5월 11일 10시,금요일,대구광역시 수성구 만촌동,경상사고,0,0,1,0,차대차 - 측면충돌,안전거리미확보,건조,맑음,단일로 - 기타,승용,남,74세,상해없음,승용,남,32세,경상
2018051100100195,2018년 5월 11일 10시,금요일,대구광역시 중구 남산동,중상사고,0,1,0,0,차대차 - 측면충돌,신호위반,건조,맑음,교차로 - 교차로안,승용,여,42세,상해없음,이륜,남,59세,중상
2018051100100227,2018년 5월 11일 11시,금요일,대구광역시 수성구 상동,경상사고,0,0,2,1,차대차 - 측면충돌,안전운전불이행,건조,맑음,단일로 - 기타,승합,남,44세,상해없음,승용,남,39세,부상신고
2018051100100263,2018년 5월 11일 12시,금요일,대구광역시 수성구 만촌동,경상사고,0,0,1,0,차대차 - 측면충돌,안전운전불이행,건조,맑음,단일로 - 기타,승용,남,58세,상해없음,기타불명,기타불명,미분류,기타불명
2018051100100264,2018년 5월 11일 12시,금요일,대구광역시 서구 평리동,경상사고,0,0,1,0,차대사람 - 보도통행중,기타,건조,맑음,단일로 - 기타,승용,남,40세,상해없음,보행자,여,28세,경상
2018051100100265,2018년 5월 11일 12시,금요일,대구광역시 중구 대신동,경상사고,0,0,1,0,차대차 - 추돌,안전운전불이행,건조,맑음,교차로 - 교차로안,승용,여,59세,상해없음,승용,남,53세,경상
2018051100100299,2018년 5월 11일 13시,금요일,대구광역시 달서구 도원동,경상사고,0,0,1,0,차대사람 - 기타,안전운전불이행,건조,맑음,교차로 - 교차로안,승용,여,34세,상해없음,보행자,남,73세,경상
2018051100100300,2018년 5월 11일 13시,금요일,대구광역시 서구 내당동,경상사고,0,0,1,0,차량단독 - 기타,안전운전불이행,건조,맑음,단일로 - 기타,승합,남,56세,상해없음,,,,
2018051100100331,2018년 5월 11일 14시,금요일,대구광역시 수성구 지산동,중상사고,0,2,4,0,차대차 - 추돌,안전운전불이행,건조,맑음,단일로 - 기타,승용,여,58세,경상,승용,남,59세,경상
2018051100100332,2018년 5월 11일 14시,금요일,대구광역시 서구 내당동,사망사고,1,0,0,0,차대사람 - 차도통행중,안전운전불이행,건조,맑음,교차로 - 교차로부근,승용,남,73세,상해없음,보행자,여,75세,사망
2018051100100365,2018년 5월 11일 15시,금요일,대구광역시 동구 검사동,경상사고,0,0,4,0,차대차 - 기타,안전거리미확보,건조,맑음,단일로 - 기타,승용,남,48세,상해없음,승용,여,34세,경상
2018051100100366,2018년 5월 11일 15시,금요일,대구광역시 동구 불로동,경상사고,0,0,1,0,차대차 - 기타,안전거리미확보,건조,맑음,단일로 - 기타,승용,여,67세,상해없음,승용,남,34세,경상
2018051100100367,2018년 5월 11일 15시,금요일,대구광역시 달성군 현풍읍,경상사고,0,0,2,0,차대차 - 추돌,안전운전불이행,건조,맑음,교차로 - 교차로안,건설기계,남,62세,상해없음,승용,여,40세,경상
2018051100100368,2018년 5월 11일 15시,금요일,대구광역시 달성군 다사읍,부상신고사고,0,0,0,1,차대사람 - 횡단중,보행자보호의무위반,건조,맑음,기타 - 기타,기타불명,남,20세,기타불명,보행자,남,17세,부상신고
2018051100100409,2018년 5월 11일 16시,금요일,대구광역시 남구 이천동,중상사고,0,1,0,0,차대차 - 기타,안전운전불이행,건조,맑음,단일로 - 기타,화물,남,51세,기타불명,승용,여,57세,중상
2018051100100410,2018년 5월 11일 16시,금요일,대구광역시 수성구 범물동,중상사고,0,2,3,0,차대차 - 측면충돌,신호위반,건조,맑음,교차로 - 교차로안,승용,여,58세,경상,승용,남,37세,경상
2018051100100411,2018년 5월 11일 16시,금요일,대구광역시 북구 고성동3가,중상사고,0,1,1,0,차대차 - 측면충돌,신호위반,건조,맑음,교차로 - 교차로부근,승용,남,58세,경상,승용,여,34세,중상
2018051100100412,2018년 5월 11일 16시,금요일,대구광역시 북구 칠성동2가,부상신고사고,0,0,0,1,차량단독 - 전도전복 - 전도,안전운전불이행,건조,맑음,단일로 - 기타,이륜,남,53세,부상신고,미분류,미분류,미분류,미분류
2018051100100413,2018년 5월 11일 16시,금요일,대구광역시 북구 팔달동,경상사고,0,0,1,0,차대차 - 기타,안전운전불이행,건조,맑음,단일로 - 기타,화물,남,26세,상해없음,승용,남,48세,경상
2018051100100414,2018년 5월 11일 16시,금요일,대구광역시 북구 태전동,경상사고,0,0,2,0,차대차 - 측면충돌,안전운전불이행,건조,맑음,교차로 - 교차로부근,승합,남,75세,상해없음,이륜,남,51세,경상
2018051100100453,2018년 5월 11일 17시,금요일,대구광역시 서구 평리동,경상사고,0,0,2,0,차대차 - 측면충돌,안전운전불이행,건조,맑음,교차로 - 교차로부근,승용,남,60세,상해없음,승용,남,70세,상해없음
2018051100100532,2018년 5월 11일 19시,금요일,대구광역시 수성구 신매동,경상사고,0,0,1,0,차대차 - 측면충돌,안전운전불이행,건조,맑음,단일로 - 기타,승용,여,22세,경상,승용,여,66세,기타불명
2018051100100533,2018년 5월 11일 19시,금요일,대구광역시 달서구 송현동,중상사고,0,1,0,0,차대차 - 기타,안전거리미확보,건조,맑음,교차로 - 교차로부근,원동기,남,46세,중상,승용,남,28세,상해없음
2018051100100534,2018년 5월 11일 19시,금요일,대구광역시 달성군 다사읍,경상사고,0,0,3,0,차대차 - 기타,안전운전불이행,건조,맑음,기타 - 기타,자전거,남,14세,경상,자전거,남,32세,경상
2018051100100535,2018년 5월 11일 19시,금요일,대구광역시 북구 고성동1가,경상사고,0,0,3,0,차대차 - 측면충돌,신호위반,건조,맑음,교차로 - 교차로안,승용,남,59세,상해없음,승용,남,59세,경상
2018051100100536,2018년 5월 11일 19시,금요일,대구광역시 북구 복현동,경상사고,0,0,1,1,차대차 - 측면충돌,직진우회전진행방해,건조,맑음,교차로 - 교차로안,승용,남,27세,부상신고,승용,여,60세,경상
2018051100100572,2018년 5월 11일 20시,금요일,대구광역시 남구 봉덕동,중상사고,0,3,0,0,차대차 - 측면충돌,안전운전불이행,건조,맑음,단일로 - 기타,승용,여,63세,상해없음,이륜,남,47세,중상
2018051100100573,2018년 5월 11일 20시,금요일,대구광역시 동구 용계동,경상사고,0,0,1,0,차대차 - 측면충돌,안전운전불이행,건조,맑음,단일로 - 기타,승용,남,76세,상해없음,승용,남,48세,경상
2018051100100574,2018년 5월 11일 20시,금요일,대구광역시 달성군 다사읍,경상사고,0,0,1,0,차대차 - 추돌,안전운전불이행,건조,맑음,교차로 - 교차로안,승용,남,51세,상해없음,승용,남,32세,경상
2018051100100575,2018년 5월 11일 20시,금요일,대구광역시 중구 동성로1가,부상신고사고,0,0,0,1,차대차 - 측면충돌,안전운전불이행,건조,맑음,단일로 - 기타,승용,남,68세,상해없음,승용,여,37세,부상신고
2018051100100605,2018년 5월 11일 21시,금요일,대구광역시 달서구 두류동,부상신고사고,0,0,0,1,차대사람 - 기타,안전운전불이행,건조,맑음,기타 - 기타,기타불명,기타불명,미분류,기타불명,보행자,남,27세,부상신고
2018051100100665,2018년 5월 11일 23시,금요일,대구광역시 남구 대명동,경상사고,0,0,1,0,차대차 - 측면충돌,안전운전불이행,건조,맑음,단일로 - 기타,승용,남,45세,상해없음,승용,여,51세,경상
2018051200100034,2018년 5월 12일 01시,토요일,대구광역시 동구 신암동,중상사고,0,1,0,0,차대사람 - 횡단중,안전운전불이행,건조,맑음,단일로 - 기타,화물,남,61세,상해없음,보행자,남,50세,중상
2018051200100099,2018년 5월 12일 06시,토요일,대구광역시 서구 비산동,경상사고,0,0,1,0,차대차 - 측면충돌,안전운전불이행,건조,맑음,단일로 - 기타,건설기계,남,51세,상해없음,자전거,남,69세,경상
2018051200100100,2018년 5월 12일 06시,토요일,대구광역시 북구 태전동,중상사고,0,1,1,0,차대차 - 측면충돌,교차로운행방법위반,건조,맑음,교차로 - 교차로부근,승용,여,67세,중상,건설기계,남,31세,상해없음
2018051200100141,2018년 5월 12일 08시,토요일,대구광역시 북구 칠성동2가,부상신고사고,0,0,0,1,차대차 - 기타,불법유턴,건조,맑음,교차로 - 교차로안,자전거,남,80세,부상신고,화물,남,54세,상해없음
2018051200100163,2018년 5월 12일 09시,토요일,대구광역시 북구 노원동3가,중상사고,0,1,0,0,차대차 - 측면충돌,직진우회전진행방해,건조,맑음,단일로 - 기타,화물,남,54세,상해없음,원동기,남,24세,중상
2018051200100190,2018년 5월 12일 10시,토요일,대구광역시 수성구 범어동,경상사고,0,0,1,0,차대사람 - 기타,안전운전불이행,건조,맑음,단일로 - 기타,화물,남,44세,상해없음,보행자,여,41세,경상
2018051200100191,2018년 5월 12일 10시,토요일,대구광역시 달성군 다사읍,경상사고,0,0,2,1,차대차 - 기타,신호위반,건조,맑음,교차로 - 교차로안,승용,남,46세,부상신고,승용,남,43세,경상
2018051200100192,2018년 5월 12일 10시,토요일,대구광역시 북구 칠성동1가,경상사고,0,0,1,0,차대차 - 측면충돌,교차로운행방법위반,젖음/습기,비,단일로 - 기타,화물,남,59세,상해없음,원동기,남,65세,경상
2018051200100193,2018년 5월 12일 10시,토요일,대구광역시 중구 교동,중상사고,0,1,1,1,차대차 - 측면충돌,신호위반,젖음/습기,비,교차로 - 교차로안,승용,여,52세,부상신고,승용,남,66세,경상
2018051200100194,2018년 5월 12일 10시,토요일,대구광역시 중구 삼덕동2가,경상사고,0,0,3,0,차대차 - 추돌,안전운전불이행,젖음/습기,비,교차로 - 교차로부근,승용,남,25세,상해없음,승용,여,51세,경상
2018051200100195,2018년 5월 12일 10시,토요일,대구광역시 달서구 용산동,경상사고,0,0,1,0,차대사람 - 횡단중,안전운전불이행,건조,맑음,교차로 - 교차로횡단보도내,자전거,남,52세,상해없음,보행자,여,90세 이상,경상
2018051200100196,2018년 5월 12일 10시,토요일,대구광역시 달서구 본리동,경상사고,0,0,1,0,차대차 - 추돌,안전운전불이행,건조,맑음,교차로 - 교차로부근,승용,여,52세,상해없음,승용,남,38세,상해없음
2018051200100257,2018년 5월 12일 12시,토요일,대구광역시 달서구 상인동,경상사고,0,0,1,0,차대사람 - 길가장자리구역통행중,안전운전불이행,젖음/습기,비,단일로 - 기타,승용,여,46세,상해없음,보행자,여,30세,경상
2018051200100258,2018년 5월 12일 12시,토요일,대구광역시 중구 대봉동,경상사고,0,0,3,0,차대차 - 추돌,안전운전불이행,젖음/습기,비,단일로 - 기타,승용,남,71세,상해없음,승용,여,35세,경상
2018051200100288,2018년 5월 12일 13시,토요일,대구광역시 북구 침산동,경상사고,0,0,1,0,차대차 - 측면충돌,안전거리미확보,젖음/습기,비,단일로 - 기타,승용,여,67세,경상,승용,남,26세,상해없음
2018051200100289,2018년 5월 12일 13시,토요일,대구광역시 북구 연경동,중상사고,0,1,2,0,차대차 - 기타,중앙선침범,젖음/습기,비,기타 - 기타,승용,여,70세,기타불명,승용,남,24세,경상
2018051200100325,2018년 5월 12일 14시,토요일,대구광역시 동구 봉무동,중상사고,0,1,0,0,차대차 - 측면충돌,안전운전불이행,건조,맑음,주차장 - 주차장,승용,남,26세,상해없음,승용,여,56세,중상
2018051200100326,2018년 5월 12일 14시,토요일,대구광역시 수성구 수성동3가,중상사고,0,3,1,0,차대차 - 추돌,안전운전불이행,건조,맑음,교차로 - 교차로부근,승용,여,44세,상해없음,승용,남,62세,중상
2018051200100327,2018년 5월 12일 14시,토요일,대구광역시 달서구 신당동,중상사고,0,1,1,0,차대차 - 추돌,안전운전불이행,건조,맑음,교차로 - 교차로안,승용,남,56세,상해없음,승용,여,42세,상해없음
2018051200100362,2018년 5월 12일 15시,토요일,대구광역시 남구 봉덕동,경상사고,0,0,1,0,차대차 - 측면충돌,안전운전불이행,젖음/습기,흐림,단일로 - 기타,승용,여,61세,상해없음,승용,남,22세,경상
2018051200100363,2018년 5월 12일 15시,토요일,대구광역시 중구 계산동2가,경상사고,0,0,1,1,차대차 - 측면충돌,안전거리미확보,건조,맑음,단일로 - 기타,승용,남,59세,부상신고,승용,남,62세,경상
2018051200100398,2018년 5월 12일 16시,토요일,대구광역시 남구 이천동,경상사고,0,0,1,0,차대차 - 측면충돌,안전거리미확보,건조,맑음,단일로 - 기타,승용,남,43세,상해없음,승용,남,48세,상해없음
2018051200100399,2018년 5월 12일 16시,토요일,대구광역시 동구 신암동,부상신고사고,0,0,0,1,차대차 - 측면충돌,안전거리미확보,건조,맑음,단일로 - 기타,이륜,남,55세,부상신고,화물,남,58세,상해없음
2018051200100400,2018년 5월 12일 16시,토요일,대구광역시 수성구 범어동,경상사고,0,0,2,0,차대차 - 추돌,안전운전불이행,젖음/습기,비,교차로 - 교차로부근,승용,남,29세,상해없음,승용,남,30세,경상
2018051200100401,2018년 5월 12일 16시,토요일,대구광역시 북구 산격동,경상사고,0,0,1,0,차대차 - 추돌,안전운전불이행,젖음/습기,비,교차로 - 교차로부근,화물,남,27세,기타불명,승용,남,26세,상해없음
2018051200100402,2018년 5월 12일 16시,토요일,대구광역시 중구 덕산동,경상사고,0,0,2,0,차대차 - 측면충돌,안전운전불이행,건조,맑음,단일로 - 기타,승용,여,56세,경상,승용,남,49세,경상
2018051200100403,2018년 5월 12일 16시,토요일,대구광역시 달서구 호림동,경상사고,0,0,2,0,차대차 - 추돌,안전거리미확보,건조,맑음,교차로 - 교차로부근,화물,남,63세,상해없음,화물,남,34세,경상
2018051200100439,2018년 5월 12일 17시,토요일,대구광역시 수성구 범어동,경상사고,0,0,1,0,차대차 - 측면충돌,기타,건조,맑음,단일로 - 기타,승용,여,41세,상해없음,승용,남,49세,경상
2018051200100535,2018년 5월 12일 19시,토요일,대구광역시 북구 태전동,부상신고사고,0,0,0,1,차대차 - 측면충돌,안전운전불이행,젖음/습기,흐림,단일로 - 기타,승용,남,51세,상해없음,승용,남,48세,부상신고
2018051200100575,2018년 5월 12일 20시,토요일,대구광역시 달성군 유가읍,중상사고,0,1,4,0,차대차 - 추돌,안전운전불이행,건조,맑음,교차로 - 교차로안,화물,남,55세,상해없음,승용,여,37세,중상
2018051200100576,2018년 5월 12일 20시,토요일,대구광역시 북구 복현동,경상사고,0,0,2,0,차대차 - 측면충돌,안전운전불이행,건조,맑음,교차로 - 교차로부근,승용,남,52세,상해없음,승용,남,66세,경상
2018051200100577,2018년 5월 12일 20시,토요일,대구광역시 북구 침산동,중상사고,0,1,0,0,차대차 - 측면충돌,안전거리미확보,건조,맑음,단일로 - 기타,승용,남,36세,상해없음,원동기,남,47세,중상
2018051200100578,2018년 5월 12일 20시,토요일,대구광역시 서구 내당동,중상사고,0,1,0,0,차량단독 - 기타,안전운전불이행,건조,맑음,단일로 - 기타,이륜,남,56세,중상,,,,
2018051200100579,2018년 5월 12일 20시,토요일,대구광역시 북구 읍내동,경상사고,0,0,2,0,차대차 - 측면충돌,교차로운행방법위반,건조,맑음,교차로 - 교차로안,승용,남,47세,상해없음,승용,여,54세,경상
2018051200100672,2018년 5월 12일 22시,토요일,대구광역시 달서구 상인동,경상사고,0,0,1,0,차대차 - 측면충돌,안전운전불이행,건조,맑음,단일로 - 기타,승용,여,47세,경상,승합,남,62세,상해없음
2018051200100673,2018년 5월 12일 22시,토요일,대구광역시 북구 침산동,경상사고,0,0,1,0,차대사람 - 기타,보행자보호의무위반,건조,맑음,교차로 - 교차로부근,기타불명,기타불명,기타불명,기타불명,보행자,여,48세,경상
2018051200100704,2018년 5월 12일 23시,토요일,대구광역시 수성구 지산동,중상사고,0,1,0,0,차대차 - 측면충돌,안전운전불이행,젖음/습기,비,단일로 - 기타,승용,남,42세,상해없음,승용,남,58세,중상
2018051200100705,2018년 5월 12일 23시,토요일,대구광역시 달서구 송현동,중상사고,0,2,0,0,차대차 - 정면충돌,신호위반,젖음/습기,비,교차로 - 교차로안,승용,남,27세,상해없음,승용,남,60세,중상
2018051200100706,2018년 5월 12일 23시,토요일,대구광역시 달서구 파호동,중상사고,0,1,0,0,차량단독 - 공작물충돌,안전운전불이행,젖음/습기,비,교차로 - 교차로부근,승용,남,40세,중상,,,,
2018051300100017,2018년 5월 13일 00시,일요일,대구광역시 동구 방촌동,부상신고사고,0,0,0,1,차대사람 - 기타,안전운전불이행,젖음/습기,비,단일로 - 기타,승용,여,50세,상해없음,보행자,남,62세,부상신고
2018051300100018,2018년 5월 13일 00시,일요일,대구광역시 북구 산격동,경상사고,0,0,1,0,차대차 - 추돌,안전운전불이행,젖음/습기,비,단일로 - 기타,승용,남,60세,상해없음,승용,남,43세,경상
2018051300100039,2018년 5월 13일 01시,일요일,대구광역시 수성구 시지동,중상사고,0,1,0,0,차대사람 - 횡단중,안전운전불이행,젖음/습기,비,단일로 - 기타,승용,남,49세,상해없음,보행자,남,69세,중상
2018051300100040,2018년 5월 13일 01시,일요일,대구광역시 수성구 지산동,경상사고,0,0,2,0,차대차 - 추돌,안전운전불이행,건조,맑음,단일로 - 기타,승용,남,29세,상해없음,승용,남,61세,경상
2018051300100041,2018년 5월 13일 01시,일요일,대구광역시 북구 읍내동,부상신고사고,0,0,0,1,차대차 - 기타,안전운전불이행,젖음/습기,비,단일로 - 기타,이륜,남,22세,부상신고,화물,남,39세,기타불명
2018051300100068,2018년 5월 13일 03시,일요일,대구광역시 동구 율하동,경상사고,0,0,2,0,차대차 - 측면충돌,신호위반,젖음/습기,맑음,교차로 - 교차로안,승용,남,45세,경상,승용,남,43세,경상
2018051300100079,2018년 5월 13일 04시,일요일,대구광역시 동구 신암동,중상사고,0,1,0,0,차대차 - 측면충돌,신호위반,건조,맑음,교차로 - 교차로안,승용,여,47세,상해없음,화물,남,59세,중상
2018051300100080,2018년 5월 13일 04시,일요일,대구광역시 수성구 두산동,경상사고,0,0,1,0,차대차 - 기타,안전운전불이행,젖음/습기,비,단일로 - 기타,승용,남,22세,상해없음,승용,남,59세,경상
2018051300100081,2018년 5월 13일 04시,일요일,대구광역시 달서구 두류동,경상사고,0,0,4,0,차대차 - 기타,직진우회전진행방해,젖음/습기,비,교차로 - 교차로안,승용,남,55세,상해없음,승용,남,57세,경상
2018051300100095,2018년 5월 13일 06시,일요일,대구광역시 동구 용계동,중상사고,0,1,0,0,차량단독 - 공작물충돌,안전운전불이행,건조,맑음,교차로 - 교차로안,승용,남,59세,상해없음,,,,
2018051300100096,2018년 5월 13일 06시,일요일,대구광역시 동구 신천동,경상사고,0,0,1,0,차량단독 - 공작물충돌,안전운전불이행,젖음/습기,흐림,교차로 - 교차로부근,화물,남,66세,경상,,,,
2018051300100103,2018년 5월 13일 07시,일요일,대구광역시 수성구 연호동,중상사고,0,1,0,0,차대차 - 기타,안전운전불이행,건조,맑음,교차로 - 교차로부근,승용,여,42세,상해없음,이륜,남,62세,중상
2018051300100104,2018년 5월 13일 07시,일요일,대구광역시 수성구 만촌동,경상사고,0,0,2,1,차대차 - 측면충돌,안전운전불이행,건조,맑음,교차로 - 교차로안,승용,여,29세,상해없음,승용,여,39세,경상
2018051300100115,2018년 5월 13일 08시,일요일,대구광역시 달성군 현풍읍,중상사고,0,1,0,0,차대차 - 측면충돌,중앙선침범,건조,맑음,단일로 - 기타,자전거,여,62세,중상,승용,남,69세,상해없음
2018051300100116,2018년 5월 13일 08시,일요일,대구광역시 북구 동천동,경상사고,0,0,2,0,차대차 - 기타,직진우회전진행방해,건조,맑음,교차로 - 교차로안,승용,남,59세,경상,승용,남,56세,경상
2018051300100131,2018년 5월 13일 09시,일요일,대구광역시 달서구 상인동,경상사고,0,0,2,0,차대차 - 측면충돌,직진우회전진행방해,건조,맑음,교차로 - 교차로안,이륜,남,26세,경상,승용,남,53세,상해없음
2018051300100152,2018년 5월 13일 10시,일요일,대구광역시 달서구 신당동,중상사고,0,1,0,0,차대차 - 측면충돌,안전운전불이행,건조,맑음,단일로 - 기타,화물,남,50세,상해없음,승용,여,34세,중상
2018051300100169,2018년 5월 13일 11시,일요일,대구광역시 동구 신암동,경상사고,0,0,1,0,차대차 - 측면충돌,신호위반,건조,맑음,교차로 - 교차로안,승용,여,43세,상해없음,승용,남,60세,상해없음
2018051300100170,2018년 5월 13일 11시,일요일,대구광역시 수성구 만촌동,경상사고,0,0,1,0,차대사람 - 길가장자리구역통행중,안전운전불이행,건조,맑음,단일로 - 기타,승용,여,34세,상해없음,보행자,여,52세,경상
2018051300100171,2018년 5월 13일 11시,일요일,대구광역시 달서구 월암동,경상사고,0,0,2,0,차대차 - 측면충돌,교차로운행방법위반,건조,맑음,교차로 - 교차로안,승용,여,40세,상해없음,승용,여,57세,경상
2018051300100250,2018년 5월 13일 14시,일요일,대구광역시 달서구 본리동,경상사고,0,0,1,0,차대차 - 측면충돌,기타,건조,맑음,단일로 - 기타,승용,여,37세,상해없음,이륜,남,57세,경상