사고번호,사고일시,요일,시군구,사고내용,사망자수,중상자수,경상자수,부상신고자수,사고유형,법규위반,노면상태,기상상태,도로형태,가해운전자 차종,가해운전자 성별,가해운전자 연령,가해운전자 상해정도,피해운전자 차종,피해운전자 성별,피해운전자 연령,피해운전자 상해정도
2018051300100251,2018년 5월 13일 14시,일요일,대구광역시 달성군 화원읍,경상사고,0,0,3,0,차대차 - 측면충돌,안전운전불이행,건조,맑음,단일로 - 기타,승용,남,48세,상해없음,승용,남,23세,경상
2018051300100252,2018년 5월 13일 14시,일요일,대구광역시 북구 동천동,경상사고,0,0,2,0,차대차 - 측면충돌,직진우회전진행방해,건조,맑음,교차로 - 교차로안,승용,남,28세,상해없음,승용,남,43세,경상
2018051300100294,2018년 5월 13일 15시,일요일,대구광역시 북구 읍내동,중상사고,0,1,0,0,차대차 - 측면충돌,중앙선침범,건조,맑음,교차로 - 교차로부근,자전거,남,61세,중상,승용,남,48세,상해없음
2018051300100328,2018년 5월 13일 16시,일요일,대구광역시 수성구 범어동,중상사고,0,1,1,0,차대차 - 측면충돌,안전운전불이행,건조,맑음,단일로 - 기타,자전거,남,11세,경상,승용,기타불명,기타불명,기타불명
2018051300100367,2018년 5월 13일 17시,일요일,대구광역시 달서구 유천동,경상사고,0,0,2,0,차대차 - 추돌,안전운전불이행,건조,맑음,교차로 - 교차로부근,승용,남,23세,상해없음,승용,남,37세,경상
2018051300100395,2018년 5월 13일 18시,일요일,대구광역시 동구 신천동,경상사고,0,0,1,0,차대차 - 추돌,안전운전불이행,건조,맑음,단일로 - 기타,승용,남,49세,상해없음,승용,여,34세,경상
2018051300100396,2018년 5월 13일 18시,일요일,대구광역시 서구 내당동,경상사고,0,0,1,0,차대차 - 추돌,안전거리미확보,건조,맑음,단일로 - 기타,승용,남,32세,상해없음,승용,남,53세,경상
2018051300100426,2018년 5월 13일 19시,일요일,대구광역시 남구 대명동,경상사고,0,0,1,0,차대차 - 기타,안전운전불이행,건조,맑음,단일로 - 기타,승용,남,49세,상해없음,이륜,남,27세,경상
2018051300100427,2018년 5월 13일 19시,일요일,대구광역시 남구 봉덕동,중상사고,0,1,0,0,차대차 - 측면충돌,직진우회전진행방해,건조,맑음,교차로 - 교차로안,이륜,남,23세,중상,승용,남,65세,상해없음
2018051300100428,2018년 5월 13일 19시,일요일,대구광역시 달서구 용산동,경상사고,0,0,1,0,차대차 - 추돌,안전운전불이행,건조,맑음,단일로 - 기타,승용,남,51세,상해없음,승용,남,62세,경상
2018051300100462,2018년 5월 13일 20시,일요일,대구광역시 남구 대명동,중상사고,0,1,0,0,차대사람 - 기타,안전운전불이행,건조,맑음,단일로 - 기타,승용,남,81세,상해없음,보행자,남,55세,중상
2018051300100463,2018년 5월 13일 20시,일요일,대구광역시 동구 신암동,중상사고,0,1,0,0,차대사람 - 횡단중,보행자보호의무위반,건조,맑음,교차로 - 교차로부근,승용,남,50세,상해없음,보행자,여,78세,중상
2018051300100464,2018년 5월 13일 20시,일요일,대구광역시 달성군 논공읍,경상사고,0,0,1,0,차대사람 - 횡단중,안전운전불이행,건조,맑음,교차로 - 교차로부근,기타불명,기타불명,미분류,기타불명,보행자,남,35세,경상
2018051300100465,2018년 5월 13일 20시,일요일,대구광역시 중구 봉산동,경상사고,0,0,2,0,차대차 - 측면충돌,불법유턴,건조,맑음,교차로 - 교차로부근,이륜,남,29세,기타불명,승용,남,66세,경상
2018051300100466,2018년 5월 13일 20시,일요일,대구광역시 달서구 감삼동,경상사고,0,0,3,0,차대차 - 측면충돌,안전거리미확보,건조,맑음,교차로 - 교차로부근,승합,남,60세,상해없음,승용,여,23세,경상
2018051300100488,2018년 5월 13일 21시,일요일,대구광역시 달서구 두류동,중상사고,0,1,0,0,차대사람 - 보도통행중,안전운전불이행,건조,맑음,교차로 - 교차로부근,승용,여,36세,상해없음,보행자,남,52세,중상
2018051300100489,2018년 5월 13일 21시,일요일,대구광역시 북구 읍내동,경상사고,0,0,1,0,차대차 - 측면충돌,직진우회전진행방해,건조,맑음,교차로 - 교차로안,승용,남,31세,상해없음,이륜,남,34세,경상
2018051300100504,2018년 5월 13일 22시,일요일,대구광역시 수성구 지산동,경상사고,0,0,1,0,차대차 - 측면충돌,안전운전불이행,건조,맑음,단일로 - 기타,화물,남,51세,상해없음,승용,남,27세,경상
2018051300100522,2018년 5월 13일 23시,일요일,대구광역시 서구 내당동,중상사고,0,2,0,0,차대차 - 측면충돌,신호위반,건조,맑음,교차로 - 교차로횡단보도내,승용,남,27세,상해없음,이륜,남,39세,중상
2018051300100523,2018년 5월 13일 23시,일요일,대구광역시 중구 대신동,경상사고,0,0,2,0,차대차 - 측면충돌,안전운전불이행,건조,맑음,단일로 - 기타,승용,여,29세,상해없음,승용,남,29세,경상
2018051400100014,2018년 5월 14일 01시,월요일,대구광역시 북구 태전동,중상사고,0,1,0,1,차대차 - 측면충돌,안전거리미확보,건조,맑음,단일로 - 기타,승용,남,26세,상해없음,이륜,남,17세,부상신고
2018051400100025,2018년 5월 14일 02시,월요일,대구광역시 수성구 만촌동,중상사고,0,2,3,0,차대차 - 측면충돌,안전운전불이행,건조,맑음,교차로 - 교차로안,화물,여,60세,경상,승용,남,58세,경상
2018051400100077,2018년 5월 14일 07시,월요일,대구광역시 북구 조야동,경상사고,0,0,1,0,차대차 - 추돌,안전운전불이행,건조,맑음,단일로 - 기타,승용,남,26세,상해없음,승용,남,54세,경상
2018051400100082,2018년 5월 14일 07시,월요일,대구광역시 북구 학정동,경상사고,0,0,1,0,차대차 - 추돌,안전운전불이행,건조,맑음,교차로 - 교차로부근,승용,남,52세,상해없음,승용,남,39세,경상
2018051400100125,2018년 5월 14일 08시,월요일,대구광역시 북구 산격동,경상사고,0,0,1,0,차대차 - 측면충돌,교차로운행방법위반,건조,맑음,교차로 - 교차로안,승용,여,54세,상해없음,자전거,남,74세,경상
2018051400100126,2018년 5월 14일 08시,월요일,대구광역시 서구 비산동,경상사고,0,0,1,0,차대차 - 측면충돌,안전운전불이행,건조,맑음,단일로 - 기타,승용,여,26세,상해없음,자전거,남,43세,경상
2018051400100153,2018년 5월 14일 09시,월요일,대구광역시 동구 신암동,경상사고,0,0,1,0,차대사람 - 기타,안전운전불이행,건조,맑음,단일로 - 기타,승합,남,39세,상해없음,보행자,여,60세,경상
2018051400100154,2018년 5월 14일 09시,월요일,대구광역시 수성구 범어동,경상사고,0,0,1,0,차대차 - 측면충돌,교차로운행방법위반,건조,맑음,교차로 - 교차로안,승용,여,64세,상해없음,승용,여,63세,경상
2018051400100177,2018년 5월 14일 10시,월요일,대구광역시 남구 대명동,경상사고,0,0,1,0,차대차 - 측면충돌,차로위반,건조,맑음,단일로 - 기타,승용,남,29세,상해없음,승용,여,57세,경상
2018051400100178,2018년 5월 14일 10시,월요일,대구광역시 서구 비산동,경상사고,0,0,1,0,차대차 - 측면충돌,안전운전불이행,건조,맑음,단일로 - 기타,승용,남,67세,상해없음,승합,남,51세,상해없음
2018051400100179,2018년 5월 14일 10시,월요일,대구광역시 달서구 두류동,부상신고사고,0,0,0,1,차대차 - 기타,안전운전불이행,건조,흐림,교차로 - 교차로부근,승용,여,36세,상해없음,자전거,남,74세,부상신고
2018051400100242,2018년 5월 14일 12시,월요일,대구광역시 달서구 감삼동,경상사고,0,0,3,0,차대차 - 추돌,안전거리미확보,건조,맑음,교차로 - 교차로횡단보도내,승용,남,64세,상해없음,승용,여,66세,경상
2018051400100243,2018년 5월 14일 12시,월요일,대구광역시 북구 구암동,경상사고,0,0,1,1,차대차 - 기타,차로위반,건조,맑음,단일로 - 기타,승용,여,50세,부상신고,승용,여,35세,경상
2018051400100271,2018년 5월 14일 13시,월요일,대구광역시 동구 동호동,중상사고,0,1,1,0,차대사람 - 횡단중,보행자보호의무위반,건조,맑음,교차로 - 교차로안,승용,여,50세,상해없음,보행자,여,39세,중상
2018051400100272,2018년 5월 14일 13시,월요일,대구광역시 달서구 호산동,경상사고,0,0,2,0,차대차 - 후진중충돌,안전운전불이행,건조,맑음,단일로 - 기타,승용,남,52세,상해없음,승용,남,31세,경상
2018051400100308,2018년 5월 14일 14시,월요일,대구광역시 달서구 본동,경상사고,0,0,1,0,차대사람 - 횡단중,안전운전불이행,건조,맑음,교차로 - 교차로부근,승용,남,36세,상해없음,보행자,남,64세,경상
2018051400100309,2018년 5월 14일 14시,월요일,대구광역시 달서구 도원동,경상사고,0,0,1,0,차대차 - 기타,불법유턴,건조,맑음,단일로 - 기타,자전거,남,9세,경상,승용,남,46세,기타불명
2018051400100310,2018년 5월 14일 14시,월요일,대구광역시 달성군 유가읍,경상사고,0,0,2,0,차대차 - 기타,안전운전불이행,건조,맑음,단일로 - 기타,승용,남,37세,상해없음,승용,남,35세,경상
2018051400100337,2018년 5월 14일 15시,월요일,대구광역시 동구 불로동,중상사고,0,1,0,0,차대사람 - 보도통행중,기타,건조,맑음,기타 - 기타,화물,남,68세,상해없음,보행자,여,59세,중상
2018051400100338,2018년 5월 14일 15시,월요일,대구광역시 수성구 지산동,중상사고,0,1,0,0,차대사람 - 길가장자리구역통행중,안전운전불이행,건조,맑음,교차로 - 교차로안,승용,남,29세,기타불명,보행자,여,84세,중상
2018051400100339,2018년 5월 14일 15시,월요일,대구광역시 수성구 황금동,경상사고,0,0,1,0,차대차 - 측면충돌,안전운전불이행,건조,맑음,단일로 - 기타,화물,남,36세,상해없음,자전거,여,34세,경상
2018051400100340,2018년 5월 14일 15시,월요일,대구광역시 달서구 도원동,경상사고,0,0,1,0,차대차 - 측면충돌,안전거리미확보,건조,맑음,단일로 - 기타,승용,여,44세,상해없음,승용,여,50세,경상
2018051400100376,2018년 5월 14일 16시,월요일,대구광역시 동구 신천동,중상사고,0,1,0,0,차대차 - 추돌,안전운전불이행,건조,맑음,단일로 - 기타,승용,남,41세,상해없음,승용,남,55세,중상
2018051400100377,2018년 5월 14일 16시,월요일,대구광역시 수성구 만촌동,중상사고,0,1,0,0,차대차 - 측면충돌,안전운전불이행,건조,맑음,교차로 - 교차로안,승합,남,67세,상해없음,자전거,남,86세,중상
2018051400100378,2018년 5월 14일 16시,월요일,대구광역시 수성구 범어동,중상사고,0,4,2,0,차대차 - 추돌,안전거리미확보,건조,맑음,교차로 - 교차로부근,승합,남,53세,상해없음,승용,남,38세,경상
2018051400100379,2018년 5월 14일 16시,월요일,대구광역시 달성군 옥포읍,경상사고,0,0,1,0,차대사람 - 기타,안전운전불이행,건조,맑음,단일로 - 기타,승용,남,65세,상해없음,보행자,남,7세,경상
2018051400100418,2018년 5월 14일 17시,월요일,대구광역시 달서구 진천동,경상사고,0,0,1,0,차대사람 - 기타,안전운전불이행,건조,맑음,단일로 - 기타,승용,남,56세,상해없음,보행자,남,25세,경상
2018051400100419,2018년 5월 14일 17시,월요일,대구광역시 달서구 월성동,경상사고,0,0,2,0,차대차 - 측면충돌,안전거리미확보,건조,맑음,교차로 - 교차로부근,화물,남,66세,상해없음,승용,남,44세,경상
2018051400100420,2018년 5월 14일 17시,월요일,대구광역시 북구 고성동3가,중상사고,0,1,0,1,차대차 - 측면충돌,신호위반,건조,맑음,단일로 - 기타,이륜,남,23세,부상신고,자전거,남,10세,중상
2018051400100421,2018년 5월 14일 17시,월요일,대구광역시 중구 삼덕동2가,경상사고,0,0,1,0,차대차 - 측면충돌,안전운전불이행,건조,맑음,교차로 - 교차로안,승용,남,51세,상해없음,승용,남,21세,경상
2018051400100422,2018년 5월 14일 17시,월요일,대구광역시 달서구 신당동,경상사고,0,0,2,0,차대차 - 기타,안전거리미확보,건조,맑음,단일로 - 기타,승용,여,31세,경상,화물,남,46세,경상
2018051400100456,2018년 5월 14일 18시,월요일,대구광역시 남구 대명동,부상신고사고,0,0,0,1,차대차 - 측면충돌,직진우회전진행방해,건조,맑음,교차로 - 교차로안,이륜,남,20세,상해없음,승용,여,36세,부상신고
2018051400100457,2018년 5월 14일 18시,월요일,대구광역시 북구 산격동,경상사고,0,0,1,0,차대차 - 측면충돌,안전운전불이행,건조,맑음,교차로 - 교차로안,자전거,여,56세,경상,승용,남,26세,상해없음
2018051400100458,2018년 5월 14일 18시,월요일,대구광역시 중구 대봉동,경상사고,0,0,1,0,차대사람 - 횡단중,안전운전불이행,건조,맑음,기타 - 기타,승용,여,51세,상해없음,보행자,남,9세,경상
2018051400100512,2018년 5월 14일 20시,월요일,대구광역시 동구 봉무동,경상사고,0,0,1,0,차대차 - 기타,안전운전불이행,건조,맑음,교차로 - 교차로부근,자전거,남,71세,경상,승용,남,54세,상해없음
2018051400100513,2018년 5월 14일 20시,월요일,대구광역시 달서구 송현동,경상사고,0,0,1,1,차대차 - 추돌,안전거리미확보,건조,맑음,교차로 - 교차로부근,이륜,남,61세,경상,승용,여,20세,부상신고
2018051400100514,2018년 5월 14일 20시,월요일,대구광역시 달서구 용산동,경상사고,0,0,2,0,차대차 - 측면충돌,안전운전불이행,건조,맑음,단일로 - 기타,승용,여,46세,상해없음,이륜,남,20세,경상
2018051400100571,2018년 5월 14일 23시,월요일,대구광역시 동구 신암동,경상사고,0,0,2,0,차대차 - 추돌,안전거리미확보,건조,맑음,단일로 - 기타,승합,남,52세,상해없음,승용,남,36세,상해없음
2018051400100572,2018년 5월 14일 23시,월요일,대구광역시 수성구 두산동,경상사고,0,0,1,0,차대차 - 기타,교차로운행방법위반,건조,맑음,단일로 - 기타,승용,여,48세,상해없음,승용,남,51세,경상
2018051400100573,2018년 5월 14일 23시,월요일,대구광역시 수성구 두산동,경상사고,0,0,1,0,차대사람 - 횡단중,안전운전불이행,건조,맑음,단일로 - 기타,승용,남,27세,상해없음,보행자,남,35세,경상
2018051500100007,2018년 5월 15일 00시,화요일,대구광역시 동구 율하동,중상사고,0,1,1,0,차대차 - 측면충돌,안전운전불이행,건조,맑음,단일로 - 기타,승용,남,48세,상해없음,승용,남,48세,중상
2018051500100008,2018년 5월 15일 00시,화요일,대구광역시 달서구 대천동,경상사고,0,0,1,0,차대차 - 측면충돌,안전운전불이행,건조,맑음,교차로 - 교차로안,승용,남,60세,상해없음,승용,여,33세,경상
2018051500100015,2018년 5월 15일 01시,화요일,대구광역시 북구 서변동,중상사고,0,1,0,1,차대차 - 측면충돌,신호위반,건조,맑음,교차로 - 교차로안,승용,남,25세,부상신고,승용,남,48세,중상
2018051500100037,2018년 5월 15일 04시,화요일,대구광역시 수성구 만촌동,경상사고,0,0,1,0,차대차 - 기타,안전운전불이행,건조,맑음,단일로 - 기타,승용,남,28세,상해없음,승합,남,62세,경상
2018051500100125,2018년 5월 15일 08시,화요일,대구광역시 동구 율암동,경상사고,0,0,1,0,차대차 - 측면충돌,교차로운행방법위반,건조,맑음,교차로 - 교차로안,승용,남,74세,상해없음,승용,여,31세,상해없음
2018051500100126,2018년 5월 15일 08시,화요일,대구광역시 달서구 도원동,경상사고,0,0,1,0,차대사람 - 횡단중,신호위반,건조,맑음,교차로 - 교차로횡단보도내,승용,남,38세,상해없음,보행자,남,14세,경상
2018051500100187,2018년 5월 15일 10시,화요일,대구광역시 남구 대명동,경상사고,0,0,1,0,차대차 - 추돌,안전운전불이행,건조,맑음,단일로 - 기타,승용,남,49세,상해없음,승용,남,53세,경상
2018051500100213,2018년 5월 15일 11시,화요일,대구광역시 북구 칠성동2가,중상사고,0,1,0,0,차대차 - 측면충돌,안전거리미확보,건조,맑음,교차로 - 교차로안,승용,여,54세,상해없음,원동기,남,55세,중상
2018051500100214,2018년 5월 15일 11시,화요일,대구광역시 서구 내당동,경상사고,0,0,2,0,차대차 - 측면충돌,안전운전불이행,건조,맑음,교차로 - 교차로안,승용,여,44세,상해없음,승용,남,52세,경상
2018051500100215,2018년 5월 15일 11시,화요일,대구광역시 중구 남산동,경상사고,0,0,1,0,차대차 - 추돌,안전운전불이행,건조,맑음,교차로 - 교차로부근,승용,남,26세,상해없음,승용,여,59세,경상
2018051500100236,2018년 5월 15일 12시,화요일,대구광역시 달서구 신당동,중상사고,0,1,0,0,차대차 - 추돌,안전운전불이행,건조,맑음,단일로 - 기타,화물,남,67세,상해없음,승용,여,63세,중상
2018051500100237,2018년 5월 15일 12시,화요일,대구광역시 달서구 신당동,경상사고,0,0,1,0,차대차 - 기타,안전운전불이행,건조,맑음,기타 - 기타,개인형이동수단(PM),남,20세,경상,승용,남,27세,상해없음
2018051500100258,2018년 5월 15일 13시,화요일,대구광역시 수성구 범어동,경상사고,0,0,1,0,차대차 - 기타,안전거리미확보,건조,맑음,단일로 - 기타,승용,여,57세,상해없음,승합,남,53세,상해없음
2018051500100259,2018년 5월 15일 13시,화요일,대구광역시 달서구 두류동,경상사고,0,0,1,0,차대차 - 기타,안전운전불이행,건조,맑음,단일로 - 기타,승용,여,53세,상해없음,자전거,남,46세,경상
2018051500100260,2018년 5월 15일 13시,화요일,대구광역시 달서구 장동,경상사고,0,0,1,0,차대차 - 측면충돌,차로위반,건조,맑음,교차로 - 교차로부근,승용,남,56세,상해없음,승용,남,37세,경상
2018051500100291,2018년 5월 15일 14시,화요일,대구광역시 서구 내당동,부상신고사고,0,0,0,4,차대차 - 측면충돌,안전거리미확보,건조,맑음,교차로 - 교차로부근,승용,남,71세,상해없음,승용,남,23세,부상신고
2018051500100332,2018년 5월 15일 15시,화요일,대구광역시 중구 대봉동,중상사고,0,1,0,0,차대차 - 측면충돌,신호위반,건조,맑음,단일로 - 기타,승합,남,24세,상해없음,이륜,남,68세,중상
2018051500100376,2018년 5월 15일 16시,화요일,대구광역시 동구 용계동,경상사고,0,0,3,0,차대차 - 측면충돌,안전거리미확보,건조,맑음,단일로 - 기타,승용,여,26세,상해없음,승용,남,37세,경상
2018051500100408,2018년 5월 15일 17시,화요일,대구광역시 남구 봉덕동,중상사고,0,1,0,0,차대차 - 측면충돌,안전운전불이행,건조,맑음,교차로 - 교차로안,자전거,여,63세,중상,승용,남,41세,상해없음
2018051500100409,2018년 5월 15일 17시,화요일,대구광역시 수성구 수성동4가,경상사고,0,0,1,0,차대차 - 측면충돌,안전거리미확보,건조,맑음,교차로 - 교차로부근,화물,남,25세,상해없음,이륜,남,37세,경상
2018051500100410,2018년 5월 15일 17시,화요일,대구광역시 서구 평리동,경상사고,0,0,1,0,차대차 - 측면충돌,안전운전불이행,건조,맑음,교차로 - 교차로안,자전거,남,14세,경상,화물,남,58세,상해없음
2018051500100411,2018년 5월 15일 17시,화요일,대구광역시 중구 남산동,중상사고,0,1,0,0,차대사람 - 차도통행중,안전운전불이행,건조,맑음,단일로 - 기타,승용,남,23세,상해없음,보행자,남,29세,중상
2018051500100412,2018년 5월 15일 17시,화요일,대구광역시 북구 서변동,경상사고,0,0,2,0,차대차 - 기타,교차로운행방법위반,건조,맑음,교차로 - 교차로안,승용,여,40세,상해없음,승용,여,34세,경상
2018051500100450,2018년 5월 15일 18시,화요일,대구광역시 달서구 월성동,경상사고,0,0,1,2,차대차 - 측면충돌,차로위반,건조,맑음,단일로 - 기타,승용,여,31세,부상신고,승용,여,48세,경상
2018051500100451,2018년 5월 15일 18시,화요일,대구광역시 북구 침산동,경상사고,0,0,1,0,차대사람 - 횡단중,안전운전불이행,건조,맑음,교차로 - 교차로안,승용,남,43세,상해없음,보행자,남,5세,경상
2018051500100452,2018년 5월 15일 18시,화요일,대구광역시 북구 태전동,경상사고,0,0,1,0,차대사람 - 기타,안전운전불이행,건조,맑음,단일로 - 기타,이륜,남,67세,상해없음,보행자,여,15세,경상
2018051500100483,2018년 5월 15일 19시,화요일,대구광역시 수성구 두산동,경상사고,0,0,1,0,차대차 - 측면충돌,안전운전불이행,건조,맑음,단일로 - 기타,승용,여,29세,상해없음,승용,남,34세,경상
2018051500100484,2018년 5월 15일 19시,화요일,대구광역시 서구 원대동1가,중상사고,0,1,0,0,차대사람 - 기타,보행자보호의무위반,건조,맑음,교차로 - 교차로안,승용,여,60세,상해없음,보행자,남,75세,중상
2018051500100485,2018년 5월 15일 19시,화요일,대구광역시 북구 태전동,경상사고,0,0,1,0,차대차 - 추돌,불법유턴,건조,맑음,교차로 - 교차로부근,승용,남,24세,상해없음,승용,남,33세,경상
2018051500100513,2018년 5월 15일 20시,화요일,대구광역시 달서구 신당동,경상사고,0,0,1,0,차대사람 - 기타,안전운전불이행,건조,맑음,교차로 - 교차로부근,자전거,남,19세,상해없음,보행자,여,56세,경상
2018051500100514,2018년 5월 15일 20시,화요일,대구광역시 달서구 장기동,경상사고,0,0,1,0,차대차 - 기타,안전운전불이행,건조,맑음,단일로 - 기타,특수,남,48세,상해없음,승용,남,26세,경상
2018051500100559,2018년 5월 15일 22시,화요일,대구광역시 수성구 만촌동,경상사고,0,0,1,0,차대사람 - 차도통행중,안전운전불이행,건조,맑음,교차로 - 교차로안,승용,여,58세,상해없음,보행자,남,20세,경상
2018051500100586,2018년 5월 15일 23시,화요일,대구광역시 달서구 월성동,중상사고,0,1,0,0,차대차 - 측면충돌,안전거리미확보,건조,맑음,단일로 - 기타,승용,남,48세,상해없음,원동기,남,51세,중상
2018051600100007,2018년 5월 16일 00시,수요일,대구광역시 북구 칠성동2가,중상사고,0,1,0,0,차대차 - 추돌,안전운전불이행,건조,맑음,교차로 - 교차로부근,승용,여,27세,상해없음,승용,여,49세,중상
2018051600100017,2018년 5월 16일 01시,수요일,대구광역시 달서구 장기동,경상사고,0,0,1,4,차대차 - 기타,안전운전불이행,젖음/습기,비,교차로 - 교차로안,승합,남,61세,상해없음,승용,남,22세,경상
2018051600100023,2018년 5월 16일 02시,수요일,대구광역시 달서구 두류동,중상사고,0,1,0,0,차대사람 - 횡단중,신호위반,젖음/습기,비,교차로 - 교차로부근,승용,남,25세,상해없음,보행자,남,53세,중상
2018051600100040,2018년 5월 16일 05시,수요일,대구광역시 달서구 상인동,경상사고,0,0,1,0,차대차 - 측면충돌,신호위반,젖음/습기,비,교차로 - 교차로안,승용,남,68세,상해없음,이륜,남,62세,경상
2018051600100041,2018년 5월 16일 05시,수요일,대구광역시 북구 복현동,중상사고,0,1,0,0,차량단독 - 기타,기타,건조,맑음,단일로 - 기타,승합,남,60세,상해없음,,,,
2018051600100070,2018년 5월 16일 07시,수요일,대구광역시 동구 신천동,중상사고,0,1,0,0,차대차 - 측면충돌,안전운전불이행,건조,맑음,기타 - 기타,자전거,남,14세,중상,승용,여,26세,상해없음
2018051600100071,2018년 5월 16일 07시,수요일,대구광역시 달서구 대곡동,경상사고,0,0,2,0,차대차 - 추돌,차로위반,건조,맑음,단일로 - 기타,승용,남,20세,경상,승용,남,28세,경상
2018051600100104,2018년 5월 16일 08시,수요일,대구광역시 남구 대명동,경상사고,0,0,2,0,차대차 - 측면충돌,차로위반,건조,맑음,단일로 - 기타,승용,남,43세,경상,승용,남,52세,경상
2018051600100105,2018년 5월 16일 08시,수요일,대구광역시 달성군 다사읍,경상사고,0,0,1,0,차대차 - 측면충돌,안전운전불이행,건조,맑음,단일로 - 기타,승용,여,68세,상해없음,승용,남,30세,경상
2018051600100176,2018년 5월 16일 11시,수요일,대구광역시 남구 대명동,경상사고,0,0,1,0,차대차 - 측면충돌,안전운전불이행,건조,맑음,단일로 - 기타,승용,남,52세,상해없음,이륜,남,29세,경상
2018051600100177,2018년 5월 16일 11시,수요일,대구광역시 동구 불로동,중상사고,0,1,0,0,차대차 - 측면충돌,안전운전불이행,건조,맑음,교차로 - 교차로부근,승용,여,69세,상해없음,이륜,남,40세,중상
2018051600100178,2018년 5월 16일 11시,수요일,대구광역시 달성군 논공읍,경상사고,0,0,4,0,차대차 - 측면충돌,안전운전불이행,건조,맑음,단일로 - 기타,화물,남,71세,경상,승용,남,30세,경상
2018051600100179,2018년 5월 16일 11시,수요일,대구광역시 달서구 호산동,중상사고,0,1,0,0,차대차 - 측면충돌,안전운전불이행,건조,맑음,교차로 - 교차로안,화물,남,57세,상해없음,자전거,남,36세,중상
2018051600100204,2018년 5월 16일 12시,수요일,대구광역시 동구 불로동,경상사고,0,0,1,0,차대차 - 측면충돌,교차로운행방법위반,건조,맑음,교차로 - 교차로부근,승용,여,27세,상해없음,화물,남,47세,경상
2018051600100205,2018년 5월 16일 12시,수요일,대구광역시 달서구 감삼동,경상사고,0,0,1,0,차대사람 - 기타,안전운전불이행,건조,맑음,단일로 - 기타,승용,남,61세,상해없음,보행자,여,38세,경상
2018051600100233,2018년 5월 16일 13시,수요일,대구광역시 수성구 두산동,중상사고,0,1,0,0,차대사람 - 횡단중,신호위반,건조,맑음,단일로 - 기타,승용,남,64세,상해없음,보행자,여,82세,중상
2018051600100259,2018년 5월 16일 14시,수요일,대구광역시 동구 지저동,경상사고,0,0,1,0,차대차 - 추돌,안전운전불이행,건조,맑음,단일로 - 기타,승용,남,55세,상해없음,승용,여,51세,경상
2018051600100285,2018년 5월 16일 15시,수요일,대구광역시 동구 율하동,부상신고사고,0,0,0,1,차대사람 - 기타,안전운전불이행,건조,맑음,단일로 - 기타,승용,여,55세,상해없음,보행자,여,54세,부상신고
2018051600100313,2018년 5월 16일 16시,수요일,대구광역시 동구 신서동,중상사고,0,1,0,0,차대차 - 기타,안전운전불이행,건조,맑음,단일로 - 기타,승용,남,47세,상해없음,자전거,여,72세,중상
2018051600100345,2018년 5월 16일 17시,수요일,대구광역시 수성구 황금동,중상사고,0,1,6,0,차대차 - 추돌,안전운전불이행,건조,맑음,단일로 - 기타,승합,남,31세,상해없음,승용,남,51세,경상
2018051600100346,2018년 5월 16일 17시,수요일,대구광역시 수성구 만촌동,사망사고,1,0,0,0,차대사람 - 횡단중,안전운전불이행,건조,맑음,단일로 - 기타,화물,남,49세,상해없음,보행자,여,84세,사망
2018051600100347,2018년 5월 16일 17시,수요일,대구광역시 북구 구암동,경상사고,0,0,1,0,차대사람 - 기타,안전운전불이행,건조,맑음,단일로 - 기타,승용,여,37세,상해없음,보행자,남,43세,경상
2018051600100384,2018년 5월 16일 18시,수요일,대구광역시 북구 침산동,경상사고,0,0,1,0,차대차 - 측면충돌,안전운전불이행,건조,맑음,단일로 - 기타,승용,남,43세,상해없음,이륜,남,58세,경상
2018051600100411,2018년 5월 16일 19시,수요일,대구광역시 동구 도동,경상사고,0,0,1,0,차대사람 - 횡단중,보행자보호의무위반,건조,맑음,단일로 - 기타,승용,남,75세,상해없음,보행자,여,86세,경상
2018051600100412,2018년 5월 16일 19시,수요일,대구광역시 중구 삼덕동2가,경상사고,0,0,1,0,차대차 - 기타,차로위반,건조,맑음,단일로 - 기타,승용,남,55세,상해없음,이륜,남,30세,경상
2018051600100442,2018년 5월 16일 20시,수요일,대구광역시 동구 봉무동,경상사고,0,0,1,0,차대차 - 추돌,안전운전불이행,건조,맑음,교차로 - 교차로부근,승용,남,47세,상해없음,승용,여,50세,경상
2018051600100443,2018년 5월 16일 20시,수요일,대구광역시 동구 효목동,경상사고,0,0,1,0,차대차 - 추돌,안전운전불이행,건조,맑음,교차로 - 교차로안,승용,남,33세,상해없음,승용,남,59세,경상
2018051600100444,2018년 5월 16일 20시,수요일,대구광역시 수성구 만촌동,경상사고,0,0,3,0,차대차 - 측면충돌,안전운전불이행,건조,맑음,단일로 - 기타,승용,남,66세,상해없음,승용,남,49세,경상
2018051600100445,2018년 5월 16일 20시,수요일,대구광역시 달성군 다사읍,경상사고,0,0,3,0,차대차 - 기타,신호위반,건조,맑음,교차로 - 교차로안,이륜,남,18세,상해없음,승용,여,46세,경상
2018051600100478,2018년 5월 16일 21시,수요일,대구광역시 달서구 두류동,경상사고,0,0,1,0,차대사람 - 기타,안전운전불이행,건조,맑음,단일로 - 기타,승용,남,52세,상해없음,보행자,남,3세,경상
2018051600100499,2018년 5월 16일 22시,수요일,대구광역시 서구 평리동,경상사고,0,0,2,1,차대차 - 측면충돌,교차로운행방법위반,건조,맑음,교차로 - 교차로부근,이륜,남,18세,부상신고,승용,여,41세,경상