사고번호,사고일시,요일,시군구,사고내용,사망자수,중상자수,경상자수,부상신고자수,사고유형,법규위반,노면상태,기상상태,도로형태,가해운전자 차종,가해운전자 성별,가해운전자 연령,가해운전자 상해정도,피해운전자 차종,피해운전자 성별,피해운전자 연령,피해운전자 상해정도
2018051700100030,2018년 5월 17일 01시,목요일,대구광역시 동구 율하동,경상사고,0,0,1,0,차대사람 - 기타,안전운전불이행,건조,맑음,단일로 - 기타,승용,여,55세,상해없음,보행자,남,21세,경상
2018051700100031,2018년 5월 17일 01시,목요일,대구광역시 달서구 상인동,중상사고,0,2,2,0,차대차 - 측면충돌,신호위반,건조,맑음,교차로 - 교차로안,승용,여,27세,경상,승용,남,48세,중상
2018051700100123,2018년 5월 17일 08시,목요일,대구광역시 남구 봉덕동,중상사고,0,1,0,0,차대사람 - 횡단중,안전운전불이행,건조,맑음,단일로 - 기타,승용,여,28세,상해없음,보행자,여,75세,중상
2018051700100124,2018년 5월 17일 08시,목요일,대구광역시 북구 칠성동1가,중상사고,0,1,0,0,차대차 - 측면충돌,안전운전불이행,건조,맑음,교차로 - 교차로부근,이륜,남,69세,중상,승용,남,45세,상해없음
2018051700100191,2018년 5월 17일 10시,목요일,대구광역시 남구 대명동,경상사고,0,0,1,0,차대차 - 측면충돌,안전거리미확보,건조,맑음,교차로 - 교차로부근,승용,여,54세,상해없음,승용,남,45세,경상
2018051700100192,2018년 5월 17일 10시,목요일,대구광역시 동구 신암동,경상사고,0,0,1,0,차대사람 - 보도통행중,안전운전불이행,건조,맑음,기타 - 기타,화물,남,46세,상해없음,보행자,여,78세,경상
2018051700100193,2018년 5월 17일 10시,목요일,대구광역시 달성군 다사읍,경상사고,0,0,4,0,차대차 - 추돌,안전운전불이행,건조,맑음,단일로 - 기타,화물,남,51세,상해없음,화물,남,33세,경상
2018051700100194,2018년 5월 17일 10시,목요일,대구광역시 달서구 두류동,경상사고,0,0,1,0,차대차 - 측면충돌,안전운전불이행,건조,맑음,교차로 - 교차로횡단보도내,화물,남,63세,상해없음,자전거,남,63세,경상
2018051700100243,2018년 5월 17일 12시,목요일,대구광역시 남구 대명동,경상사고,0,0,1,0,차대차 - 측면충돌,직진우회전진행방해,건조,맑음,교차로 - 교차로안,화물,남,54세,기타불명,승용,여,41세,경상
2018051700100244,2018년 5월 17일 12시,목요일,대구광역시 북구 고성동2가,부상신고사고,0,0,0,1,차량단독 - 공작물충돌,안전운전불이행,건조,맑음,단일로 - 기타,원동기,남,19세,부상신고,,,,
2018051700100245,2018년 5월 17일 12시,목요일,대구광역시 북구 읍내동,경상사고,0,0,1,0,차대차 - 후진중충돌,안전운전불이행,건조,맑음,단일로 - 기타,화물,남,54세,상해없음,이륜,남,31세,경상
2018051700100264,2018년 5월 17일 13시,목요일,대구광역시 달서구 송현동,중상사고,0,1,0,0,차대사람 - 기타,안전운전불이행,건조,맑음,단일로 - 기타,승용,여,71세,상해없음,보행자,여,63세,중상
2018051700100314,2018년 5월 17일 14시,목요일,대구광역시 달성군 화원읍,중상사고,0,1,0,0,차대차 - 기타,안전운전불이행,건조,맑음,단일로 - 기타,이륜,남,56세,중상,화물,남,64세,상해없음
2018051700100315,2018년 5월 17일 14시,목요일,대구광역시 중구 동성로2가,경상사고,0,0,1,0,차대차 - 측면충돌,안전운전불이행,건조,맑음,단일로 - 기타,승용,남,54세,상해없음,이륜,남,18세,경상
2018051700100366,2018년 5월 17일 16시,목요일,대구광역시 중구 공평동,중상사고,0,1,0,0,차대사람 - 기타,기타,건조,맑음,단일로 - 기타,승합,남,53세,기타불명,보행자,여,59세,중상
2018051700100404,2018년 5월 17일 17시,목요일,대구광역시 중구 공평동,부상신고사고,0,0,0,1,차대사람 - 기타,안전운전불이행,건조,맑음,교차로 - 교차로부근,승용,남,63세,상해없음,보행자,여,25세,부상신고
2018051700100405,2018년 5월 17일 17시,목요일,대구광역시 달서구 이곡동,경상사고,0,0,1,0,차대차 - 추돌,안전거리미확보,건조,맑음,단일로 - 기타,승용,남,48세,상해없음,승용,여,25세,경상
2018051700100432,2018년 5월 17일 18시,목요일,대구광역시 서구 평리동,경상사고,0,0,1,0,차대사람 - 횡단중,안전운전불이행,건조,맑음,단일로 - 기타,승용,남,60세,상해없음,보행자,여,13세,경상
2018051700100433,2018년 5월 17일 18시,목요일,대구광역시 달서구 죽전동,경상사고,0,0,1,0,차대사람 - 횡단중,보행자보호의무위반,건조,맑음,기타 - 기타,기타불명,기타불명,미분류,기타불명,보행자,여,27세,경상
2018051700100470,2018년 5월 17일 19시,목요일,대구광역시 북구 구암동,중상사고,0,1,0,0,차대사람 - 횡단중,안전운전불이행,건조,맑음,교차로 - 교차로부근,승용,여,45세,기타불명,보행자,여,74세,중상
2018051700100607,2018년 5월 17일 22시,목요일,대구광역시 달성군 다사읍,경상사고,0,0,1,0,차대사람 - 횡단중,안전운전불이행,건조,흐림,단일로 - 기타,승용,남,20세,상해없음,보행자,여,54세,경상
2018051700100638,2018년 5월 17일 23시,목요일,대구광역시 남구 봉덕동,경상사고,0,0,1,0,차대차 - 추돌,안전운전불이행,건조,맑음,교차로 - 교차로부근,승용,남,59세,상해없음,승용,여,34세,경상
2018051700100640,2018년 5월 17일 23시,목요일,대구광역시 중구 포정동,중상사고,0,1,0,0,차대차 - 측면충돌,중앙선침범,건조,맑음,교차로 - 교차로부근,이륜,남,61세,중상,승용,남,69세,상해없음
2018051800100020,2018년 5월 18일 00시,금요일,대구광역시 동구 신암동,경상사고,0,0,2,0,차대차 - 후진중충돌,안전운전불이행,건조,맑음,단일로 - 기타,승용,남,31세,상해없음,이륜,남,20세,경상
2018051800100021,2018년 5월 18일 00시,금요일,대구광역시 달서구 두류동,중상사고,0,1,0,0,차대차 - 정면충돌,신호위반,건조,맑음,교차로 - 교차로안,승용,남,63세,상해없음,이륜,남,37세,중상
2018051800100022,2018년 5월 18일 00시,금요일,대구광역시 달서구 용산동,경상사고,0,0,1,0,차대차 - 후진중충돌,안전운전불이행,건조,맑음,단일로 - 기타,승용,여,36세,상해없음,이륜,남,32세,경상
2018051800100034,2018년 5월 18일 01시,금요일,대구광역시 동구 입석동,중상사고,0,1,0,0,차대사람 - 횡단중,안전운전불이행,건조,맑음,단일로 - 지하차도(도로)내,승용,남,68세,상해없음,보행자,여,50세,중상
2018051800100075,2018년 5월 18일 04시,금요일,대구광역시 남구 대명동,경상사고,0,0,1,0,차대사람 - 길가장자리구역통행중,안전운전불이행,건조,맑음,단일로 - 기타,승용,남,65세,상해없음,보행자,남,79세,경상
2018051800100086,2018년 5월 18일 05시,금요일,대구광역시 달서구 이곡동,경상사고,0,0,1,0,차대차 - 측면충돌,신호위반,젖음/습기,비,교차로 - 교차로안,승용,남,36세,상해없음,특수,남,60세,경상
2018051800100252,2018년 5월 18일 11시,금요일,대구광역시 달서구 월성동,경상사고,0,0,1,0,차대차 - 측면충돌,안전거리미확보,건조,맑음,단일로 - 기타,승용,남,73세,상해없음,원동기,남,20세,경상
2018051800100283,2018년 5월 18일 12시,금요일,대구광역시 동구 효목동,중상사고,0,1,0,0,차대차 - 기타,안전거리미확보,건조,맑음,교차로 - 교차로부근,승용,남,19세,상해없음,이륜,남,50세,중상
2018051800100342,2018년 5월 18일 14시,금요일,대구광역시 수성구 범어동,중상사고,0,1,0,0,차대사람 - 보도통행중,보행자보호의무위반,건조,맑음,단일로 - 기타,승용,남,60세,상해없음,보행자,여,39세,중상
2018051800100343,2018년 5월 18일 14시,금요일,대구광역시 수성구 중동,경상사고,0,0,1,0,차대차 - 측면충돌,안전거리미확보,건조,맑음,단일로 - 기타,승용,남,88세,상해없음,승용,남,26세,경상
2018051800100344,2018년 5월 18일 14시,금요일,대구광역시 달서구 두류동,경상사고,0,0,1,0,차대차 - 측면충돌,안전운전불이행,건조,맑음,단일로 - 기타,기타불명,기타불명,미분류,기타불명,사륜오토바이(ATV),남,73세,경상
2018051800100376,2018년 5월 18일 15시,금요일,대구광역시 달서구 상인동,경상사고,0,0,1,0,차대차 - 측면충돌,안전거리미확보,건조,맑음,단일로 - 기타,승용,남,46세,상해없음,승용,남,66세,경상
2018051800100377,2018년 5월 18일 15시,금요일,대구광역시 중구 대신동,경상사고,0,0,3,0,차대차 - 측면충돌,안전운전불이행,건조,맑음,단일로 - 기타,승용,여,39세,경상,승용,여,46세,경상
2018051800100378,2018년 5월 18일 15시,금요일,대구광역시 북구 구암동,중상사고,0,1,0,0,차대차 - 측면충돌,안전운전불이행,건조,맑음,단일로 - 기타,승합,남,63세,상해없음,이륜,남,27세,중상
2018051800100526,2018년 5월 18일 19시,금요일,대구광역시 수성구 지산동,경상사고,0,0,1,1,차대차 - 추돌,안전운전불이행,건조,맑음,교차로 - 교차로부근,승용,남,35세,부상신고,승용,남,50세,경상
2018051800100527,2018년 5월 18일 19시,금요일,대구광역시 북구 침산동,경상사고,0,0,1,0,차대차 - 측면충돌,신호위반,건조,맑음,교차로 - 교차로안,이륜,남,57세,경상,승용,여,67세,상해없음
2018051800100571,2018년 5월 18일 20시,금요일,대구광역시 달서구 도원동,경상사고,0,0,1,0,차대사람 - 횡단중,보행자보호의무위반,건조,맑음,단일로 - 기타,승용,여,31세,상해없음,보행자,남,13세,경상
2018051800100572,2018년 5월 18일 20시,금요일,대구광역시 달성군 화원읍,경상사고,0,0,1,0,차대차 - 측면충돌,안전운전불이행,건조,맑음,교차로 - 교차로부근,승용,여,43세,상해없음,승용,남,33세,경상
2018051800100616,2018년 5월 18일 21시,금요일,대구광역시 중구 동인동4가,중상사고,0,1,0,1,차대차 - 측면충돌,안전운전불이행,건조,맑음,단일로 - 기타,원동기,남,52세,부상신고,승용,남,57세,중상
2018051800100617,2018년 5월 18일 21시,금요일,대구광역시 달서구 감삼동,중상사고,0,1,0,0,차대사람 - 횡단중,안전운전불이행,건조,맑음,단일로 - 기타,승용,남,65세,상해없음,보행자,여,59세,중상
2018051800100648,2018년 5월 18일 22시,금요일,대구광역시 동구 신천동,중상사고,0,1,0,0,차대차 - 측면충돌,신호위반,건조,맑음,교차로 - 교차로안,이륜,남,35세,기타불명,승용,여,49세,중상
2018051800100649,2018년 5월 18일 22시,금요일,대구광역시 수성구 지산동,경상사고,0,0,2,0,차대차 - 측면충돌,신호위반,젖음/습기,비,교차로 - 교차로안,승용,남,47세,상해없음,승용,남,46세,경상
2018051800100650,2018년 5월 18일 22시,금요일,대구광역시 서구 내당동,중상사고,0,1,0,0,차대사람 - 기타,안전운전불이행,젖음/습기,맑음,단일로 - 기타,화물,남,40세,상해없음,보행자,남,49세,중상
2018051800100651,2018년 5월 18일 22시,금요일,대구광역시 서구 내당동,중상사고,0,1,0,0,차대사람 - 횡단중,안전운전불이행,젖음/습기,비,교차로 - 교차로부근,승용,남,56세,상해없음,보행자,남,52세,중상
2018051800100652,2018년 5월 18일 22시,금요일,대구광역시 중구 서성로2가,경상사고,0,0,1,0,차대차 - 측면충돌,안전거리미확보,건조,맑음,교차로 - 교차로부근,화물,남,64세,상해없음,승용,남,58세,경상
2018051800100653,2018년 5월 18일 22시,금요일,대구광역시 북구 동천동,경상사고,0,0,1,0,차대차 - 기타,안전운전불이행,건조,맑음,교차로 - 교차로부근,승용,남,35세,상해없음,원동기,남,19세,경상
2018051800100683,2018년 5월 18일 23시,금요일,대구광역시 동구 신천동,중상사고,0,1,1,0,차대차 - 추돌,안전운전불이행,건조,맑음,기타 - 기타,승용,남,62세,상해없음,승용,남,46세,중상
2018051800100684,2018년 5월 18일 23시,금요일,대구광역시 서구 비산동,중상사고,0,1,0,0,차대사람 - 기타,안전운전불이행,건조,맑음,단일로 - 기타,승용,여,60세,상해없음,보행자,여,52세,중상
2018051800100685,2018년 5월 18일 23시,금요일,대구광역시 서구 비산동,경상사고,0,0,1,0,차대차 - 측면충돌,직진우회전진행방해,건조,맑음,교차로 - 교차로안,이륜,남,24세,기타불명,승용,남,48세,경상
2018051800100686,2018년 5월 18일 23시,금요일,대구광역시 북구 관음동,경상사고,0,0,1,0,차대차 - 기타,안전운전불이행,건조,맑음,교차로 - 교차로안,승용,남,65세,상해없음,원동기,남,16세,경상
2018051900100019,2018년 5월 19일 00시,토요일,대구광역시 남구 대명동,경상사고,0,0,1,0,차대차 - 측면충돌,안전운전불이행,건조,맑음,단일로 - 기타,승용,여,41세,상해없음,승용,남,43세,경상
2018051900100020,2018년 5월 19일 00시,토요일,대구광역시 달서구 감삼동,경상사고,0,0,1,0,차대차 - 측면충돌,안전운전불이행,건조,맑음,교차로 - 교차로안,승용,여,26세,상해없음,승용,남,23세,경상
2018051900100048,2018년 5월 19일 01시,토요일,대구광역시 수성구 연호동,경상사고,0,0,1,1,차대차 - 추돌,안전운전불이행,젖음/습기,흐림,단일로 - 지하차도(도로)내,승용,남,39세,부상신고,승용,남,30세,경상
2018051900100063,2018년 5월 19일 02시,토요일,대구광역시 북구 동천동,사망사고,2,0,0,0,차대차 - 기타,안전운전불이행,건조,맑음,단일로 - 기타,승용,남,32세,사망,건설기계,남,59세,기타불명
2018051900100088,2018년 5월 19일 04시,토요일,대구광역시 동구 입석동,경상사고,0,0,1,0,차대차 - 기타,안전운전불이행,건조,맑음,기타 - 기타,승용,남,69세,상해없음,이륜,남,29세,경상
2018051900100089,2018년 5월 19일 04시,토요일,대구광역시 북구 노원동1가,중상사고,0,1,4,0,차대차 - 측면충돌,교차로운행방법위반,건조,맑음,교차로 - 교차로안,승합,여,54세,상해없음,승용,남,64세,경상
2018051900100104,2018년 5월 19일 05시,토요일,대구광역시 달성군 다사읍,경상사고,0,0,2,0,차대차 - 기타,신호위반,건조,맑음,교차로 - 교차로안,화물,남,70세,경상,승합,남,58세,경상
2018051900100123,2018년 5월 19일 06시,토요일,대구광역시 동구 불로동,중상사고,0,1,1,0,차대차 - 측면충돌,신호위반,건조,맑음,교차로 - 교차로안,이륜,남,66세,중상,승용,남,52세,경상
2018051900100138,2018년 5월 19일 07시,토요일,대구광역시 달서구 호산동,중상사고,0,1,0,0,차대차 - 기타,안전운전불이행,건조,맑음,교차로 - 교차로안,화물,남,57세,상해없음,자전거,여,62세,중상
2018051900100139,2018년 5월 19일 07시,토요일,대구광역시 북구 팔달동,경상사고,0,0,3,0,차대차 - 추돌,안전거리미확보,건조,맑음,단일로 - 교량,건설기계,남,56세,상해없음,승용,남,35세,경상
2018051900100164,2018년 5월 19일 08시,토요일,대구광역시 남구 대명동,경상사고,0,0,1,0,차대차 - 추돌,안전운전불이행,건조,맑음,단일로 - 기타,승용,여,48세,상해없음,승용,남,52세,경상
2018051900100183,2018년 5월 19일 09시,토요일,대구광역시 서구 중리동,경상사고,0,0,1,0,차대차 - 측면충돌,안전거리미확보,건조,맑음,단일로 - 기타,화물,남,55세,상해없음,승용,남,45세,경상
2018051900100232,2018년 5월 19일 10시,토요일,대구광역시 동구 신암동,경상사고,0,0,1,0,차대차 - 추돌,안전거리미확보,건조,맑음,단일로 - 기타,이륜,남,22세,상해없음,승용,남,43세,경상
2018051900100270,2018년 5월 19일 11시,토요일,대구광역시 동구 방촌동,부상신고사고,0,0,0,1,차대차 - 기타,신호위반,건조,맑음,교차로 - 교차로안,기타불명,여,74세,부상신고,화물,남,34세,상해없음
2018051900100271,2018년 5월 19일 11시,토요일,대구광역시 동구 신암동,경상사고,0,0,1,0,차대차 - 측면충돌,안전운전불이행,건조,맑음,단일로 - 고가도로위,승용,남,37세,상해없음,승용,남,69세,상해없음
2018051900100272,2018년 5월 19일 11시,토요일,대구광역시 달서구 대곡동,경상사고,0,0,1,0,차대차 - 기타,직진우회전진행방해,건조,맑음,교차로 - 교차로안,승용,여,41세,상해없음,승용,남,42세,경상
2018051900100305,2018년 5월 19일 12시,토요일,대구광역시 북구 산격동,경상사고,0,0,1,0,차대차 - 측면충돌,차로위반,건조,맑음,단일로 - 기타,승용,남,23세,상해없음,승용,남,45세,경상
2018051900100306,2018년 5월 19일 12시,토요일,대구광역시 달서구 성당동,경상사고,0,0,1,0,차대차 - 기타,교차로운행방법위반,건조,맑음,교차로 - 교차로안,승용,여,34세,상해없음,자전거,남,12세,경상
2018051900100360,2018년 5월 19일 13시,토요일,대구광역시 수성구 범물동,경상사고,0,0,2,0,차대차 - 측면충돌,안전거리미확보,건조,맑음,단일로 - 기타,승용,남,28세,상해없음,승합,남,53세,상해없음
2018051900100361,2018년 5월 19일 13시,토요일,대구광역시 수성구 욱수동,부상신고사고,0,0,0,1,차대차 - 측면충돌,중앙선침범,건조,맑음,단일로 - 기타,이륜,남,50세,부상신고,승용,여,48세,상해없음
2018051900100362,2018년 5월 19일 13시,토요일,대구광역시 달서구 이곡동,중상사고,0,1,0,0,차대차 - 측면충돌,신호위반,건조,맑음,단일로 - 기타,이륜,남,18세,기타불명,자전거,남,48세,중상
2018051900100412,2018년 5월 19일 14시,토요일,대구광역시 달서구 진천동,경상사고,0,0,1,0,차대차 - 정면충돌,직진우회전진행방해,건조,맑음,교차로 - 교차로안,승용,남,61세,상해없음,이륜,남,51세,경상
2018051900100413,2018년 5월 19일 14시,토요일,대구광역시 중구 수동,경상사고,0,0,1,0,차대차 - 기타,안전거리미확보,건조,맑음,단일로 - 기타,기타불명,기타불명,미분류,기타불명,승용,남,57세,상해없음
2018051900100414,2018년 5월 19일 14시,토요일,대구광역시 북구 태전동,경상사고,0,0,1,0,차대차 - 기타,안전거리미확보,건조,맑음,단일로 - 기타,승용,남,63세,상해없음,승용,남,73세,경상
2018051900100446,2018년 5월 19일 15시,토요일,대구광역시 수성구 두산동,중상사고,0,1,0,0,차대차 - 측면충돌,안전운전불이행,건조,맑음,단일로 - 기타,승용,남,28세,상해없음,자전거,남,12세,중상
2018051900100447,2018년 5월 19일 15시,토요일,대구광역시 수성구 수성동2가,경상사고,0,0,1,0,차대차 - 추돌,안전운전불이행,건조,맑음,단일로 - 기타,승용,여,42세,상해없음,승용,남,62세,경상
2018051900100485,2018년 5월 19일 16시,토요일,대구광역시 남구 대명동,중상사고,0,1,0,0,차대차 - 측면충돌,교차로운행방법위반,건조,맑음,교차로 - 교차로안,승용,남,37세,상해없음,이륜,남,26세,중상
2018051900100486,2018년 5월 19일 16시,토요일,대구광역시 수성구 상동,중상사고,0,1,2,0,차대차 - 추돌,안전거리미확보,건조,맑음,단일로 - 기타,승용,남,43세,상해없음,승용,여,42세,중상
2018051900100487,2018년 5월 19일 16시,토요일,대구광역시 서구 상리동,경상사고,0,0,1,0,차대차 - 추돌,안전거리미확보,건조,맑음,단일로 - 기타,승용,남,41세,상해없음,화물,남,52세,경상
2018051900100530,2018년 5월 19일 17시,토요일,대구광역시 수성구 신매동,경상사고,0,0,1,0,차대차 - 추돌,안전거리미확보,건조,맑음,단일로 - 기타,승용,남,57세,상해없음,승용,남,41세,경상
2018051900100579,2018년 5월 19일 18시,토요일,대구광역시 달서구 유천동,경상사고,0,0,1,0,차대차 - 기타,안전거리미확보,건조,맑음,단일로 - 기타,승용,여,45세,상해없음,이륜,남,17세,경상
2018051900100580,2018년 5월 19일 18시,토요일,대구광역시 달서구 감삼동,중상사고,0,1,0,0,차대사람 - 횡단중,보행자보호의무위반,건조,맑음,단일로 - 기타,승용,여,61세,상해없음,보행자,여,70세,중상
2018051900100610,2018년 5월 19일 19시,토요일,대구광역시 동구 신암동,경상사고,0,0,1,0,차대차 - 기타,안전거리미확보,건조,맑음,단일로 - 기타,승용,남,55세,상해없음,이륜,남,34세,경상
2018051900100611,2018년 5월 19일 19시,토요일,대구광역시 중구 동산동,경상사고,0,0,1,0,차대사람 - 보도통행중,기타,건조,맑음,단일로 - 기타,이륜,남,21세,상해없음,보행자,여,22세,경상
2018051900100612,2018년 5월 19일 19시,토요일,대구광역시 달서구 죽전동,부상신고사고,0,0,0,3,차대차 - 측면충돌,교차로운행방법위반,건조,맑음,교차로 - 교차로안,승용,여,58세,상해없음,승용,남,18세,부상신고
2018051900100646,2018년 5월 19일 20시,토요일,대구광역시 수성구 지산동,중상사고,0,1,0,0,차대사람 - 횡단중,안전운전불이행,건조,맑음,교차로 - 교차로횡단보도내,승용,남,42세,상해없음,보행자,여,71세,중상
2018051900100702,2018년 5월 19일 22시,토요일,대구광역시 수성구 두산동,경상사고,0,0,2,0,차대차 - 측면충돌,안전운전불이행,건조,맑음,교차로 - 교차로안,승용,남,69세,경상,승합,남,42세,경상
2018051900100726,2018년 5월 19일 23시,토요일,대구광역시 동구 효목동,경상사고,0,0,1,0,차대사람 - 길가장자리구역통행중,안전운전불이행,건조,맑음,단일로 - 기타,승용,남,49세,상해없음,보행자,남,51세,경상
2018051900100727,2018년 5월 19일 23시,토요일,대구광역시 수성구 두산동,중상사고,0,1,0,0,차대차 - 측면충돌,안전거리미확보,건조,맑음,교차로 - 교차로부근,승용,남,38세,상해없음,이륜,남,36세,중상
2018051900100728,2018년 5월 19일 23시,토요일,대구광역시 달성군 현풍읍,경상사고,0,0,1,0,차대차 - 기타,안전운전불이행,건조,맑음,단일로 - 기타,자전거,남,48세,경상,승합,남,59세,상해없음
2018051900100729,2018년 5월 19일 23시,토요일,대구광역시 달서구 신당동,경상사고,0,0,1,0,차대차 - 측면충돌,차로위반,건조,맑음,교차로 - 교차로안,승용,남,45세,상해없음,승용,남,52세,경상
2018052000100038,2018년 5월 20일 02시,일요일,대구광역시 중구 달성동,경상사고,0,0,1,0,차대차 - 추돌,안전거리미확보,건조,맑음,단일로 - 기타,승용,남,51세,상해없음,승용,남,71세,상해없음
2018052000100039,2018년 5월 20일 02시,일요일,대구광역시 달서구 용산동,경상사고,0,0,2,0,차대차 - 기타,안전운전불이행,건조,기타,교차로 - 교차로부근,승용,남,53세,상해없음,승용,남,32세,경상
2018052000100050,2018년 5월 20일 03시,일요일,대구광역시 동구 검사동,중상사고,0,1,0,0,차대사람 - 횡단중,안전운전불이행,건조,맑음,단일로 - 기타,승용,남,59세,상해없음,보행자,남,58세,중상
2018052000100062,2018년 5월 20일 04시,일요일,대구광역시 수성구 범어동,경상사고,0,0,1,0,차대차 - 추돌,안전운전불이행,건조,맑음,교차로 - 교차로부근,승용,남,38세,상해없음,승용,남,30세,경상
2018052000100063,2018년 5월 20일 04시,일요일,대구광역시 달성군 다사읍,경상사고,0,0,3,0,차대차 - 추돌,안전운전불이행,건조,맑음,교차로 - 교차로부근,승용,남,49세,상해없음,승용,남,35세,경상
2018052000100083,2018년 5월 20일 05시,일요일,대구광역시 동구 신서동,중상사고,0,1,0,0,차대사람 - 차도통행중,안전운전불이행,건조,맑음,기타 - 기타,승용,남,69세,상해없음,보행자,여,71세,중상
2018052000100084,2018년 5월 20일 05시,일요일,대구광역시 중구 삼덕동1가,경상사고,0,0,2,0,차대차 - 측면충돌,안전운전불이행,건조,맑음,단일로 - 기타,승용,남,22세,상해없음,이륜,남,29세,상해없음
2018052000100085,2018년 5월 20일 05시,일요일,대구광역시 중구 계산동2가,중상사고,0,1,0,0,차대차 - 측면충돌,안전거리미확보,건조,맑음,단일로 - 기타,승용,남,64세,상해없음,이륜,남,18세,중상
2018052000100107,2018년 5월 20일 07시,일요일,대구광역시 서구 내당동,경상사고,0,0,1,0,차대차 - 측면충돌,안전운전불이행,건조,맑음,단일로 - 기타,승용,남,58세,상해없음,승용,남,35세,상해없음
2018052000100133,2018년 5월 20일 09시,일요일,대구광역시 서구 중리동,경상사고,0,0,2,0,차대차 - 측면충돌,기타,건조,맑음,단일로 - 기타,승용,남,71세,상해없음,이륜,남,70세,경상
2018052000100134,2018년 5월 20일 09시,일요일,대구광역시 북구 사수동,경상사고,0,0,2,0,차대차 - 측면충돌,안전운전불이행,건조,맑음,교차로 - 교차로안,승용,남,46세,경상,이륜,남,41세,경상
2018052000100158,2018년 5월 20일 10시,일요일,대구광역시 달서구 월성동,경상사고,0,0,1,0,차대차 - 측면충돌,교차로운행방법위반,건조,맑음,교차로 - 교차로안,승용,여,48세,상해없음,승용,여,62세,경상
2018052000100205,2018년 5월 20일 12시,일요일,대구광역시 북구 관음동,중상사고,0,1,0,0,차대사람 - 기타,보행자보호의무위반,건조,맑음,단일로 - 기타,승용,여,54세,상해없음,보행자,남,4세,중상
2018052000100234,2018년 5월 20일 13시,일요일,대구광역시 중구 남산동,경상사고,0,0,1,0,차대차 - 측면충돌,안전거리미확보,건조,맑음,교차로 - 교차로횡단보도내,승용,남,63세,상해없음,이륜,남,44세,경상
2018052000100235,2018년 5월 20일 13시,일요일,대구광역시 달서구 이곡동,중상사고,0,1,0,0,차대차 - 측면충돌,안전운전불이행,건조,맑음,기타 - 기타,승용,남,68세,상해없음,이륜,남,29세,중상
2018052000100236,2018년 5월 20일 13시,일요일,대구광역시 북구 서변동,경상사고,0,0,1,0,차대차 - 기타,안전운전불이행,건조,맑음,단일로 - 기타,기타불명,기타불명,미분류,기타불명,승용,남,48세,상해없음
2018052000100265,2018년 5월 20일 14시,일요일,대구광역시 달성군 다사읍,중상사고,0,1,0,0,차대차 - 측면충돌,안전운전불이행,건조,맑음,기타 - 기타,승용,남,38세,상해없음,기타불명,여,13세,중상
2018052000100266,2018년 5월 20일 14시,일요일,대구광역시 달성군 다사읍,부상신고사고,0,0,0,1,차대차 - 기타,교차로운행방법위반,건조,맑음,교차로 - 교차로부근,원동기,남,10세,부상신고,승용,남,25세,상해없음
2018052000100294,2018년 5월 20일 15시,일요일,대구광역시 서구 평리동,경상사고,0,0,1,0,차대차 - 기타,안전운전불이행,건조,맑음,단일로 - 기타,자전거,남,49세,경상,승용,남,26세,상해없음
2018052000100295,2018년 5월 20일 15시,일요일,대구광역시 중구 덕산동,경상사고,0,0,2,2,차대차 - 측면충돌,안전거리미확보,건조,맑음,단일로 - 기타,승용,남,33세,상해없음,승용,남,22세,경상
2018052000100296,2018년 5월 20일 15시,일요일,대구광역시 달서구 이곡동,경상사고,0,0,3,0,차대차 - 추돌,안전운전불이행,건조,맑음,기타 - 기타,승용,여,38세,상해없음,승용,여,25세,경상
2018052000100354,2018년 5월 20일 17시,일요일,대구광역시 중구 남산동,중상사고,0,1,0,0,차대차 - 측면충돌,교차로운행방법위반,건조,맑음,교차로 - 교차로안,승용,남,63세,상해없음,원동기,남,26세,중상
2018052000100373,2018년 5월 20일 18시,일요일,대구광역시 달서구 본동,경상사고,0,0,4,0,차대차 - 측면충돌,안전운전불이행,건조,맑음,교차로 - 교차로안,승용,남,61세,상해없음,승용,남,31세,경상
2018052000100374,2018년 5월 20일 18시,일요일,대구광역시 북구 동천동,중상사고,0,1,0,0,차대차 - 측면충돌,안전거리미확보,건조,맑음,단일로 - 기타,승용,남,59세,상해없음,이륜,남,42세,중상
2018052000100399,2018년 5월 20일 19시,일요일,대구광역시 수성구 신매동,중상사고,0,1,0,0,차대차 - 측면충돌,기타,건조,맑음,단일로 - 기타,승용,남,28세,상해없음,원동기,남,18세,중상
2018052000100400,2018년 5월 20일 19시,일요일,대구광역시 북구 산격동,부상신고사고,0,0,0,1,차량단독 - 기타,안전운전불이행,건조,맑음,단일로 - 기타,승합,남,69세,상해없음,,,,
2018052000100432,2018년 5월 20일 20시,일요일,대구광역시 동구 율하동,중상사고,0,1,0,0,차대차 - 측면충돌,안전거리미확보,건조,맑음,교차로 - 교차로부근,승용,여,50세,상해없음,이륜,남,44세,중상
2018052000100433,2018년 5월 20일 20시,일요일,대구광역시 달서구 송현동,중상사고,0,1,0,0,차대차 - 측면충돌,신호위반,건조,맑음,교차로 - 교차로안,승합,남,61세,상해없음,이륜,남,19세,중상
2018052000100434,2018년 5월 20일 20시,일요일,대구광역시 북구 읍내동,중상사고,0,1,0,0,차대사람 - 기타,안전운전불이행,건조,맑음,단일로 - 기타,화물,남,48세,상해없음,보행자,여,69세,중상