사고번호,사고일시,요일,시군구,사고내용,사망자수,중상자수,경상자수,부상신고자수,사고유형,법규위반,노면상태,기상상태,도로형태,가해운전자 차종,가해운전자 성별,가해운전자 연령,가해운전자 상해정도,피해운전자 차종,피해운전자 성별,피해운전자 연령,피해운전자 상해정도
2018052000100435,2018년 5월 20일 20시,일요일,대구광역시 북구 동천동,중상사고,0,1,0,0,차대차 - 기타,직진우회전진행방해,건조,맑음,교차로 - 교차로안,승용,남,46세,상해없음,이륜,남,21세,중상
2018052000100460,2018년 5월 20일 21시,일요일,대구광역시 동구 방촌동,경상사고,0,0,1,0,차대차 - 측면충돌,안전운전불이행,건조,맑음,단일로 - 기타,승용,남,55세,상해없음,승용,여,49세,상해없음
2018052000100461,2018년 5월 20일 21시,일요일,대구광역시 달서구 용산동,경상사고,0,0,1,0,차대차 - 추돌,불법유턴,건조,맑음,단일로 - 기타,승용,남,64세,상해없음,승용,남,50세,경상
2018052000100488,2018년 5월 20일 22시,일요일,대구광역시 서구 비산동,중상사고,0,1,0,0,차대사람 - 차도통행중,안전운전불이행,건조,맑음,교차로 - 교차로부근,승용,남,70세,상해없음,보행자,남,52세,중상
2018052100100008,2018년 5월 21일 00시,월요일,대구광역시 수성구 수성동4가,부상신고사고,0,0,0,1,차대차 - 측면충돌,안전거리미확보,건조,맑음,교차로 - 교차로부근,승용,남,50세,상해없음,이륜,남,20세,부상신고
2018052100100024,2018년 5월 21일 02시,월요일,대구광역시 서구 내당동,중상사고,0,1,3,0,차대차 - 측면충돌,교차로운행방법위반,건조,맑음,교차로 - 교차로안,승용,남,54세,경상,승용,남,52세,중상
2018052100100032,2018년 5월 21일 03시,월요일,대구광역시 달서구 월성동,중상사고,0,1,2,0,차량단독 - 기타,과속,건조,맑음,교차로 - 교차로안,승용,남,23세,상해없음,,,,
2018052100100037,2018년 5월 21일 04시,월요일,대구광역시 동구 용계동,경상사고,0,0,2,0,차대차 - 추돌,안전거리미확보,건조,맑음,교차로 - 교차로부근,승용,여,23세,상해없음,승용,남,37세,경상
2018052100100046,2018년 5월 21일 05시,월요일,대구광역시 수성구 수성동4가,경상사고,0,0,1,0,차대차 - 기타,안전거리미확보,젖음/습기,맑음,단일로 - 기타,승용,남,73세,상해없음,이륜,남,51세,경상
2018052100100071,2018년 5월 21일 07시,월요일,대구광역시 달서구 상인동,경상사고,0,0,1,0,차대차 - 추돌,안전운전불이행,건조,맑음,단일로 - 기타,승용,남,64세,상해없음,승용,남,63세,경상
2018052100100072,2018년 5월 21일 07시,월요일,대구광역시 달서구 월암동,경상사고,0,0,1,0,차대차 - 측면충돌,안전운전불이행,건조,맑음,단일로 - 기타,승용,남,46세,상해없음,승용,남,36세,경상
2018052100100073,2018년 5월 21일 07시,월요일,대구광역시 달서구 진천동,부상신고사고,0,0,0,1,차대차 - 측면충돌,기타,건조,맑음,교차로 - 교차로안,승용,남,31세,부상신고,승합,남,51세,상해없음
2018052100100074,2018년 5월 21일 07시,월요일,대구광역시 달서구 장기동,경상사고,0,0,2,0,차대차 - 기타,안전운전불이행,건조,맑음,단일로 - 기타,승용,남,37세,상해없음,승용,남,68세,경상
2018052100100075,2018년 5월 21일 07시,월요일,대구광역시 달서구 용산동,경상사고,0,0,1,0,차대차 - 기타,안전거리미확보,건조,맑음,단일로 - 기타,승용,남,29세,상해없음,승용,남,71세,상해없음
2018052100100116,2018년 5월 21일 08시,월요일,대구광역시 수성구 지산동,부상신고사고,0,0,0,1,차대차 - 측면충돌,안전운전불이행,건조,맑음,단일로 - 기타,자전거,남,39세,부상신고,승용,남,53세,상해없음
2018052100100180,2018년 5월 21일 10시,월요일,대구광역시 남구 대명동,중상사고,0,1,1,0,차대차 - 측면충돌,안전운전불이행,건조,맑음,단일로 - 기타,화물,남,59세,상해없음,이륜,남,55세,중상
2018052100100181,2018년 5월 21일 10시,월요일,대구광역시 북구 산격동,경상사고,0,0,1,0,차대차 - 측면충돌,안전운전불이행,건조,맑음,단일로 - 기타,자전거,여,72세,경상,승용,여,59세,상해없음
2018052100100182,2018년 5월 21일 10시,월요일,대구광역시 중구 동산동,경상사고,0,0,1,0,차대사람 - 기타,안전운전불이행,건조,맑음,주차장 - 주차장,승용,남,70세,기타불명,보행자,남,44세,경상
2018052100100183,2018년 5월 21일 10시,월요일,대구광역시 북구 구암동,중상사고,0,1,0,0,차대사람 - 횡단중,안전운전불이행,건조,맑음,단일로 - 기타,화물,남,48세,상해없음,보행자,여,48세,중상
2018052100100217,2018년 5월 21일 11시,월요일,대구광역시 달서구 월암동,경상사고,0,0,1,0,차대차 - 측면충돌,안전거리미확보,건조,맑음,교차로 - 교차로안,화물,남,66세,상해없음,화물,남,49세,경상
2018052100100218,2018년 5월 21일 11시,월요일,대구광역시 북구 산격동,경상사고,0,0,6,0,차대차 - 추돌,안전운전불이행,건조,맑음,단일로 - 기타,승용,남,37세,상해없음,승용,여,37세,경상
2018052100100250,2018년 5월 21일 12시,월요일,대구광역시 남구 봉덕동,중상사고,0,1,2,0,차대차 - 기타,신호위반,건조,맑음,교차로 - 교차로부근,승용,남,76세,경상,승합,남,42세,상해없음
2018052100100293,2018년 5월 21일 13시,월요일,대구광역시 북구 태전동,중상사고,0,1,0,0,차대차 - 기타,중앙선침범,건조,맑음,단일로 - 기타,승용,남,36세,상해없음,이륜,남,45세,중상
2018052100100324,2018년 5월 21일 14시,월요일,대구광역시 달서구 두류동,경상사고,0,0,1,0,차대사람 - 기타,기타,건조,맑음,교차로 - 교차로부근,승용,남,35세,상해없음,보행자,여,66세,경상
2018052100100352,2018년 5월 21일 15시,월요일,대구광역시 수성구 범어동,경상사고,0,0,1,0,차대차 - 측면충돌,안전운전불이행,건조,맑음,교차로 - 교차로안,자전거,남,20세,경상,승용,여,68세,상해없음
2018052100100353,2018년 5월 21일 15시,월요일,대구광역시 수성구 중동,경상사고,0,0,1,0,차대차 - 추돌,안전운전불이행,건조,맑음,교차로 - 교차로부근,승용,여,30세,상해없음,승용,남,58세,경상
2018052100100354,2018년 5월 21일 15시,월요일,대구광역시 북구 노원동1가,경상사고,0,0,1,0,차대차 - 측면충돌,차로위반,건조,맑음,교차로 - 교차로안,승용,여,44세,상해없음,승용,여,34세,경상
2018052100100355,2018년 5월 21일 15시,월요일,대구광역시 중구 수동,경상사고,0,0,1,0,차대차 - 기타,불법유턴,건조,맑음,단일로 - 기타,자전거,여,64세,경상,승용,여,50세,상해없음
2018052100100356,2018년 5월 21일 15시,월요일,대구광역시 달서구 갈산동,경상사고,0,0,1,0,차대차 - 측면충돌,안전운전불이행,건조,맑음,교차로 - 교차로안,화물,남,47세,상해없음,승용,여,62세,경상
2018052100100357,2018년 5월 21일 15시,월요일,대구광역시 달서구 두류동,중상사고,0,1,0,0,차대차 - 기타,안전운전불이행,건조,맑음,기타 - 기타,승용,여,49세,상해없음,자전거,남,24세,중상
2018052100100388,2018년 5월 21일 16시,월요일,대구광역시 북구 서변동,경상사고,0,0,4,0,차대차 - 추돌,안전운전불이행,건조,맑음,단일로 - 기타,승용,남,51세,상해없음,승용,남,49세,경상
2018052100100392,2018년 5월 21일 16시,월요일,대구광역시 수성구 황금동,중상사고,0,1,0,0,차대차 - 기타,안전운전불이행,건조,맑음,단일로 - 기타,승용,여,50세,상해없음,이륜,남,42세,중상
2018052100100393,2018년 5월 21일 16시,월요일,대구광역시 수성구 상동,경상사고,0,0,1,0,차대차 - 추돌,안전운전불이행,건조,맑음,단일로 - 기타,이륜,남,29세,상해없음,자전거,남,79세,경상
2018052100100394,2018년 5월 21일 16시,월요일,대구광역시 중구 하서동,경상사고,0,0,1,1,차대차 - 추돌,안전운전불이행,건조,맑음,교차로 - 교차로부근,이륜,남,35세,부상신고,승용,남,54세,경상
2018052100100432,2018년 5월 21일 17시,월요일,대구광역시 수성구 지산동,경상사고,0,0,2,1,차대차 - 측면충돌,안전운전불이행,건조,맑음,단일로 - 기타,승용,남,77세,부상신고,승용,여,45세,경상
2018052100100433,2018년 5월 21일 17시,월요일,대구광역시 서구 비산동,중상사고,0,1,0,0,차대차 - 측면충돌,교차로운행방법위반,건조,맑음,교차로 - 교차로안,승용,여,29세,상해없음,자전거,남,69세,중상
2018052100100474,2018년 5월 21일 18시,월요일,대구광역시 수성구 중동,경상사고,0,0,1,1,차대차 - 측면충돌,안전운전불이행,건조,맑음,단일로 - 기타,승용,남,76세,부상신고,승용,남,36세,경상
2018052100100475,2018년 5월 21일 18시,월요일,대구광역시 서구 비산동,중상사고,0,1,0,0,차대차 - 측면충돌,안전운전불이행,건조,맑음,단일로 - 기타,원동기,여,51세,중상,승용,남,66세,상해없음
2018052100100499,2018년 5월 21일 19시,월요일,대구광역시 수성구 만촌동,경상사고,0,0,1,0,차대차 - 추돌,안전거리미확보,건조,맑음,단일로 - 기타,승용,남,40세,상해없음,승용,여,53세,경상
2018052100100540,2018년 5월 21일 20시,월요일,대구광역시 수성구 이천동,경상사고,0,0,1,0,차대차 - 기타,신호위반,건조,맑음,교차로 - 교차로부근,승용,여,60세,상해없음,승용,남,37세,상해없음
2018052100100541,2018년 5월 21일 20시,월요일,대구광역시 북구 칠성동2가,경상사고,0,0,1,0,차량단독 - 공작물충돌,안전운전불이행,건조,맑음,교차로 - 교차로부근,승용,여,68세,상해없음,,,,
2018052100100563,2018년 5월 21일 21시,월요일,대구광역시 중구 남산동,중상사고,0,2,0,0,차대차 - 측면충돌,기타,건조,맑음,단일로 - 기타,승용,여,45세,상해없음,이륜,남,27세,중상
2018052100100601,2018년 5월 21일 22시,월요일,대구광역시 북구 복현동,경상사고,0,0,1,0,차대사람 - 기타,안전운전불이행,건조,맑음,교차로 - 교차로부근,승용,여,50세,상해없음,보행자,여,14세,경상
2018052100100626,2018년 5월 21일 23시,월요일,대구광역시 달서구 도원동,부상신고사고,0,0,0,1,차대차 - 추돌,안전운전불이행,건조,맑음,교차로 - 교차로부근,기타불명,기타불명,미분류,기타불명,승용,여,35세,부상신고
2018052100100627,2018년 5월 21일 23시,월요일,대구광역시 북구 복현동,경상사고,0,0,1,0,차대차 - 측면충돌,안전운전불이행,건조,맑음,단일로 - 기타,이륜,남,22세,상해없음,자전거,남,26세,경상
2018052200100007,2018년 5월 22일 00시,화요일,대구광역시 수성구 범물동,중상사고,0,1,1,0,차대차 - 측면충돌,안전운전불이행,건조,맑음,교차로 - 교차로안,승용,여,37세,상해없음,승용,남,29세,경상
2018052200100008,2018년 5월 22일 00시,화요일,대구광역시 서구 평리동,경상사고,0,0,2,0,차대차 - 측면충돌,안전운전불이행,건조,맑음,교차로 - 교차로안,이륜,남,17세,경상,승용,남,31세,경상
2018052200100009,2018년 5월 22일 00시,화요일,대구광역시 달서구 죽전동,경상사고,0,0,1,0,차대사람 - 기타,안전운전불이행,건조,맑음,단일로 - 기타,승용,여,50세,상해없음,보행자,남,25세,경상
2018052200100028,2018년 5월 22일 01시,화요일,대구광역시 중구 삼덕동1가,경상사고,0,0,1,0,차대사람 - 기타,안전운전불이행,건조,맑음,단일로 - 기타,승용,남,27세,상해없음,보행자,남,24세,경상
2018052200100029,2018년 5월 22일 01시,화요일,대구광역시 달서구 신당동,경상사고,0,0,2,0,차대차 - 측면충돌,안전운전불이행,건조,맑음,기타 - 기타,승용,남,34세,경상,승용,남,56세,경상
2018052200100045,2018년 5월 22일 02시,화요일,대구광역시 수성구 삼덕동,중상사고,0,2,0,0,차대차 - 측면충돌,안전거리미확보,건조,맑음,단일로 - 기타,승용,남,29세,상해없음,승용,남,70세,중상
2018052200100084,2018년 5월 22일 05시,화요일,대구광역시 남구 대명동,경상사고,0,0,1,0,차대차 - 측면충돌,불법유턴,건조,맑음,단일로 - 기타,자전거,남,58세,경상,승합,남,61세,상해없음
2018052200100098,2018년 5월 22일 06시,화요일,대구광역시 동구 입석동,경상사고,0,0,1,0,차대차 - 측면충돌,안전운전불이행,건조,맑음,교차로 - 교차로부근,승용,남,69세,기타불명,승용,남,70세,경상
2018052200100099,2018년 5월 22일 06시,화요일,대구광역시 북구 산격동,경상사고,0,0,1,0,차대차 - 기타,안전운전불이행,건조,맑음,교차로 - 교차로안,기타불명,기타불명,기타불명,기타불명,승용,여,64세,경상
2018052200100133,2018년 5월 22일 08시,화요일,대구광역시 동구 방촌동,경상사고,0,0,1,0,차대차 - 추돌,안전운전불이행,건조,맑음,단일로 - 기타,승용,여,54세,상해없음,승용,여,55세,경상
2018052200100134,2018년 5월 22일 08시,화요일,대구광역시 달서구 신당동,경상사고,0,0,1,0,차대차 - 측면충돌,차로위반,건조,맑음,단일로 - 기타,승용,남,69세,상해없음,승용,남,40세,경상
2018052200100135,2018년 5월 22일 08시,화요일,대구광역시 달서구 신당동,부상신고사고,0,0,0,1,차대차 - 측면충돌,차로위반,건조,맑음,교차로 - 교차로부근,승용,남,68세,상해없음,승용,남,39세,부상신고
2018052200100164,2018년 5월 22일 09시,화요일,대구광역시 달성군 다사읍,경상사고,0,0,2,0,차대차 - 추돌,안전운전불이행,건조,맑음,교차로 - 교차로부근,승용,남,54세,상해없음,승용,여,33세,경상
2018052200100197,2018년 5월 22일 10시,화요일,대구광역시 동구 신천동,부상신고사고,0,0,0,1,차대차 - 추돌,안전거리미확보,건조,맑음,단일로 - 기타,승용,남,46세,상해없음,원동기,남,29세,부상신고
2018052200100217,2018년 5월 22일 11시,화요일,대구광역시 달서구 대곡동,경상사고,0,0,3,0,차대차 - 측면충돌,안전운전불이행,건조,맑음,단일로 - 기타,승용,남,75세,경상,승용,여,52세,경상
2018052200100218,2018년 5월 22일 11시,화요일,대구광역시 달서구 진천동,경상사고,0,0,1,0,차대차 - 정면충돌,안전운전불이행,건조,맑음,단일로 - 기타,승용,여,59세,상해없음,자전거,남,63세,경상
2018052200100219,2018년 5월 22일 11시,화요일,대구광역시 서구 평리동,중상사고,0,1,0,0,차대차 - 측면충돌,신호위반,건조,맑음,단일로 - 기타,승용,남,67세,상해없음,개인형이동수단(PM),남,23세,중상
2018052200100220,2018년 5월 22일 11시,화요일,대구광역시 서구 중리동,사망사고,1,0,0,0,차대차 - 측면충돌,안전운전불이행,건조,맑음,단일로 - 기타,건설기계,남,32세,상해없음,건설기계,남,53세,상해없음
2018052200100258,2018년 5월 22일 12시,화요일,대구광역시 동구 신암동,경상사고,0,0,1,0,차대차 - 측면충돌,안전운전불이행,건조,맑음,기타 - 기타,승용,남,39세,상해없음,승용,여,64세,경상
2018052200100333,2018년 5월 22일 14시,화요일,대구광역시 동구 중대동,경상사고,0,0,1,0,차대차 - 측면충돌,교차로운행방법위반,건조,맑음,교차로 - 교차로안,승용,남,71세,상해없음,승용,남,51세,경상
2018052200100366,2018년 5월 22일 15시,화요일,대구광역시 동구 진인동,경상사고,0,0,1,0,차대차 - 측면충돌,안전거리미확보,건조,맑음,단일로 - 기타,승용,남,79세,상해없음,승용,여,53세,경상
2018052200100367,2018년 5월 22일 15시,화요일,대구광역시 달성군 유가읍,경상사고,0,0,1,0,차대차 - 기타,안전운전불이행,건조,맑음,기타 - 기타,이륜,남,23세,상해없음,기타불명,남,8세,경상
2018052200100390,2018년 5월 22일 16시,화요일,대구광역시 남구 대명동,경상사고,0,0,1,0,차대차 - 측면충돌,안전운전불이행,건조,맑음,기타 - 기타,승용,남,28세,상해없음,이륜,남,52세,경상
2018052200100391,2018년 5월 22일 16시,화요일,대구광역시 수성구 지산동,경상사고,0,0,7,0,차대차 - 추돌,안전거리미확보,건조,맑음,교차로 - 교차로부근,승용,여,57세,상해없음,승용,여,53세,경상
2018052200100422,2018년 5월 22일 17시,화요일,대구광역시 수성구 상동,경상사고,0,0,1,0,차대차 - 추돌,안전운전불이행,건조,맑음,단일로 - 기타,승용,여,46세,상해없음,자전거,여,49세,경상
2018052200100423,2018년 5월 22일 17시,화요일,대구광역시 달서구 송현동,경상사고,0,0,1,0,차대사람 - 횡단중,기타,건조,맑음,단일로 - 기타,승용,여,48세,상해없음,보행자,여,7세,경상
2018052200100449,2018년 5월 22일 18시,화요일,대구광역시 수성구 범어동,경상사고,0,0,1,0,차대차 - 추돌,안전운전불이행,건조,맑음,교차로 - 교차로부근,승용,남,53세,기타불명,이륜,남,26세,경상
2018052200100450,2018년 5월 22일 18시,화요일,대구광역시 수성구 수성동2가,경상사고,0,0,1,0,차대사람 - 횡단중,안전운전불이행,건조,맑음,교차로 - 교차로안,승용,남,40세,상해없음,보행자,남,14세,경상
2018052200100451,2018년 5월 22일 18시,화요일,대구광역시 달서구 진천동,중상사고,0,1,0,0,차대차 - 측면충돌,안전운전불이행,건조,맑음,교차로 - 교차로안,화물,남,47세,상해없음,자전거,남,58세,중상
2018052200100452,2018년 5월 22일 18시,화요일,대구광역시 북구 복현동,경상사고,0,0,1,0,차대차 - 측면충돌,안전운전불이행,건조,맑음,교차로 - 교차로안,이륜,남,27세,경상,승용,여,29세,상해없음
2018052200100453,2018년 5월 22일 18시,화요일,대구광역시 서구 평리동,경상사고,0,0,2,0,차대차 - 추돌,안전운전불이행,건조,맑음,단일로 - 기타,승용,남,66세,상해없음,승용,남,39세,경상
2018052200100454,2018년 5월 22일 18시,화요일,대구광역시 중구 북성로1가,중상사고,0,1,0,0,차대사람 - 기타,안전운전불이행,건조,맑음,교차로 - 교차로부근,승용,여,49세,상해없음,보행자,여,63세,중상
2018052200100455,2018년 5월 22일 18시,화요일,대구광역시 북구 태전동,경상사고,0,0,2,0,차대사람 - 차도통행중,불법유턴,건조,흐림,교차로 - 교차로부근,승합,남,54세,상해없음,보행자,여,55세,경상
2018052200100487,2018년 5월 22일 19시,화요일,대구광역시 수성구 황금동,경상사고,0,0,1,0,차대차 - 측면충돌,교차로운행방법위반,건조,맑음,교차로 - 교차로안,승용,남,37세,상해없음,이륜,남,41세,경상
2018052200100488,2018년 5월 22일 19시,화요일,대구광역시 수성구 수성동1가,중상사고,0,1,0,0,차대사람 - 기타,안전운전불이행,건조,맑음,단일로 - 기타,승용,여,46세,상해없음,보행자,여,82세,중상
2018052200100489,2018년 5월 22일 19시,화요일,대구광역시 북구 복현동,경상사고,0,0,1,0,차대차 - 측면충돌,안전운전불이행,건조,맑음,단일로 - 기타,승용,남,22세,상해없음,원동기,남,25세,경상
2018052200100490,2018년 5월 22일 19시,화요일,대구광역시 북구 노원동1가,중상사고,0,1,0,0,차대사람 - 횡단중,안전운전불이행,건조,맑음,교차로 - 교차로부근,승용,남,50세,상해없음,보행자,여,52세,중상
2018052200100491,2018년 5월 22일 19시,화요일,대구광역시 북구 동천동,경상사고,0,0,3,0,차대차 - 추돌,안전운전불이행,젖음/습기,비,교차로 - 교차로안,승용,여,37세,경상,승용,여,50세,경상
2018052200100532,2018년 5월 22일 20시,화요일,대구광역시 북구 칠성동1가,경상사고,0,0,1,0,차대사람 - 길가장자리구역통행중,안전운전불이행,건조,맑음,교차로 - 교차로안,자전거,남,40세,상해없음,보행자,남,24세,경상
2018052200100533,2018년 5월 22일 20시,화요일,대구광역시 달서구 호산동,경상사고,0,0,1,0,차대차 - 측면충돌,교차로운행방법위반,젖음/습기,비,교차로 - 교차로안,승용,남,38세,상해없음,승용,남,58세,경상
2018052200100563,2018년 5월 22일 21시,화요일,대구광역시 북구 금호동,사망사고,1,0,2,0,차대차 - 기타,안전운전불이행,젖음/습기,비,단일로 - 기타,승용,남,42세,상해없음,화물,기타불명,기타불명,기타불명
2018052200100568,2018년 5월 22일 21시,화요일,대구광역시 동구 봉무동,중상사고,0,1,0,0,차대차 - 기타,교차로운행방법위반,젖음/습기,비,교차로 - 교차로안,승용,남,43세,상해없음,이륜,남,22세,중상
2018052200100569,2018년 5월 22일 21시,화요일,대구광역시 동구 방촌동,중상사고,0,1,0,0,차대사람 - 횡단중,보행자보호의무위반,젖음/습기,비,교차로 - 교차로횡단보도내,승용,여,53세,상해없음,보행자,여,49세,중상
2018052200100570,2018년 5월 22일 21시,화요일,대구광역시 달서구 본동,부상신고사고,0,0,0,1,차대차 - 측면충돌,안전운전불이행,젖음/습기,비,단일로 - 기타,이륜,남,39세,부상신고,승용,여,39세,상해없음
2018052200100602,2018년 5월 22일 22시,화요일,대구광역시 달성군 유가읍,중상사고,0,1,0,0,차대차 - 측면충돌,신호위반,젖음/습기,비,교차로 - 교차로안,승용,남,57세,상해없음,자전거,여,51세,중상
2018052200100603,2018년 5월 22일 22시,화요일,대구광역시 중구 동인동3가,경상사고,0,0,1,0,차대차 - 측면충돌,교차로운행방법위반,젖음/습기,비,교차로 - 교차로안,승용,여,39세,상해없음,승용,남,72세,상해없음
2018052200100604,2018년 5월 22일 22시,화요일,대구광역시 중구 동인동3가,경상사고,0,0,1,0,차대차 - 측면충돌,신호위반,젖음/습기,비,교차로 - 교차로안,이륜,남,26세,상해없음,승용,남,58세,경상
2018052300100024,2018년 5월 23일 01시,수요일,대구광역시 서구 평리동,경상사고,0,0,1,0,차대차 - 측면충돌,안전운전불이행,젖음/습기,비,단일로 - 기타,승용,남,26세,상해없음,승용,남,56세,경상
2018052300100090,2018년 5월 23일 07시,수요일,대구광역시 달서구 월암동,경상사고,0,0,2,0,차대차 - 추돌,안전거리미확보,젖음/습기,비,단일로 - 기타,승용,남,24세,상해없음,승합,남,65세,상해없음
2018052300100091,2018년 5월 23일 07시,수요일,대구광역시 달성군 화원읍,경상사고,0,0,1,0,차대차 - 추돌,안전운전불이행,건조,맑음,교차로 - 교차로부근,화물,남,53세,상해없음,승용,여,41세,경상
2018052300100092,2018년 5월 23일 07시,수요일,대구광역시 북구 침산동,중상사고,0,1,0,0,차대차 - 측면충돌,안전운전불이행,건조,맑음,단일로 - 기타,승용,남,50세,상해없음,원동기,남,65세,중상
2018052300100093,2018년 5월 23일 07시,수요일,대구광역시 북구 금호동,사망사고,1,0,0,0,차량단독 - 기타,안전운전불이행,젖음/습기,비,단일로 - 기타,화물,남,28세,사망,,,,
2018052300100136,2018년 5월 23일 08시,수요일,대구광역시 수성구 신매동,경상사고,0,0,1,0,차대사람 - 횡단중,신호위반,젖음/습기,맑음,단일로 - 기타,승용,여,48세,상해없음,보행자,남,10세,경상
2018052300100137,2018년 5월 23일 08시,수요일,대구광역시 달서구 상인동,경상사고,0,0,3,0,차대차 - 측면충돌,안전거리미확보,건조,맑음,단일로 - 기타,승용,남,26세,경상,승용,남,59세,경상
2018052300100138,2018년 5월 23일 08시,수요일,대구광역시 북구 침산동,경상사고,0,0,1,0,차대차 - 추돌,안전운전불이행,건조,맑음,교차로 - 교차로부근,화물,남,34세,상해없음,승용,여,41세,경상
2018052300100176,2018년 5월 23일 09시,수요일,대구광역시 동구 지묘동,경상사고,0,0,3,0,차대차 - 측면충돌,안전운전불이행,건조,맑음,교차로 - 교차로부근,승용,여,73세,상해없음,이륜,남,63세,경상
2018052300100177,2018년 5월 23일 09시,수요일,대구광역시 북구 고성동3가,중상사고,0,1,0,0,차대차 - 측면충돌,직진우회전진행방해,건조,맑음,교차로 - 교차로안,승용,남,40세,상해없음,자전거,여,48세,중상
2018052300100178,2018년 5월 23일 09시,수요일,대구광역시 중구 남산동,경상사고,0,0,1,0,차대차 - 기타,안전운전불이행,건조,맑음,단일로 - 기타,승용,여,52세,상해없음,승용,여,35세,경상
2018052300100179,2018년 5월 23일 09시,수요일,대구광역시 북구 매천동,중상사고,0,1,0,0,차대차 - 기타,안전운전불이행,건조,맑음,단일로 - 기타,승용,여,38세,상해없음,자전거,여,67세,중상
2018052300100209,2018년 5월 23일 10시,수요일,대구광역시 남구 봉덕동,경상사고,0,0,1,0,차대차 - 측면충돌,안전운전불이행,건조,맑음,교차로 - 교차로부근,화물,여,61세,상해없음,승용,남,61세,경상
2018052300100241,2018년 5월 23일 11시,수요일,대구광역시 수성구 두산동,경상사고,0,0,2,0,차대차 - 추돌,안전거리미확보,건조,맑음,단일로 - 기타,화물,남,53세,상해없음,승용,남,67세,경상
2018052300100243,2018년 5월 23일 11시,수요일,대구광역시 달서구 대곡동,경상사고,0,0,1,0,차대차 - 측면충돌,안전운전불이행,건조,맑음,교차로 - 교차로부근,승용,남,67세,상해없음,이륜,여,56세,경상
2018052300100244,2018년 5월 23일 11시,수요일,대구광역시 달서구 상인동,경상사고,0,0,1,0,차대차 - 추돌,안전거리미확보,건조,맑음,단일로 - 기타,승용,남,63세,상해없음,이륜,남,41세,경상
2018052300100286,2018년 5월 23일 12시,수요일,대구광역시 동구 방촌동,경상사고,0,0,2,0,차대차 - 측면충돌,안전운전불이행,건조,맑음,단일로 - 기타,승용,남,37세,상해없음,승용,남,63세,경상
2018052300100287,2018년 5월 23일 12시,수요일,대구광역시 달성군 유가읍,중상사고,0,1,0,0,차대차 - 기타,안전운전불이행,건조,맑음,단일로 - 기타,승용,남,60세,상해없음,이륜,남,51세,중상
2018052300100317,2018년 5월 23일 13시,수요일,대구광역시 수성구 황금동,경상사고,0,0,1,0,차대차 - 추돌,안전운전불이행,건조,맑음,단일로 - 기타,승용,남,51세,상해없음,승용,남,37세,경상
2018052300100318,2018년 5월 23일 13시,수요일,대구광역시 수성구 범어동,경상사고,0,0,4,1,차대차 - 측면충돌,안전거리미확보,건조,맑음,단일로 - 기타,승용,여,38세,부상신고,승용,여,38세,상해없음
2018052300100363,2018년 5월 23일 14시,수요일,대구광역시 달서구 송현동,경상사고,0,0,1,0,차대사람 - 횡단중,신호위반,건조,맑음,단일로 - 기타,승용,여,45세,상해없음,보행자,남,12세,경상
2018052300100364,2018년 5월 23일 14시,수요일,대구광역시 달서구 송현동,경상사고,0,0,1,0,차대차 - 측면충돌,교차로운행방법위반,건조,맑음,교차로 - 교차로안,승용,남,48세,상해없음,승용,여,63세,경상
2018052300100469,2018년 5월 23일 17시,수요일,대구광역시 남구 봉덕동,중상사고,0,1,1,0,차대차 - 측면충돌,교차로운행방법위반,건조,맑음,교차로 - 교차로안,이륜,남,49세,중상,승용,남,26세,경상
2018052300100470,2018년 5월 23일 17시,수요일,대구광역시 수성구 범어동,경상사고,0,0,1,0,차대차 - 측면충돌,교차로운행방법위반,건조,맑음,교차로 - 교차로안,화물,남,72세,상해없음,승용,여,34세,경상
2018052300100471,2018년 5월 23일 17시,수요일,대구광역시 수성구 범물동,경상사고,0,0,1,0,차대차 - 추돌,안전운전불이행,건조,맑음,교차로 - 교차로안,승용,여,43세,상해없음,승용,여,68세,경상
2018052300100472,2018년 5월 23일 17시,수요일,대구광역시 수성구 범어동,경상사고,0,0,1,0,차대차 - 측면충돌,안전거리미확보,건조,맑음,단일로 - 기타,승용,남,76세,상해없음,승용,남,32세,경상
2018052300100525,2018년 5월 23일 18시,수요일,대구광역시 수성구 수성동2가,경상사고,0,0,1,0,차대차 - 추돌,안전운전불이행,건조,맑음,단일로 - 기타,승용,남,37세,상해없음,승용,여,47세,경상
2018052300100526,2018년 5월 23일 18시,수요일,대구광역시 수성구 범어동,중상사고,0,1,0,0,차량단독 - 기타,안전운전불이행,건조,맑음,단일로 - 기타,승합,남,37세,상해없음,,,,
2018052300100527,2018년 5월 23일 18시,수요일,대구광역시 서구 상리동,부상신고사고,0,0,0,1,차대차 - 기타,안전거리미확보,건조,맑음,단일로 - 기타,승용,여,58세,상해없음,승용,남,39세,부상신고
2018052300100528,2018년 5월 23일 18시,수요일,대구광역시 달서구 장기동,중상사고,0,1,0,0,차대차 - 측면충돌,신호위반,건조,맑음,단일로 - 기타,승용,남,59세,기타불명,자전거,여,30세,중상
2018052300100567,2018년 5월 23일 19시,수요일,대구광역시 북구 노원동2가,경상사고,0,0,1,0,차대차 - 추돌,안전운전불이행,건조,맑음,교차로 - 교차로부근,승용,남,25세,상해없음,승용,남,58세,경상