사고번호,사고일시,요일,시군구,사고내용,사망자수,중상자수,경상자수,부상신고자수,사고유형,법규위반,노면상태,기상상태,도로형태,가해운전자 차종,가해운전자 성별,가해운전자 연령,가해운전자 상해정도,피해운전자 차종,피해운전자 성별,피해운전자 연령,피해운전자 상해정도
2018052300100568,2018년 5월 23일 19시,수요일,대구광역시 북구 태전동,경상사고,0,0,1,0,차대차 - 측면충돌,안전운전불이행,건조,맑음,교차로 - 교차로안,승용,남,70세,상해없음,자전거,남,59세,경상
2018052300100596,2018년 5월 23일 20시,수요일,대구광역시 동구 율하동,경상사고,0,0,2,0,차대차 - 측면충돌,안전운전불이행,건조,맑음,단일로 - 기타,승용,여,35세,상해없음,승용,여,33세,경상
2018052300100597,2018년 5월 23일 20시,수요일,대구광역시 달서구 유천동,경상사고,0,0,1,1,차대차 - 기타,안전운전불이행,건조,맑음,단일로 - 기타,승합,남,44세,상해없음,승용,남,32세,경상
2018052300100598,2018년 5월 23일 20시,수요일,대구광역시 중구 대봉동,부상신고사고,0,0,0,1,차대차 - 측면충돌,안전거리미확보,건조,맑음,단일로 - 기타,이륜,남,69세,부상신고,승용,여,34세,상해없음
2018052300100599,2018년 5월 23일 20시,수요일,대구광역시 달서구 감삼동,경상사고,0,0,2,0,차대차 - 추돌,안전운전불이행,건조,맑음,단일로 - 기타,승용,남,66세,상해없음,승용,남,56세,경상
2018052300100600,2018년 5월 23일 20시,수요일,대구광역시 달서구 장기동,경상사고,0,0,1,0,차대사람 - 기타,안전운전불이행,건조,맑음,단일로 - 기타,승용,남,33세,상해없음,보행자,여,26세,경상
2018052300100622,2018년 5월 23일 21시,수요일,대구광역시 달서구 이곡동,중상사고,0,1,0,0,차대사람 - 기타,보행자보호의무위반,건조,기타,교차로 - 교차로횡단보도내,승용,여,52세,상해없음,보행자,여,52세,중상
2018052300100646,2018년 5월 23일 22시,수요일,대구광역시 남구 봉덕동,경상사고,0,0,2,0,차대차 - 측면충돌,교차로운행방법위반,건조,맑음,교차로 - 교차로안,승용,남,48세,상해없음,승용,여,52세,경상
2018052400100025,2018년 5월 24일 01시,목요일,대구광역시 수성구 수성동3가,중상사고,0,1,0,0,차대사람 - 횡단중,안전운전불이행,건조,맑음,교차로 - 교차로부근,승용,남,39세,상해없음,보행자,남,48세,중상
2018052400100026,2018년 5월 24일 01시,목요일,대구광역시 수성구 시지동,중상사고,0,1,0,0,차대차 - 측면충돌,안전운전불이행,건조,맑음,교차로 - 교차로안,승용,여,38세,중상,승용,남,30세,상해없음
2018052400100084,2018년 5월 24일 07시,목요일,대구광역시 수성구 수성동4가,경상사고,0,0,1,0,차대사람 - 횡단중,신호위반,건조,맑음,교차로 - 교차로횡단보도내,승용,여,46세,상해없음,보행자,여,20세,경상
2018052400100139,2018년 5월 24일 08시,목요일,대구광역시 남구 대명동,경상사고,0,0,1,0,차대사람 - 기타,중앙선침범,건조,맑음,단일로 - 기타,승용,남,63세,상해없음,보행자,남,65세,경상
2018052400100169,2018년 5월 24일 09시,목요일,대구광역시 달서구 송현동,경상사고,0,0,1,0,차대차 - 측면충돌,기타,건조,맑음,교차로 - 교차로부근,승합,남,54세,상해없음,자전거,남,26세,경상
2018052400100207,2018년 5월 24일 10시,목요일,대구광역시 남구 대명동,경상사고,0,0,1,0,차대차 - 추돌,안전운전불이행,건조,맑음,단일로 - 터널,화물,남,73세,상해없음,승용,여,47세,경상
2018052400100208,2018년 5월 24일 10시,목요일,대구광역시 북구 서변동,중상사고,0,1,1,0,차대차 - 기타,교차로운행방법위반,건조,맑음,교차로 - 교차로안,화물,남,57세,경상,승용,여,51세,중상
2018052400100241,2018년 5월 24일 11시,목요일,대구광역시 달서구 월성동,경상사고,0,0,2,0,차대차 - 측면충돌,신호위반,건조,맑음,교차로 - 교차로안,승용,남,63세,상해없음,승용,남,54세,경상
2018052400100273,2018년 5월 24일 12시,목요일,대구광역시 달서구 감삼동,중상사고,0,1,0,0,차대사람 - 기타,기타,건조,맑음,기타 - 기타,화물,남,31세,상해없음,보행자,여,85세,중상
2018052400100274,2018년 5월 24일 12시,목요일,대구광역시 북구 서변동,중상사고,0,1,0,0,차대차 - 측면충돌,신호위반,건조,맑음,교차로 - 교차로안,화물,남,50세,기타불명,승용,여,58세,중상
2018052400100332,2018년 5월 24일 14시,목요일,대구광역시 동구 효목동,경상사고,0,0,1,0,차대차 - 측면충돌,안전운전불이행,건조,맑음,단일로 - 기타,화물,남,46세,상해없음,화물,남,70세,경상
2018052400100333,2018년 5월 24일 14시,목요일,대구광역시 수성구 만촌동,중상사고,0,1,0,0,차대차 - 측면충돌,안전운전불이행,건조,맑음,단일로 - 기타,승용,남,66세,상해없음,이륜,남,55세,중상
2018052400100364,2018년 5월 24일 15시,목요일,대구광역시 달서구 월성동,경상사고,0,0,1,0,차대차 - 측면충돌,불법유턴,건조,맑음,교차로 - 교차로횡단보도내,자전거,남,13세,경상,이륜,여,45세,상해없음
2018052400100397,2018년 5월 24일 16시,목요일,대구광역시 남구 대명동,경상사고,0,0,1,1,차대차 - 측면충돌,안전운전불이행,건조,맑음,단일로 - 기타,승용,여,54세,부상신고,승용,남,41세,경상
2018052400100398,2018년 5월 24일 16시,목요일,대구광역시 수성구 만촌동,중상사고,0,1,0,0,차대차 - 측면충돌,안전운전불이행,건조,맑음,교차로 - 교차로횡단보도내,승용,남,66세,상해없음,자전거,남,84세,중상
2018052400100399,2018년 5월 24일 16시,목요일,대구광역시 중구 남산동,경상사고,0,0,1,0,차대차 - 추돌,안전거리미확보,건조,맑음,단일로 - 기타,승용,남,18세,상해없음,승용,남,21세,경상
2018052400100438,2018년 5월 24일 17시,목요일,대구광역시 남구 대명동,경상사고,0,0,1,0,차대차 - 측면충돌,교차로운행방법위반,건조,맑음,단일로 - 기타,승용,남,53세,상해없음,이륜,남,29세,경상
2018052400100439,2018년 5월 24일 17시,목요일,대구광역시 동구 입석동,경상사고,0,0,1,0,차대차 - 추돌,안전운전불이행,건조,맑음,교차로 - 교차로안,화물,남,26세,상해없음,승용,남,60세,경상
2018052400100440,2018년 5월 24일 17시,목요일,대구광역시 수성구 지산동,중상사고,0,1,0,0,차대차 - 측면충돌,안전운전불이행,건조,맑음,교차로 - 교차로부근,승용,여,35세,상해없음,이륜,남,32세,중상
2018052400100441,2018년 5월 24일 17시,목요일,대구광역시 달서구 진천동,경상사고,0,0,1,0,차대사람 - 길가장자리구역통행중,안전운전불이행,건조,맑음,단일로 - 기타,자전거,남,43세,상해없음,보행자,여,69세,경상
2018052400100442,2018년 5월 24일 17시,목요일,대구광역시 달서구 용산동,경상사고,0,0,2,0,차대차 - 측면충돌,차로위반,건조,맑음,기타 - 기타,승용,남,55세,상해없음,승용,남,48세,경상
2018052400100488,2018년 5월 24일 18시,목요일,대구광역시 남구 봉덕동,경상사고,0,0,1,0,차대사람 - 기타,안전운전불이행,건조,맑음,단일로 - 기타,승용,여,62세,상해없음,보행자,남,9세,경상
2018052400100489,2018년 5월 24일 18시,목요일,대구광역시 수성구 신매동,중상사고,0,1,0,0,차량단독 - 기타,안전운전불이행,건조,맑음,단일로 - 기타,기타불명,기타불명,미분류,기타불명,,,,
2018052400100490,2018년 5월 24일 18시,목요일,대구광역시 달서구 상인동,경상사고,0,0,3,0,차대차 - 측면충돌,직진우회전진행방해,건조,맑음,교차로 - 교차로안,승용,남,61세,경상,승용,남,45세,경상
2018052400100491,2018년 5월 24일 18시,목요일,대구광역시 서구 평리동,경상사고,0,0,1,0,차대차 - 정면충돌,안전운전불이행,건조,맑음,교차로 - 교차로안,화물,남,64세,상해없음,화물,남,39세,경상
2018052400100519,2018년 5월 24일 19시,목요일,대구광역시 남구 대명동,경상사고,0,0,1,0,차대차 - 측면충돌,기타,건조,맑음,단일로 - 기타,승용,남,74세,상해없음,자전거,남,32세,경상
2018052400100520,2018년 5월 24일 19시,목요일,대구광역시 수성구 지산동,중상사고,0,1,2,0,차대차 - 측면충돌,안전운전불이행,건조,맑음,단일로 - 기타,승용,남,59세,경상,승용,여,54세,중상
2018052400100521,2018년 5월 24일 19시,목요일,대구광역시 서구 평리동,부상신고사고,0,0,0,1,차대차 - 측면충돌,안전운전불이행,건조,맑음,교차로 - 교차로안,이륜,남,21세,부상신고,승합,남,34세,상해없음
2018052400100522,2018년 5월 24일 19시,목요일,대구광역시 달서구 성당동,경상사고,0,0,1,0,차대차 - 추돌,안전운전불이행,건조,맑음,단일로 - 기타,승용,남,24세,상해없음,승용,남,37세,경상
2018052400100523,2018년 5월 24일 19시,목요일,대구광역시 북구 매천동,부상신고사고,0,0,0,1,차대차 - 기타,안전운전불이행,건조,맑음,단일로 - 고가도로위,승용,남,62세,상해없음,이륜,남,36세,부상신고
2018052400100556,2018년 5월 24일 20시,목요일,대구광역시 달성군 논공읍,경상사고,0,0,1,0,차대차 - 측면충돌,교차로운행방법위반,건조,맑음,교차로 - 교차로안,화물,남,34세,상해없음,승용,여,58세,경상
2018052400100585,2018년 5월 24일 21시,목요일,대구광역시 동구 방촌동,중상사고,0,1,0,0,차대사람 - 횡단중,안전운전불이행,건조,맑음,교차로 - 교차로횡단보도내,승용,남,59세,기타불명,보행자,남,55세,중상
2018052400100586,2018년 5월 24일 21시,목요일,대구광역시 중구 공평동,경상사고,0,0,1,0,차대차 - 기타,안전거리미확보,건조,맑음,교차로 - 교차로부근,승용,남,19세,상해없음,승용,남,58세,경상
2018052400100625,2018년 5월 24일 23시,목요일,대구광역시 달성군 다사읍,경상사고,0,0,1,0,차대차 - 측면충돌,안전운전불이행,건조,맑음,교차로 - 교차로안,이륜,남,51세,상해없음,승용,여,46세,상해없음
2018052500100013,2018년 5월 25일 00시,금요일,대구광역시 수성구 지산동,경상사고,0,0,1,0,차대사람 - 기타,안전운전불이행,건조,맑음,단일로 - 기타,승용,남,45세,상해없음,보행자,남,35세,경상
2018052500100045,2018년 5월 25일 02시,금요일,대구광역시 동구 신암동,경상사고,0,0,1,0,차대차 - 측면충돌,직진우회전진행방해,건조,맑음,교차로 - 교차로안,승용,남,63세,상해없음,승용,남,30세,경상
2018052500100046,2018년 5월 25일 02시,금요일,대구광역시 동구 검사동,경상사고,0,0,1,0,차대차 - 기타,안전운전불이행,건조,맑음,단일로 - 기타,승용,남,34세,상해없음,승용,남,61세,경상
2018052500100047,2018년 5월 25일 02시,금요일,대구광역시 동구 신암동,중상사고,0,1,0,1,차대차 - 측면충돌,중앙선침범,건조,맑음,단일로 - 기타,승용,남,29세,상해없음,승용,남,29세,부상신고
2018052500100048,2018년 5월 25일 02시,금요일,대구광역시 중구 삼덕동1가,경상사고,0,0,1,0,차대사람 - 길가장자리구역통행중,안전운전불이행,건조,맑음,단일로 - 기타,승용,남,20세,상해없음,보행자,남,26세,경상
2018052500100101,2018년 5월 25일 07시,금요일,대구광역시 달서구 도원동,부상신고사고,0,0,0,2,차대차 - 추돌,안전거리미확보,건조,맑음,단일로 - 기타,승용,여,26세,상해없음,승용,남,44세,부상신고
2018052500100133,2018년 5월 25일 08시,금요일,대구광역시 남구 대명동,중상사고,0,1,0,0,차대차 - 측면충돌,안전운전불이행,건조,맑음,단일로 - 기타,승용,여,46세,상해없음,화물,남,42세,중상
2018052500100134,2018년 5월 25일 08시,금요일,대구광역시 달성군 다사읍,중상사고,0,1,0,0,차대차 - 측면충돌,교차로운행방법위반,건조,맑음,교차로 - 교차로안,화물,남,67세,상해없음,화물,남,49세,중상
2018052500100135,2018년 5월 25일 08시,금요일,대구광역시 서구 비산동,경상사고,0,0,2,0,차대차 - 측면충돌,안전거리미확보,건조,맑음,단일로 - 기타,승용,남,46세,경상,승용,남,40세,경상
2018052500100172,2018년 5월 25일 09시,금요일,대구광역시 수성구 대흥동,경상사고,0,0,3,0,차대차 - 추돌,안전운전불이행,건조,맑음,교차로 - 교차로안,승용,여,38세,경상,화물,남,46세,상해없음
2018052500100173,2018년 5월 25일 09시,금요일,대구광역시 수성구 만촌동,경상사고,0,0,1,0,차대차 - 측면충돌,안전거리미확보,건조,맑음,단일로 - 기타,승용,여,58세,상해없음,승용,여,48세,경상
2018052500100174,2018년 5월 25일 09시,금요일,대구광역시 달서구 월성동,부상신고사고,0,0,0,1,차대사람 - 기타,기타,건조,맑음,교차로 - 교차로안,화물,남,57세,상해없음,보행자,여,77세,부상신고
2018052500100175,2018년 5월 25일 09시,금요일,대구광역시 달성군 현풍읍,부상신고사고,0,0,0,1,차대차 - 기타,안전운전불이행,건조,맑음,단일로 - 기타,자전거,남,68세,부상신고,승합,남,69세,상해없음
2018052500100176,2018년 5월 25일 09시,금요일,대구광역시 중구 봉산동,경상사고,0,0,1,1,차대차 - 측면충돌,안전운전불이행,건조,맑음,단일로 - 기타,승용,남,66세,부상신고,화물,남,63세,경상
2018052500100177,2018년 5월 25일 09시,금요일,대구광역시 북구 매천동,경상사고,0,0,1,0,차대차 - 기타,기타,건조,맑음,교차로 - 교차로부근,승용,남,46세,상해없음,자전거,여,66세,경상
2018052500100219,2018년 5월 25일 10시,금요일,대구광역시 북구 매천동,경상사고,0,0,1,0,차대차 - 측면충돌,안전운전불이행,건조,맑음,교차로 - 교차로안,승용,남,61세,상해없음,승용,여,36세,경상
2018052500100247,2018년 5월 25일 11시,금요일,대구광역시 중구 수창동,부상신고사고,0,0,0,2,차대차 - 측면충돌,안전거리미확보,건조,맑음,단일로 - 기타,승용,남,62세,상해없음,이륜,남,17세,부상신고
2018052500100281,2018년 5월 25일 12시,금요일,대구광역시 달서구 감삼동,경상사고,0,0,2,0,차대차 - 측면충돌,신호위반,건조,맑음,단일로 - 기타,이륜,남,76세,상해없음,승용,남,55세,경상
2018052500100310,2018년 5월 25일 13시,금요일,대구광역시 달서구 송현동,경상사고,0,0,1,0,차대차 - 측면충돌,신호위반,건조,맑음,교차로 - 교차로안,승용,남,36세,상해없음,승용,여,33세,경상
2018052500100351,2018년 5월 25일 14시,금요일,대구광역시 북구 산격동,중상사고,0,1,0,0,차대차 - 기타,신호위반,건조,맑음,단일로 - 기타,원동기,여,20세,중상,승용,여,57세,상해없음
2018052500100352,2018년 5월 25일 14시,금요일,대구광역시 달서구 이곡동,중상사고,0,1,0,0,차대차 - 측면충돌,직진우회전진행방해,건조,맑음,교차로 - 교차로안,승용,남,29세,상해없음,자전거,남,76세,중상
2018052500100353,2018년 5월 25일 14시,금요일,대구광역시 달서구 두류동,경상사고,0,0,1,0,차대사람 - 보도통행중,안전운전불이행,건조,맑음,기타 - 기타,특수,남,49세,상해없음,보행자,남,48세,경상
2018052500100389,2018년 5월 25일 15시,금요일,대구광역시 서구 비산동,중상사고,0,1,0,0,차대사람 - 횡단중,보행자보호의무위반,건조,맑음,단일로 - 기타,화물,남,50세,상해없음,보행자,여,72세,중상
2018052500100418,2018년 5월 25일 16시,금요일,대구광역시 동구 율하동,경상사고,0,0,2,0,차대차 - 추돌,안전운전불이행,건조,맑음,교차로 - 교차로안,승용,남,55세,상해없음,승용,남,43세,경상
2018052500100419,2018년 5월 25일 16시,금요일,대구광역시 달성군 다사읍,경상사고,0,0,1,0,차대차 - 추돌,안전거리미확보,건조,맑음,교차로 - 교차로부근,승용,남,59세,상해없음,승용,남,48세,경상
2018052500100420,2018년 5월 25일 16시,금요일,대구광역시 북구 침산동,중상사고,0,1,0,0,차대차 - 측면충돌,기타,건조,맑음,단일로 - 기타,승용,남,68세,상해없음,원동기,남,47세,중상
2018052500100421,2018년 5월 25일 16시,금요일,대구광역시 북구 노원동3가,경상사고,0,0,2,0,차대차 - 측면충돌,차로위반,건조,맑음,단일로 - 기타,승용,남,34세,경상,승용,남,48세,경상
2018052500100422,2018년 5월 25일 16시,금요일,대구광역시 서구 내당동,경상사고,0,0,1,0,차대차 - 추돌,안전운전불이행,건조,맑음,단일로 - 기타,승용,여,49세,상해없음,화물,남,61세,상해없음
2018052500100423,2018년 5월 25일 16시,금요일,대구광역시 달서구 신당동,경상사고,0,0,2,0,차대차 - 측면충돌,안전거리미확보,건조,맑음,단일로 - 기타,승용,남,54세,경상,화물,남,40세,경상
2018052500100474,2018년 5월 25일 17시,금요일,대구광역시 달서구 상인동,경상사고,0,0,1,0,차대차 - 기타,교차로운행방법위반,건조,맑음,교차로 - 교차로안,화물,남,67세,상해없음,승용,남,23세,경상
2018052500100475,2018년 5월 25일 17시,금요일,대구광역시 달서구 이곡동,경상사고,0,0,2,0,차대차 - 측면충돌,안전운전불이행,건조,맑음,단일로 - 기타,승용,여,51세,상해없음,이륜,남,19세,경상
2018052500100476,2018년 5월 25일 17시,금요일,대구광역시 북구 동천동,중상사고,0,1,0,0,차대차 - 기타,안전운전불이행,건조,맑음,단일로 - 기타,승용,남,49세,상해없음,승합,남,45세,상해없음
2018052500100516,2018년 5월 25일 18시,금요일,대구광역시 수성구 만촌동,경상사고,0,0,1,1,차대사람 - 보도통행중,기타,건조,맑음,단일로 - 기타,기타불명,기타불명,미분류,기타불명,보행자,여,11세,부상신고
2018052500100517,2018년 5월 25일 18시,금요일,대구광역시 서구 내당동,중상사고,0,1,0,0,차대차 - 측면충돌,교차로운행방법위반,건조,맑음,교차로 - 교차로안,승용,남,33세,상해없음,이륜,남,19세,중상
2018052500100518,2018년 5월 25일 18시,금요일,대구광역시 북구 팔달동,경상사고,0,0,1,0,차대사람 - 기타,기타,건조,맑음,단일로 - 기타,승합,남,54세,상해없음,보행자,남,66세,경상
2018052500100592,2018년 5월 25일 20시,금요일,대구광역시 달서구 성당동,경상사고,0,0,1,0,차대사람 - 횡단중,안전운전불이행,건조,맑음,기타 - 기타,승용,남,32세,상해없음,보행자,남,62세,경상
2018052500100629,2018년 5월 25일 21시,금요일,대구광역시 북구 대현동,경상사고,0,0,1,0,차대차 - 측면충돌,안전운전불이행,건조,맑음,단일로 - 기타,기타불명,기타불명,미분류,기타불명,이륜,남,29세,경상
2018052500100630,2018년 5월 25일 21시,금요일,대구광역시 북구 구암동,경상사고,0,0,1,1,차대사람 - 기타,보행자보호의무위반,건조,맑음,단일로 - 기타,이륜,남,39세,부상신고,보행자,여,14세,경상
2018052500100668,2018년 5월 25일 22시,금요일,대구광역시 달서구 대천동,중상사고,0,1,0,0,차대차 - 측면충돌,안전운전불이행,건조,맑음,교차로 - 교차로안,승용,남,39세,상해없음,승용,남,56세,중상
2018052500100669,2018년 5월 25일 22시,금요일,대구광역시 북구 구암동,중상사고,0,1,1,0,차대차 - 기타,중앙선침범,건조,맑음,기타 - 기타,승용,남,29세,경상,승합,남,54세,중상
2018052500100684,2018년 5월 25일 23시,금요일,대구광역시 수성구 만촌동,경상사고,0,0,2,0,차대차 - 추돌,안전운전불이행,건조,맑음,단일로 - 기타,승용,남,53세,상해없음,승용,남,31세,경상
2018052500100685,2018년 5월 25일 23시,금요일,대구광역시 수성구 두산동,중상사고,0,1,1,0,차대차 - 측면충돌,교차로운행방법위반,건조,맑음,교차로 - 교차로안,승용,남,41세,경상,승용,남,58세,중상
2018052500100686,2018년 5월 25일 23시,금요일,대구광역시 서구 내당동,중상사고,0,1,4,0,차대차 - 추돌,안전운전불이행,건조,맑음,교차로 - 교차로부근,승용,남,31세,상해없음,승용,남,70세,경상
2018052500100687,2018년 5월 25일 23시,금요일,대구광역시 서구 중리동,중상사고,0,1,0,0,차대차 - 측면충돌,기타,건조,맑음,교차로 - 교차로안,승용,남,67세,상해없음,이륜,남,54세,중상
2018052600100016,2018년 5월 26일 00시,토요일,대구광역시 북구 노원동1가,경상사고,0,0,1,0,차대차 - 측면충돌,안전거리미확보,건조,맑음,단일로 - 기타,승용,남,65세,상해없음,승용,남,61세,경상
2018052600100088,2018년 5월 26일 05시,토요일,대구광역시 북구 칠성동2가,경상사고,0,0,1,0,차대차 - 측면충돌,신호위반,건조,맑음,교차로 - 교차로안,승용,남,39세,상해없음,승용,남,38세,경상
2018052600100105,2018년 5월 26일 06시,토요일,대구광역시 남구 봉덕동,경상사고,0,0,1,0,차대차 - 측면충돌,안전운전불이행,건조,맑음,단일로 - 기타,화물,남,23세,상해없음,승용,남,40세,경상
2018052600100106,2018년 5월 26일 06시,토요일,대구광역시 달성군 논공읍,중상사고,0,1,0,0,차대차 - 정면충돌,안전운전불이행,건조,맑음,교차로 - 교차로안,승용,남,44세,상해없음,승용,남,54세,중상
2018052600100185,2018년 5월 26일 09시,토요일,대구광역시 동구 신암동,중상사고,0,1,0,0,차대사람 - 기타,안전운전불이행,건조,맑음,단일로 - 기타,승용,여,52세,상해없음,보행자,남,54세,중상
2018052600100186,2018년 5월 26일 09시,토요일,대구광역시 북구 노원동3가,경상사고,0,0,2,0,차대차 - 추돌,안전운전불이행,건조,맑음,교차로 - 교차로부근,승용,남,27세,상해없음,승용,남,54세,경상
2018052600100221,2018년 5월 26일 10시,토요일,대구광역시 달서구 송현동,중상사고,0,1,0,0,차대차 - 측면충돌,안전거리미확보,건조,맑음,단일로 - 기타,승용,남,72세,상해없음,승용,남,70세,중상
2018052600100222,2018년 5월 26일 10시,토요일,대구광역시 달서구 이곡동,중상사고,0,3,3,2,차대차 - 정면충돌,불법유턴,건조,맑음,교차로 - 교차로부근,승용,남,54세,상해없음,승용,남,67세,중상
2018052600100223,2018년 5월 26일 10시,토요일,대구광역시 북구 학정동,중상사고,0,1,0,0,차대사람 - 차도통행중,안전운전불이행,건조,맑음,단일로 - 기타,승용,남,70세,상해없음,보행자,여,61세,중상
2018052600100249,2018년 5월 26일 11시,토요일,대구광역시 북구 산격동,경상사고,0,0,1,0,차대차 - 정면충돌,신호위반,건조,맑음,교차로 - 교차로안,화물,남,75세,상해없음,특수,남,50세,경상
2018052600100289,2018년 5월 26일 12시,토요일,대구광역시 남구 대명동,중상사고,0,1,0,0,차대사람 - 차도통행중,안전운전불이행,건조,맑음,단일로 - 기타,승용,여,70세,상해없음,보행자,남,31세,중상
2018052600100290,2018년 5월 26일 12시,토요일,대구광역시 남구 대명동,중상사고,0,1,0,0,차대차 - 측면충돌,안전운전불이행,건조,맑음,교차로 - 교차로부근,승용,여,55세,상해없음,원동기,남,41세,중상
2018052600100291,2018년 5월 26일 12시,토요일,대구광역시 달서구 본리동,경상사고,0,0,1,0,차대차 - 추돌,안전거리미확보,건조,맑음,단일로 - 기타,승합,남,69세,상해없음,승용,여,20세,경상
2018052600100292,2018년 5월 26일 12시,토요일,대구광역시 북구 동천동,경상사고,0,0,1,1,차대차 - 측면충돌,교차로운행방법위반,건조,맑음,교차로 - 교차로안,승용,남,61세,상해없음,승용,남,31세,경상
2018052600100327,2018년 5월 26일 13시,토요일,대구광역시 동구 신천동,경상사고,0,0,1,0,차대차 - 측면충돌,안전운전불이행,건조,맑음,기타 - 기타,승용,여,48세,상해없음,승합,남,48세,경상
2018052600100328,2018년 5월 26일 13시,토요일,대구광역시 달서구 월성동,경상사고,0,0,3,0,차대차 - 추돌,안전운전불이행,건조,맑음,교차로 - 교차로부근,승용,남,51세,상해없음,승용,남,46세,경상
2018052600100329,2018년 5월 26일 13시,토요일,대구광역시 서구 비산동,부상신고사고,0,0,0,1,차대차 - 측면충돌,안전운전불이행,건조,맑음,단일로 - 기타,원동기,남,75세,부상신고,승용,여,38세,상해없음
2018052600100330,2018년 5월 26일 13시,토요일,대구광역시 중구 덕산동,경상사고,0,0,1,0,차대사람 - 기타,안전운전불이행,건조,맑음,단일로 - 기타,승용,남,62세,상해없음,보행자,여,29세,경상
2018052600100331,2018년 5월 26일 13시,토요일,대구광역시 북구 태전동,경상사고,0,0,1,0,차대차 - 기타,안전거리미확보,건조,맑음,단일로 - 기타,승용,남,49세,상해없음,승용,남,26세,상해없음
2018052600100362,2018년 5월 26일 14시,토요일,대구광역시 북구 복현동,경상사고,0,0,1,0,차대차 - 기타,안전운전불이행,건조,맑음,단일로 - 기타,원동기,남,24세,경상,승용,남,43세,상해없음
2018052600100363,2018년 5월 26일 14시,토요일,대구광역시 동구 신천동,경상사고,0,0,1,0,차대차 - 추돌,안전운전불이행,건조,맑음,단일로 - 기타,승용,남,45세,상해없음,승용,남,41세,경상
2018052600100364,2018년 5월 26일 14시,토요일,대구광역시 수성구 범어동,중상사고,0,2,1,0,차대차 - 측면충돌,안전거리미확보,건조,맑음,교차로 - 교차로안,승용,여,55세,상해없음,승용,남,22세,경상
2018052600100402,2018년 5월 26일 15시,토요일,대구광역시 수성구 수성동1가,경상사고,0,0,3,0,차대차 - 추돌,안전거리미확보,건조,맑음,단일로 - 기타,승용,남,25세,상해없음,승용,남,58세,경상
2018052600100403,2018년 5월 26일 15시,토요일,대구광역시 중구 도원동,중상사고,0,1,0,0,차대차 - 측면충돌,안전운전불이행,건조,맑음,교차로 - 교차로부근,승용,남,71세,상해없음,승용,남,32세,상해없음
2018052600100404,2018년 5월 26일 15시,토요일,대구광역시 중구 동인동2가,중상사고,0,1,0,0,차대차 - 측면충돌,안전거리미확보,건조,맑음,단일로 - 기타,승용,남,27세,상해없음,승용,여,47세,중상
2018052600100448,2018년 5월 26일 16시,토요일,대구광역시 동구 신천동,경상사고,0,0,1,0,차대차 - 후진중충돌,안전운전불이행,건조,맑음,단일로 - 기타,승용,여,58세,상해없음,이륜,남,29세,경상
2018052600100449,2018년 5월 26일 16시,토요일,대구광역시 동구 신서동,경상사고,0,0,2,0,차대차 - 기타,안전운전불이행,건조,맑음,교차로 - 교차로부근,승용,여,29세,상해없음,승용,남,34세,경상
2018052600100450,2018년 5월 26일 16시,토요일,대구광역시 북구 칠성동2가,경상사고,0,0,1,0,차대차 - 추돌,교차로운행방법위반,건조,맑음,교차로 - 교차로안,자전거,남,66세,경상,승용,남,62세,상해없음
2018052600100547,2018년 5월 26일 18시,토요일,대구광역시 서구 비산동,경상사고,0,0,1,0,차대차 - 추돌,안전운전불이행,건조,맑음,교차로 - 교차로부근,이륜,남,76세,경상,승용,여,46세,상해없음
2018052600100548,2018년 5월 26일 18시,토요일,대구광역시 달서구 죽전동,중상사고,0,1,0,0,차대차 - 측면충돌,신호위반,건조,맑음,단일로 - 기타,승용,남,59세,상해없음,이륜,남,53세,중상
2018052600100572,2018년 5월 26일 19시,토요일,대구광역시 남구 대명동,중상사고,0,1,0,0,차대차 - 추돌,안전운전불이행,건조,맑음,단일로 - 기타,화물,남,39세,상해없음,이륜,남,22세,중상
2018052600100573,2018년 5월 26일 19시,토요일,대구광역시 남구 대명동,중상사고,0,1,2,0,차대차 - 측면충돌,안전운전불이행,건조,맑음,단일로 - 기타,승용,여,62세,경상,이륜,남,23세,중상
2018052600100574,2018년 5월 26일 19시,토요일,대구광역시 달서구 도원동,경상사고,0,0,1,0,차대차 - 측면충돌,안전운전불이행,건조,맑음,교차로 - 교차로안,승용,여,31세,상해없음,승용,남,67세,경상
2018052600100575,2018년 5월 26일 19시,토요일,대구광역시 달서구 용산동,경상사고,0,0,1,1,차대차 - 측면충돌,교차로운행방법위반,건조,맑음,교차로 - 교차로부근,승용,남,64세,상해없음,승용,남,22세,경상
2018052600100593,2018년 5월 26일 20시,토요일,대구광역시 동구 효목동,중상사고,0,1,0,0,차대사람 - 횡단중,신호위반,건조,맑음,단일로 - 기타,승용,남,60세,상해없음,보행자,남,63세,중상
2018052600100594,2018년 5월 26일 20시,토요일,대구광역시 달서구 감삼동,중상사고,0,1,0,1,차대차 - 측면충돌,교차로운행방법위반,건조,맑음,교차로 - 교차로안,승용,여,51세,상해없음,승용,남,25세,중상
2018052600100623,2018년 5월 26일 21시,토요일,대구광역시 달서구 갈산동,사망사고,1,0,0,0,차대사람 - 차도통행중,안전운전불이행,건조,맑음,단일로 - 기타,승용,남,37세,상해없음,보행자,남,49세,사망
2018052600100624,2018년 5월 26일 21시,토요일,대구광역시 북구 관음동,경상사고,0,0,1,0,차대차 - 측면충돌,안전운전불이행,건조,맑음,단일로 - 기타,이륜,남,19세,경상,승용,남,52세,상해없음