사고번호,사고일시,요일,시군구,사고내용,사망자수,중상자수,경상자수,부상신고자수,사고유형,법규위반,노면상태,기상상태,도로형태,가해운전자 차종,가해운전자 성별,가해운전자 연령,가해운전자 상해정도,피해운전자 차종,피해운전자 성별,피해운전자 연령,피해운전자 상해정도
2018052600100666,2018년 5월 26일 23시,토요일,대구광역시 서구 평리동,경상사고,0,0,1,0,차대차 - 추돌,안전운전불이행,건조,맑음,단일로 - 기타,승합,남,47세,상해없음,승용,남,59세,경상
2018052700100046,2018년 5월 27일 02시,일요일,대구광역시 수성구 수성동1가,중상사고,0,1,0,0,차대차 - 측면충돌,안전거리미확보,건조,맑음,단일로 - 기타,승용,남,33세,상해없음,승용,남,60세,중상
2018052700100060,2018년 5월 27일 03시,일요일,대구광역시 수성구 만촌동,경상사고,0,0,2,0,차대차 - 측면충돌,안전운전불이행,건조,맑음,교차로 - 교차로안,승용,남,40세,상해없음,승용,남,19세,경상
2018052700100061,2018년 5월 27일 03시,일요일,대구광역시 달서구 본동,경상사고,0,0,1,0,차대차 - 추돌,안전운전불이행,건조,맑음,단일로 - 기타,승용,남,53세,상해없음,이륜,남,42세,경상
2018052700100062,2018년 5월 27일 03시,일요일,대구광역시 북구 태전동,경상사고,0,0,1,0,차대차 - 측면충돌,안전운전불이행,건조,맑음,기타 - 기타,승용,남,22세,상해없음,이륜,남,21세,상해없음
2018052700100074,2018년 5월 27일 05시,일요일,대구광역시 달서구 감삼동,경상사고,0,0,1,0,차대차 - 추돌,안전운전불이행,건조,맑음,단일로 - 기타,승용,여,28세,상해없음,승용,여,54세,경상
2018052700100091,2018년 5월 27일 07시,일요일,대구광역시 달서구 대곡동,경상사고,0,0,1,0,차대차 - 측면충돌,신호위반,건조,맑음,교차로 - 교차로안,승용,여,66세,상해없음,승용,남,33세,경상
2018052700100103,2018년 5월 27일 08시,일요일,대구광역시 중구 수창동,중상사고,0,1,0,0,차대차 - 측면충돌,불법유턴,건조,맑음,단일로 - 기타,자전거,남,88세,중상,승용,남,36세,상해없음
2018052700100210,2018년 5월 27일 13시,일요일,대구광역시 북구 대현동,중상사고,0,2,0,0,차대차 - 기타,교차로운행방법위반,건조,맑음,교차로 - 교차로안,승용,남,30세,상해없음,승합,남,49세,상해없음
2018052700100211,2018년 5월 27일 13시,일요일,대구광역시 달서구 이곡동,경상사고,0,0,1,1,차대차 - 측면충돌,기타,건조,맑음,교차로 - 교차로안,승용,여,55세,부상신고,승용,남,66세,경상
2018052700100260,2018년 5월 27일 15시,일요일,대구광역시 북구 구암동,중상사고,0,1,0,0,차대사람 - 기타,안전운전불이행,건조,맑음,단일로 - 기타,이륜,남,15세,상해없음,보행자,여,57세,중상
2018052700100290,2018년 5월 27일 16시,일요일,대구광역시 남구 이천동,경상사고,0,0,1,0,차대사람 - 차도통행중,안전운전불이행,건조,맑음,단일로 - 기타,자전거,남,38세,상해없음,보행자,남,4세,경상
2018052700100337,2018년 5월 27일 18시,일요일,대구광역시 달성군 가창면,경상사고,0,0,2,0,차대차 - 추돌,안전운전불이행,건조,맑음,단일로 - 기타,승용,남,51세,상해없음,승용,여,32세,경상
2018052700100338,2018년 5월 27일 18시,일요일,대구광역시 북구 구암동,경상사고,0,0,1,0,차대사람 - 차도통행중,안전운전불이행,건조,맑음,단일로 - 기타,승용,여,47세,상해없음,보행자,여,25세,경상
2018052700100382,2018년 5월 27일 20시,일요일,대구광역시 동구 방촌동,중상사고,0,1,1,0,차대차 - 측면충돌,직진우회전진행방해,건조,맑음,교차로 - 교차로안,이륜,남,47세,중상,승용,여,38세,경상
2018052700100383,2018년 5월 27일 20시,일요일,대구광역시 동구 백안동,경상사고,0,0,1,0,차대차 - 측면충돌,안전운전불이행,건조,맑음,교차로 - 교차로부근,화물,남,76세,상해없음,승용,여,57세,경상
2018052700100384,2018년 5월 27일 20시,일요일,대구광역시 북구 구암동,경상사고,0,0,1,0,차대차 - 기타,안전운전불이행,건조,맑음,교차로 - 교차로부근,승용,여,56세,상해없음,이륜,남,17세,경상
2018052700100411,2018년 5월 27일 21시,일요일,대구광역시 달서구 성당동,중상사고,0,1,0,0,차대차 - 측면충돌,신호위반,건조,맑음,교차로 - 교차로횡단보도내,승용,남,69세,상해없음,자전거,남,75세,중상
2018052700100431,2018년 5월 27일 22시,일요일,대구광역시 달서구 송현동,부상신고사고,0,0,0,1,차대차 - 측면충돌,신호위반,건조,맑음,교차로 - 교차로안,이륜,남,18세,부상신고,승용,여,49세,상해없음
2018052700100432,2018년 5월 27일 22시,일요일,대구광역시 달성군 다사읍,경상사고,0,0,1,0,차대차 - 기타,안전운전불이행,건조,맑음,단일로 - 기타,승용,남,59세,상해없음,이륜,남,29세,경상
2018052800100016,2018년 5월 28일 01시,월요일,대구광역시 달서구 신당동,부상신고사고,0,0,0,1,차대차 - 추돌,안전운전불이행,건조,맑음,단일로 - 기타,자전거,여,31세,부상신고,건설기계,남,57세,상해없음
2018052800100021,2018년 5월 28일 02시,월요일,대구광역시 서구 평리동,경상사고,0,0,4,0,차대차 - 측면충돌,안전운전불이행,건조,맑음,교차로 - 교차로안,승용,남,53세,상해없음,승용,남,20세,경상
2018052800100043,2018년 5월 28일 04시,월요일,대구광역시 동구 불로동,경상사고,0,0,2,0,차대차 - 추돌,안전운전불이행,건조,맑음,단일로 - 기타,승용,남,59세,상해없음,승용,남,69세,경상
2018052800100092,2018년 5월 28일 07시,월요일,대구광역시 달서구 상인동,경상사고,0,0,1,0,차대차 - 측면충돌,교차로운행방법위반,건조,맑음,교차로 - 교차로안,화물,남,59세,상해없음,자전거,남,31세,경상
2018052800100143,2018년 5월 28일 08시,월요일,대구광역시 동구 신천동,경상사고,0,0,3,0,차대차 - 추돌,안전운전불이행,건조,맑음,단일로 - 기타,화물,남,29세,상해없음,승용,여,57세,경상
2018052800100144,2018년 5월 28일 08시,월요일,대구광역시 동구 신천동,중상사고,0,1,0,0,차대차 - 기타,안전운전불이행,건조,맑음,교차로 - 교차로부근,승용,남,59세,상해없음,자전거,남,41세,중상
2018052800100145,2018년 5월 28일 08시,월요일,대구광역시 달서구 이곡동,경상사고,0,0,2,0,차대차 - 측면충돌,안전운전불이행,건조,맑음,교차로 - 교차로안,승용,남,59세,경상,승용,여,58세,경상
2018052800100146,2018년 5월 28일 08시,월요일,대구광역시 달서구 이곡동,경상사고,0,0,1,0,차대차 - 추돌,차로위반,건조,맑음,단일로 - 기타,승용,남,58세,상해없음,승용,남,58세,경상
2018052800100183,2018년 5월 28일 09시,월요일,대구광역시 동구 신천동,경상사고,0,0,1,0,차대차 - 기타,안전운전불이행,건조,맑음,교차로 - 교차로부근,승용,남,21세,상해없음,승용,여,30세,경상
2018052800100184,2018년 5월 28일 09시,월요일,대구광역시 달서구 진천동,경상사고,0,0,1,0,차대차 - 측면충돌,직진우회전진행방해,건조,맑음,교차로 - 교차로안,승용,남,30세,상해없음,자전거,남,71세,경상
2018052800100243,2018년 5월 28일 11시,월요일,대구광역시 수성구 지산동,경상사고,0,0,2,0,차대차 - 정면충돌,교차로운행방법위반,건조,맑음,교차로 - 교차로안,승용,여,45세,상해없음,승용,여,61세,경상
2018052800100244,2018년 5월 28일 11시,월요일,대구광역시 달서구 유천동,경상사고,0,0,1,0,차대사람 - 보도통행중,기타,건조,맑음,기타 - 기타,승용,남,47세,상해없음,보행자,여,76세,경상
2018052800100278,2018년 5월 28일 12시,월요일,대구광역시 수성구 범어동,경상사고,0,0,4,0,차대차 - 측면충돌,안전거리미확보,건조,맑음,단일로 - 기타,승용,여,70세,상해없음,승용,남,36세,경상
2018052800100332,2018년 5월 28일 14시,월요일,대구광역시 수성구 상동,경상사고,0,0,1,0,차대차 - 추돌,안전거리미확보,건조,맑음,교차로 - 교차로부근,승용,남,73세,상해없음,승용,여,47세,경상
2018052800100333,2018년 5월 28일 14시,월요일,대구광역시 서구 내당동,중상사고,0,1,0,0,차대차 - 기타,안전운전불이행,건조,맑음,단일로 - 기타,이륜,남,59세,중상,승용,여,24세,상해없음
2018052800100362,2018년 5월 28일 15시,월요일,대구광역시 달서구 송현동,중상사고,0,1,0,0,차대차 - 측면충돌,안전운전불이행,건조,맑음,교차로 - 교차로횡단보도내,화물,남,48세,상해없음,자전거,남,90세 이상,중상
2018052800100363,2018년 5월 28일 15시,월요일,대구광역시 중구 대신동,부상신고사고,0,0,0,1,차대사람 - 횡단중,안전운전불이행,건조,맑음,단일로 - 기타,기타불명,기타불명,미분류,기타불명,보행자,여,39세,부상신고
2018052800100364,2018년 5월 28일 15시,월요일,대구광역시 달서구 죽전동,경상사고,0,0,1,0,차대차 - 기타,안전운전불이행,건조,맑음,기타 - 기타,기타불명,기타불명,미분류,기타불명,자전거,남,24세,경상
2018052800100365,2018년 5월 28일 15시,월요일,대구광역시 북구 읍내동,경상사고,0,0,2,0,차대차 - 측면충돌,안전운전불이행,건조,맑음,단일로 - 기타,승용,남,30세,상해없음,화물,남,69세,경상
2018052800100405,2018년 5월 28일 16시,월요일,대구광역시 동구 신천동,부상신고사고,0,0,0,1,차대차 - 기타,안전운전불이행,건조,맑음,단일로 - 지하차도(도로)내,자전거,남,88세,부상신고,자전거,여,49세,상해없음
2018052800100406,2018년 5월 28일 16시,월요일,대구광역시 달서구 송현동,경상사고,0,0,1,0,차대차 - 기타,불법유턴,건조,맑음,단일로 - 기타,자전거,남,70세,경상,승용,남,69세,상해없음
2018052800100407,2018년 5월 28일 16시,월요일,대구광역시 달성군 다사읍,경상사고,0,0,1,0,차대차 - 측면충돌,보행자보호의무위반,건조,맑음,교차로 - 교차로횡단보도내,승용,남,58세,상해없음,자전거,남,7세,경상
2018052800100408,2018년 5월 28일 16시,월요일,대구광역시 달성군 논공읍,경상사고,0,0,1,0,차대차 - 측면충돌,교차로운행방법위반,건조,맑음,교차로 - 교차로안,승용,여,60세,상해없음,승용,여,48세,경상
2018052800100409,2018년 5월 28일 16시,월요일,대구광역시 달서구 이곡동,경상사고,0,0,3,0,차대차 - 추돌,안전운전불이행,건조,맑음,단일로 - 기타,승용,남,81세,상해없음,승합,남,54세,경상
2018052800100454,2018년 5월 28일 17시,월요일,대구광역시 남구 봉덕동,경상사고,0,0,1,0,차대차 - 측면충돌,안전운전불이행,건조,맑음,단일로 - 기타,승용,남,54세,상해없음,승용,남,23세,경상
2018052800100455,2018년 5월 28일 17시,월요일,대구광역시 북구 칠성동2가,경상사고,0,0,1,0,차대차 - 추돌,안전운전불이행,건조,맑음,단일로 - 기타,이륜,남,65세,경상,승용,남,57세,상해없음
2018052800100492,2018년 5월 28일 18시,월요일,대구광역시 동구 입석동,중상사고,0,1,1,0,차대차 - 측면충돌,차로위반,건조,맑음,단일로 - 기타,승용,여,41세,상해없음,이륜,남,21세,중상
2018052800100528,2018년 5월 28일 19시,월요일,대구광역시 수성구 황금동,경상사고,0,0,1,0,차대차 - 측면충돌,안전운전불이행,건조,맑음,단일로 - 고가도로위,승용,남,67세,상해없음,승용,남,58세,경상
2018052800100529,2018년 5월 28일 19시,월요일,대구광역시 달서구 신당동,부상신고사고,0,0,0,2,차대차 - 기타,안전운전불이행,건조,맑음,교차로 - 교차로안,이륜,남,21세,부상신고,승용,남,27세,상해없음
2018052800100560,2018년 5월 28일 20시,월요일,대구광역시 남구 대명동,중상사고,0,1,0,0,차대차 - 측면충돌,안전운전불이행,건조,맑음,교차로 - 교차로안,승용,여,45세,상해없음,자전거,남,71세,중상
2018052800100561,2018년 5월 28일 20시,월요일,대구광역시 수성구 삼덕동,중상사고,0,1,1,0,차대차 - 추돌,안전운전불이행,건조,맑음,교차로 - 교차로부근,화물,남,52세,상해없음,승용,여,47세,중상
2018052800100562,2018년 5월 28일 20시,월요일,대구광역시 북구 구암동,경상사고,0,0,1,0,차대차 - 측면충돌,안전운전불이행,건조,맑음,단일로 - 기타,이륜,남,25세,경상,승용,여,55세,상해없음
2018052800100580,2018년 5월 28일 21시,월요일,대구광역시 서구 내당동,중상사고,0,1,1,0,차대차 - 측면충돌,직진우회전진행방해,건조,맑음,교차로 - 교차로부근,승용,남,51세,상해없음,이륜,남,16세,중상
2018052800100581,2018년 5월 28일 21시,월요일,대구광역시 중구 남일동,경상사고,0,0,1,0,차대사람 - 기타,보행자보호의무위반,건조,맑음,단일로 - 기타,이륜,남,19세,상해없음,보행자,여,61세,경상
2018052800100582,2018년 5월 28일 21시,월요일,대구광역시 달서구 이곡동,중상사고,0,1,0,0,차대차 - 기타,안전운전불이행,건조,맑음,단일로 - 기타,승용,남,64세,상해없음,이륜,남,20세,중상
2018052800100610,2018년 5월 28일 22시,월요일,대구광역시 남구 대명동,중상사고,0,1,1,0,차대차 - 측면충돌,안전거리미확보,건조,맑음,교차로 - 교차로부근,승용,남,44세,상해없음,이륜,남,27세,중상
2018052800100611,2018년 5월 28일 22시,월요일,대구광역시 남구 대명동,경상사고,0,0,1,0,차대사람 - 횡단중,안전운전불이행,건조,맑음,교차로 - 교차로부근,승용,남,52세,상해없음,보행자,여,69세,경상
2018052800100630,2018년 5월 28일 23시,월요일,대구광역시 수성구 삼덕동,경상사고,0,0,6,0,차대차 - 측면충돌,안전운전불이행,건조,맑음,교차로 - 교차로부근,승합,남,49세,상해없음,승용,남,50세,경상
2018052800100631,2018년 5월 28일 23시,월요일,대구광역시 수성구 범어동,중상사고,0,1,0,0,차대차 - 측면충돌,안전거리미확보,건조,맑음,단일로 - 기타,승용,여,40세,상해없음,이륜,남,56세,중상
2018052800100632,2018년 5월 28일 23시,월요일,대구광역시 서구 내당동,경상사고,0,0,1,0,차대차 - 측면충돌,안전운전불이행,건조,맑음,교차로 - 교차로안,기타불명,기타불명,미분류,기타불명,승용,남,58세,상해없음
2018052900100046,2018년 5월 29일 06시,화요일,대구광역시 수성구 범어동,경상사고,0,0,1,0,차대차 - 추돌,안전운전불이행,건조,맑음,단일로 - 기타,화물,남,34세,상해없음,승용,여,57세,경상
2018052900100063,2018년 5월 29일 07시,화요일,대구광역시 북구 산격동,경상사고,0,0,1,0,차대차 - 측면충돌,중앙선침범,건조,맑음,교차로 - 교차로부근,자전거,남,45세,경상,화물,남,45세,상해없음
2018052900100064,2018년 5월 29일 07시,화요일,대구광역시 북구 복현동,경상사고,0,0,1,0,차대차 - 측면충돌,안전운전불이행,건조,맑음,단일로 - 기타,이륜,남,50세,경상,화물,남,20세,상해없음
2018052900100065,2018년 5월 29일 07시,화요일,대구광역시 달서구 감삼동,경상사고,0,0,1,0,차대차 - 기타,안전운전불이행,건조,맑음,교차로 - 교차로안,승용,남,42세,상해없음,승용,남,44세,경상
2018052900100111,2018년 5월 29일 08시,화요일,대구광역시 달서구 상인동,경상사고,0,0,1,0,차대차 - 측면충돌,교차로운행방법위반,건조,맑음,교차로 - 교차로안,승용,남,47세,상해없음,이륜,남,64세,경상
2018052900100112,2018년 5월 29일 08시,화요일,대구광역시 달서구 월성동,경상사고,0,0,2,0,차대차 - 측면충돌,차로위반,건조,맑음,단일로 - 기타,승용,여,29세,경상,승용,남,21세,경상
2018052900100113,2018년 5월 29일 08시,화요일,대구광역시 북구 서변동,경상사고,0,0,3,0,차대차 - 추돌,안전운전불이행,건조,맑음,기타 - 기타,승용,여,56세,상해없음,승용,남,47세,경상
2018052900100143,2018년 5월 29일 09시,화요일,대구광역시 동구 능성동,경상사고,0,0,2,0,차대차 - 추돌,안전운전불이행,건조,맑음,단일로 - 기타,화물,남,58세,상해없음,승용,여,56세,경상
2018052900100147,2018년 5월 29일 09시,화요일,대구광역시 서구 원대동1가,중상사고,0,1,0,0,차대차 - 측면충돌,신호위반,건조,맑음,교차로 - 교차로안,화물,남,34세,상해없음,원동기,남,81세,중상
2018052900100148,2018년 5월 29일 09시,화요일,대구광역시 서구 평리동,중상사고,0,1,0,0,차대차 - 추돌,안전거리미확보,건조,맑음,단일로 - 기타,화물,남,58세,상해없음,승용,여,25세,중상
2018052900100176,2018년 5월 29일 10시,화요일,대구광역시 수성구 황금동,중상사고,0,1,0,0,차대차 - 추돌,안전운전불이행,건조,맑음,단일로 - 기타,승용,남,66세,상해없음,이륜,남,31세,중상
2018052900100205,2018년 5월 29일 11시,화요일,대구광역시 달서구 송현동,경상사고,0,0,3,0,차대차 - 측면충돌,안전운전불이행,건조,맑음,단일로 - 기타,승용,여,39세,경상,특수,남,39세,경상
2018052900100269,2018년 5월 29일 13시,화요일,대구광역시 달서구 상인동,경상사고,0,0,1,0,차대차 - 측면충돌,교차로운행방법위반,건조,맑음,교차로 - 교차로안,승용,남,57세,상해없음,승용,남,32세,경상
2018052900100270,2018년 5월 29일 13시,화요일,대구광역시 달성군 논공읍,사망사고,1,0,0,0,차량단독 - 공작물충돌,안전운전불이행,건조,맑음,단일로 - 기타,승용,남,78세,사망,,,,
2018052900100271,2018년 5월 29일 13시,화요일,대구광역시 중구 남산동,경상사고,0,0,1,0,차대차 - 측면충돌,교차로운행방법위반,건조,맑음,기타 - 기타,승용,여,65세,상해없음,승용,여,32세,경상
2018052900100327,2018년 5월 29일 15시,화요일,대구광역시 달서구 송현동,중상사고,0,1,1,0,차대차 - 측면충돌,안전운전불이행,건조,맑음,교차로 - 교차로안,화물,남,37세,상해없음,이륜,남,39세,중상
2018052900100328,2018년 5월 29일 15시,화요일,대구광역시 중구 남산동,경상사고,0,0,1,1,차대차 - 측면충돌,신호위반,건조,맑음,교차로 - 교차로안,이륜,남,43세,부상신고,이륜,남,27세,경상
2018052900100329,2018년 5월 29일 15시,화요일,대구광역시 북구 읍내동,부상신고사고,0,0,0,1,차대차 - 측면충돌,안전운전불이행,건조,맑음,교차로 - 교차로안,승용,남,55세,상해없음,이륜,남,48세,부상신고
2018052900100374,2018년 5월 29일 16시,화요일,대구광역시 수성구 시지동,경상사고,0,0,1,0,차대차 - 기타,기타,건조,맑음,단일로 - 기타,자전거,남,11세,경상,기타불명,기타불명,미분류,기타불명
2018052900100375,2018년 5월 29일 16시,화요일,대구광역시 북구 학정동,부상신고사고,0,0,0,1,차대차 - 추돌,안전운전불이행,건조,맑음,단일로 - 기타,자전거,남,15세,부상신고,승용,여,44세,상해없음
2018052900100419,2018년 5월 29일 17시,화요일,대구광역시 남구 대명동,경상사고,0,0,1,0,차대차 - 측면충돌,신호위반,건조,맑음,교차로 - 교차로안,승용,남,69세,상해없음,원동기,남,18세,경상
2018052900100420,2018년 5월 29일 17시,화요일,대구광역시 동구 방촌동,경상사고,0,0,1,0,차대차 - 기타,안전운전불이행,건조,맑음,기타 - 기타,이륜,남,31세,경상,승용,남,40세,상해없음
2018052900100421,2018년 5월 29일 17시,화요일,대구광역시 수성구 범어동,경상사고,0,0,1,0,차대차 - 측면충돌,안전거리미확보,건조,맑음,단일로 - 기타,승용,남,45세,상해없음,이륜,남,23세,경상
2018052900100422,2018년 5월 29일 17시,화요일,대구광역시 달서구 성당동,중상사고,0,1,0,0,차대사람 - 횡단중,안전운전불이행,건조,맑음,교차로 - 교차로안,승용,남,72세,상해없음,보행자,여,63세,중상
2018052900100423,2018년 5월 29일 17시,화요일,대구광역시 북구 태전동,경상사고,0,0,1,0,차대차 - 기타,불법유턴,건조,맑음,단일로 - 기타,승용,남,54세,상해없음,승용,남,32세,경상
2018052900100464,2018년 5월 29일 18시,화요일,대구광역시 달서구 본동,경상사고,0,0,3,0,차대차 - 측면충돌,안전거리미확보,건조,맑음,단일로 - 기타,승용,여,28세,경상,승용,남,39세,경상
2018052900100465,2018년 5월 29일 18시,화요일,대구광역시 서구 평리동,중상사고,0,1,0,0,차대차 - 측면충돌,안전거리미확보,건조,맑음,단일로 - 기타,자전거,남,30세,중상,승용,여,25세,상해없음
2018052900100497,2018년 5월 29일 19시,화요일,대구광역시 달서구 월성동,경상사고,0,0,1,0,차대차 - 측면충돌,교차로운행방법위반,건조,맑음,교차로 - 교차로안,화물,남,61세,상해없음,승용,남,24세,경상
2018052900100498,2018년 5월 29일 19시,화요일,대구광역시 중구 동인동1가,경상사고,0,0,1,0,차대차 - 기타,안전운전불이행,건조,맑음,교차로 - 교차로안,승용,남,50세,기타불명,승용,남,40세,경상
2018052900100499,2018년 5월 29일 19시,화요일,대구광역시 달서구 죽전동,중상사고,0,1,0,0,차대차 - 기타,안전운전불이행,건조,맑음,단일로 - 기타,승용,여,55세,상해없음,자전거,여,76세,중상
2018052900100563,2018년 5월 29일 21시,화요일,대구광역시 남구 대명동,경상사고,0,0,1,0,차대차 - 측면충돌,안전운전불이행,건조,맑음,교차로 - 교차로부근,이륜,남,51세,경상,승용,남,51세,상해없음
2018052900100564,2018년 5월 29일 21시,화요일,대구광역시 동구 지저동,중상사고,0,1,0,3,차대차 - 측면충돌,안전운전불이행,건조,맑음,단일로 - 지하차도(도로)내,승용,여,47세,상해없음,승용,남,39세,중상
2018052900100565,2018년 5월 29일 21시,화요일,대구광역시 동구 용계동,부상신고사고,0,0,0,1,차량단독 - 전도전복 - 전도,안전운전불이행,건조,맑음,단일로 - 기타,자전거,남,54세,부상신고,미분류,미분류,미분류,미분류
2018052900100566,2018년 5월 29일 21시,화요일,대구광역시 수성구 범물동,경상사고,0,0,1,0,차대차 - 측면충돌,안전운전불이행,건조,맑음,교차로 - 교차로안,자전거,남,15세,경상,승용,남,22세,상해없음
2018052900100589,2018년 5월 29일 22시,화요일,대구광역시 동구 신암동,중상사고,0,1,2,0,차대차 - 측면충돌,신호위반,건조,맑음,교차로 - 교차로안,이륜,남,25세,중상,승용,남,30세,경상
2018052900100590,2018년 5월 29일 22시,화요일,대구광역시 달성군 다사읍,중상사고,0,1,0,0,차대사람 - 기타,안전운전불이행,젖음/습기,비,단일로 - 기타,이륜,남,49세,상해없음,보행자,여,57세,중상
2018053000100026,2018년 5월 30일 01시,수요일,대구광역시 서구 평리동,경상사고,0,0,1,0,차대차 - 기타,안전운전불이행,건조,맑음,단일로 - 기타,승용,남,38세,상해없음,승용,남,73세,경상
2018053000100053,2018년 5월 30일 05시,수요일,대구광역시 남구 대명동,경상사고,0,0,1,0,차대차 - 추돌,안전거리미확보,건조,맑음,교차로 - 교차로부근,이륜,남,20세,경상,화물,남,41세,상해없음
2018053000100074,2018년 5월 30일 06시,수요일,대구광역시 북구 태전동,경상사고,0,0,1,0,차대차 - 기타,안전운전불이행,건조,맑음,단일로 - 기타,승용,남,26세,경상,승합,남,64세,기타불명
2018053000100096,2018년 5월 30일 07시,수요일,대구광역시 북구 칠성동1가,부상신고사고,0,0,0,1,차대차 - 측면충돌,불법유턴,건조,맑음,교차로 - 교차로횡단보도내,자전거,남,86세,부상신고,승용,여,54세,상해없음
2018053000100137,2018년 5월 30일 08시,수요일,대구광역시 수성구 연호동,경상사고,0,0,2,0,차대차 - 추돌,안전운전불이행,건조,맑음,교차로 - 교차로부근,승용,남,63세,상해없음,승용,남,60세,경상
2018053000100139,2018년 5월 30일 08시,수요일,대구광역시 달서구 월성동,부상신고사고,0,0,0,1,차대차 - 측면충돌,안전운전불이행,건조,맑음,교차로 - 교차로횡단보도내,화물,남,73세,상해없음,자전거,남,13세,부상신고
2018053000100171,2018년 5월 30일 09시,수요일,대구광역시 남구 대명동,경상사고,0,0,2,0,차대차 - 측면충돌,안전운전불이행,건조,맑음,단일로 - 기타,승용,여,24세,경상,승용,남,31세,경상
2018053000100172,2018년 5월 30일 09시,수요일,대구광역시 동구 지저동,중상사고,0,1,0,0,차량단독 - 기타,안전운전불이행,건조,맑음,교차로 - 교차로안,승용,남,69세,상해없음,,,,
2018053000100199,2018년 5월 30일 10시,수요일,대구광역시 동구 신천동,중상사고,0,1,0,0,차대사람 - 차도통행중,안전운전불이행,건조,맑음,기타 - 기타,이륜,남,40세,상해없음,보행자,남,31세,중상
2018053000100200,2018년 5월 30일 10시,수요일,대구광역시 달서구 송현동,부상신고사고,0,0,0,1,차대사람 - 기타,안전운전불이행,건조,맑음,단일로 - 기타,화물,남,36세,상해없음,보행자,남,49세,부상신고
2018053000100201,2018년 5월 30일 10시,수요일,대구광역시 달서구 성당동,경상사고,0,0,1,0,차대차 - 정면충돌,신호위반,건조,맑음,교차로 - 교차로안,이륜,남,65세,경상,승용,여,55세,상해없음
2018053000100227,2018년 5월 30일 11시,수요일,대구광역시 수성구 범어동,경상사고,0,0,2,0,차대차 - 추돌,안전거리미확보,건조,맑음,단일로 - 기타,승용,남,62세,상해없음,승용,여,74세,경상
2018053000100228,2018년 5월 30일 11시,수요일,대구광역시 달서구 상인동,중상사고,0,1,0,0,차대차 - 기타,안전운전불이행,건조,맑음,단일로 - 기타,이륜,남,65세,중상,승용,남,70세,기타불명
2018053000100229,2018년 5월 30일 11시,수요일,대구광역시 서구 상리동,경상사고,0,0,2,0,차대차 - 측면충돌,안전운전불이행,건조,맑음,단일로 - 기타,건설기계,남,54세,경상,승용,여,58세,경상
2018053000100230,2018년 5월 30일 11시,수요일,대구광역시 달서구 두류동,경상사고,0,0,3,0,차대차 - 정면충돌,신호위반,건조,맑음,교차로 - 교차로안,승용,남,52세,상해없음,승용,여,38세,경상
2018053000100253,2018년 5월 30일 12시,수요일,대구광역시 중구 동인동1가,경상사고,0,0,1,0,차대차 - 측면충돌,안전운전불이행,건조,맑음,단일로 - 기타,승용,여,32세,상해없음,기타불명,남,62세,경상
2018053000100279,2018년 5월 30일 13시,수요일,대구광역시 동구 효목동,중상사고,0,2,0,0,차대차 - 추돌,안전운전불이행,건조,맑음,단일로 - 기타,승용,남,65세,상해없음,화물,남,55세,중상
2018053000100280,2018년 5월 30일 13시,수요일,대구광역시 북구 칠성동1가,중상사고,0,1,0,0,차대사람 - 횡단중,안전운전불이행,건조,맑음,교차로 - 교차로안,화물,남,40세,상해없음,보행자,여,57세,중상
2018053000100281,2018년 5월 30일 13시,수요일,대구광역시 중구 남일동,중상사고,0,1,0,0,차대차 - 측면충돌,중앙선침범,건조,맑음,단일로 - 기타,승용,남,26세,상해없음,이륜,남,17세,중상
2018053000100317,2018년 5월 30일 14시,수요일,대구광역시 수성구 지산동,경상사고,0,0,1,0,차대차 - 추돌,안전운전불이행,건조,맑음,기타 - 기타,승용,남,58세,상해없음,자전거,남,71세,경상
2018053000100318,2018년 5월 30일 14시,수요일,대구광역시 서구 원대동3가,경상사고,0,0,1,0,차대차 - 측면충돌,안전운전불이행,침수,비,교차로 - 교차로안,자전거,남,60세,경상,화물,남,36세,상해없음
2018053000100375,2018년 5월 30일 15시,수요일,대구광역시 북구 노원동3가,중상사고,0,1,0,0,차대차 - 추돌,안전운전불이행,젖음/습기,흐림,단일로 - 기타,화물,남,68세,상해없음,승용,남,46세,중상
2018053000100376,2018년 5월 30일 15시,수요일,대구광역시 북구 금호동,부상신고사고,0,0,0,1,차량단독 - 전도전복 - 전도,안전운전불이행,젖음/습기,맑음,단일로 - 터널,화물,남,46세,부상신고,미분류,미분류,미분류,미분류
2018053000100418,2018년 5월 30일 16시,수요일,대구광역시 남구 대명동,중상사고,0,2,0,0,차대차 - 측면충돌,안전운전불이행,건조,맑음,단일로 - 기타,승용,여,45세,상해없음,승용,남,20세,중상
2018053000100419,2018년 5월 30일 16시,수요일,대구광역시 북구 복현동,경상사고,0,0,1,0,차대사람 - 기타,안전운전불이행,건조,맑음,단일로 - 기타,승용,남,22세,상해없음,보행자,남,62세,경상
2018053000100420,2018년 5월 30일 16시,수요일,대구광역시 중구 남산동,중상사고,0,1,0,0,차대사람 - 기타,안전운전불이행,건조,맑음,교차로 - 교차로안,승용,여,63세,상해없음,보행자,여,79세,중상
2018053000100421,2018년 5월 30일 16시,수요일,대구광역시 달서구 본리동,경상사고,0,0,1,0,차대사람 - 횡단중,보행자보호의무위반,젖음/습기,흐림,교차로 - 교차로횡단보도내,승용,남,72세,상해없음,보행자,남,7세,경상