사고번호,사고일시,요일,시군구,사고내용,사망자수,중상자수,경상자수,부상신고자수,사고유형,법규위반,노면상태,기상상태,도로형태,가해운전자 차종,가해운전자 성별,가해운전자 연령,가해운전자 상해정도,피해운전자 차종,피해운전자 성별,피해운전자 연령,피해운전자 상해정도
2018060200100407,2018년 6월 2일 15시,토요일,대구광역시 수성구 두산동,경상사고,0,0,1,0,차대차 - 기타,안전운전불이행,건조,맑음,교차로 - 교차로안,승용,남,34세,경상,승용,남,49세,상해없음
2018060200100408,2018년 6월 2일 15시,토요일,대구광역시 북구 태전동,경상사고,0,0,1,1,차대차 - 측면충돌,안전운전불이행,건조,맑음,단일로 - 기타,이륜,남,56세,부상신고,승용,남,48세,경상
2018060200100518,2018년 6월 2일 17시,토요일,대구광역시 동구 용계동,중상사고,0,1,0,0,차대차 - 측면충돌,안전운전불이행,건조,맑음,교차로 - 교차로횡단보도내,승용,남,65세,상해없음,원동기,여,24세,중상
2018060200100520,2018년 6월 2일 17시,토요일,대구광역시 수성구 연호동,경상사고,0,0,1,0,차대차 - 기타,교차로운행방법위반,건조,맑음,교차로 - 교차로안,승용,남,33세,상해없음,승용,남,38세,상해없음
2018060200100521,2018년 6월 2일 17시,토요일,대구광역시 달서구 송현동,중상사고,0,1,0,0,차대사람 - 보도통행중,보행자보호의무위반,건조,맑음,교차로 - 교차로횡단보도내,승용,남,49세,상해없음,보행자,여,61세,중상
2018060200100522,2018년 6월 2일 17시,토요일,대구광역시 달서구 대천동,경상사고,0,0,1,0,차대차 - 기타,안전거리미확보,건조,맑음,단일로 - 기타,승용,남,65세,상해없음,승용,남,36세,경상
2018060200100571,2018년 6월 2일 18시,토요일,대구광역시 달서구 상인동,경상사고,0,0,2,0,차대사람 - 횡단중,안전운전불이행,건조,맑음,교차로 - 교차로횡단보도내,승용,여,58세,상해없음,보행자,남,18세,경상
2018060200100572,2018년 6월 2일 18시,토요일,대구광역시 북구 고성동2가,중상사고,0,1,0,0,차대차 - 측면충돌,신호위반,건조,맑음,교차로 - 교차로안,승용,남,28세,상해없음,원동기,남,25세,중상
2018060200100596,2018년 6월 2일 19시,토요일,대구광역시 달서구 신당동,경상사고,0,0,1,0,차대차 - 측면충돌,교차로운행방법위반,건조,맑음,교차로 - 교차로안,승용,남,65세,상해없음,승용,남,62세,경상
2018060200100597,2018년 6월 2일 19시,토요일,대구광역시 북구 동천동,중상사고,0,1,0,0,차대차 - 기타,안전운전불이행,건조,맑음,단일로 - 기타,승용,남,45세,상해없음,이륜,남,53세,중상
2018060200100623,2018년 6월 2일 20시,토요일,대구광역시 북구 동천동,경상사고,0,0,1,0,차대차 - 측면충돌,안전운전불이행,건조,맑음,교차로 - 교차로부근,승용,남,31세,기타불명,이륜,남,17세,경상
2018060200100652,2018년 6월 2일 21시,토요일,대구광역시 달성군 다사읍,경상사고,0,0,2,1,차대차 - 기타,교차로운행방법위반,건조,맑음,교차로 - 교차로안,승용,남,40세,부상신고,승용,여,24세,경상
2018060200100653,2018년 6월 2일 21시,토요일,대구광역시 달성군 유가읍,경상사고,0,0,1,0,차대차 - 추돌,안전운전불이행,젖음/습기,비,교차로 - 교차로부근,승용,남,38세,상해없음,승용,여,44세,경상
2018060300100010,2018년 6월 3일 00시,일요일,대구광역시 북구 복현동,경상사고,0,0,1,0,차대차 - 측면충돌,차로위반,건조,맑음,단일로 - 기타,승용,남,30세,상해없음,원동기,남,29세,경상
2018060300100011,2018년 6월 3일 00시,일요일,대구광역시 북구 서변동,경상사고,0,0,7,0,차대차 - 측면충돌,신호위반,건조,맑음,교차로 - 교차로안,이륜,남,18세,경상,승합,남,40세,경상
2018060300100035,2018년 6월 3일 02시,일요일,대구광역시 달서구 대곡동,경상사고,0,0,1,0,차대사람 - 횡단중,안전운전불이행,건조,맑음,단일로 - 기타,승용,남,65세,상해없음,보행자,여,20세,경상
2018060300100044,2018년 6월 3일 03시,일요일,대구광역시 중구 삼덕동2가,경상사고,0,0,3,0,차대차 - 측면충돌,중앙선침범,건조,맑음,기타 - 기타,승용,남,27세,경상,승용,남,63세,경상
2018060300100056,2018년 6월 3일 04시,일요일,대구광역시 서구 내당동,경상사고,0,0,1,0,차량단독 - 기타,기타,건조,맑음,교차로 - 교차로부근,승용,남,69세,상해없음,,,,
2018060300100057,2018년 6월 3일 04시,일요일,대구광역시 북구 팔달동,중상사고,0,1,0,1,차대사람 - 기타,안전운전불이행,건조,맑음,단일로 - 기타,이륜,남,28세,부상신고,보행자,여,71세,중상
2018060300100089,2018년 6월 3일 07시,일요일,대구광역시 수성구 대흥동,중상사고,0,2,0,0,차대차 - 측면충돌,안전운전불이행,건조,맑음,교차로 - 교차로안,화물,남,46세,중상,승용,남,65세,중상
2018060300100120,2018년 6월 3일 09시,일요일,대구광역시 남구 대명동,경상사고,0,0,3,0,차대차 - 측면충돌,교차로운행방법위반,건조,맑음,교차로 - 교차로안,화물,남,73세,상해없음,승용,여,44세,경상
2018060300100121,2018년 6월 3일 09시,일요일,대구광역시 북구 서변동,경상사고,0,0,1,0,차대차 - 정면충돌,안전운전불이행,건조,맑음,교차로 - 교차로안,승용,여,45세,기타불명,승용,여,39세,경상
2018060300100194,2018년 6월 3일 12시,일요일,대구광역시 달서구 월성동,경상사고,0,0,1,0,차대차 - 측면충돌,안전거리미확보,건조,맑음,교차로 - 교차로부근,승용,여,27세,상해없음,승용,여,45세,경상
2018060300100224,2018년 6월 3일 13시,일요일,대구광역시 수성구 수성동3가,경상사고,0,0,1,0,차대차 - 측면충돌,안전거리미확보,건조,맑음,단일로 - 기타,이륜,남,50세,경상,승용,남,41세,상해없음
2018060300100254,2018년 6월 3일 14시,일요일,대구광역시 동구 신천동,중상사고,0,1,0,0,차대차 - 측면충돌,신호위반,건조,맑음,기타 - 기타,이륜,남,75세,상해없음,이륜,남,50세,중상
2018060300100255,2018년 6월 3일 14시,일요일,대구광역시 북구 칠성동2가,경상사고,0,0,1,0,차대차 - 측면충돌,안전운전불이행,건조,맑음,교차로 - 교차로횡단보도내,승용,남,28세,상해없음,원동기,남,27세,경상
2018060300100256,2018년 6월 3일 14시,일요일,대구광역시 서구 비산동,부상신고사고,0,0,0,1,차대차 - 기타,안전운전불이행,기타,맑음,단일로 - 기타,기타불명,기타불명,미분류,기타불명,자전거,남,55세,부상신고
2018060300100355,2018년 6월 3일 17시,일요일,대구광역시 달성군 옥포읍,부상신고사고,0,0,0,1,차량단독 - 기타,안전운전불이행,건조,맑음,단일로 - 기타,승용,남,39세,부상신고,,,,
2018060300100385,2018년 6월 3일 18시,일요일,대구광역시 동구 율하동,경상사고,0,0,1,0,차량단독 - 기타,안전운전불이행,건조,맑음,기타 - 기타,자전거,남,76세,경상,,,,
2018060300100386,2018년 6월 3일 18시,일요일,대구광역시 북구 침산동,경상사고,0,0,1,0,차대차 - 측면충돌,안전거리미확보,건조,맑음,교차로 - 교차로안,승용,남,58세,상해없음,승용,여,37세,경상
2018060300100387,2018년 6월 3일 18시,일요일,대구광역시 달서구 두류동,중상사고,0,1,0,0,차대차 - 기타,신호위반,건조,맑음,교차로 - 교차로안,승합,남,48세,상해없음,이륜,남,64세,중상
2018060300100414,2018년 6월 3일 19시,일요일,대구광역시 달서구 본리동,경상사고,0,0,2,0,차대차 - 추돌,안전운전불이행,건조,맑음,단일로 - 기타,화물,남,52세,상해없음,승용,남,35세,경상
2018060300100444,2018년 6월 3일 20시,일요일,대구광역시 동구 신기동,경상사고,0,0,1,0,차대사람 - 기타,안전운전불이행,건조,맑음,기타 - 기타,승용,남,55세,상해없음,보행자,남,56세,경상
2018060300100445,2018년 6월 3일 20시,일요일,대구광역시 동구 신암동,경상사고,0,0,1,0,차대사람 - 횡단중,보행자보호의무위반,건조,맑음,단일로 - 기타,승용,남,54세,상해없음,보행자,남,28세,경상
2018060300100446,2018년 6월 3일 20시,일요일,대구광역시 수성구 중동,중상사고,0,1,1,0,차대사람 - 기타,안전운전불이행,건조,맑음,단일로 - 기타,이륜,남,22세,경상,보행자,여,84세,중상
2018060300100447,2018년 6월 3일 20시,일요일,대구광역시 달서구 상인동,경상사고,0,0,1,0,차대차 - 측면충돌,안전운전불이행,건조,맑음,단일로 - 기타,이륜,남,44세,경상,승용,여,60세,상해없음
2018060300100448,2018년 6월 3일 20시,일요일,대구광역시 북구 침산동,경상사고,0,0,3,0,차대차 - 측면충돌,교차로운행방법위반,건조,맑음,교차로 - 교차로안,승용,남,56세,상해없음,승용,남,28세,경상
2018060300100478,2018년 6월 3일 21시,일요일,대구광역시 남구 봉덕동,중상사고,0,1,0,0,차대사람 - 기타,안전운전불이행,건조,맑음,교차로 - 교차로부근,승합,남,52세,상해없음,보행자,남,60세,중상
2018060300100495,2018년 6월 3일 22시,일요일,대구광역시 중구 삼덕동2가,경상사고,0,0,3,0,차대차 - 추돌,안전운전불이행,건조,맑음,단일로 - 기타,승용,남,58세,상해없음,승용,남,36세,경상
2018060300100509,2018년 6월 3일 23시,일요일,대구광역시 동구 지묘동,중상사고,0,1,0,0,차량단독 - 공작물충돌,안전운전불이행,건조,맑음,단일로 - 기타,이륜,남,43세,중상,,,,
2018060400100009,2018년 6월 4일 01시,월요일,대구광역시 북구 칠성동2가,경상사고,0,0,3,0,차대차 - 측면충돌,교차로운행방법위반,건조,맑음,교차로 - 교차로안,승용,남,20세,경상,승용,남,50세,경상
2018060400100017,2018년 6월 4일 02시,월요일,대구광역시 수성구 두산동,경상사고,0,0,1,0,차대사람 - 길가장자리구역통행중,안전운전불이행,건조,맑음,단일로 - 기타,화물,여,43세,상해없음,보행자,남,21세,경상
2018060400100019,2018년 6월 4일 03시,월요일,대구광역시 달서구 본동,경상사고,0,0,2,0,차대차 - 기타,안전운전불이행,건조,맑음,교차로 - 교차로부근,승용,남,52세,경상,승용,남,53세,경상
2018060400100020,2018년 6월 4일 03시,월요일,대구광역시 달서구 용산동,경상사고,0,0,3,0,차대차 - 정면충돌,신호위반,건조,맑음,교차로 - 교차로안,승용,남,37세,상해없음,승용,남,33세,경상
2018060400100096,2018년 6월 4일 07시,월요일,대구광역시 동구 봉무동,경상사고,0,0,3,0,차대차 - 기타,안전운전불이행,건조,맑음,단일로 - 기타,승용,남,19세,상해없음,승용,여,44세,경상
2018060400100097,2018년 6월 4일 07시,월요일,대구광역시 서구 내당동,경상사고,0,0,1,0,차대차 - 추돌,안전거리미확보,건조,맑음,단일로 - 기타,승용,남,30세,상해없음,승용,남,30세,경상
2018060400100098,2018년 6월 4일 07시,월요일,대구광역시 남구 대명동,경상사고,0,0,1,0,차대차 - 측면충돌,안전운전불이행,건조,맑음,단일로 - 기타,승용,여,30세,상해없음,자전거,남,74세,경상
2018060400100099,2018년 6월 4일 07시,월요일,대구광역시 북구 태전동,경상사고,0,0,1,0,차대차 - 측면충돌,안전거리미확보,건조,맑음,교차로 - 교차로부근,화물,남,68세,상해없음,승용,남,54세,경상
2018060400100150,2018년 6월 4일 08시,월요일,대구광역시 동구 불로동,중상사고,0,1,0,0,차대차 - 측면충돌,안전운전불이행,건조,맑음,교차로 - 교차로부근,승용,남,58세,상해없음,이륜,남,24세,중상
2018060400100151,2018년 6월 4일 08시,월요일,대구광역시 달서구 성당동,경상사고,0,0,1,0,차대차 - 기타,안전운전불이행,건조,맑음,교차로 - 교차로안,승용,여,61세,상해없음,이륜,남,79세,경상
2018060400100189,2018년 6월 4일 09시,월요일,대구광역시 달성군 다사읍,중상사고,0,2,3,0,차대차 - 추돌,안전운전불이행,건조,맑음,교차로 - 교차로부근,화물,여,49세,상해없음,승용,여,37세,중상
2018060400100190,2018년 6월 4일 09시,월요일,대구광역시 중구 봉산동,부상신고사고,0,0,0,1,차대차 - 측면충돌,안전거리미확보,건조,맑음,단일로 - 기타,승용,남,78세,상해없음,승용,남,50세,상해없음
2018060400100215,2018년 6월 4일 10시,월요일,대구광역시 서구 내당동,중상사고,0,1,0,0,차대차 - 추돌,안전운전불이행,건조,맑음,교차로 - 교차로안,승용,남,27세,상해없음,승용,여,28세,중상
2018060400100216,2018년 6월 4일 10시,월요일,대구광역시 북구 매천동,경상사고,0,0,1,0,차대차 - 측면충돌,교차로운행방법위반,건조,맑음,교차로 - 교차로안,승용,여,57세,상해없음,승용,남,27세,경상
2018060400100255,2018년 6월 4일 11시,월요일,대구광역시 남구 대명동,중상사고,0,1,0,0,차대사람 - 횡단중,보행자보호의무위반,건조,맑음,교차로 - 교차로안,화물,남,77세,상해없음,보행자,여,59세,중상
2018060400100283,2018년 6월 4일 12시,월요일,대구광역시 수성구 범어동,중상사고,0,1,0,0,차대차 - 측면충돌,안전운전불이행,건조,맑음,단일로 - 기타,화물,남,54세,상해없음,승용,남,24세,중상
2018060400100284,2018년 6월 4일 12시,월요일,대구광역시 달서구 송현동,경상사고,0,0,1,0,차대사람 - 길가장자리구역통행중,안전운전불이행,건조,맑음,교차로 - 교차로부근,승용,남,71세,상해없음,보행자,여,84세,경상
2018060400100285,2018년 6월 4일 12시,월요일,대구광역시 서구 중리동,경상사고,0,0,1,0,차대차 - 추돌,안전운전불이행,건조,맑음,교차로 - 교차로안,승용,여,26세,상해없음,승용,남,31세,경상
2018060400100286,2018년 6월 4일 12시,월요일,대구광역시 달서구 신당동,중상사고,0,1,0,0,차대차 - 측면충돌,불법유턴,건조,맑음,교차로 - 교차로횡단보도내,자전거,남,43세,중상,승용,남,60세,상해없음
2018060400100287,2018년 6월 4일 12시,월요일,대구광역시 달서구 호림동,경상사고,0,0,1,0,차대차 - 추돌,안전운전불이행,건조,맑음,교차로 - 교차로부근,승용,남,55세,상해없음,승용,남,71세,경상
2018060400100323,2018년 6월 4일 13시,월요일,대구광역시 수성구 두산동,경상사고,0,0,1,0,차대사람 - 횡단중,안전운전불이행,건조,맑음,교차로 - 교차로횡단보도내,승용,남,44세,상해없음,보행자,여,78세,경상
2018060400100382,2018년 6월 4일 15시,월요일,대구광역시 중구 동인동2가,경상사고,0,0,1,0,차대차 - 기타,신호위반,건조,맑음,교차로 - 교차로안,이륜,남,64세,상해없음,이륜,남,23세,경상
2018060400100419,2018년 6월 4일 16시,월요일,대구광역시 동구 신서동,경상사고,0,0,1,0,차대사람 - 기타,안전운전불이행,건조,맑음,기타 - 기타,승용,남,44세,상해없음,보행자,여,20세,경상
2018060400100420,2018년 6월 4일 16시,월요일,대구광역시 중구 전동,중상사고,0,1,0,0,차대차 - 측면충돌,안전거리미확보,건조,맑음,단일로 - 기타,승용,남,65세,상해없음,이륜,남,33세,중상
2018060400100421,2018년 6월 4일 16시,월요일,대구광역시 달서구 죽전동,경상사고,0,0,1,0,차대차 - 측면충돌,안전거리미확보,건조,맑음,단일로 - 기타,화물,남,63세,상해없음,이륜,남,57세,경상
2018060400100422,2018년 6월 4일 16시,월요일,대구광역시 달서구 장기동,경상사고,0,0,3,1,차대차 - 측면충돌,교차로운행방법위반,건조,맑음,교차로 - 교차로안,승용,남,64세,부상신고,승용,남,18세,경상
2018060400100467,2018년 6월 4일 17시,월요일,대구광역시 동구 효목동,중상사고,0,1,0,0,차대사람 - 횡단중,안전운전불이행,건조,맑음,단일로 - 기타,승용,남,60세,상해없음,보행자,여,76세,중상
2018060400100468,2018년 6월 4일 17시,월요일,대구광역시 중구 삼덕동2가,경상사고,0,0,1,0,차대사람 - 횡단중,안전운전불이행,건조,맑음,단일로 - 기타,승용,남,38세,상해없음,보행자,여,61세,경상
2018060400100469,2018년 6월 4일 17시,월요일,대구광역시 달서구 죽전동,경상사고,0,0,1,1,차대차 - 측면충돌,신호위반,건조,맑음,단일로 - 기타,화물,남,41세,상해없음,승용,남,72세,부상신고
2018060400100470,2018년 6월 4일 17시,월요일,대구광역시 달서구 두류동,경상사고,0,0,1,0,차대차 - 추돌,안전운전불이행,건조,맑음,단일로 - 기타,화물,남,62세,상해없음,승용,남,37세,경상
2018060400100471,2018년 6월 4일 17시,월요일,대구광역시 달서구 용산동,경상사고,0,0,1,0,차대차 - 측면충돌,안전운전불이행,건조,맑음,단일로 - 기타,화물,남,61세,상해없음,승용,남,37세,경상
2018060400100472,2018년 6월 4일 17시,월요일,대구광역시 북구 읍내동,경상사고,0,0,2,0,차대차 - 추돌,안전운전불이행,건조,맑음,단일로 - 기타,승용,남,70세,상해없음,승용,남,62세,경상
2018060400100512,2018년 6월 4일 18시,월요일,대구광역시 수성구 중동,중상사고,0,1,0,0,차대차 - 측면충돌,안전운전불이행,건조,맑음,교차로 - 교차로횡단보도내,원동기,남,55세,상해없음,자전거,남,66세,중상
2018060400100513,2018년 6월 4일 18시,월요일,대구광역시 서구 이현동,경상사고,0,0,1,0,차대차 - 측면충돌,안전운전불이행,건조,맑음,단일로 - 기타,개인형이동수단(PM),남,27세,경상,승용,남,47세,상해없음
2018060400100514,2018년 6월 4일 18시,월요일,대구광역시 서구 평리동,부상신고사고,0,0,0,1,차대사람 - 길가장자리구역통행중,안전운전불이행,건조,맑음,단일로 - 기타,기타불명,기타불명,미분류,기타불명,보행자,남,60세,부상신고
2018060400100552,2018년 6월 4일 19시,월요일,대구광역시 남구 대명동,중상사고,0,1,0,0,차대사람 - 기타,안전운전불이행,건조,맑음,단일로 - 기타,승합,남,61세,상해없음,보행자,여,79세,중상
2018060400100553,2018년 6월 4일 19시,월요일,대구광역시 동구 신서동,중상사고,0,1,0,1,차대사람 - 횡단중,보행자보호의무위반,건조,맑음,기타 - 기타,승용,남,36세,상해없음,보행자,여,40세,중상
2018060400100554,2018년 6월 4일 19시,월요일,대구광역시 수성구 중동,중상사고,0,1,0,0,차대차 - 측면충돌,안전운전불이행,건조,맑음,단일로 - 기타,승용,남,30세,상해없음,자전거,남,65세,중상
2018060400100555,2018년 6월 4일 19시,월요일,대구광역시 수성구 두산동,중상사고,0,1,1,0,차대차 - 측면충돌,안전운전불이행,건조,맑음,단일로 - 기타,승용,남,47세,경상,승용,남,71세,중상
2018060400100556,2018년 6월 4일 19시,월요일,대구광역시 수성구 범물동,부상신고사고,0,0,0,1,차대차 - 측면충돌,안전운전불이행,건조,맑음,교차로 - 교차로안,자전거,남,19세,부상신고,승용,여,36세,상해없음
2018060400100576,2018년 6월 4일 20시,월요일,대구광역시 북구 노원동3가,경상사고,0,0,1,0,차대차 - 추돌,안전운전불이행,건조,맑음,교차로 - 교차로부근,승용,남,71세,상해없음,승용,남,30세,경상
2018060400100577,2018년 6월 4일 20시,월요일,대구광역시 북구 관음동,경상사고,0,0,1,0,차대차 - 측면충돌,안전운전불이행,건조,맑음,교차로 - 교차로안,승용,여,48세,상해없음,승용,여,31세,경상
2018060400100602,2018년 6월 4일 21시,월요일,대구광역시 수성구 매호동,경상사고,0,0,1,0,차대차 - 측면충돌,교차로운행방법위반,건조,맑음,교차로 - 교차로안,승용,여,52세,상해없음,승용,남,49세,경상
2018060400100603,2018년 6월 4일 21시,월요일,대구광역시 달서구 이곡동,경상사고,0,0,1,0,차대차 - 기타,안전운전불이행,건조,맑음,교차로 - 교차로안,승용,남,58세,상해없음,이륜,여,32세,경상
2018060400100631,2018년 6월 4일 22시,월요일,대구광역시 달성군 현풍읍,경상사고,0,0,1,0,차량단독 - 기타,안전운전불이행,건조,맑음,교차로 - 교차로부근,승용,여,54세,경상,,,,
2018060400100632,2018년 6월 4일 22시,월요일,대구광역시 달서구 성당동,중상사고,0,1,0,0,차대사람 - 기타,안전운전불이행,건조,맑음,단일로 - 기타,승용,여,58세,상해없음,보행자,남,65세,중상
2018060400100650,2018년 6월 4일 23시,월요일,대구광역시 남구 대명동,경상사고,0,0,1,0,차대차 - 측면충돌,안전운전불이행,건조,맑음,교차로 - 교차로안,이륜,남,21세,기타불명,승용,남,63세,경상
2018060500100016,2018년 6월 5일 00시,화요일,대구광역시 달성군 유가읍,경상사고,0,0,1,0,차대차 - 기타,안전운전불이행,건조,맑음,주차장 - 주차장,승용,여,61세,상해없음,승용,남,25세,경상
2018060500100023,2018년 6월 5일 01시,화요일,대구광역시 달서구 두류동,경상사고,0,0,1,0,차대차 - 추돌,안전운전불이행,건조,맑음,단일로 - 기타,승용,남,26세,상해없음,승용,남,31세,경상
2018060500100032,2018년 6월 5일 02시,화요일,대구광역시 중구 남산동,경상사고,0,0,3,0,차대차 - 추돌,안전운전불이행,건조,맑음,단일로 - 기타,승용,남,33세,상해없음,승용,남,47세,경상
2018060500100049,2018년 6월 5일 04시,화요일,대구광역시 수성구 황금동,경상사고,0,0,1,0,차대사람 - 길가장자리구역통행중,안전운전불이행,건조,맑음,단일로 - 기타,승용,남,38세,상해없음,보행자,여,28세,경상
2018060500100067,2018년 6월 5일 06시,화요일,대구광역시 북구 매천동,중상사고,0,1,0,0,차대차 - 측면충돌,안전운전불이행,건조,맑음,단일로 - 기타,화물,남,55세,상해없음,화물,남,38세,중상
2018060500100099,2018년 6월 5일 07시,화요일,대구광역시 중구 종로1가,경상사고,0,0,1,0,차대차 - 측면충돌,신호위반,건조,맑음,교차로 - 교차로안,화물,남,59세,상해없음,승용,남,64세,경상
2018060500100131,2018년 6월 5일 08시,화요일,대구광역시 수성구 수성동1가,경상사고,0,0,1,1,차대차 - 측면충돌,안전운전불이행,건조,맑음,단일로 - 기타,승용,여,40세,부상신고,승용,여,49세,경상
2018060500100132,2018년 6월 5일 08시,화요일,대구광역시 달서구 상인동,경상사고,0,0,1,0,차대차 - 측면충돌,안전운전불이행,젖음/습기,비,교차로 - 교차로부근,승용,남,53세,상해없음,자전거,여,38세,경상
2018060500100133,2018년 6월 5일 08시,화요일,대구광역시 달성군 구지면,중상사고,0,1,0,0,차대사람 - 차도통행중,안전운전불이행,건조,맑음,교차로 - 교차로횡단보도내,승용,남,40세,상해없음,보행자,여,77세,중상
2018060500100180,2018년 6월 5일 09시,화요일,대구광역시 동구 신천동,경상사고,0,0,1,0,차대차 - 추돌,안전운전불이행,건조,맑음,교차로 - 교차로횡단보도내,승용,여,63세,상해없음,승용,여,29세,경상
2018060500100181,2018년 6월 5일 09시,화요일,대구광역시 서구 평리동,경상사고,0,0,1,0,차대사람 - 횡단중,안전운전불이행,건조,맑음,교차로 - 교차로안,승용,여,40세,상해없음,보행자,여,51세,경상
2018060500100215,2018년 6월 5일 10시,화요일,대구광역시 서구 내당동,경상사고,0,0,3,0,차대차 - 추돌,안전거리미확보,건조,맑음,단일로 - 기타,승용,여,65세,경상,승용,남,55세,경상
2018060500100289,2018년 6월 5일 13시,화요일,대구광역시 동구 율하동,경상사고,0,0,1,0,차대차 - 추돌,안전운전불이행,건조,맑음,단일로 - 기타,건설기계,남,62세,상해없음,승용,남,54세,경상
2018060500100290,2018년 6월 5일 13시,화요일,대구광역시 북구 복현동,경상사고,0,0,1,0,차대사람 - 길가장자리구역통행중,안전운전불이행,건조,맑음,단일로 - 기타,승용,남,35세,상해없음,보행자,여,19세,경상
2018060500100291,2018년 6월 5일 13시,화요일,대구광역시 서구 내당동,경상사고,0,0,3,0,차대차 - 추돌,안전거리미확보,건조,맑음,단일로 - 기타,승용,남,71세,상해없음,승용,남,66세,경상
2018060500100333,2018년 6월 5일 14시,화요일,대구광역시 동구 불로동,중상사고,0,1,0,0,차대사람 - 기타,보행자보호의무위반,건조,맑음,단일로 - 기타,승용,남,66세,상해없음,보행자,여,86세,중상
2018060500100334,2018년 6월 5일 14시,화요일,대구광역시 달서구 본동,경상사고,0,0,4,0,차대차 - 측면충돌,신호위반,건조,맑음,교차로 - 교차로안,승용,남,62세,상해없음,승용,남,18세,경상
2018060500100335,2018년 6월 5일 14시,화요일,대구광역시 서구 비산동,부상신고사고,0,0,0,1,차대사람 - 차도통행중,안전운전불이행,건조,맑음,교차로 - 교차로부근,기타불명,기타불명,미분류,기타불명,보행자,여,7세,부상신고
2018060500100336,2018년 6월 5일 14시,화요일,대구광역시 서구 중리동,경상사고,0,0,1,0,차대차 - 추돌,안전거리미확보,건조,맑음,단일로 - 기타,승용,남,54세,상해없음,화물,남,45세,경상
2018060500100373,2018년 6월 5일 15시,화요일,대구광역시 동구 도동,중상사고,0,1,0,0,차대차 - 측면충돌,교차로운행방법위반,건조,맑음,교차로 - 교차로안,화물,남,25세,상해없음,자전거,남,45세,중상
2018060500100412,2018년 6월 5일 16시,화요일,대구광역시 달서구 두류동,경상사고,0,0,1,0,차대차 - 측면충돌,안전운전불이행,건조,맑음,단일로 - 기타,승용,남,67세,상해없음,승용,여,49세,경상
2018060500100460,2018년 6월 5일 17시,화요일,대구광역시 수성구 범어동,경상사고,0,0,1,0,차대차 - 기타,안전운전불이행,건조,맑음,단일로 - 기타,승용,여,49세,상해없음,승용,여,36세,상해없음
2018060500100461,2018년 6월 5일 17시,화요일,대구광역시 달서구 상인동,경상사고,0,0,2,0,차대차 - 측면충돌,안전거리미확보,건조,맑음,교차로 - 교차로안,승용,남,42세,경상,승용,남,64세,경상
2018060500100462,2018년 6월 5일 17시,화요일,대구광역시 북구 산격동,경상사고,0,0,1,0,차대차 - 측면충돌,직진우회전진행방해,건조,맑음,교차로 - 교차로부근,자전거,남,65세,경상,승용,남,37세,상해없음
2018060500100463,2018년 6월 5일 17시,화요일,대구광역시 서구 비산동,경상사고,0,0,1,0,차대사람 - 차도통행중,안전운전불이행,건조,맑음,단일로 - 기타,자전거,남,14세,상해없음,보행자,여,41세,경상
2018060500100464,2018년 6월 5일 17시,화요일,대구광역시 중구 대봉동,경상사고,0,0,1,0,차대차 - 측면충돌,중앙선침범,건조,맑음,단일로 - 기타,개인형이동수단(PM),남,19세,경상,승용,남,61세,상해없음
2018060500100465,2018년 6월 5일 17시,화요일,대구광역시 달서구 파호동,경상사고,0,0,2,0,차대차 - 추돌,안전운전불이행,건조,맑음,기타 - 기타,승용,남,27세,경상,승용,여,36세,경상
2018060500100524,2018년 6월 5일 18시,화요일,대구광역시 중구 동일동,경상사고,0,0,1,0,차대사람 - 길가장자리구역통행중,안전운전불이행,건조,맑음,단일로 - 기타,승합,남,56세,상해없음,보행자,여,23세,경상
2018060500100556,2018년 6월 5일 19시,화요일,대구광역시 북구 복현동,경상사고,0,0,1,0,차대사람 - 차도통행중,안전운전불이행,건조,맑음,단일로 - 기타,승용,남,52세,상해없음,보행자,여,57세,경상
2018060500100557,2018년 6월 5일 19시,화요일,대구광역시 북구 읍내동,중상사고,0,1,0,0,차대사람 - 횡단중,안전운전불이행,건조,맑음,단일로 - 기타,승용,여,31세,상해없음,보행자,여,66세,중상
2018060500100584,2018년 6월 5일 20시,화요일,대구광역시 달성군 화원읍,중상사고,0,3,1,0,차대차 - 기타,신호위반,건조,맑음,교차로 - 교차로안,화물,여,45세,상해없음,승용,여,56세,경상
2018060500100585,2018년 6월 5일 20시,화요일,대구광역시 서구 비산동,중상사고,0,1,0,0,차대차 - 측면충돌,안전운전불이행,건조,맑음,교차로 - 교차로부근,승용,여,34세,상해없음,이륜,남,24세,중상
2018060500100613,2018년 6월 5일 21시,화요일,대구광역시 남구 이천동,경상사고,0,0,1,0,차대사람 - 보도통행중,기타,건조,맑음,교차로 - 교차로안,자전거,남,68세,상해없음,보행자,남,38세,경상
2018060500100614,2018년 6월 5일 21시,화요일,대구광역시 동구 검사동,경상사고,0,0,1,0,차량단독 - 공작물충돌,안전운전불이행,건조,맑음,교차로 - 교차로부근,자전거,여,51세,경상,,,,
2018060500100615,2018년 6월 5일 21시,화요일,대구광역시 북구 산격동,부상신고사고,0,0,0,2,차대차 - 측면충돌,안전운전불이행,건조,맑음,단일로 - 기타,이륜,남,26세,부상신고,승용,남,39세,부상신고
2018060500100650,2018년 6월 5일 22시,화요일,대구광역시 달서구 두류동,중상사고,0,1,0,0,차대사람 - 기타,안전운전불이행,건조,맑음,단일로 - 기타,승용,남,24세,상해없음,보행자,여,53세,중상
2018060500100673,2018년 6월 5일 23시,화요일,대구광역시 북구 노원동3가,중상사고,0,1,0,0,차대차 - 측면충돌,신호위반,건조,맑음,교차로 - 교차로안,원동기,남,60세,중상,승용,남,45세,상해없음