사고번호,사고일시,요일,시군구,사고내용,사망자수,중상자수,경상자수,부상신고자수,사고유형,법규위반,노면상태,기상상태,도로형태,가해운전자 차종,가해운전자 성별,가해운전자 연령,가해운전자 상해정도,피해운전자 차종,피해운전자 성별,피해운전자 연령,피해운전자 상해정도
2018060800100680,2018년 6월 8일 22시,금요일,대구광역시 서구 내당동,경상사고,0,0,2,0,차대차 - 추돌,안전운전불이행,건조,맑음,단일로 - 기타,승용,남,55세,상해없음,승용,남,56세,상해없음
2018060800100695,2018년 6월 8일 23시,금요일,대구광역시 동구 효목동,경상사고,0,0,1,0,차대차 - 추돌,안전운전불이행,건조,맑음,교차로 - 교차로안,승용,남,52세,상해없음,승용,여,48세,경상
2018060800100696,2018년 6월 8일 23시,금요일,대구광역시 북구 매천동,경상사고,0,0,4,0,차대차 - 측면충돌,안전운전불이행,건조,맑음,교차로 - 교차로부근,승용,남,51세,상해없음,화물,남,27세,경상
2018060900100017,2018년 6월 9일 00시,토요일,대구광역시 수성구 매호동,경상사고,0,0,2,0,차대차 - 기타,안전운전불이행,건조,맑음,교차로 - 교차로부근,승용,남,35세,상해없음,승용,남,43세,경상
2018060900100041,2018년 6월 9일 02시,토요일,대구광역시 동구 효목동,중상사고,0,1,0,0,차량단독 - 공작물충돌,안전운전불이행,건조,맑음,단일로 - 기타,승용,남,35세,중상,,,,
2018060900100042,2018년 6월 9일 02시,토요일,대구광역시 북구 산격동,중상사고,0,1,0,0,차대사람 - 기타,안전운전불이행,건조,맑음,단일로 - 기타,승용,남,28세,상해없음,보행자,남,21세,중상
2018060900100051,2018년 6월 9일 03시,토요일,대구광역시 중구 태평로3가,경상사고,0,0,2,0,차대차 - 추돌,안전운전불이행,건조,맑음,교차로 - 교차로안,승용,여,25세,상해없음,승용,남,70세,경상
2018060900100093,2018년 6월 9일 06시,토요일,대구광역시 북구 고성동2가,경상사고,0,0,1,0,차량단독 - 기타,안전운전불이행,건조,맑음,교차로 - 교차로안,이륜,남,25세,경상,,,,
2018060900100126,2018년 6월 9일 08시,토요일,대구광역시 동구 부동,중상사고,0,1,0,0,차대사람 - 횡단중,안전운전불이행,건조,맑음,단일로 - 기타,승용,남,28세,상해없음,보행자,남,65세,중상
2018060900100127,2018년 6월 9일 08시,토요일,대구광역시 동구 신천동,경상사고,0,0,1,0,차대차 - 추돌,안전거리미확보,건조,맑음,단일로 - 기타,승용,남,61세,상해없음,승용,남,54세,경상
2018060900100151,2018년 6월 9일 09시,토요일,대구광역시 동구 신암동,경상사고,0,0,1,0,차대차 - 측면충돌,교차로운행방법위반,건조,맑음,교차로 - 교차로안,승용,남,51세,상해없음,이륜,여,39세,경상
2018060900100225,2018년 6월 9일 11시,토요일,대구광역시 수성구 파동,중상사고,0,1,0,0,차대사람 - 횡단중,안전운전불이행,건조,맑음,교차로 - 교차로안,승용,남,48세,상해없음,보행자,여,72세,중상
2018060900100226,2018년 6월 9일 11시,토요일,대구광역시 달성군 옥포읍,경상사고,0,0,1,0,차대사람 - 기타,안전운전불이행,건조,맑음,기타 - 기타,자전거,남,51세,상해없음,보행자,여,64세,경상
2018060900100264,2018년 6월 9일 12시,토요일,대구광역시 달서구 장기동,경상사고,0,0,1,0,차대차 - 측면충돌,안전운전불이행,건조,맑음,기타 - 기타,승용,남,58세,상해없음,승용,여,58세,경상
2018060900100300,2018년 6월 9일 13시,토요일,대구광역시 남구 대명동,중상사고,0,1,0,0,차대사람 - 기타,안전운전불이행,건조,맑음,단일로 - 기타,승용,남,34세,상해없음,보행자,여,75세,중상
2018060900100301,2018년 6월 9일 13시,토요일,대구광역시 수성구 범물동,부상신고사고,0,0,0,1,차량단독 - 기타,안전운전불이행,건조,맑음,단일로 - 기타,승용,남,76세,상해없음,,,,
2018060900100366,2018년 6월 9일 15시,토요일,대구광역시 달성군 다사읍,중상사고,0,1,0,0,차대차 - 기타,직진우회전진행방해,건조,맑음,교차로 - 교차로안,화물,남,39세,상해없음,원동기,남,18세,중상
2018060900100393,2018년 6월 9일 16시,토요일,대구광역시 동구 방촌동,경상사고,0,0,1,0,차대차 - 측면충돌,안전운전불이행,건조,맑음,단일로 - 기타,화물,남,47세,상해없음,이륜,남,23세,경상
2018060900100394,2018년 6월 9일 16시,토요일,대구광역시 서구 평리동,경상사고,0,0,2,0,차대차 - 추돌,안전운전불이행,건조,맑음,단일로 - 기타,승용,여,60세,상해없음,승용,남,56세,경상
2018060900100429,2018년 6월 9일 17시,토요일,대구광역시 달성군 하빈면,경상사고,0,0,2,0,차대차 - 기타,안전운전불이행,건조,맑음,단일로 - 기타,기타불명,기타불명,미분류,기타불명,승용,남,59세,상해없음
2018060900100472,2018년 6월 9일 18시,토요일,대구광역시 수성구 황금동,경상사고,0,0,1,0,차대차 - 측면충돌,안전운전불이행,건조,맑음,단일로 - 기타,승용,남,53세,상해없음,자전거,남,68세,경상
2018060900100473,2018년 6월 9일 18시,토요일,대구광역시 수성구 두산동,경상사고,0,0,7,0,차대차 - 추돌,교차로운행방법위반,건조,맑음,교차로 - 교차로부근,승용,여,48세,상해없음,승용,남,39세,경상
2018060900100474,2018년 6월 9일 18시,토요일,대구광역시 달서구 유천동,경상사고,0,0,1,0,차대차 - 측면충돌,안전운전불이행,건조,맑음,단일로 - 기타,이륜,남,25세,경상,승용,남,42세,상해없음
2018060900100475,2018년 6월 9일 18시,토요일,대구광역시 북구 동천동,경상사고,0,0,1,0,차대사람 - 기타,안전운전불이행,건조,맑음,단일로 - 기타,승합,남,45세,상해없음,보행자,여,64세,경상
2018060900100512,2018년 6월 9일 19시,토요일,대구광역시 달성군 구지면,경상사고,0,0,1,0,차대차 - 측면충돌,교차로운행방법위반,건조,맑음,교차로 - 교차로안,자전거,남,78세,경상,이륜,남,46세,상해없음
2018060900100513,2018년 6월 9일 19시,토요일,대구광역시 북구 산격동,중상사고,0,2,1,0,차대차 - 측면충돌,안전거리미확보,건조,맑음,단일로 - 기타,승용,남,58세,기타불명,승용,남,23세,중상
2018060900100514,2018년 6월 9일 19시,토요일,대구광역시 달서구 이곡동,경상사고,0,0,2,0,차대차 - 기타,안전거리미확보,건조,맑음,단일로 - 기타,승용,남,80세,상해없음,승용,남,31세,경상
2018060900100515,2018년 6월 9일 19시,토요일,대구광역시 달서구 이곡동,경상사고,0,0,2,0,차대차 - 측면충돌,신호위반,건조,맑음,단일로 - 기타,이륜,남,34세,경상,자전거,여,11세,경상
2018060900100553,2018년 6월 9일 20시,토요일,대구광역시 동구 지저동,부상신고사고,0,0,0,1,차량단독 - 기타,안전운전불이행,건조,맑음,단일로 - 기타,이륜,남,44세,부상신고,,,,
2018060900100584,2018년 6월 9일 21시,토요일,대구광역시 동구 신천동,중상사고,0,1,0,0,차대차 - 측면충돌,중앙선침범,건조,맑음,단일로 - 기타,승용,남,63세,상해없음,이륜,남,34세,중상
2018060900100585,2018년 6월 9일 21시,토요일,대구광역시 달성군 화원읍,경상사고,0,0,1,0,차대차 - 측면충돌,교차로운행방법위반,건조,맑음,교차로 - 교차로안,이륜,남,49세,상해없음,승용,남,43세,경상
2018060900100611,2018년 6월 9일 22시,토요일,대구광역시 북구 동천동,경상사고,0,0,2,0,차대차 - 기타,교차로운행방법위반,건조,맑음,교차로 - 교차로안,승용,남,34세,경상,이륜,남,22세,경상
2018060900100633,2018년 6월 9일 23시,토요일,대구광역시 서구 비산동,경상사고,0,0,1,0,차대사람 - 차도통행중,안전운전불이행,건조,맑음,단일로 - 기타,승용,남,30세,상해없음,보행자,남,48세,경상
2018060900100634,2018년 6월 9일 23시,토요일,대구광역시 중구 삼덕동3가,경상사고,0,0,1,0,차대차 - 기타,직진우회전진행방해,젖음/습기,맑음,교차로 - 교차로안,승용,남,64세,상해없음,승용,남,51세,경상
2018061000100036,2018년 6월 10일 01시,일요일,대구광역시 남구 이천동,경상사고,0,0,1,0,차대차 - 측면충돌,안전운전불이행,건조,맑음,교차로 - 교차로부근,승용,남,51세,상해없음,자전거,남,26세,경상
2018061000100037,2018년 6월 10일 01시,일요일,대구광역시 북구 침산동,부상신고사고,0,0,0,1,차대차 - 기타,신호위반,젖음/습기,비,교차로 - 교차로부근,이륜,남,24세,부상신고,승용,남,56세,상해없음
2018061000100068,2018년 6월 10일 03시,일요일,대구광역시 중구 삼덕동1가,경상사고,0,0,2,0,차대차 - 측면충돌,안전운전불이행,건조,맑음,교차로 - 교차로부근,승용,남,22세,상해없음,승용,남,34세,경상
2018061000100069,2018년 6월 10일 03시,일요일,대구광역시 달서구 본리동,경상사고,0,0,1,0,차대차 - 측면충돌,신호위반,건조,맑음,교차로 - 교차로안,승용,여,48세,상해없음,승용,남,53세,경상
2018061000100090,2018년 6월 10일 06시,일요일,대구광역시 중구 달성동,중상사고,0,1,0,0,차대차 - 측면충돌,안전거리미확보,건조,맑음,교차로 - 교차로부근,승용,남,59세,상해없음,이륜,남,40세,중상
2018061000100139,2018년 6월 10일 09시,일요일,대구광역시 수성구 만촌동,중상사고,0,1,0,0,차대사람 - 보도통행중,기타,건조,맑음,단일로 - 기타,승용,여,39세,상해없음,보행자,남,57세,중상
2018061000100140,2018년 6월 10일 09시,일요일,대구광역시 중구 달성동,부상신고사고,0,0,0,1,차대사람 - 차도통행중,안전운전불이행,건조,맑음,단일로 - 기타,화물,남,53세,상해없음,보행자,남,53세,부상신고
2018061000100163,2018년 6월 10일 10시,일요일,대구광역시 수성구 파동,경상사고,0,0,1,0,차대차 - 기타,안전운전불이행,건조,맑음,단일로 - 기타,기타불명,기타불명,기타불명,기타불명,이륜,남,78세,경상
2018061000100175,2018년 6월 10일 11시,일요일,대구광역시 동구 상매동,경상사고,0,0,5,0,차대차 - 측면충돌,교차로운행방법위반,건조,맑음,교차로 - 교차로안,승용,여,27세,경상,승용,남,43세,경상
2018061000100176,2018년 6월 10일 11시,일요일,대구광역시 서구 비산동,중상사고,0,1,1,0,차대차 - 추돌,안전운전불이행,건조,맑음,단일로 - 기타,원동기,남,38세,경상,이륜,남,37세,중상
2018061000100196,2018년 6월 10일 12시,일요일,대구광역시 달서구 감삼동,중상사고,0,2,0,0,차대차 - 측면충돌,안전운전불이행,건조,맑음,단일로 - 기타,승용,남,65세,상해없음,이륜,남,33세,중상
2018061000100226,2018년 6월 10일 13시,일요일,대구광역시 서구 비산동,경상사고,0,0,2,0,차대차 - 측면충돌,과속,건조,맑음,교차로 - 교차로부근,승용,남,29세,경상,승용,남,67세,경상
2018061000100227,2018년 6월 10일 13시,일요일,대구광역시 달서구 본리동,경상사고,0,0,1,0,차대사람 - 기타,안전운전불이행,건조,맑음,단일로 - 기타,승용,여,41세,상해없음,보행자,남,52세,경상
2018061000100256,2018년 6월 10일 14시,일요일,대구광역시 달성군 다사읍,중상사고,0,1,1,0,차대차 - 추돌,안전운전불이행,건조,맑음,단일로 - 기타,특수,남,51세,상해없음,승용,남,55세,경상
2018061000100285,2018년 6월 10일 15시,일요일,대구광역시 달서구 상인동,경상사고,0,0,4,0,차대차 - 측면충돌,교차로운행방법위반,건조,맑음,교차로 - 교차로안,승용,여,47세,상해없음,승용,남,52세,경상
2018061000100314,2018년 6월 10일 16시,일요일,대구광역시 남구 대명동,경상사고,0,0,1,0,차대차 - 기타,안전운전불이행,건조,맑음,교차로 - 교차로안,기타불명,기타불명,미분류,기타불명,이륜,남,44세,경상
2018061000100315,2018년 6월 10일 16시,일요일,대구광역시 수성구 시지동,경상사고,0,0,1,0,차대차 - 측면충돌,신호위반,건조,맑음,교차로 - 교차로안,승합,남,66세,상해없음,승합,남,53세,경상
2018061000100316,2018년 6월 10일 16시,일요일,대구광역시 중구 대봉동,경상사고,0,0,1,1,차대차 - 측면충돌,안전운전불이행,건조,맑음,단일로 - 기타,승용,여,57세,부상신고,승용,여,34세,경상
2018061000100317,2018년 6월 10일 16시,일요일,대구광역시 북구 칠성동2가,중상사고,0,1,0,0,차대사람 - 횡단중,안전운전불이행,건조,맑음,단일로 - 기타,승용,여,28세,상해없음,보행자,여,89세,중상
2018061000100318,2018년 6월 10일 16시,일요일,대구광역시 달서구 이곡동,경상사고,0,0,2,0,차대차 - 측면충돌,안전운전불이행,건조,맑음,단일로 - 기타,화물,남,34세,상해없음,이륜,남,19세,경상
2018061000100350,2018년 6월 10일 17시,일요일,대구광역시 동구 불로동,경상사고,0,0,1,0,차대차 - 기타,기타,건조,맑음,단일로 - 기타,승용,남,36세,상해없음,이륜,남,24세,경상
2018061000100351,2018년 6월 10일 17시,일요일,대구광역시 중구 대봉동,부상신고사고,0,0,0,1,차대차 - 측면충돌,안전거리미확보,건조,맑음,단일로 - 기타,자전거,남,68세,부상신고,승용,남,64세,상해없음
2018061000100352,2018년 6월 10일 17시,일요일,대구광역시 북구 서변동,경상사고,0,0,1,0,차대차 - 기타,기타,건조,맑음,교차로 - 교차로안,이륜,남,53세,상해없음,자전거,남,8세,경상
2018061000100378,2018년 6월 10일 18시,일요일,대구광역시 달서구 호산동,경상사고,0,0,3,0,차대차 - 측면충돌,안전거리미확보,건조,맑음,단일로 - 기타,승용,여,28세,기타불명,승용,남,54세,경상
2018061000100395,2018년 6월 10일 19시,일요일,대구광역시 북구 칠성동1가,중상사고,0,1,0,0,차대사람 - 기타,보행자보호의무위반,건조,맑음,단일로 - 기타,승용,여,33세,상해없음,보행자,남,65세,중상
2018061000100396,2018년 6월 10일 19시,일요일,대구광역시 북구 태전동,경상사고,0,0,1,0,차대사람 - 기타,기타,건조,맑음,단일로 - 기타,승용,남,49세,상해없음,보행자,여,21세,경상
2018061000100428,2018년 6월 10일 20시,일요일,대구광역시 달성군 화원읍,중상사고,0,1,2,0,차대차 - 기타,안전운전불이행,건조,맑음,단일로 - 기타,승용,남,38세,상해없음,승용,남,54세,경상
2018061000100429,2018년 6월 10일 20시,일요일,대구광역시 북구 동천동,경상사고,0,0,2,0,차대차 - 기타,안전운전불이행,건조,맑음,교차로 - 교차로부근,승용,남,42세,상해없음,이륜,남,18세,경상
2018061000100485,2018년 6월 10일 23시,일요일,대구광역시 달서구 감삼동,경상사고,0,0,1,0,차량단독 - 기타,안전운전불이행,젖음/습기,비,단일로 - 기타,이륜,남,53세,경상,,,,
2018061100100013,2018년 6월 11일 00시,월요일,대구광역시 달서구 송현동,경상사고,0,0,2,0,차대차 - 기타,안전운전불이행,젖음/습기,비,단일로 - 기타,승용,남,66세,상해없음,승용,남,30세,경상
2018061100100014,2018년 6월 11일 00시,월요일,대구광역시 북구 구암동,중상사고,0,1,0,1,차대차 - 추돌,안전운전불이행,젖음/습기,비,교차로 - 교차로안,승용,남,27세,부상신고,승용,남,56세,중상
2018061100100043,2018년 6월 11일 05시,월요일,대구광역시 동구 율하동,사망사고,1,2,1,0,차량단독 - 공작물충돌,안전운전불이행,젖음/습기,비,단일로 - 기타,승합,남,23세,상해없음,,,,
2018061100100044,2018년 6월 11일 05시,월요일,대구광역시 달서구 상인동,중상사고,0,1,0,0,차대차 - 측면충돌,중앙선침범,젖음/습기,비,단일로 - 기타,화물,남,74세,상해없음,승용,여,68세,중상
2018061100100052,2018년 6월 11일 06시,월요일,대구광역시 달서구 월성동,경상사고,0,0,1,0,차대차 - 추돌,안전운전불이행,젖음/습기,비,단일로 - 기타,승용,남,59세,상해없음,승용,여,52세,경상
2018061100100054,2018년 6월 11일 06시,월요일,대구광역시 달성군 다사읍,경상사고,0,0,1,0,차대차 - 기타,안전거리미확보,젖음/습기,비,단일로 - 기타,승용,남,67세,상해없음,승용,남,40세,경상
2018061100100055,2018년 6월 11일 06시,월요일,대구광역시 북구 침산동,경상사고,0,0,1,0,차대차 - 측면충돌,안전운전불이행,젖음/습기,비,단일로 - 기타,화물,남,39세,상해없음,승합,남,60세,경상
2018061100100118,2018년 6월 11일 08시,월요일,대구광역시 동구 신암동,경상사고,0,0,1,0,차대차 - 추돌,교차로운행방법위반,건조,맑음,교차로 - 교차로안,승용,남,57세,상해없음,승용,남,55세,경상
2018061100100119,2018년 6월 11일 08시,월요일,대구광역시 달서구 신당동,경상사고,0,0,1,0,차대차 - 측면충돌,직진우회전진행방해,건조,맑음,교차로 - 교차로안,화물,남,42세,상해없음,승용,여,42세,경상
2018061100100184,2018년 6월 11일 10시,월요일,대구광역시 남구 봉덕동,경상사고,0,0,1,0,차대차 - 기타,중앙선침범,건조,맑음,단일로 - 기타,화물,남,65세,상해없음,승용,남,71세,경상
2018061100100212,2018년 6월 11일 11시,월요일,대구광역시 달서구 본동,중상사고,0,1,0,0,차대차 - 추돌,안전운전불이행,건조,맑음,단일로 - 기타,자전거,남,78세,상해없음,이륜,여,69세,중상
2018061100100213,2018년 6월 11일 11시,월요일,대구광역시 달서구 장동,경상사고,0,0,1,0,차대차 - 측면충돌,안전거리미확보,건조,맑음,단일로 - 기타,화물,남,57세,상해없음,승용,남,44세,경상
2018061100100214,2018년 6월 11일 11시,월요일,대구광역시 북구 노원동3가,경상사고,0,0,1,0,차대차 - 측면충돌,직진우회전진행방해,건조,맑음,교차로 - 교차로안,승용,남,53세,상해없음,원동기,남,40세,경상
2018061100100215,2018년 6월 11일 11시,월요일,대구광역시 서구 내당동,부상신고사고,0,0,0,1,차대차 - 측면충돌,안전운전불이행,건조,맑음,단일로 - 기타,이륜,남,77세,부상신고,승용,남,64세,상해없음
2018061100100282,2018년 6월 11일 13시,월요일,대구광역시 달서구 대천동,경상사고,0,0,1,0,차대차 - 측면충돌,안전운전불이행,건조,맑음,단일로 - 기타,화물,남,52세,상해없음,승용,남,50세,경상
2018061100100283,2018년 6월 11일 13시,월요일,대구광역시 달서구 송현동,경상사고,0,0,1,0,차대차 - 측면충돌,안전운전불이행,건조,맑음,단일로 - 기타,승용,남,72세,상해없음,승용,여,38세,경상
2018061100100284,2018년 6월 11일 13시,월요일,대구광역시 서구 비산동,경상사고,0,0,1,0,차대차 - 추돌,안전운전불이행,건조,맑음,교차로 - 교차로부근,승용,남,66세,상해없음,화물,남,57세,경상
2018061100100285,2018년 6월 11일 13시,월요일,대구광역시 중구 동인동4가,중상사고,0,1,0,0,차대차 - 측면충돌,신호위반,건조,맑음,교차로 - 교차로안,화물,남,26세,상해없음,승용,남,65세,중상
2018061100100311,2018년 6월 11일 14시,월요일,대구광역시 동구 율하동,경상사고,0,0,1,0,차대차 - 기타,교차로운행방법위반,건조,맑음,교차로 - 교차로안,승용,여,51세,상해없음,자전거,남,80세,경상
2018061100100312,2018년 6월 11일 14시,월요일,대구광역시 수성구 만촌동,경상사고,0,0,2,0,차대차 - 추돌,안전운전불이행,건조,맑음,단일로 - 기타,승합,남,61세,상해없음,승용,여,38세,경상
2018061100100313,2018년 6월 11일 14시,월요일,대구광역시 달서구 상인동,경상사고,0,0,2,0,차대차 - 측면충돌,안전거리미확보,건조,맑음,단일로 - 기타,화물,남,36세,상해없음,이륜,남,20세,경상
2018061100100314,2018년 6월 11일 14시,월요일,대구광역시 달성군 논공읍,중상사고,0,1,0,0,차대차 - 측면충돌,신호위반,건조,맑음,교차로 - 교차로안,화물,남,55세,상해없음,승용,남,54세,중상
2018061100100315,2018년 6월 11일 14시,월요일,대구광역시 중구 대봉동,중상사고,0,1,0,0,차대차 - 측면충돌,신호위반,건조,맑음,단일로 - 기타,승용,여,42세,상해없음,자전거,남,53세,중상
2018061100100316,2018년 6월 11일 14시,월요일,대구광역시 달서구 이곡동,경상사고,0,0,1,0,차대차 - 추돌,안전거리미확보,건조,맑음,단일로 - 기타,승용,남,47세,상해없음,화물,여,43세,경상
2018061100100349,2018년 6월 11일 15시,월요일,대구광역시 달성군 구지면,중상사고,0,1,0,0,차대차 - 측면충돌,신호위반,건조,맑음,교차로 - 교차로안,건설기계,남,64세,상해없음,승용,여,50세,중상
2018061100100350,2018년 6월 11일 15시,월요일,대구광역시 서구 비산동,경상사고,0,0,1,0,차대차 - 후진중충돌,안전운전불이행,건조,맑음,단일로 - 기타,승용,여,43세,상해없음,이륜,남,27세,경상
2018061100100386,2018년 6월 11일 16시,월요일,대구광역시 북구 칠성동1가,중상사고,0,2,3,0,차대차 - 측면충돌,안전운전불이행,건조,맑음,교차로 - 교차로안,승용,남,67세,중상,승합,남,54세,경상
2018061100100387,2018년 6월 11일 16시,월요일,대구광역시 중구 대신동,경상사고,0,0,1,0,차대차 - 측면충돌,기타,건조,맑음,단일로 - 기타,승용,남,63세,상해없음,이륜,남,49세,경상
2018061100100388,2018년 6월 11일 16시,월요일,대구광역시 중구 삼덕동1가,경상사고,0,0,1,0,차대차 - 추돌,안전운전불이행,건조,맑음,단일로 - 기타,승용,남,64세,상해없음,승용,여,53세,경상
2018061100100389,2018년 6월 11일 16시,월요일,대구광역시 달서구 용산동,경상사고,0,0,1,0,차대차 - 기타,안전운전불이행,건조,맑음,단일로 - 기타,승용,여,60세,상해없음,승용,여,51세,경상
2018061100100456,2018년 6월 11일 18시,월요일,대구광역시 남구 봉덕동,경상사고,0,0,2,0,차대차 - 측면충돌,안전운전불이행,건조,맑음,교차로 - 교차로부근,승용,여,37세,상해없음,승용,여,42세,경상
2018061100100457,2018년 6월 11일 18시,월요일,대구광역시 동구 신천동,경상사고,0,0,2,0,차대차 - 측면충돌,안전거리미확보,건조,맑음,교차로 - 교차로안,승용,남,61세,상해없음,이륜,남,21세,경상
2018061100100458,2018년 6월 11일 18시,월요일,대구광역시 수성구 지산동,중상사고,0,1,0,0,차대차 - 측면충돌,안전운전불이행,건조,맑음,교차로 - 교차로부근,승용,여,47세,상해없음,이륜,남,25세,중상
2018061100100459,2018년 6월 11일 18시,월요일,대구광역시 달서구 상인동,중상사고,0,1,0,0,차대사람 - 기타,안전운전불이행,건조,맑음,단일로 - 기타,승용,여,62세,상해없음,보행자,여,8세,중상
2018061100100500,2018년 6월 11일 19시,월요일,대구광역시 동구 신암동,경상사고,0,0,1,0,차대차 - 측면충돌,안전운전불이행,건조,맑음,단일로 - 기타,승용,여,39세,상해없음,이륜,남,23세,경상
2018061100100501,2018년 6월 11일 19시,월요일,대구광역시 서구 평리동,부상신고사고,0,0,0,1,차대차 - 기타,안전운전불이행,건조,맑음,미분류 - 미분류,이륜,남,44세,부상신고,승용,여,44세,상해없음
2018061100100502,2018년 6월 11일 19시,월요일,대구광역시 북구 동천동,경상사고,0,0,1,0,차대차 - 기타,안전거리미확보,건조,맑음,기타 - 기타,승용,남,56세,상해없음,이륜,남,22세,경상
2018061100100558,2018년 6월 11일 21시,월요일,대구광역시 달서구 상인동,경상사고,0,0,2,0,차대차 - 측면충돌,중앙선침범,건조,맑음,교차로 - 교차로안,이륜,남,18세,경상,자전거,남,51세,경상
2018061100100559,2018년 6월 11일 21시,월요일,대구광역시 북구 노원동3가,경상사고,0,0,1,0,차대차 - 측면충돌,안전운전불이행,건조,맑음,단일로 - 기타,승용,남,38세,상해없음,승합,여,44세,경상
2018061100100560,2018년 6월 11일 21시,월요일,대구광역시 달서구 이곡동,경상사고,0,0,1,0,차대차 - 기타,교차로운행방법위반,건조,맑음,교차로 - 교차로안,승용,여,46세,상해없음,이륜,남,24세,경상
2018061100100589,2018년 6월 11일 22시,월요일,대구광역시 수성구 중동,중상사고,0,1,1,0,차대차 - 측면충돌,안전거리미확보,건조,맑음,단일로 - 기타,화물,남,68세,상해없음,승용,남,49세,경상
2018061100100590,2018년 6월 11일 22시,월요일,대구광역시 달성군 다사읍,중상사고,0,1,0,0,차대사람 - 횡단중,보행자보호의무위반,건조,맑음,교차로 - 교차로횡단보도내,승용,남,46세,상해없음,보행자,여,59세,중상
2018061100100621,2018년 6월 11일 23시,월요일,대구광역시 중구 대봉동,중상사고,0,1,1,0,차대차 - 측면충돌,신호위반,건조,맑음,교차로 - 교차로안,승용,남,74세,상해없음,이륜,남,32세,중상
2018061200100023,2018년 6월 12일 01시,화요일,대구광역시 남구 봉덕동,경상사고,0,0,2,0,차대차 - 추돌,안전거리미확보,건조,맑음,교차로 - 교차로부근,승용,여,56세,상해없음,승용,남,38세,경상
2018061200100030,2018년 6월 12일 03시,화요일,대구광역시 달서구 호림동,중상사고,0,1,0,0,차대사람 - 횡단중,보행자보호의무위반,건조,맑음,교차로 - 교차로횡단보도내,승용,남,27세,상해없음,보행자,여,69세,중상
2018061200100055,2018년 6월 12일 06시,화요일,대구광역시 달서구 두류동,경상사고,0,0,1,0,차대사람 - 횡단중,보행자보호의무위반,건조,맑음,교차로 - 교차로횡단보도내,승용,남,64세,기타불명,보행자,여,17세,경상
2018061200100078,2018년 6월 12일 07시,화요일,대구광역시 동구 신서동,중상사고,0,1,1,0,차대차 - 측면충돌,직진우회전진행방해,건조,맑음,교차로 - 교차로안,승용,남,39세,경상,승용,여,59세,중상
2018061200100079,2018년 6월 12일 07시,화요일,대구광역시 달서구 상인동,경상사고,0,0,1,0,차대차 - 측면충돌,안전운전불이행,건조,맑음,기타 - 기타,승용,남,20세,상해없음,자전거,남,18세,경상
2018061200100080,2018년 6월 12일 07시,화요일,대구광역시 서구 평리동,경상사고,0,0,1,0,차대차 - 기타,안전운전불이행,건조,맑음,단일로 - 기타,자전거,남,14세,경상,승용,남,48세,상해없음
2018061200100081,2018년 6월 12일 07시,화요일,대구광역시 달서구 이곡동,부상신고사고,0,0,0,1,차대차 - 기타,안전운전불이행,건조,맑음,단일로 - 기타,승용,남,54세,상해없음,자전거,여,61세,부상신고
2018061200100124,2018년 6월 12일 08시,화요일,대구광역시 달서구 도원동,경상사고,0,0,2,0,차대차 - 추돌,안전운전불이행,건조,맑음,단일로 - 기타,이륜,남,16세,경상,승용,여,40세,경상
2018061200100125,2018년 6월 12일 08시,화요일,대구광역시 북구 산격동,경상사고,0,0,1,0,차대차 - 측면충돌,안전운전불이행,건조,맑음,단일로 - 기타,승합,남,54세,상해없음,원동기,남,37세,경상
2018061200100160,2018년 6월 12일 09시,화요일,대구광역시 동구 괴전동,경상사고,0,0,1,0,차대차 - 기타,안전운전불이행,건조,맑음,교차로 - 교차로안,승용,여,53세,상해없음,자전거,남,76세,경상
2018061200100161,2018년 6월 12일 09시,화요일,대구광역시 중구 동인동1가,경상사고,0,0,1,0,차대차 - 측면충돌,차로위반,건조,맑음,교차로 - 교차로부근,승용,남,25세,상해없음,승용,남,41세,경상
2018061200100233,2018년 6월 12일 11시,화요일,대구광역시 달서구 상인동,경상사고,0,0,1,0,차대사람 - 기타,기타,건조,흐림,단일로 - 기타,승용,여,45세,상해없음,보행자,남,59세,경상
2018061200100234,2018년 6월 12일 11시,화요일,대구광역시 달서구 본동,부상신고사고,0,0,0,1,차대차 - 측면충돌,안전운전불이행,건조,맑음,단일로 - 기타,원동기,남,36세,부상신고,승용,남,45세,상해없음
2018061200100235,2018년 6월 12일 11시,화요일,대구광역시 북구 칠성동2가,경상사고,0,0,1,0,차대사람 - 횡단중,보행자보호의무위반,건조,맑음,교차로 - 교차로횡단보도내,화물,남,55세,상해없음,보행자,여,78세,경상
2018061200100262,2018년 6월 12일 12시,화요일,대구광역시 동구 방촌동,경상사고,0,0,2,0,차대차 - 측면충돌,안전거리미확보,건조,맑음,단일로 - 기타,승용,남,28세,상해없음,화물,남,67세,경상
2018061200100263,2018년 6월 12일 12시,화요일,대구광역시 달서구 송현동,경상사고,0,0,1,0,차대차 - 측면충돌,직진우회전진행방해,건조,맑음,교차로 - 교차로안,이륜,남,19세,상해없음,승용,여,46세,경상
2018061200100264,2018년 6월 12일 12시,화요일,대구광역시 서구 이현동,중상사고,0,1,0,0,차대차 - 기타,안전운전불이행,건조,맑음,교차로 - 교차로부근,화물,남,26세,상해없음,이륜,남,57세,중상
2018061200100289,2018년 6월 12일 13시,화요일,대구광역시 달성군 현풍읍,경상사고,0,0,1,0,차대차 - 기타,안전운전불이행,건조,맑음,단일로 - 기타,승용,남,67세,상해없음,승용,남,55세,경상