사고번호,사고일시,요일,시군구,사고내용,사망자수,중상자수,경상자수,부상신고자수,사고유형,법규위반,노면상태,기상상태,도로형태,가해운전자 차종,가해운전자 성별,가해운전자 연령,가해운전자 상해정도,피해운전자 차종,피해운전자 성별,피해운전자 연령,피해운전자 상해정도
2018061200100291,2018년 6월 12일 13시,화요일,대구광역시 서구 평리동,경상사고,0,0,1,0,차대차 - 추돌,안전거리미확보,건조,맑음,교차로 - 교차로안,승용,남,54세,상해없음,승용,남,53세,경상
2018061200100292,2018년 6월 12일 13시,화요일,대구광역시 중구 계산동2가,경상사고,0,0,1,0,차대차 - 기타,신호위반,건조,맑음,교차로 - 교차로안,승용,남,24세,상해없음,자전거,남,74세,경상
2018061200100324,2018년 6월 12일 14시,화요일,대구광역시 동구 율하동,부상신고사고,0,0,0,1,차량단독 - 전도전복 - 전도,안전운전불이행,건조,맑음,단일로 - 기타,자전거,남,9세,부상신고,미분류,미분류,미분류,미분류
2018061200100325,2018년 6월 12일 14시,화요일,대구광역시 수성구 범어동,경상사고,0,0,1,0,차대차 - 측면충돌,안전운전불이행,젖음/습기,흐림,단일로 - 기타,승용,여,39세,상해없음,승용,여,50세,경상
2018061200100326,2018년 6월 12일 14시,화요일,대구광역시 북구 노원동3가,중상사고,0,1,0,0,차대사람 - 횡단중,신호위반,건조,맑음,단일로 - 기타,이륜,남,26세,상해없음,보행자,여,68세,중상
2018061200100327,2018년 6월 12일 14시,화요일,대구광역시 서구 비산동,중상사고,0,1,0,0,차대차 - 기타,안전거리미확보,건조,맑음,단일로 - 기타,화물,남,59세,상해없음,이륜,남,43세,중상
2018061200100328,2018년 6월 12일 14시,화요일,대구광역시 북구 사수동,경상사고,0,0,1,0,차량단독 - 공작물충돌,안전운전불이행,건조,맑음,기타 - 기타,승용,남,65세,경상,,,,
2018061200100360,2018년 6월 12일 15시,화요일,대구광역시 서구 내당동,경상사고,0,0,1,0,차대차 - 정면충돌,안전거리미확보,건조,맑음,기타 - 기타,승용,여,55세,상해없음,승용,남,44세,경상
2018061200100361,2018년 6월 12일 15시,화요일,대구광역시 달서구 용산동,경상사고,0,0,2,1,차대차 - 기타,안전거리미확보,건조,맑음,단일로 - 기타,승용,여,39세,경상,승용,남,21세,경상
2018061200100392,2018년 6월 12일 16시,화요일,대구광역시 북구 침산동,경상사고,0,0,1,0,차대차 - 측면충돌,교차로운행방법위반,건조,맑음,단일로 - 기타,승용,여,59세,상해없음,승용,여,47세,경상
2018061200100393,2018년 6월 12일 16시,화요일,대구광역시 중구 동산동,경상사고,0,0,1,0,차대차 - 측면충돌,안전운전불이행,건조,맑음,단일로 - 기타,승용,여,47세,상해없음,승용,여,50세,경상
2018061200100446,2018년 6월 12일 17시,화요일,대구광역시 동구 신천동,부상신고사고,0,0,0,1,차대차 - 측면충돌,안전거리미확보,건조,맑음,교차로 - 교차로부근,승용,여,53세,상해없음,승용,남,41세,부상신고
2018061200100447,2018년 6월 12일 17시,화요일,대구광역시 달서구 두류동,경상사고,0,0,1,0,차대차 - 기타,안전운전불이행,건조,맑음,교차로 - 교차로부근,승용,남,34세,상해없음,이륜,남,58세,경상
2018061200100448,2018년 6월 12일 17시,화요일,대구광역시 북구 읍내동,경상사고,0,0,2,0,차대차 - 기타,중앙선침범,건조,맑음,단일로 - 기타,승용,여,56세,상해없음,승용,여,34세,경상
2018061200100497,2018년 6월 12일 18시,화요일,대구광역시 남구 대명동,경상사고,0,0,3,0,차대차 - 추돌,안전운전불이행,건조,맑음,단일로 - 기타,승용,남,56세,상해없음,승용,여,49세,경상
2018061200100498,2018년 6월 12일 18시,화요일,대구광역시 수성구 상동,중상사고,0,2,1,0,차대차 - 추돌,안전거리미확보,건조,맑음,교차로 - 교차로부근,승용,남,27세,상해없음,화물,남,44세,중상
2018061200100499,2018년 6월 12일 18시,화요일,대구광역시 서구 평리동,중상사고,0,1,0,0,차대차 - 기타,기타,건조,맑음,교차로 - 교차로안,승용,여,50세,상해없음,승합,남,37세,상해없음
2018061200100500,2018년 6월 12일 18시,화요일,대구광역시 북구 구암동,경상사고,0,0,1,0,차대차 - 측면충돌,교차로운행방법위반,건조,맑음,교차로 - 교차로안,이륜,남,42세,경상,승용,남,56세,상해없음
2018061200100545,2018년 6월 12일 19시,화요일,대구광역시 동구 신천동,중상사고,0,1,0,0,차대사람 - 기타,안전운전불이행,건조,맑음,단일로 - 기타,승용,여,58세,상해없음,보행자,남,39세,중상
2018061200100546,2018년 6월 12일 19시,화요일,대구광역시 수성구 범어동,경상사고,0,0,1,0,차대사람 - 횡단중,보행자보호의무위반,건조,맑음,단일로 - 기타,승용,남,32세,상해없음,보행자,여,10세,경상
2018061200100579,2018년 6월 12일 20시,화요일,대구광역시 동구 율하동,부상신고사고,0,0,0,1,차대사람 - 횡단중,안전운전불이행,건조,맑음,단일로 - 기타,승용,남,52세,상해없음,보행자,남,13세,부상신고
2018061200100609,2018년 6월 12일 21시,화요일,대구광역시 남구 대명동,경상사고,0,0,1,0,차대차 - 측면충돌,안전운전불이행,건조,맑음,교차로 - 교차로안,화물,남,61세,상해없음,이륜,남,28세,경상
2018061200100610,2018년 6월 12일 21시,화요일,대구광역시 달서구 도원동,경상사고,0,0,1,0,차대사람 - 기타,안전운전불이행,건조,맑음,단일로 - 기타,승용,남,50세,상해없음,보행자,여,44세,경상
2018061200100611,2018년 6월 12일 21시,화요일,대구광역시 서구 내당동,경상사고,0,0,2,0,차대차 - 추돌,안전운전불이행,건조,맑음,단일로 - 기타,승용,남,60세,상해없음,승용,남,39세,경상
2018061200100640,2018년 6월 12일 22시,화요일,대구광역시 서구 비산동,중상사고,0,1,0,0,차대사람 - 횡단중,안전운전불이행,건조,맑음,단일로 - 기타,승용,남,27세,상해없음,보행자,남,49세,중상
2018061300100033,2018년 6월 13일 01시,수요일,대구광역시 수성구 범어동,경상사고,0,0,2,0,차대차 - 측면충돌,안전운전불이행,건조,맑음,단일로 - 기타,승용,남,49세,상해없음,승용,남,39세,경상
2018061300100047,2018년 6월 13일 02시,수요일,대구광역시 달성군 유가읍,경상사고,0,0,3,0,차대차 - 기타,과속,건조,맑음,단일로 - 기타,승용,남,23세,상해없음,승용,여,40세,경상
2018061300100048,2018년 6월 13일 02시,수요일,대구광역시 달서구 갈산동,경상사고,0,0,2,0,차대차 - 정면충돌,중앙선침범,건조,맑음,교차로 - 교차로부근,승용,여,53세,상해없음,승용,남,44세,경상
2018061300100049,2018년 6월 13일 02시,수요일,대구광역시 북구 태전동,중상사고,0,1,0,0,차대사람 - 기타,안전운전불이행,건조,맑음,단일로 - 기타,승용,남,24세,상해없음,보행자,여,20세,중상
2018061300100061,2018년 6월 13일 03시,수요일,대구광역시 달서구 성당동,중상사고,0,1,2,0,차대차 - 측면충돌,안전운전불이행,건조,맑음,단일로 - 기타,승용,남,24세,상해없음,승용,남,61세,중상
2018061300100070,2018년 6월 13일 04시,수요일,대구광역시 남구 봉덕동,경상사고,0,0,1,0,차대차 - 측면충돌,안전운전불이행,건조,맑음,교차로 - 교차로부근,승용,남,43세,경상,승용,남,25세,상해없음
2018061300100142,2018년 6월 13일 08시,수요일,대구광역시 동구 방촌동,경상사고,0,0,2,0,차대차 - 측면충돌,안전거리미확보,건조,맑음,단일로 - 기타,승용,여,48세,상해없음,승용,남,65세,경상
2018061300100185,2018년 6월 13일 10시,수요일,대구광역시 남구 대명동,경상사고,0,0,1,0,차대사람 - 길가장자리구역통행중,안전운전불이행,건조,맑음,단일로 - 기타,승용,여,49세,상해없음,보행자,여,69세,경상
2018061300100186,2018년 6월 13일 10시,수요일,대구광역시 남구 대명동,경상사고,0,0,1,0,차대사람 - 보도통행중,기타,건조,맑음,기타 - 기타,승용,남,33세,상해없음,보행자,여,29세,경상
2018061300100187,2018년 6월 13일 10시,수요일,대구광역시 수성구 범어동,경상사고,0,0,1,0,차대차 - 측면충돌,안전운전불이행,건조,맑음,교차로 - 교차로안,승용,여,23세,상해없음,승용,여,50세,경상
2018061300100214,2018년 6월 13일 11시,수요일,대구광역시 동구 방촌동,경상사고,0,0,1,0,차대차 - 기타,안전운전불이행,건조,맑음,교차로 - 교차로안,승용,남,65세,상해없음,자전거,남,76세,경상
2018061300100215,2018년 6월 13일 11시,수요일,대구광역시 달서구 대천동,부상신고사고,0,0,0,1,차대사람 - 기타,안전운전불이행,건조,맑음,단일로 - 기타,자전거,남,16세,상해없음,보행자,남,7세,부상신고
2018061300100216,2018년 6월 13일 11시,수요일,대구광역시 달성군 현풍읍,경상사고,0,0,1,0,차대차 - 측면충돌,안전운전불이행,건조,맑음,주차장 - 주차장,승용,여,59세,상해없음,승용,여,34세,경상
2018061300100217,2018년 6월 13일 11시,수요일,대구광역시 서구 원대동3가,경상사고,0,0,1,0,차대차 - 측면충돌,불법유턴,건조,맑음,교차로 - 교차로횡단보도내,자전거,남,82세,경상,승용,남,22세,상해없음
2018061300100218,2018년 6월 13일 11시,수요일,대구광역시 달서구 두류동,부상신고사고,0,0,0,1,차대사람 - 기타,안전운전불이행,건조,맑음,기타 - 기타,기타불명,기타불명,미분류,기타불명,보행자,남,18세,부상신고
2018061300100219,2018년 6월 13일 11시,수요일,대구광역시 북구 동천동,경상사고,0,0,2,0,차대차 - 기타,안전운전불이행,건조,맑음,교차로 - 교차로안,화물,남,45세,상해없음,승용,남,53세,경상
2018061300100250,2018년 6월 13일 12시,수요일,대구광역시 서구 평리동,경상사고,0,0,1,0,차대사람 - 길가장자리구역통행중,안전운전불이행,건조,맑음,단일로 - 기타,이륜,여,55세,상해없음,보행자,여,10세,경상
2018061300100275,2018년 6월 13일 13시,수요일,대구광역시 수성구 만촌동,경상사고,0,0,1,0,차대차 - 측면충돌,신호위반,건조,맑음,교차로 - 교차로안,승용,여,32세,상해없음,이륜,남,57세,경상
2018061300100276,2018년 6월 13일 13시,수요일,대구광역시 달서구 대천동,부상신고사고,0,0,0,1,차대차 - 측면충돌,안전운전불이행,건조,맑음,교차로 - 교차로안,화물,남,43세,부상신고,화물,남,60세,상해없음
2018061300100277,2018년 6월 13일 13시,수요일,대구광역시 서구 비산동,경상사고,0,0,1,0,차대차 - 추돌,안전운전불이행,건조,맑음,교차로 - 교차로횡단보도내,자전거,남,11세,경상,승용,여,49세,상해없음
2018061300100385,2018년 6월 13일 16시,수요일,대구광역시 중구 대신동,경상사고,0,0,1,0,차대차 - 측면충돌,기타,건조,맑음,단일로 - 기타,승용,남,62세,상해없음,이륜,남,47세,경상
2018061300100410,2018년 6월 13일 17시,수요일,대구광역시 달서구 월성동,중상사고,0,1,0,0,차대차 - 측면충돌,불법유턴,건조,맑음,단일로 - 기타,승용,남,53세,상해없음,개인형이동수단(PM),남,49세,중상
2018061300100411,2018년 6월 13일 17시,수요일,대구광역시 달성군 다사읍,경상사고,0,0,1,0,차대차 - 기타,안전운전불이행,건조,맑음,단일로 - 기타,승용,남,51세,상해없음,승용,여,34세,경상
2018061300100412,2018년 6월 13일 17시,수요일,대구광역시 중구 동인동3가,경상사고,0,0,1,0,차대차 - 기타,안전운전불이행,건조,맑음,단일로 - 기타,승용,남,81세,상해없음,승용,남,41세,경상
2018061300100450,2018년 6월 13일 18시,수요일,대구광역시 달성군 다사읍,경상사고,0,0,1,0,차대차 - 기타,안전거리미확보,건조,맑음,단일로 - 기타,화물,남,66세,상해없음,승용,남,65세,경상
2018061300100451,2018년 6월 13일 18시,수요일,대구광역시 서구 내당동,경상사고,0,0,1,0,차대차 - 측면충돌,차로위반,건조,맑음,교차로 - 교차로부근,승용,남,36세,상해없음,승용,남,35세,경상
2018061300100452,2018년 6월 13일 18시,수요일,대구광역시 중구 향촌동,경상사고,0,0,1,0,차량단독 - 전도전복 - 전도,안전운전불이행,건조,맑음,교차로 - 교차로안,이륜,남,66세,경상,미분류,미분류,미분류,미분류
2018061300100453,2018년 6월 13일 18시,수요일,대구광역시 북구 구암동,중상사고,0,1,0,0,차대차 - 기타,교차로운행방법위반,건조,맑음,기타 - 기타,화물,남,46세,상해없음,이륜,남,52세,중상
2018061300100482,2018년 6월 13일 19시,수요일,대구광역시 달서구 상인동,중상사고,0,1,0,0,차대사람 - 차도통행중,안전운전불이행,건조,맑음,단일로 - 기타,이륜,남,40세,상해없음,보행자,여,12세,중상
2018061300100483,2018년 6월 13일 19시,수요일,대구광역시 달서구 용산동,경상사고,0,0,1,0,차대사람 - 보도통행중,기타,건조,맑음,기타 - 기타,이륜,남,64세,상해없음,보행자,여,14세,경상
2018061300100512,2018년 6월 13일 20시,수요일,대구광역시 수성구 신매동,부상신고사고,0,0,0,1,차대차 - 측면충돌,불법유턴,건조,맑음,교차로 - 교차로횡단보도내,자전거,남,16세,부상신고,승용,남,36세,상해없음
2018061300100513,2018년 6월 13일 20시,수요일,대구광역시 달서구 신당동,경상사고,0,0,1,0,차대차 - 측면충돌,교차로운행방법위반,건조,맑음,교차로 - 교차로안,이륜,남,38세,상해없음,이륜,남,29세,경상
2018061300100514,2018년 6월 13일 20시,수요일,대구광역시 북구 태전동,경상사고,0,0,1,0,차대차 - 기타,안전거리미확보,건조,맑음,단일로 - 기타,승용,여,20세,상해없음,이륜,남,25세,경상
2018061300100534,2018년 6월 13일 21시,수요일,대구광역시 달서구 용산동,경상사고,0,0,1,0,차대사람 - 횡단중,안전운전불이행,건조,맑음,교차로 - 교차로횡단보도내,승용,남,37세,상해없음,보행자,남,27세,경상
2018061300100557,2018년 6월 13일 22시,수요일,대구광역시 달서구 도원동,경상사고,0,0,1,0,차대차 - 후진중충돌,안전운전불이행,건조,맑음,기타 - 기타,승용,남,54세,상해없음,승용,남,44세,경상
2018061300100569,2018년 6월 13일 23시,수요일,대구광역시 달서구 용산동,경상사고,0,0,1,0,차대차 - 측면충돌,교차로운행방법위반,건조,맑음,교차로 - 교차로부근,승용,남,50세,상해없음,이륜,남,20세,경상
2018061400100052,2018년 6월 14일 06시,목요일,대구광역시 중구 삼덕동1가,경상사고,0,0,2,0,차대차 - 정면충돌,안전거리미확보,건조,맑음,교차로 - 교차로부근,승용,남,63세,상해없음,승용,남,20세,경상
2018061400100053,2018년 6월 14일 06시,목요일,대구광역시 달서구 죽전동,경상사고,0,0,1,0,차대차 - 추돌,교차로운행방법위반,건조,맑음,교차로 - 교차로안,승용,남,51세,상해없음,승용,남,63세,경상
2018061400100075,2018년 6월 14일 07시,목요일,대구광역시 북구 동변동,경상사고,0,0,1,0,차대차 - 측면충돌,직진우회전진행방해,건조,맑음,교차로 - 교차로안,승용,남,60세,상해없음,승용,남,36세,경상
2018061400100121,2018년 6월 14일 08시,목요일,대구광역시 수성구 범어동,경상사고,0,0,1,0,차대차 - 기타,안전거리미확보,건조,맑음,단일로 - 기타,승용,여,27세,상해없음,승합,남,40세,상해없음
2018061400100122,2018년 6월 14일 08시,목요일,대구광역시 달성군 가창면,중상사고,0,1,0,0,차대차 - 기타,중앙선침범,건조,맑음,단일로 - 기타,화물,남,59세,상해없음,화물,남,51세,중상
2018061400100123,2018년 6월 14일 08시,목요일,대구광역시 달성군 화원읍,경상사고,0,0,1,0,차대차 - 추돌,안전거리미확보,건조,맑음,단일로 - 기타,승용,남,51세,상해없음,승용,남,59세,경상
2018061400100124,2018년 6월 14일 08시,목요일,대구광역시 달성군 화원읍,경상사고,0,0,3,0,차대차 - 추돌,안전운전불이행,건조,맑음,단일로 - 기타,승용,남,48세,상해없음,승용,남,61세,경상
2018061400100125,2018년 6월 14일 08시,목요일,대구광역시 달서구 장동,경상사고,0,0,3,0,차대차 - 측면충돌,교차로운행방법위반,건조,맑음,교차로 - 교차로안,승용,남,52세,경상,승용,남,49세,경상
2018061400100181,2018년 6월 14일 10시,목요일,대구광역시 서구 내당동,중상사고,0,1,2,1,차대차 - 기타,안전운전불이행,건조,맑음,기타 - 기타,이륜,남,68세,부상신고,승용,여,24세,경상
2018061400100182,2018년 6월 14일 10시,목요일,대구광역시 달서구 이곡동,경상사고,0,0,2,0,차대차 - 추돌,안전운전불이행,건조,맑음,단일로 - 기타,승용,남,56세,상해없음,화물,남,34세,경상
2018061400100216,2018년 6월 14일 11시,목요일,대구광역시 수성구 범어동,경상사고,0,0,1,0,차대차 - 측면충돌,안전거리미확보,건조,맑음,교차로 - 교차로부근,승용,여,31세,상해없음,화물,남,56세,경상
2018061400100217,2018년 6월 14일 11시,목요일,대구광역시 서구 중리동,경상사고,0,0,1,1,차대차 - 측면충돌,기타,건조,맑음,단일로 - 기타,승용,남,52세,부상신고,이륜,남,51세,경상
2018061400100238,2018년 6월 14일 12시,목요일,대구광역시 달성군 논공읍,중상사고,0,1,0,0,차량단독 - 기타,안전운전불이행,건조,맑음,단일로 - 기타,승용,남,54세,상해없음,,,,
2018061400100239,2018년 6월 14일 12시,목요일,대구광역시 달성군 다사읍,부상신고사고,0,0,0,1,차대차 - 기타,안전운전불이행,건조,맑음,단일로 - 기타,승용,남,27세,상해없음,승용,여,30세,부상신고
2018061400100240,2018년 6월 14일 12시,목요일,대구광역시 중구 남산동,경상사고,0,0,1,0,차대차 - 기타,안전운전불이행,건조,맑음,교차로 - 교차로안,승용,남,68세,상해없음,승용,여,29세,경상
2018061400100272,2018년 6월 14일 13시,목요일,대구광역시 동구 지저동,경상사고,0,0,1,0,차대차 - 측면충돌,안전운전불이행,건조,맑음,단일로 - 기타,승용,여,63세,상해없음,자전거,여,77세,경상
2018061400100300,2018년 6월 14일 14시,목요일,대구광역시 동구 괴전동,중상사고,0,1,0,0,차대사람 - 횡단중,안전운전불이행,건조,맑음,교차로 - 교차로부근,이륜,남,18세,상해없음,보행자,남,9세,중상
2018061400100301,2018년 6월 14일 14시,목요일,대구광역시 북구 대현동,부상신고사고,0,0,0,1,차대사람 - 길가장자리구역통행중,안전운전불이행,건조,맑음,단일로 - 기타,승용,남,44세,상해없음,보행자,남,34세,부상신고
2018061400100302,2018년 6월 14일 14시,목요일,대구광역시 북구 읍내동,중상사고,0,1,0,0,차대차 - 측면충돌,안전운전불이행,건조,맑음,교차로 - 교차로안,화물,남,64세,상해없음,이륜,여,51세,중상
2018061400100345,2018년 6월 14일 15시,목요일,대구광역시 동구 입석동,경상사고,0,0,1,0,차대차 - 측면충돌,안전운전불이행,건조,맑음,교차로 - 교차로안,이륜,남,21세,상해없음,승용,여,46세,상해없음
2018061400100346,2018년 6월 14일 15시,목요일,대구광역시 수성구 지산동,경상사고,0,0,1,0,차대사람 - 차도통행중,안전운전불이행,건조,맑음,교차로 - 교차로안,화물,남,65세,상해없음,보행자,남,10세,경상
2018061400100347,2018년 6월 14일 15시,목요일,대구광역시 중구 남산동,경상사고,0,0,1,0,차대차 - 측면충돌,안전거리미확보,건조,맑음,교차로 - 교차로부근,화물,남,35세,상해없음,화물,남,37세,경상
2018061400100445,2018년 6월 14일 17시,목요일,대구광역시 동구 신암동,경상사고,0,0,1,0,차량단독 - 기타,안전운전불이행,건조,맑음,단일로 - 기타,승합,남,60세,상해없음,,,,
2018061400100446,2018년 6월 14일 17시,목요일,대구광역시 동구 용계동,경상사고,0,0,1,0,차대차 - 측면충돌,안전운전불이행,건조,맑음,교차로 - 교차로부근,화물,남,38세,상해없음,승용,남,26세,경상
2018061400100447,2018년 6월 14일 17시,목요일,대구광역시 북구 읍내동,중상사고,0,1,0,0,차대차 - 측면충돌,안전운전불이행,건조,맑음,단일로 - 기타,승용,남,50세,상해없음,이륜,남,52세,중상
2018061400100493,2018년 6월 14일 18시,목요일,대구광역시 달성군 다사읍,중상사고,0,1,0,0,차대사람 - 기타,안전운전불이행,건조,맑음,단일로 - 기타,화물,남,28세,상해없음,보행자,남,9세,중상
2018061400100494,2018년 6월 14일 18시,목요일,대구광역시 달서구 성당동,경상사고,0,0,2,0,차대차 - 측면충돌,안전운전불이행,건조,맑음,단일로 - 기타,화물,남,64세,상해없음,승합,여,59세,경상
2018061400100530,2018년 6월 14일 19시,목요일,대구광역시 동구 불로동,부상신고사고,0,0,0,5,차대차 - 측면충돌,안전거리미확보,건조,맑음,교차로 - 교차로부근,승용,여,44세,상해없음,승용,남,19세,부상신고
2018061400100532,2018년 6월 14일 19시,목요일,대구광역시 북구 사수동,부상신고사고,0,0,0,1,차대사람 - 기타,안전운전불이행,건조,맑음,단일로 - 기타,이륜,남,33세,상해없음,보행자,여,62세,부상신고
2018061400100567,2018년 6월 14일 20시,목요일,대구광역시 동구 신천동,중상사고,0,1,0,0,차대사람 - 기타,안전운전불이행,건조,맑음,단일로 - 기타,승용,남,29세,상해없음,보행자,남,57세,중상
2018061400100568,2018년 6월 14일 20시,목요일,대구광역시 북구 팔달동,중상사고,0,1,0,0,차대사람 - 기타,안전운전불이행,건조,맑음,단일로 - 기타,화물,남,65세,상해없음,보행자,남,52세,중상
2018061400100592,2018년 6월 14일 21시,목요일,대구광역시 동구 신서동,경상사고,0,0,2,1,차대차 - 측면충돌,안전운전불이행,건조,맑음,단일로 - 기타,승용,여,46세,부상신고,승용,남,30세,경상
2018061400100593,2018년 6월 14일 21시,목요일,대구광역시 달서구 감삼동,경상사고,0,0,2,0,차대차 - 추돌,안전운전불이행,건조,맑음,교차로 - 교차로부근,승용,남,75세,상해없음,승용,남,30세,경상
2018061400100594,2018년 6월 14일 21시,목요일,대구광역시 달서구 본리동,경상사고,0,0,1,0,차대사람 - 기타,안전운전불이행,건조,맑음,교차로 - 교차로부근,승용,남,71세,상해없음,보행자,여,56세,경상
2018061400100625,2018년 6월 14일 22시,목요일,대구광역시 동구 신서동,중상사고,0,1,0,0,차대차 - 측면충돌,교차로운행방법위반,건조,맑음,교차로 - 교차로안,승용,남,31세,상해없음,이륜,남,66세,중상
2018061400100626,2018년 6월 14일 22시,목요일,대구광역시 수성구 신매동,경상사고,0,0,1,0,차대차 - 추돌,안전거리미확보,건조,맑음,단일로 - 기타,원동기,남,16세,상해없음,승용,남,33세,경상
2018061400100645,2018년 6월 14일 23시,목요일,대구광역시 남구 대명동,중상사고,0,1,0,0,차대차 - 측면충돌,교차로운행방법위반,건조,맑음,교차로 - 교차로안,승용,남,28세,상해없음,이륜,남,26세,중상
2018061500100009,2018년 6월 15일 00시,금요일,대구광역시 달서구 월성동,경상사고,0,0,1,0,차대차 - 측면충돌,안전운전불이행,건조,맑음,단일로 - 기타,화물,남,63세,상해없음,승용,남,25세,경상
2018061500100010,2018년 6월 15일 00시,금요일,대구광역시 남구 대명동,경상사고,0,0,1,0,차대차 - 측면충돌,안전운전불이행,건조,맑음,교차로 - 교차로안,개인형이동수단(PM),남,34세,경상,승용,여,53세,상해없음
2018061500100052,2018년 6월 15일 05시,금요일,대구광역시 북구 산격동,경상사고,0,0,2,0,차대차 - 측면충돌,안전운전불이행,건조,맑음,단일로 - 기타,승용,남,31세,상해없음,승용,남,69세,경상
2018061500100061,2018년 6월 15일 06시,금요일,대구광역시 동구 신서동,경상사고,0,0,1,0,차대차 - 측면충돌,직진우회전진행방해,건조,맑음,교차로 - 교차로안,승용,여,40세,상해없음,화물,남,61세,경상
2018061500100082,2018년 6월 15일 07시,금요일,대구광역시 동구 효목동,중상사고,0,1,1,0,차대차 - 측면충돌,안전운전불이행,건조,맑음,단일로 - 기타,자전거,여,59세,경상,자전거,여,64세,중상
2018061500100119,2018년 6월 15일 08시,금요일,대구광역시 동구 신서동,경상사고,0,0,1,0,차대차 - 추돌,안전운전불이행,건조,맑음,단일로 - 기타,화물,남,61세,상해없음,승용,여,45세,경상
2018061500100120,2018년 6월 15일 08시,금요일,대구광역시 동구 효목동,부상신고사고,0,0,0,1,차대사람 - 기타,안전운전불이행,건조,맑음,기타 - 기타,기타불명,기타불명,미분류,기타불명,보행자,여,71세,부상신고
2018061500100121,2018년 6월 15일 08시,금요일,대구광역시 달서구 상인동,부상신고사고,0,0,0,1,차대차 - 측면충돌,안전운전불이행,건조,맑음,단일로 - 기타,이륜,남,30세,부상신고,승용,여,61세,상해없음
2018061500100122,2018년 6월 15일 08시,금요일,대구광역시 달서구 본동,경상사고,0,0,1,0,차대차 - 기타,신호위반,건조,맑음,교차로 - 교차로안,승용,여,48세,상해없음,이륜,남,50세,경상
2018061500100151,2018년 6월 15일 09시,금요일,대구광역시 수성구 범어동,경상사고,0,0,2,0,차대차 - 측면충돌,안전거리미확보,건조,맑음,단일로 - 기타,승용,여,39세,상해없음,화물,남,59세,상해없음
2018061500100152,2018년 6월 15일 09시,금요일,대구광역시 중구 삼덕동2가,경상사고,0,0,1,0,차대차 - 측면충돌,안전운전불이행,건조,맑음,단일로 - 기타,승용,남,65세,상해없음,승용,남,60세,경상
2018061500100207,2018년 6월 15일 11시,금요일,대구광역시 달성군 현풍읍,중상사고,0,1,0,0,차대차 - 기타,안전운전불이행,건조,맑음,단일로 - 기타,승용,여,60세,상해없음,승용,여,54세,중상
2018061500100234,2018년 6월 15일 12시,금요일,대구광역시 남구 봉덕동,경상사고,0,0,1,0,차대차 - 측면충돌,교차로운행방법위반,건조,맑음,교차로 - 교차로횡단보도내,승용,남,76세,상해없음,자전거,남,66세,경상
2018061500100264,2018년 6월 15일 13시,금요일,대구광역시 수성구 지산동,경상사고,0,0,1,0,차대차 - 측면충돌,안전운전불이행,건조,맑음,단일로 - 기타,이륜,남,51세,경상,승합,여,49세,상해없음
2018061500100265,2018년 6월 15일 13시,금요일,대구광역시 달성군 화원읍,경상사고,0,0,1,0,차대차 - 기타,안전운전불이행,건조,맑음,단일로 - 기타,승용,여,59세,상해없음,이륜,남,40세,경상
2018061500100302,2018년 6월 15일 14시,금요일,대구광역시 동구 신서동,경상사고,0,0,2,0,차대사람 - 기타,안전운전불이행,건조,맑음,단일로 - 기타,자전거,남,19세,상해없음,보행자,여,28세,경상
2018061500100303,2018년 6월 15일 14시,금요일,대구광역시 수성구 중동,중상사고,0,1,0,0,차대사람 - 기타,안전운전불이행,건조,맑음,기타 - 기타,승용,남,62세,상해없음,보행자,여,79세,중상
2018061500100345,2018년 6월 15일 15시,금요일,대구광역시 수성구 가천동,경상사고,0,0,3,0,차대차 - 추돌,안전거리미확보,건조,맑음,단일로 - 기타,화물,여,60세,상해없음,승용,여,57세,상해없음
2018061500100346,2018년 6월 15일 15시,금요일,대구광역시 북구 대현동,경상사고,0,0,1,0,차대사람 - 보도통행중,기타,건조,맑음,단일로 - 기타,자전거,남,79세,상해없음,보행자,여,62세,경상
2018061500100399,2018년 6월 15일 16시,금요일,대구광역시 동구 신천동,경상사고,0,0,2,0,차대차 - 추돌,안전운전불이행,건조,맑음,교차로 - 교차로부근,승용,남,61세,상해없음,승용,남,32세,경상
2018061500100400,2018년 6월 15일 16시,금요일,대구광역시 달서구 월암동,경상사고,0,0,1,0,차대차 - 추돌,안전운전불이행,건조,맑음,교차로 - 교차로부근,승용,남,60세,상해없음,승용,남,46세,경상
2018061500100401,2018년 6월 15일 16시,금요일,대구광역시 달서구 용산동,경상사고,0,0,1,0,차대차 - 추돌,안전운전불이행,건조,맑음,단일로 - 기타,승용,남,57세,상해없음,승용,여,27세,경상
2018061500100451,2018년 6월 15일 17시,금요일,대구광역시 수성구 범어동,경상사고,0,0,2,0,차대차 - 추돌,안전거리미확보,건조,맑음,단일로 - 기타,화물,남,33세,상해없음,승용,남,52세,경상
2018061500100452,2018년 6월 15일 17시,금요일,대구광역시 수성구 만촌동,중상사고,0,1,0,0,차대차 - 기타,교차로운행방법위반,건조,맑음,교차로 - 교차로안,승용,여,41세,상해없음,승합,남,49세,상해없음
2018061500100453,2018년 6월 15일 17시,금요일,대구광역시 북구 산격동,부상신고사고,0,0,0,1,차대차 - 측면충돌,안전운전불이행,건조,맑음,단일로 - 기타,이륜,남,56세,부상신고,승용,남,44세,기타불명