사고번호,사고일시,요일,시군구,사고내용,사망자수,중상자수,경상자수,부상신고자수,사고유형,법규위반,노면상태,기상상태,도로형태,가해운전자 차종,가해운전자 성별,가해운전자 연령,가해운전자 상해정도,피해운전자 차종,피해운전자 성별,피해운전자 연령,피해운전자 상해정도
2018061500100507,2018년 6월 15일 18시,금요일,대구광역시 달서구 월암동,경상사고,0,0,1,0,차대차 - 추돌,안전운전불이행,건조,맑음,교차로 - 교차로부근,승용,남,30세,상해없음,승용,남,34세,경상
2018061500100508,2018년 6월 15일 18시,금요일,대구광역시 달서구 죽전동,경상사고,0,0,2,0,차대차 - 측면충돌,교차로운행방법위반,건조,맑음,교차로 - 교차로부근,승용,여,46세,경상,승용,남,21세,경상
2018061500100509,2018년 6월 15일 18시,금요일,대구광역시 달서구 용산동,중상사고,0,1,0,0,차대사람 - 횡단중,안전운전불이행,건조,맑음,교차로 - 교차로횡단보도내,승용,남,24세,상해없음,보행자,남,55세,중상
2018061500100543,2018년 6월 15일 19시,금요일,대구광역시 중구 공평동,부상신고사고,0,0,0,1,차대사람 - 길가장자리구역통행중,안전운전불이행,건조,맑음,단일로 - 기타,승용,여,18세,상해없음,보행자,남,50세,부상신고
2018061500100579,2018년 6월 15일 20시,금요일,대구광역시 동구 신암동,경상사고,0,0,1,0,차대차 - 추돌,안전운전불이행,건조,맑음,단일로 - 기타,승용,남,72세,상해없음,승용,남,25세,경상
2018061500100580,2018년 6월 15일 20시,금요일,대구광역시 수성구 황금동,경상사고,0,0,1,0,차대사람 - 기타,안전운전불이행,건조,맑음,단일로 - 기타,승용,남,24세,상해없음,보행자,남,42세,경상
2018061500100581,2018년 6월 15일 20시,금요일,대구광역시 달서구 유천동,경상사고,0,0,1,0,차대차 - 기타,안전운전불이행,건조,맑음,교차로 - 교차로안,자전거,남,12세,경상,승용,남,44세,상해없음
2018061500100582,2018년 6월 15일 20시,금요일,대구광역시 서구 내당동,중상사고,0,1,1,0,차대차 - 측면충돌,불법유턴,건조,맑음,교차로 - 교차로횡단보도내,자전거,남,72세,중상,이륜,남,18세,경상
2018061500100583,2018년 6월 15일 20시,금요일,대구광역시 중구 동산동,경상사고,0,0,1,0,차대차 - 추돌,안전운전불이행,건조,맑음,교차로 - 교차로부근,승용,여,53세,상해없음,승용,남,62세,경상
2018061500100612,2018년 6월 15일 21시,금요일,대구광역시 수성구 시지동,경상사고,0,0,1,0,차대차 - 측면충돌,교차로운행방법위반,건조,맑음,교차로 - 교차로안,승용,여,54세,상해없음,이륜,남,25세,경상
2018061500100613,2018년 6월 15일 21시,금요일,대구광역시 달서구 대곡동,중상사고,0,1,0,0,차대사람 - 차도통행중,안전운전불이행,건조,맑음,교차로 - 교차로부근,승용,남,38세,상해없음,보행자,여,14세,중상
2018061500100614,2018년 6월 15일 21시,금요일,대구광역시 북구 산격동,중상사고,0,1,0,0,차대사람 - 횡단중,기타,건조,맑음,단일로 - 기타,승용,남,32세,상해없음,보행자,남,78세,중상
2018061500100652,2018년 6월 15일 22시,금요일,대구광역시 수성구 범어동,경상사고,0,0,1,0,차대차 - 기타,안전운전불이행,건조,맑음,단일로 - 기타,승용,여,47세,상해없음,이륜,남,23세,경상
2018061500100653,2018년 6월 15일 22시,금요일,대구광역시 달서구 월암동,중상사고,0,1,1,0,차대차 - 측면충돌,안전거리미확보,건조,맑음,교차로 - 교차로안,승용,여,47세,상해없음,승용,남,70세,중상
2018061500100654,2018년 6월 15일 22시,금요일,대구광역시 중구 동인동4가,경상사고,0,0,1,0,차대차 - 측면충돌,안전운전불이행,건조,맑음,단일로 - 기타,승용,남,59세,상해없음,승용,여,59세,경상
2018061500100677,2018년 6월 15일 23시,금요일,대구광역시 달서구 죽전동,경상사고,0,0,1,0,차대차 - 측면충돌,안전거리미확보,건조,맑음,단일로 - 기타,화물,남,69세,상해없음,승용,남,53세,경상
2018061600100012,2018년 6월 16일 00시,토요일,대구광역시 중구 남일동,경상사고,0,0,1,0,차대사람 - 횡단중,안전운전불이행,건조,맑음,단일로 - 기타,승용,여,54세,상해없음,보행자,여,21세,경상
2018061600100026,2018년 6월 16일 01시,토요일,대구광역시 동구 효목동,경상사고,0,0,2,0,차대차 - 추돌,안전운전불이행,건조,맑음,단일로 - 기타,승용,남,30세,상해없음,승용,남,28세,경상
2018061600100027,2018년 6월 16일 01시,토요일,대구광역시 수성구 신매동,경상사고,0,0,2,0,차대차 - 추돌,안전운전불이행,건조,맑음,교차로 - 교차로부근,승용,여,49세,상해없음,승용,남,62세,경상
2018061600100028,2018년 6월 16일 01시,토요일,대구광역시 달서구 용산동,경상사고,0,0,1,0,차대차 - 측면충돌,교차로운행방법위반,건조,맑음,교차로 - 교차로횡단보도내,승용,남,56세,상해없음,자전거,남,40세,경상
2018061600100044,2018년 6월 16일 02시,토요일,대구광역시 수성구 상동,경상사고,0,0,1,0,차대차 - 측면충돌,안전운전불이행,건조,맑음,교차로 - 교차로부근,승용,남,36세,상해없음,승용,남,38세,경상
2018061600100063,2018년 6월 16일 04시,토요일,대구광역시 중구 삼덕동1가,경상사고,0,0,1,0,차대사람 - 차도통행중,안전운전불이행,건조,맑음,교차로 - 교차로안,승용,남,22세,상해없음,보행자,남,21세,경상
2018061600100103,2018년 6월 16일 07시,토요일,대구광역시 북구 침산동,중상사고,0,1,0,0,차대사람 - 횡단중,중앙선침범,건조,맑음,교차로 - 교차로횡단보도내,화물,남,35세,상해없음,보행자,남,66세,중상
2018061600100104,2018년 6월 16일 07시,토요일,대구광역시 서구 이현동,중상사고,0,1,0,0,차대차 - 측면충돌,안전거리미확보,건조,맑음,단일로 - 기타,승용,남,70세,상해없음,이륜,남,46세,중상
2018061600100159,2018년 6월 16일 10시,토요일,대구광역시 남구 봉덕동,중상사고,0,2,0,0,차대차 - 측면충돌,신호위반,건조,맑음,교차로 - 교차로안,승용,남,69세,상해없음,승용,여,38세,중상
2018061600100160,2018년 6월 16일 10시,토요일,대구광역시 달서구 호산동,경상사고,0,0,2,0,차대차 - 측면충돌,신호위반,건조,맑음,교차로 - 교차로안,승용,여,33세,경상,승용,남,65세,경상
2018061600100195,2018년 6월 16일 11시,토요일,대구광역시 동구 신천동,경상사고,0,0,1,0,차대차 - 기타,안전거리미확보,건조,맑음,단일로 - 기타,승용,여,46세,상해없음,승합,남,49세,상해없음
2018061600100196,2018년 6월 16일 11시,토요일,대구광역시 달서구 상인동,부상신고사고,0,0,0,1,차량단독 - 공작물충돌,안전운전불이행,건조,맑음,교차로 - 교차로부근,자전거,남,9세,부상신고,,,,
2018061600100263,2018년 6월 16일 13시,토요일,대구광역시 동구 신암동,경상사고,0,0,1,0,차대차 - 측면충돌,교차로운행방법위반,건조,맑음,교차로 - 교차로안,승용,여,41세,상해없음,승용,남,58세,상해없음
2018061600100264,2018년 6월 16일 13시,토요일,대구광역시 서구 비산동,부상신고사고,0,0,0,1,차대차 - 추돌,안전운전불이행,건조,맑음,단일로 - 기타,승용,남,52세,상해없음,승용,남,22세,부상신고
2018061600100299,2018년 6월 16일 14시,토요일,대구광역시 동구 검사동,경상사고,0,0,1,0,차대차 - 기타,안전운전불이행,건조,맑음,단일로 - 기타,승용,남,38세,상해없음,화물,남,61세,경상
2018061600100302,2018년 6월 16일 14시,토요일,대구광역시 수성구 사월동,경상사고,0,0,1,0,차대차 - 추돌,안전거리미확보,건조,맑음,단일로 - 기타,승용,여,41세,상해없음,승용,남,45세,경상
2018061600100303,2018년 6월 16일 14시,토요일,대구광역시 달성군 화원읍,부상신고사고,0,0,0,1,차대사람 - 기타,안전운전불이행,건조,맑음,기타 - 기타,기타불명,기타불명,미분류,기타불명,보행자,여,52세,부상신고
2018061600100304,2018년 6월 16일 14시,토요일,대구광역시 중구 태평로3가,경상사고,0,0,2,0,차대차 - 추돌,안전운전불이행,건조,맑음,단일로 - 기타,승용,남,52세,상해없음,승용,남,45세,경상
2018061600100305,2018년 6월 16일 14시,토요일,대구광역시 중구 동성로2가,경상사고,0,0,1,0,차대사람 - 기타,안전운전불이행,건조,맑음,교차로 - 교차로부근,승용,여,60세,상해없음,보행자,여,26세,경상
2018061600100306,2018년 6월 16일 14시,토요일,대구광역시 달서구 성당동,중상사고,0,1,1,0,차대차 - 기타,차로위반,건조,맑음,단일로 - 기타,승용,여,49세,상해없음,이륜,남,73세,중상
2018061600100307,2018년 6월 16일 14시,토요일,대구광역시 북구 팔달동,경상사고,0,0,5,0,차대차 - 측면충돌,안전운전불이행,건조,맑음,단일로 - 기타,승용,남,55세,상해없음,승용,남,40세,경상
2018061600100341,2018년 6월 16일 15시,토요일,대구광역시 북구 산격동,경상사고,0,0,1,0,차대차 - 기타,안전운전불이행,건조,맑음,단일로 - 기타,승용,남,77세,상해없음,자전거,남,65세,경상
2018061600100342,2018년 6월 16일 15시,토요일,대구광역시 서구 평리동,경상사고,0,0,1,0,차대차 - 측면충돌,안전운전불이행,건조,맑음,단일로 - 기타,승용,남,60세,상해없음,승용,여,56세,경상
2018061600100343,2018년 6월 16일 15시,토요일,대구광역시 중구 태평로3가,경상사고,0,0,1,0,차대차 - 측면충돌,안전운전불이행,건조,맑음,교차로 - 교차로부근,이륜,남,53세,경상,승용,남,57세,상해없음
2018061600100387,2018년 6월 16일 16시,토요일,대구광역시 수성구 황금동,경상사고,0,0,1,0,차대차 - 정면충돌,안전운전불이행,건조,맑음,단일로 - 기타,이륜,남,18세,경상,승용,여,59세,상해없음
2018061600100388,2018년 6월 16일 16시,토요일,대구광역시 달서구 감삼동,경상사고,0,0,1,0,차대차 - 측면충돌,안전거리미확보,건조,맑음,단일로 - 기타,승용,여,38세,상해없음,이륜,남,24세,경상
2018061600100429,2018년 6월 16일 17시,토요일,대구광역시 동구 방촌동,경상사고,0,0,1,0,차대차 - 측면충돌,신호위반,건조,맑음,교차로 - 교차로안,승용,여,54세,상해없음,승용,남,31세,경상
2018061600100430,2018년 6월 16일 17시,토요일,대구광역시 달서구 용산동,경상사고,0,0,3,1,차대차 - 기타,안전거리미확보,건조,맑음,단일로 - 기타,승용,여,50세,경상,승용,여,41세,경상
2018061600100472,2018년 6월 16일 18시,토요일,대구광역시 중구 동성로3가,중상사고,0,1,0,0,차대사람 - 횡단중,보행자보호의무위반,건조,맑음,단일로 - 기타,승합,남,55세,상해없음,보행자,남,26세,중상
2018061600100507,2018년 6월 16일 19시,토요일,대구광역시 수성구 범어동,경상사고,0,0,1,0,차대차 - 측면충돌,직진우회전진행방해,건조,맑음,교차로 - 교차로안,이륜,남,42세,경상,이륜,남,17세,상해없음
2018061600100536,2018년 6월 16일 20시,토요일,대구광역시 수성구 범물동,경상사고,0,0,2,0,차대차 - 측면충돌,신호위반,건조,맑음,교차로 - 교차로안,승합,남,58세,상해없음,승용,남,26세,경상
2018061600100537,2018년 6월 16일 20시,토요일,대구광역시 북구 서변동,경상사고,0,0,1,1,차량단독 - 기타,안전운전불이행,건조,맑음,단일로 - 기타,승용,여,20세,부상신고,,,,
2018061600100571,2018년 6월 16일 21시,토요일,대구광역시 동구 신서동,경상사고,0,0,3,0,차대차 - 추돌,안전운전불이행,건조,맑음,기타 - 기타,승용,남,57세,기타불명,승용,여,41세,경상
2018061600100572,2018년 6월 16일 21시,토요일,대구광역시 달서구 도원동,경상사고,0,0,1,0,차대사람 - 기타,안전운전불이행,건조,맑음,주차장 - 주차장,승용,남,45세,상해없음,보행자,남,23세,경상
2018061600100598,2018년 6월 16일 22시,토요일,대구광역시 동구 효목동,중상사고,0,1,0,0,차대사람 - 횡단중,보행자보호의무위반,건조,맑음,교차로 - 교차로횡단보도내,승용,여,59세,상해없음,보행자,여,57세,중상
2018061600100624,2018년 6월 16일 23시,토요일,대구광역시 수성구 파동,경상사고,0,0,1,0,차대사람 - 기타,안전운전불이행,건조,맑음,단일로 - 기타,승용,남,62세,상해없음,보행자,여,34세,경상
2018061600100625,2018년 6월 16일 23시,토요일,대구광역시 달서구 성당동,경상사고,0,0,1,0,차대차 - 정면충돌,안전운전불이행,건조,맑음,교차로 - 교차로안,승용,남,46세,상해없음,특수,남,25세,경상
2018061700100014,2018년 6월 17일 00시,일요일,대구광역시 북구 관음동,경상사고,0,0,2,1,차대차 - 측면충돌,교차로운행방법위반,건조,맑음,교차로 - 교차로안,이륜,남,18세,부상신고,승용,남,60세,경상
2018061700100028,2018년 6월 17일 01시,일요일,대구광역시 수성구 삼덕동,경상사고,0,0,4,0,차대차 - 추돌,안전운전불이행,건조,맑음,단일로 - 지하차도(도로)내,승용,남,19세,상해없음,승용,남,30세,상해없음
2018061700100029,2018년 6월 17일 01시,일요일,대구광역시 수성구 상동,경상사고,0,0,1,0,차대차 - 추돌,교차로운행방법위반,건조,맑음,교차로 - 교차로안,승용,남,34세,기타불명,승용,남,35세,경상
2018061700100030,2018년 6월 17일 01시,일요일,대구광역시 북구 침산동,경상사고,0,0,1,0,차대차 - 측면충돌,교차로운행방법위반,건조,맑음,교차로 - 교차로안,승용,남,60세,상해없음,승용,여,52세,경상
2018061700100050,2018년 6월 17일 02시,일요일,대구광역시 북구 태전동,경상사고,0,0,1,0,차대차 - 기타,교차로운행방법위반,건조,맑음,교차로 - 교차로안,승용,남,67세,상해없음,기타불명,기타불명,미분류,기타불명
2018061700100066,2018년 6월 17일 04시,일요일,대구광역시 남구 봉덕동,경상사고,0,0,1,0,차대차 - 측면충돌,교차로운행방법위반,건조,맑음,단일로 - 기타,승용,남,31세,상해없음,승용,남,45세,경상
2018061700100067,2018년 6월 17일 04시,일요일,대구광역시 중구 포정동,경상사고,0,0,1,0,차대차 - 추돌,안전거리미확보,건조,맑음,단일로 - 기타,승용,남,63세,상해없음,승용,남,47세,경상
2018061700100068,2018년 6월 17일 04시,일요일,대구광역시 달서구 감삼동,경상사고,0,0,1,0,차대사람 - 기타,안전운전불이행,건조,기타,기타 - 기타,승용,남,31세,상해없음,보행자,남,41세,경상
2018061700100069,2018년 6월 17일 04시,일요일,대구광역시 달서구 감삼동,경상사고,0,0,2,0,차대차 - 추돌,안전운전불이행,건조,맑음,교차로 - 교차로부근,승용,남,29세,상해없음,승용,남,55세,경상
2018061700100078,2018년 6월 17일 05시,일요일,대구광역시 동구 신암동,경상사고,0,0,2,0,차대차 - 측면충돌,차로위반,건조,맑음,단일로 - 기타,승용,남,60세,상해없음,승용,남,29세,경상
2018061700100101,2018년 6월 17일 07시,일요일,대구광역시 동구 신암동,중상사고,0,1,0,0,차대차 - 기타,신호위반,건조,맑음,교차로 - 교차로안,자전거,남,72세,중상,승용,남,73세,상해없음
2018061700100102,2018년 6월 17일 07시,일요일,대구광역시 북구 침산동,경상사고,0,0,1,0,차대차 - 측면충돌,안전거리미확보,건조,맑음,교차로 - 교차로부근,승합,남,67세,상해없음,승용,남,38세,경상
2018061700100111,2018년 6월 17일 08시,일요일,대구광역시 동구 검사동,중상사고,0,1,0,0,차대차 - 기타,신호위반,건조,맑음,교차로 - 교차로안,승용,남,39세,상해없음,승용,남,58세,중상
2018061700100164,2018년 6월 17일 11시,일요일,대구광역시 동구 동호동,경상사고,0,0,1,0,차대차 - 기타,안전운전불이행,건조,맑음,교차로 - 교차로부근,승용,남,38세,상해없음,승합,남,57세,상해없음
2018061700100187,2018년 6월 17일 12시,일요일,대구광역시 달서구 신당동,경상사고,0,0,2,0,차대차 - 측면충돌,신호위반,건조,맑음,교차로 - 교차로횡단보도내,승합,남,43세,상해없음,개인형이동수단(PM),남,40세,경상
2018061700100212,2018년 6월 17일 13시,일요일,대구광역시 달서구 상인동,경상사고,0,0,1,0,차대차 - 측면충돌,안전운전불이행,건조,맑음,교차로 - 교차로안,승용,남,32세,상해없음,이륜,남,42세,경상
2018061700100213,2018년 6월 17일 13시,일요일,대구광역시 서구 평리동,중상사고,0,2,1,0,차대차 - 측면충돌,안전운전불이행,건조,맑음,단일로 - 기타,승용,남,59세,상해없음,원동기,여,32세,중상
2018061700100214,2018년 6월 17일 13시,일요일,대구광역시 달서구 용산동,경상사고,0,0,2,0,차대차 - 추돌,안전운전불이행,건조,맑음,기타 - 기타,승용,남,60세,상해없음,승용,남,32세,경상
2018061700100215,2018년 6월 17일 13시,일요일,대구광역시 북구 태전동,중상사고,0,1,0,0,차대사람 - 횡단중,신호위반,건조,맑음,단일로 - 기타,승용,남,58세,상해없음,보행자,남,58세,중상
2018061700100246,2018년 6월 17일 14시,일요일,대구광역시 서구 비산동,중상사고,0,1,0,0,차대사람 - 횡단중,보행자보호의무위반,건조,맑음,교차로 - 교차로부근,승용,여,54세,상해없음,보행자,여,22세,중상
2018061700100247,2018년 6월 17일 14시,일요일,대구광역시 중구 태평로2가,경상사고,0,0,1,0,차대차 - 측면충돌,안전운전불이행,건조,맑음,단일로 - 기타,자전거,남,53세,경상,화물,남,56세,상해없음
2018061700100268,2018년 6월 17일 15시,일요일,대구광역시 북구 침산동,경상사고,0,0,2,0,차대차 - 정면충돌,안전운전불이행,건조,맑음,단일로 - 기타,승용,남,22세,상해없음,승용,남,34세,경상
2018061700100269,2018년 6월 17일 15시,일요일,대구광역시 북구 관음동,경상사고,0,0,1,0,차대차 - 기타,안전거리미확보,건조,맑음,교차로 - 교차로안,화물,남,58세,상해없음,승용,남,26세,경상
2018061700100328,2018년 6월 17일 17시,일요일,대구광역시 달성군 구지면,중상사고,0,5,0,0,차대차 - 기타,교차로운행방법위반,건조,맑음,교차로 - 교차로안,승용,남,63세,상해없음,승용,남,63세,중상
2018061700100329,2018년 6월 17일 17시,일요일,대구광역시 북구 산격동,경상사고,0,0,4,0,차대차 - 추돌,안전거리미확보,건조,맑음,단일로 - 기타,승용,남,31세,상해없음,승용,남,64세,경상
2018061700100358,2018년 6월 17일 18시,일요일,대구광역시 남구 대명동,부상신고사고,0,0,0,1,차대차 - 측면충돌,안전운전불이행,건조,맑음,단일로 - 기타,이륜,남,29세,부상신고,승용,남,48세,상해없음
2018061700100359,2018년 6월 17일 18시,일요일,대구광역시 수성구 범어동,중상사고,0,2,4,0,차대차 - 추돌,신호위반,건조,맑음,교차로 - 교차로안,승용,여,58세,상해없음,승용,여,50세,경상
2018061700100387,2018년 6월 17일 19시,일요일,대구광역시 북구 산격동,경상사고,0,0,4,0,차대차 - 측면충돌,신호위반,건조,맑음,교차로 - 교차로안,승용,남,69세,경상,승용,여,22세,경상
2018061700100410,2018년 6월 17일 20시,일요일,대구광역시 달서구 감삼동,경상사고,0,0,1,0,차대차 - 측면충돌,안전운전불이행,건조,맑음,단일로 - 기타,승용,남,65세,상해없음,승용,남,37세,상해없음
2018061800100027,2018년 6월 18일 04시,월요일,대구광역시 수성구 두산동,경상사고,0,0,2,0,차대차 - 측면충돌,안전운전불이행,건조,맑음,단일로 - 기타,승용,남,55세,상해없음,승용,남,43세,경상
2018061800100066,2018년 6월 18일 07시,월요일,대구광역시 중구 달성동,경상사고,0,0,1,1,차대차 - 추돌,안전운전불이행,건조,맑음,교차로 - 교차로부근,승용,남,24세,부상신고,승용,여,64세,경상
2018061800100067,2018년 6월 18일 07시,월요일,대구광역시 달서구 본리동,경상사고,0,0,1,0,차대차 - 기타,안전운전불이행,건조,맑음,단일로 - 기타,화물,남,68세,상해없음,자전거,남,12세,경상
2018061800100130,2018년 6월 18일 08시,월요일,대구광역시 수성구 만촌동,중상사고,0,1,1,0,차대차 - 측면충돌,신호위반,건조,맑음,교차로 - 교차로안,승용,여,33세,상해없음,이륜,남,48세,중상
2018061800100131,2018년 6월 18일 08시,월요일,대구광역시 달서구 대천동,중상사고,0,1,0,0,차대차 - 측면충돌,중앙선침범,건조,맑음,단일로 - 기타,자전거,남,14세,중상,화물,남,55세,상해없음
2018061800100132,2018년 6월 18일 08시,월요일,대구광역시 달서구 본동,중상사고,0,1,0,0,차대사람 - 보도통행중,기타,건조,맑음,단일로 - 기타,승용,남,45세,상해없음,보행자,여,20세,중상
2018061800100133,2018년 6월 18일 08시,월요일,대구광역시 중구 대봉동,중상사고,0,1,0,0,차대차 - 측면충돌,안전운전불이행,건조,맑음,교차로 - 교차로부근,자전거,남,64세,중상,기타불명,기타불명,미분류,기타불명
2018061800100168,2018년 6월 18일 09시,월요일,대구광역시 서구 중리동,경상사고,0,0,2,0,차대차 - 측면충돌,교차로운행방법위반,건조,맑음,교차로 - 교차로안,승용,남,30세,경상,승용,남,32세,경상
2018061800100206,2018년 6월 18일 10시,월요일,대구광역시 수성구 황금동,경상사고,0,0,2,0,차대차 - 측면충돌,교차로운행방법위반,건조,맑음,교차로 - 교차로안,승용,남,68세,상해없음,승용,여,37세,경상
2018061800100207,2018년 6월 18일 10시,월요일,대구광역시 북구 노곡동,중상사고,0,1,0,0,차대차 - 측면충돌,안전운전불이행,건조,맑음,단일로 - 기타,이륜,남,50세,중상,화물,남,59세,상해없음
2018061800100240,2018년 6월 18일 11시,월요일,대구광역시 수성구 시지동,경상사고,0,0,1,0,차량단독 - 기타,안전운전불이행,건조,맑음,교차로 - 교차로부근,승용,남,56세,상해없음,,,,
2018061800100269,2018년 6월 18일 12시,월요일,대구광역시 수성구 수성동4가,경상사고,0,0,1,0,차대차 - 측면충돌,안전운전불이행,건조,맑음,단일로 - 기타,승용,여,57세,상해없음,자전거,여,59세,경상
2018061800100270,2018년 6월 18일 12시,월요일,대구광역시 달서구 송현동,경상사고,0,0,2,1,차대차 - 측면충돌,안전운전불이행,건조,맑음,교차로 - 교차로안,승용,남,62세,부상신고,승용,남,34세,경상
2018061800100304,2018년 6월 18일 13시,월요일,대구광역시 달성군 논공읍,중상사고,0,1,0,0,차대차 - 기타,안전운전불이행,건조,맑음,단일로 - 기타,화물,남,46세,상해없음,승용,여,35세,중상
2018061800100335,2018년 6월 18일 14시,월요일,대구광역시 동구 신암동,경상사고,0,0,1,0,차대사람 - 횡단중,안전운전불이행,건조,맑음,단일로 - 기타,기타불명,기타불명,미분류,기타불명,보행자,여,61세,경상
2018061800100336,2018년 6월 18일 14시,월요일,대구광역시 수성구 만촌동,경상사고,0,0,1,0,차대사람 - 차도통행중,안전운전불이행,건조,맑음,단일로 - 기타,승용,여,53세,상해없음,보행자,여,43세,경상
2018061800100337,2018년 6월 18일 14시,월요일,대구광역시 북구 산격동,경상사고,0,0,2,0,차대차 - 추돌,안전거리미확보,건조,맑음,단일로 - 기타,화물,남,38세,상해없음,승용,남,24세,경상
2018061800100338,2018년 6월 18일 14시,월요일,대구광역시 중구 동인동4가,경상사고,0,0,2,0,차대차 - 측면충돌,신호위반,건조,맑음,교차로 - 교차로안,승용,여,59세,상해없음,승용,남,73세,경상
2018061800100339,2018년 6월 18일 14시,월요일,대구광역시 중구 동성로3가,경상사고,0,0,1,0,차대사람 - 차도통행중,안전운전불이행,건조,맑음,교차로 - 교차로횡단보도내,승용,여,38세,상해없음,보행자,남,24세,경상
2018061800100372,2018년 6월 18일 15시,월요일,대구광역시 수성구 신매동,경상사고,0,0,1,1,차대차 - 추돌,안전운전불이행,건조,맑음,단일로 - 기타,승용,남,70세,부상신고,승용,여,46세,경상
2018061800100416,2018년 6월 18일 16시,월요일,대구광역시 동구 신천동,경상사고,0,0,2,0,차대차 - 측면충돌,안전운전불이행,건조,맑음,교차로 - 교차로부근,승용,남,54세,상해없음,승용,여,34세,경상
2018061800100417,2018년 6월 18일 16시,월요일,대구광역시 달성군 다사읍,중상사고,0,1,0,0,차대사람 - 기타,기타,건조,맑음,단일로 - 기타,기타불명,기타불명,미분류,기타불명,보행자,여,63세,중상
2018061800100466,2018년 6월 18일 17시,월요일,대구광역시 동구 효목동,경상사고,0,0,1,1,차대차 - 측면충돌,직진우회전진행방해,건조,맑음,교차로 - 교차로안,승용,남,44세,부상신고,승용,여,20세,경상
2018061800100467,2018년 6월 18일 17시,월요일,대구광역시 북구 읍내동,경상사고,0,0,1,0,차대차 - 기타,직진우회전진행방해,건조,맑음,교차로 - 교차로안,승용,여,51세,상해없음,이륜,남,33세,경상
2018061800100528,2018년 6월 18일 18시,월요일,대구광역시 달서구 진천동,경상사고,0,0,2,0,차대차 - 측면충돌,차로위반,건조,맑음,교차로 - 교차로안,승용,여,20세,상해없음,원동기,남,22세,경상
2018061800100529,2018년 6월 18일 18시,월요일,대구광역시 서구 내당동,경상사고,0,0,1,0,차대차 - 측면충돌,기타,건조,맑음,단일로 - 기타,승용,남,63세,상해없음,이륜,남,19세,경상
2018061800100530,2018년 6월 18일 18시,월요일,대구광역시 달서구 장기동,부상신고사고,0,0,0,2,차대차 - 측면충돌,안전거리미확보,건조,맑음,단일로 - 기타,승용,남,23세,상해없음,이륜,남,18세,부상신고
2018061800100564,2018년 6월 18일 19시,월요일,대구광역시 동구 봉무동,중상사고,0,1,0,0,차대차 - 측면충돌,중앙선침범,건조,맑음,단일로 - 기타,승용,남,52세,상해없음,승용,남,46세,중상
2018061800100565,2018년 6월 18일 19시,월요일,대구광역시 달서구 용산동,경상사고,0,0,1,0,차대사람 - 기타,안전운전불이행,건조,맑음,단일로 - 기타,승용,남,58세,상해없음,보행자,남,5세,경상
2018061800100603,2018년 6월 18일 20시,월요일,대구광역시 남구 봉덕동,경상사고,0,0,1,0,차대차 - 측면충돌,신호위반,건조,맑음,교차로 - 교차로안,원동기,남,61세,경상,승용,여,53세,상해없음
2018061800100656,2018년 6월 18일 22시,월요일,대구광역시 북구 태전동,경상사고,0,0,1,0,차대차 - 기타,안전운전불이행,건조,맑음,교차로 - 교차로안,승용,남,48세,기타불명,이륜,남,45세,경상
2018061800100685,2018년 6월 18일 23시,월요일,대구광역시 서구 평리동,부상신고사고,0,0,0,1,차대차 - 추돌,안전운전불이행,건조,맑음,교차로 - 교차로부근,승용,여,52세,부상신고,건설기계,남,52세,기타불명
2018061900100008,2018년 6월 19일 00시,화요일,대구광역시 수성구 황금동,중상사고,0,1,1,0,차대차 - 측면충돌,안전운전불이행,건조,맑음,교차로 - 교차로부근,승용,남,57세,상해없음,승용,남,27세,경상
2018061900100009,2018년 6월 19일 00시,화요일,대구광역시 수성구 두산동,경상사고,0,0,2,0,차대차 - 측면충돌,직진우회전진행방해,건조,맑음,교차로 - 교차로안,승용,남,44세,상해없음,승용,여,52세,경상
2018061900100034,2018년 6월 19일 04시,화요일,대구광역시 북구 동변동,중상사고,0,1,0,0,차대사람 - 차도통행중,안전운전불이행,건조,맑음,교차로 - 교차로안,승용,남,65세,상해없음,보행자,여,46세,중상
2018061900100043,2018년 6월 19일 05시,화요일,대구광역시 수성구 가천동,경상사고,0,0,1,0,차대차 - 추돌,안전운전불이행,건조,맑음,단일로 - 기타,승용,남,23세,상해없음,승용,남,25세,경상
2018061900100058,2018년 6월 19일 06시,화요일,대구광역시 달서구 감삼동,경상사고,0,0,1,0,차대차 - 측면충돌,안전거리미확보,건조,맑음,단일로 - 기타,화물,남,58세,상해없음,승용,남,21세,경상
2018061900100078,2018년 6월 19일 07시,화요일,대구광역시 수성구 상동,중상사고,0,1,0,0,차대차 - 측면충돌,신호위반,건조,맑음,교차로 - 교차로안,화물,여,46세,상해없음,승용,남,31세,중상
2018061900100114,2018년 6월 19일 08시,화요일,대구광역시 달서구 장동,경상사고,0,0,2,0,차대차 - 측면충돌,안전거리미확보,건조,맑음,단일로 - 기타,승용,남,46세,경상,승용,남,44세,경상
2018061900100115,2018년 6월 19일 08시,화요일,대구광역시 달성군 현풍읍,경상사고,0,0,1,0,차대차 - 기타,안전운전불이행,건조,맑음,단일로 - 기타,승용,남,59세,상해없음,승용,여,24세,경상
2018061900100116,2018년 6월 19일 08시,화요일,대구광역시 북구 침산동,중상사고,0,1,0,0,차대차 - 측면충돌,교차로운행방법위반,건조,맑음,교차로 - 교차로안,승용,여,54세,상해없음,이륜,남,57세,중상