사고번호,사고일시,요일,시군구,사고내용,사망자수,중상자수,경상자수,부상신고자수,사고유형,법규위반,노면상태,기상상태,도로형태,가해운전자 차종,가해운전자 성별,가해운전자 연령,가해운전자 상해정도,피해운전자 차종,피해운전자 성별,피해운전자 연령,피해운전자 상해정도
2018062500100678,2018년 6월 25일 22시,월요일,대구광역시 중구 동문동,경상사고,0,0,1,0,차대차 - 측면충돌,신호위반,건조,맑음,교차로 - 교차로횡단보도내,승용,남,56세,상해없음,자전거,여,24세,경상
2018062500100702,2018년 6월 25일 23시,월요일,대구광역시 서구 평리동,중상사고,0,1,0,0,차대차 - 측면충돌,불법유턴,건조,맑음,교차로 - 교차로부근,승용,여,27세,상해없음,승용,남,61세,중상
2018062600100079,2018년 6월 26일 06시,화요일,대구광역시 수성구 수성동1가,경상사고,0,0,1,0,차대차 - 측면충돌,안전운전불이행,건조,맑음,단일로 - 기타,승용,여,46세,상해없음,자전거,남,18세,경상
2018062600100106,2018년 6월 26일 07시,화요일,대구광역시 서구 평리동,중상사고,0,1,1,0,차대차 - 정면충돌,불법유턴,건조,맑음,단일로 - 기타,자전거,남,24세,중상,승용,남,70세,상해없음
2018062600100107,2018년 6월 26일 07시,화요일,대구광역시 달서구 신당동,경상사고,0,0,1,0,차대차 - 기타,안전운전불이행,건조,맑음,단일로 - 기타,승용,남,22세,상해없음,개인형이동수단(PM),남,28세,경상
2018062600100153,2018년 6월 26일 08시,화요일,대구광역시 달서구 본리동,경상사고,0,0,1,0,차대차 - 측면충돌,안전운전불이행,건조,맑음,단일로 - 기타,승용,남,72세,상해없음,승용,여,37세,경상
2018062600100154,2018년 6월 26일 08시,화요일,대구광역시 북구 읍내동,경상사고,0,0,1,0,차대차 - 기타,안전운전불이행,건조,맑음,교차로 - 교차로부근,승용,여,52세,상해없음,자전거,남,71세,경상
2018062600100260,2018년 6월 26일 11시,화요일,대구광역시 동구 부동,중상사고,0,1,0,0,차대차 - 기타,안전운전불이행,건조,맑음,단일로 - 기타,이륜,남,75세,중상,화물,남,55세,상해없음
2018062600100261,2018년 6월 26일 11시,화요일,대구광역시 북구 매천동,경상사고,0,0,1,0,차량단독 - 공작물충돌,안전운전불이행,건조,맑음,기타 - 기타,승용,남,29세,경상,,,,
2018062600100284,2018년 6월 26일 12시,화요일,대구광역시 남구 봉덕동,경상사고,0,0,1,0,차대차 - 측면충돌,안전거리미확보,건조,흐림,단일로 - 기타,자전거,남,82세,경상,승용,남,69세,상해없음
2018062600100285,2018년 6월 26일 12시,화요일,대구광역시 중구 남산동,부상신고사고,0,0,0,1,차대차 - 기타,안전운전불이행,건조,맑음,단일로 - 기타,이륜,남,57세,부상신고,화물,남,42세,상해없음
2018062600100308,2018년 6월 26일 13시,화요일,대구광역시 서구 내당동,중상사고,0,2,1,0,차대차 - 측면충돌,교차로운행방법위반,건조,맑음,교차로 - 교차로안,승용,남,50세,경상,승용,남,61세,중상
2018062600100335,2018년 6월 26일 14시,화요일,대구광역시 남구 대명동,경상사고,0,0,3,0,차대차 - 측면충돌,안전운전불이행,건조,맑음,교차로 - 교차로안,승용,남,31세,경상,승용,남,57세,경상
2018062600100377,2018년 6월 26일 15시,화요일,대구광역시 남구 대명동,중상사고,0,1,0,0,차대차 - 측면충돌,안전운전불이행,건조,맑음,단일로 - 기타,승용,남,62세,상해없음,자전거,여,60세,중상
2018062600100411,2018년 6월 26일 16시,화요일,대구광역시 동구 지묘동,경상사고,0,0,1,1,차대차 - 정면충돌,중앙선침범,건조,맑음,단일로 - 기타,승용,여,70세,부상신고,화물,남,44세,경상
2018062600100412,2018년 6월 26일 16시,화요일,대구광역시 수성구 범어동,중상사고,0,1,0,0,차대차 - 측면충돌,안전운전불이행,건조,흐림,단일로 - 기타,승용,남,50세,상해없음,이륜,여,30세,중상
2018062600100413,2018년 6월 26일 16시,화요일,대구광역시 수성구 범물동,중상사고,0,1,0,0,차대차 - 후진중충돌,교차로운행방법위반,건조,맑음,교차로 - 교차로안,승용,남,69세,상해없음,승합,남,54세,중상
2018062600100453,2018년 6월 26일 17시,화요일,대구광역시 서구 평리동,경상사고,0,0,1,0,차대사람 - 기타,안전운전불이행,건조,맑음,교차로 - 교차로안,승용,남,51세,상해없음,보행자,여,6세,경상
2018062600100454,2018년 6월 26일 17시,화요일,대구광역시 북구 읍내동,중상사고,0,1,1,0,차대차 - 추돌,안전운전불이행,건조,맑음,단일로 - 기타,승용,여,45세,상해없음,승용,여,51세,중상
2018062600100486,2018년 6월 26일 18시,화요일,대구광역시 수성구 범어동,경상사고,0,0,1,0,차대사람 - 기타,안전운전불이행,건조,맑음,단일로 - 기타,승용,여,38세,상해없음,보행자,남,18세,경상
2018062600100487,2018년 6월 26일 18시,화요일,대구광역시 달서구 상인동,경상사고,0,0,1,0,차대차 - 측면충돌,직진우회전진행방해,건조,맑음,교차로 - 교차로부근,승용,여,63세,상해없음,승용,남,40세,경상
2018062600100518,2018년 6월 26일 19시,화요일,대구광역시 동구 동호동,중상사고,0,1,2,0,차대차 - 추돌,안전운전불이행,건조,맑음,단일로 - 기타,승용,남,26세,상해없음,화물,남,51세,중상
2018062600100519,2018년 6월 26일 19시,화요일,대구광역시 달서구 유천동,경상사고,0,0,2,0,차대차 - 측면충돌,안전운전불이행,건조,맑음,단일로 - 기타,이륜,남,22세,경상,승용,여,27세,경상
2018062600100520,2018년 6월 26일 19시,화요일,대구광역시 북구 칠성동2가,경상사고,0,0,1,0,차대차 - 측면충돌,직진우회전진행방해,건조,맑음,교차로 - 교차로안,승용,여,52세,상해없음,이륜,남,33세,경상
2018062600100521,2018년 6월 26일 19시,화요일,대구광역시 달서구 용산동,경상사고,0,0,2,0,차대차 - 추돌,안전운전불이행,건조,맑음,단일로 - 기타,승용,남,56세,상해없음,승용,남,29세,경상
2018062600100522,2018년 6월 26일 19시,화요일,대구광역시 달서구 이곡동,경상사고,0,0,1,0,차대사람 - 기타,보행자보호의무위반,건조,맑음,단일로 - 기타,승용,남,62세,기타불명,보행자,여,36세,경상
2018062600100596,2018년 6월 26일 21시,화요일,대구광역시 남구 대명동,경상사고,0,0,1,0,차대차 - 정면충돌,안전운전불이행,건조,맑음,단일로 - 기타,승용,여,54세,상해없음,이륜,남,26세,경상
2018062600100597,2018년 6월 26일 21시,화요일,대구광역시 동구 신암동,경상사고,0,0,1,0,차대차 - 기타,안전운전불이행,건조,맑음,교차로 - 교차로횡단보도내,승용,남,63세,상해없음,자전거,남,39세,경상
2018062600100625,2018년 6월 26일 22시,화요일,대구광역시 달서구 월성동,경상사고,0,0,1,0,차대차 - 측면충돌,안전운전불이행,건조,맑음,교차로 - 교차로부근,승용,남,44세,상해없음,승용,남,35세,경상
2018062600100649,2018년 6월 26일 23시,화요일,대구광역시 동구 율하동,경상사고,0,0,2,0,차대차 - 측면충돌,안전운전불이행,건조,맑음,단일로 - 기타,승용,남,50세,상해없음,승합,남,46세,경상
2018062600100650,2018년 6월 26일 23시,화요일,대구광역시 수성구 만촌동,경상사고,0,0,1,0,차대차 - 추돌,안전운전불이행,건조,맑음,단일로 - 기타,승용,여,28세,상해없음,승용,남,42세,경상
2018062600100651,2018년 6월 26일 23시,화요일,대구광역시 달서구 송현동,중상사고,0,1,2,0,차대차 - 측면충돌,안전운전불이행,건조,맑음,단일로 - 기타,승용,남,27세,상해없음,승용,남,58세,중상
2018062600100652,2018년 6월 26일 23시,화요일,대구광역시 달성군 다사읍,중상사고,0,1,0,0,차대사람 - 기타,안전운전불이행,젖음/습기,비,단일로 - 기타,승용,여,56세,상해없음,보행자,남,27세,중상
2018062700100024,2018년 6월 27일 01시,수요일,대구광역시 서구 내당동,중상사고,0,1,1,0,차대차 - 기타,교차로운행방법위반,젖음/습기,비,교차로 - 교차로안,승용,여,51세,상해없음,승용,남,46세,경상
2018062700100032,2018년 6월 27일 02시,수요일,대구광역시 달서구 상인동,경상사고,0,0,2,0,차대차 - 추돌,안전운전불이행,젖음/습기,비,단일로 - 기타,승용,남,26세,상해없음,승용,남,28세,경상
2018062700100033,2018년 6월 27일 02시,수요일,대구광역시 달서구 송현동,경상사고,0,0,1,0,차대사람 - 기타,안전운전불이행,젖음/습기,비,교차로 - 교차로부근,승용,남,42세,상해없음,보행자,남,40세,경상
2018062700100042,2018년 6월 27일 03시,수요일,대구광역시 북구 서변동,중상사고,0,1,1,0,차대차 - 기타,신호위반,젖음/습기,비,교차로 - 교차로안,승용,남,55세,경상,승용,남,56세,중상
2018062700100061,2018년 6월 27일 05시,수요일,대구광역시 남구 대명동,중상사고,0,1,0,0,차대사람 - 횡단중,신호위반,젖음/습기,비,단일로 - 기타,기타불명,기타불명,미분류,기타불명,보행자,여,71세,중상
2018062700100067,2018년 6월 27일 06시,수요일,대구광역시 북구 사수동,경상사고,0,0,2,0,차대차 - 측면충돌,교차로운행방법위반,젖음/습기,비,교차로 - 교차로안,특수,남,44세,경상,승용,남,66세,경상
2018062700100089,2018년 6월 27일 07시,수요일,대구광역시 달서구 대곡동,경상사고,0,0,3,0,차대차 - 측면충돌,안전거리미확보,젖음/습기,비,단일로 - 기타,승용,남,62세,상해없음,승용,여,50세,경상
2018062700100090,2018년 6월 27일 07시,수요일,대구광역시 서구 내당동,경상사고,0,0,1,0,차대차 - 측면충돌,안전운전불이행,젖음/습기,비,단일로 - 기타,승용,남,62세,상해없음,승용,남,23세,경상
2018062700100121,2018년 6월 27일 08시,수요일,대구광역시 동구 능성동,경상사고,0,0,2,0,차대차 - 기타,중앙선침범,젖음/습기,비,단일로 - 기타,승용,남,76세,상해없음,승용,여,57세,경상
2018062700100122,2018년 6월 27일 08시,수요일,대구광역시 동구 방촌동,경상사고,0,0,1,0,차대차 - 측면충돌,안전운전불이행,젖음/습기,비,교차로 - 교차로부근,화물,남,55세,상해없음,승용,남,66세,상해없음
2018062700100123,2018년 6월 27일 08시,수요일,대구광역시 북구 침산동,경상사고,0,0,1,1,차대차 - 측면충돌,안전거리미확보,젖음/습기,비,단일로 - 기타,승용,남,36세,부상신고,승용,남,60세,경상
2018062700100124,2018년 6월 27일 08시,수요일,대구광역시 북구 대현동,경상사고,0,0,1,0,차대차 - 추돌,안전운전불이행,젖음/습기,맑음,단일로 - 기타,승용,남,62세,상해없음,승용,여,29세,경상
2018062700100125,2018년 6월 27일 08시,수요일,대구광역시 달서구 본리동,경상사고,0,0,1,0,차대차 - 기타,안전운전불이행,젖음/습기,비,교차로 - 교차로부근,승용,남,53세,상해없음,승용,여,39세,경상
2018062700100176,2018년 6월 27일 10시,수요일,대구광역시 북구 대현동,경상사고,0,0,2,0,차대차 - 측면충돌,안전운전불이행,건조,흐림,교차로 - 교차로부근,승용,여,51세,상해없음,승용,여,37세,경상
2018062700100177,2018년 6월 27일 10시,수요일,대구광역시 서구 내당동,중상사고,0,1,1,0,차대차 - 추돌,안전운전불이행,젖음/습기,비,교차로 - 교차로부근,화물,남,40세,상해없음,승용,남,39세,경상
2018062700100178,2018년 6월 27일 10시,수요일,대구광역시 서구 평리동,경상사고,0,0,1,0,차대차 - 측면충돌,교차로운행방법위반,건조,맑음,교차로 - 교차로안,승용,남,53세,상해없음,승합,남,54세,경상
2018062700100245,2018년 6월 27일 13시,수요일,대구광역시 북구 침산동,중상사고,0,1,0,0,차대차 - 측면충돌,안전운전불이행,건조,맑음,교차로 - 교차로부근,화물,남,49세,상해없음,이륜,남,81세,중상
2018062700100271,2018년 6월 27일 14시,수요일,대구광역시 남구 이천동,경상사고,0,0,2,0,차대차 - 측면충돌,안전운전불이행,건조,맑음,단일로 - 기타,승용,여,33세,경상,승용,여,41세,경상
2018062700100299,2018년 6월 27일 15시,수요일,대구광역시 동구 서호동,중상사고,0,1,0,0,차대차 - 측면충돌,안전운전불이행,건조,맑음,단일로 - 기타,화물,남,46세,상해없음,자전거,남,70세,중상
2018062700100300,2018년 6월 27일 15시,수요일,대구광역시 수성구 신매동,경상사고,0,0,1,0,차량단독 - 기타,안전운전불이행,건조,맑음,교차로 - 교차로부근,승합,남,36세,상해없음,,,,
2018062700100301,2018년 6월 27일 15시,수요일,대구광역시 중구 남산동,부상신고사고,0,0,0,1,차대차 - 측면충돌,안전운전불이행,건조,맑음,단일로 - 기타,자전거,남,46세,부상신고,승용,남,60세,상해없음
2018062700100335,2018년 6월 27일 16시,수요일,대구광역시 동구 신암동,경상사고,0,0,2,0,차대차 - 측면충돌,안전운전불이행,건조,맑음,교차로 - 교차로안,승용,여,58세,상해없음,승용,여,42세,경상
2018062700100336,2018년 6월 27일 16시,수요일,대구광역시 동구 율하동,경상사고,0,0,1,0,차대차 - 측면충돌,안전운전불이행,건조,맑음,기타 - 기타,승합,남,64세,상해없음,승용,여,58세,경상
2018062700100337,2018년 6월 27일 16시,수요일,대구광역시 동구 방촌동,경상사고,0,0,1,0,차대차 - 후진중충돌,안전운전불이행,건조,맑음,교차로 - 교차로안,승용,여,68세,상해없음,승용,여,49세,경상
2018062700100338,2018년 6월 27일 16시,수요일,대구광역시 달서구 두류동,경상사고,0,0,1,0,차대사람 - 기타,보행자보호의무위반,건조,맑음,단일로 - 기타,승용,남,43세,상해없음,보행자,여,27세,경상
2018062700100387,2018년 6월 27일 17시,수요일,대구광역시 수성구 파동,경상사고,0,0,1,0,차대사람 - 횡단중,보행자보호의무위반,건조,맑음,단일로 - 기타,승용,여,62세,상해없음,보행자,여,11세,경상
2018062700100388,2018년 6월 27일 17시,수요일,대구광역시 수성구 지산동,중상사고,0,1,0,0,차대사람 - 횡단중,안전운전불이행,건조,맑음,단일로 - 기타,승용,여,30세,상해없음,보행자,여,76세,중상
2018062700100389,2018년 6월 27일 17시,수요일,대구광역시 수성구 신매동,경상사고,0,0,1,0,차대사람 - 횡단중,안전운전불이행,건조,맑음,단일로 - 기타,승용,여,58세,상해없음,보행자,여,51세,경상
2018062700100390,2018년 6월 27일 17시,수요일,대구광역시 북구 칠성동2가,경상사고,0,0,1,1,차대차 - 측면충돌,교차로운행방법위반,건조,맑음,교차로 - 교차로안,이륜,남,45세,부상신고,화물,남,37세,상해없음
2018062700100391,2018년 6월 27일 17시,수요일,대구광역시 중구 태평로2가,경상사고,0,0,1,0,차대차 - 기타,안전운전불이행,건조,맑음,단일로 - 기타,승용,남,75세,상해없음,승용,남,62세,상해없음
2018062700100392,2018년 6월 27일 17시,수요일,대구광역시 북구 학정동,경상사고,0,0,1,0,차대차 - 측면충돌,안전운전불이행,건조,맑음,교차로 - 교차로부근,화물,남,54세,상해없음,승용,남,38세,경상
2018062700100425,2018년 6월 27일 18시,수요일,대구광역시 달서구 두류동,경상사고,0,0,1,0,차대차 - 측면충돌,신호위반,건조,맑음,교차로 - 교차로안,승용,남,33세,상해없음,승용,남,28세,경상
2018062700100452,2018년 6월 27일 19시,수요일,대구광역시 동구 신기동,경상사고,0,0,2,0,차대차 - 기타,교차로운행방법위반,건조,맑음,교차로 - 교차로안,승용,남,27세,상해없음,승용,남,61세,경상
2018062700100453,2018년 6월 27일 19시,수요일,대구광역시 수성구 신매동,중상사고,0,1,0,0,차대사람 - 횡단중,보행자보호의무위반,건조,맑음,교차로 - 교차로부근,승용,여,56세,상해없음,보행자,여,70세,중상
2018062700100454,2018년 6월 27일 19시,수요일,대구광역시 수성구 상동,경상사고,0,0,1,0,차대차 - 추돌,안전운전불이행,건조,맑음,교차로 - 교차로안,화물,남,53세,상해없음,승용,여,26세,경상
2018062700100478,2018년 6월 27일 20시,수요일,대구광역시 달성군 유가읍,중상사고,0,1,0,0,차대차 - 기타,안전운전불이행,건조,맑음,단일로 - 기타,승용,여,47세,상해없음,이륜,남,28세,중상
2018062700100479,2018년 6월 27일 20시,수요일,대구광역시 달성군 다사읍,중상사고,0,1,0,0,차대사람 - 기타,안전운전불이행,건조,맑음,단일로 - 기타,자전거,남,40세,상해없음,보행자,여,47세,중상
2018062700100480,2018년 6월 27일 20시,수요일,대구광역시 달서구 신당동,중상사고,0,1,0,0,차대차 - 측면충돌,신호위반,건조,맑음,교차로 - 교차로안,승용,여,46세,상해없음,이륜,남,16세,중상
2018062700100511,2018년 6월 27일 21시,수요일,대구광역시 중구 남산동,경상사고,0,0,1,0,차대사람 - 기타,안전운전불이행,건조,맑음,단일로 - 기타,화물,남,56세,상해없음,보행자,남,13세,경상
2018062700100512,2018년 6월 27일 21시,수요일,대구광역시 달서구 호산동,중상사고,0,1,1,0,차대차 - 측면충돌,안전운전불이행,건조,맑음,단일로 - 기타,승용,남,58세,상해없음,이륜,남,16세,경상
2018062800100022,2018년 6월 28일 01시,목요일,대구광역시 수성구 중동,부상신고사고,0,0,0,1,차대차 - 기타,안전운전불이행,건조,흐림,단일로 - 기타,승용,남,43세,상해없음,승용,남,47세,부상신고
2018062800100023,2018년 6월 28일 01시,목요일,대구광역시 달서구 상인동,중상사고,0,2,0,0,차대차 - 추돌,안전운전불이행,건조,맑음,단일로 - 기타,승용,남,60세,상해없음,승용,남,56세,중상
2018062800100024,2018년 6월 28일 01시,목요일,대구광역시 서구 내당동,경상사고,0,0,3,0,차대차 - 추돌,안전운전불이행,건조,맑음,단일로 - 기타,승용,남,27세,상해없음,승용,남,29세,경상
2018062800100025,2018년 6월 28일 01시,목요일,대구광역시 중구 삼덕동2가,경상사고,0,0,2,0,차대차 - 측면충돌,중앙선침범,젖음/습기,흐림,단일로 - 기타,승용,남,43세,상해없음,승용,남,23세,경상
2018062800100076,2018년 6월 28일 06시,목요일,대구광역시 서구 비산동,중상사고,0,1,0,0,차량단독 - 공작물충돌,안전운전불이행,젖음/습기,비,단일로 - 기타,화물,남,54세,중상,,,,
2018062800100077,2018년 6월 28일 06시,목요일,대구광역시 달서구 두류동,경상사고,0,0,2,0,차대차 - 측면충돌,안전거리미확보,건조,맑음,단일로 - 기타,승용,남,68세,상해없음,승용,남,50세,경상
2018062800100109,2018년 6월 28일 07시,목요일,대구광역시 동구 신암동,경상사고,0,0,1,0,차대차 - 측면충돌,안전거리미확보,건조,맑음,단일로 - 기타,승용,여,49세,상해없음,승용,남,41세,경상
2018062800100110,2018년 6월 28일 07시,목요일,대구광역시 중구 삼덕동1가,경상사고,0,0,1,0,차대사람 - 기타,안전운전불이행,젖음/습기,맑음,단일로 - 기타,승용,남,22세,상해없음,보행자,남,28세,경상
2018062800100143,2018년 6월 28일 08시,목요일,대구광역시 달서구 대천동,중상사고,0,1,1,0,차대차 - 추돌,안전운전불이행,젖음/습기,비,교차로 - 교차로부근,승용,남,34세,상해없음,승용,여,55세,중상
2018062800100205,2018년 6월 28일 10시,목요일,대구광역시 북구 칠성동2가,경상사고,0,0,1,0,차대사람 - 횡단중,보행자보호의무위반,젖음/습기,비,단일로 - 기타,승합,남,52세,상해없음,보행자,여,71세,경상
2018062800100206,2018년 6월 28일 10시,목요일,대구광역시 중구 동산동,경상사고,0,0,2,0,차대차 - 측면충돌,안전거리미확보,젖음/습기,비,단일로 - 기타,승용,여,52세,상해없음,승용,여,53세,경상
2018062800100234,2018년 6월 28일 11시,목요일,대구광역시 동구 신암동,경상사고,0,0,1,0,차대차 - 기타,직진우회전진행방해,젖음/습기,맑음,교차로 - 교차로안,이륜,남,16세,경상,승용,남,34세,상해없음
2018062800100235,2018년 6월 28일 11시,목요일,대구광역시 수성구 대흥동,중상사고,0,1,0,0,차대사람 - 차도통행중,안전운전불이행,건조,맑음,단일로 - 기타,승용,여,43세,상해없음,보행자,여,78세,중상
2018062800100307,2018년 6월 28일 14시,목요일,대구광역시 달서구 상인동,경상사고,0,0,1,0,차대차 - 측면충돌,안전운전불이행,건조,맑음,단일로 - 기타,승용,남,79세,상해없음,승용,남,49세,경상
2018062800100361,2018년 6월 28일 16시,목요일,대구광역시 수성구 수성동1가,중상사고,0,1,0,0,차대차 - 측면충돌,신호위반,건조,맑음,교차로 - 교차로안,승용,여,40세,상해없음,이륜,남,53세,중상
2018062800100440,2018년 6월 28일 18시,목요일,대구광역시 남구 대명동,경상사고,0,0,1,0,차대차 - 측면충돌,안전거리미확보,건조,맑음,단일로 - 기타,승용,남,66세,상해없음,이륜,남,22세,경상
2018062800100441,2018년 6월 28일 18시,목요일,대구광역시 동구 신암동,부상신고사고,0,0,0,1,차대차 - 기타,안전운전불이행,건조,맑음,단일로 - 기타,자전거,남,71세,부상신고,승용,남,61세,상해없음
2018062800100443,2018년 6월 28일 18시,목요일,대구광역시 수성구 수성동1가,부상신고사고,0,0,0,1,차대차 - 측면충돌,안전운전불이행,건조,맑음,단일로 - 기타,이륜,남,27세,부상신고,승용,남,47세,상해없음
2018062800100444,2018년 6월 28일 18시,목요일,대구광역시 북구 산격동,부상신고사고,0,0,0,1,차대차 - 측면충돌,안전운전불이행,건조,맑음,교차로 - 교차로안,승용,남,32세,상해없음,승용,남,68세,부상신고
2018062800100445,2018년 6월 28일 18시,목요일,대구광역시 북구 산격동,부상신고사고,0,0,0,1,차량단독 - 기타,안전운전불이행,건조,맑음,단일로 - 기타,이륜,남,67세,부상신고,,,,
2018062800100446,2018년 6월 28일 18시,목요일,대구광역시 북구 관음동,경상사고,0,0,3,2,차대차 - 기타,안전거리미확보,건조,맑음,단일로 - 기타,승용,남,45세,상해없음,승용,여,26세,경상
2018062800100477,2018년 6월 28일 19시,목요일,대구광역시 수성구 범어동,경상사고,0,0,2,0,차대차 - 측면충돌,안전운전불이행,건조,맑음,단일로 - 기타,승용,여,46세,상해없음,승용,남,31세,경상
2018062800100478,2018년 6월 28일 19시,목요일,대구광역시 수성구 두산동,경상사고,0,0,1,0,차대차 - 측면충돌,안전운전불이행,건조,맑음,단일로 - 기타,이륜,남,42세,경상,승용,남,56세,상해없음
2018062800100479,2018년 6월 28일 19시,목요일,대구광역시 달서구 본동,경상사고,0,0,1,0,차대차 - 기타,안전운전불이행,건조,맑음,교차로 - 교차로부근,승용,여,59세,상해없음,이륜,남,52세,경상
2018062800100480,2018년 6월 28일 19시,목요일,대구광역시 달서구 감삼동,경상사고,0,0,1,0,차대차 - 기타,안전거리미확보,건조,맑음,단일로 - 기타,이륜,남,41세,경상,승용,여,44세,상해없음
2018062800100513,2018년 6월 28일 20시,목요일,대구광역시 남구 봉덕동,경상사고,0,0,1,0,차대사람 - 기타,안전운전불이행,건조,맑음,교차로 - 교차로부근,승용,남,47세,상해없음,보행자,남,63세,경상
2018062800100514,2018년 6월 28일 20시,목요일,대구광역시 동구 신천동,중상사고,0,1,1,0,차대차 - 측면충돌,안전거리미확보,건조,맑음,교차로 - 교차로안,승용,남,26세,상해없음,승용,여,56세,중상
2018062800100515,2018년 6월 28일 20시,목요일,대구광역시 수성구 상동,경상사고,0,0,1,0,차대차 - 측면충돌,안전거리미확보,건조,맑음,교차로 - 교차로안,승용,남,22세,상해없음,승용,여,45세,경상
2018062800100541,2018년 6월 28일 21시,목요일,대구광역시 달서구 본리동,경상사고,0,0,2,0,차대차 - 기타,안전운전불이행,건조,맑음,단일로 - 기타,승용,남,53세,상해없음,승용,남,53세,경상
2018062800100570,2018년 6월 28일 22시,목요일,대구광역시 남구 대명동,경상사고,0,0,1,0,차대차 - 측면충돌,안전거리미확보,건조,맑음,단일로 - 기타,승용,남,64세,상해없음,승용,여,29세,상해없음
2018062900100038,2018년 6월 29일 03시,금요일,대구광역시 수성구 두산동,중상사고,0,1,0,0,차대차 - 추돌,중앙선침범,건조,맑음,교차로 - 교차로부근,승용,남,16세,상해없음,화물,남,71세,중상
2018062900100039,2018년 6월 29일 03시,금요일,대구광역시 서구 평리동,경상사고,0,0,1,0,차대사람 - 기타,안전운전불이행,건조,맑음,단일로 - 기타,화물,남,59세,상해없음,보행자,남,48세,경상
2018062900100054,2018년 6월 29일 05시,금요일,대구광역시 동구 진인동,경상사고,0,0,1,0,차대차 - 기타,안전운전불이행,건조,흐림,단일로 - 기타,승용,남,28세,상해없음,화물,남,54세,경상
2018062900100056,2018년 6월 29일 05시,금요일,대구광역시 달서구 월성동,경상사고,0,0,2,0,차대차 - 측면충돌,안전운전불이행,건조,맑음,교차로 - 교차로부근,화물,여,41세,상해없음,승용,남,38세,경상
2018062900100066,2018년 6월 29일 06시,금요일,대구광역시 달성군 현풍읍,경상사고,0,0,1,1,차대차 - 기타,교차로운행방법위반,건조,맑음,교차로 - 교차로안,화물,남,68세,부상신고,승용,남,52세,경상
2018062900100082,2018년 6월 29일 07시,금요일,대구광역시 남구 대명동,경상사고,0,0,1,0,차대차 - 측면충돌,교차로운행방법위반,건조,맑음,교차로 - 교차로안,승용,남,34세,상해없음,승용,여,47세,경상
2018062900100158,2018년 6월 29일 09시,금요일,대구광역시 북구 태전동,중상사고,0,1,0,0,차대차 - 측면충돌,신호위반,건조,맑음,교차로 - 교차로안,화물,남,55세,상해없음,승용,여,59세,중상
2018062900100212,2018년 6월 29일 11시,금요일,대구광역시 동구 효목동,중상사고,0,2,1,0,차대차 - 측면충돌,안전운전불이행,건조,맑음,단일로 - 기타,승용,남,71세,상해없음,화물,남,39세,경상
2018062900100213,2018년 6월 29일 11시,금요일,대구광역시 동구 신암동,중상사고,0,1,0,0,차량단독 - 전도전복 - 전도,안전운전불이행,건조,맑음,기타 - 기타,자전거,남,56세,중상,미분류,미분류,미분류,미분류
2018062900100214,2018년 6월 29일 11시,금요일,대구광역시 서구 비산동,중상사고,0,1,0,0,차대사람 - 기타,기타,건조,맑음,단일로 - 기타,승합,남,59세,상해없음,보행자,여,63세,중상
2018062900100215,2018년 6월 29일 11시,금요일,대구광역시 달서구 용산동,경상사고,0,0,3,0,차대차 - 측면충돌,차로위반,건조,맑음,단일로 - 기타,승용,여,64세,경상,승용,남,82세,경상
2018062900100240,2018년 6월 29일 12시,금요일,대구광역시 동구 신서동,중상사고,0,3,0,1,차대차 - 측면충돌,신호위반,건조,맑음,교차로 - 교차로안,승용,남,60세,부상신고,승용,여,54세,중상
2018062900100242,2018년 6월 29일 12시,금요일,대구광역시 서구 내당동,경상사고,0,0,1,0,차대차 - 측면충돌,안전거리미확보,건조,맑음,단일로 - 기타,승용,남,65세,상해없음,승용,남,23세,상해없음
2018062900100275,2018년 6월 29일 13시,금요일,대구광역시 서구 내당동,경상사고,0,0,1,0,차대차 - 추돌,중앙선침범,건조,맑음,단일로 - 기타,화물,남,55세,상해없음,이륜,남,51세,경상
2018062900100350,2018년 6월 29일 15시,금요일,대구광역시 수성구 황금동,경상사고,0,0,1,0,차대사람 - 보도통행중,기타,건조,맑음,미분류 - 미분류,승용,남,76세,상해없음,보행자,남,76세,경상
2018062900100389,2018년 6월 29일 16시,금요일,대구광역시 수성구 지산동,중상사고,0,1,0,0,차대차 - 측면충돌,안전운전불이행,건조,맑음,교차로 - 교차로횡단보도내,승용,여,42세,상해없음,자전거,남,14세,중상
2018062900100390,2018년 6월 29일 16시,금요일,대구광역시 서구 평리동,경상사고,0,0,2,0,차대차 - 측면충돌,교차로운행방법위반,건조,맑음,교차로 - 교차로안,이륜,남,19세,경상,화물,남,44세,경상
2018062900100433,2018년 6월 29일 17시,금요일,대구광역시 달서구 본동,중상사고,0,1,0,0,차대사람 - 횡단중,보행자보호의무위반,건조,맑음,교차로 - 교차로횡단보도내,승용,여,50세,상해없음,보행자,여,57세,중상
2018062900100434,2018년 6월 29일 17시,금요일,대구광역시 달서구 진천동,경상사고,0,0,1,0,차대차 - 측면충돌,안전운전불이행,건조,맑음,단일로 - 기타,원동기,남,21세,경상,승용,남,26세,상해없음
2018062900100435,2018년 6월 29일 17시,금요일,대구광역시 달성군 다사읍,경상사고,0,0,1,0,차대사람 - 기타,안전운전불이행,건조,맑음,단일로 - 기타,승용,여,51세,상해없음,보행자,남,34세,경상