사고번호,사고일시,요일,시군구,사고내용,사망자수,중상자수,경상자수,부상신고자수,사고유형,법규위반,노면상태,기상상태,도로형태,가해운전자 차종,가해운전자 성별,가해운전자 연령,가해운전자 상해정도,피해운전자 차종,피해운전자 성별,피해운전자 연령,피해운전자 상해정도
2018062900100436,2018년 6월 29일 17시,금요일,대구광역시 달서구 본리동,경상사고,0,0,1,0,차대사람 - 횡단중,안전운전불이행,건조,맑음,단일로 - 기타,승용,남,26세,상해없음,보행자,남,6세,경상
2018062900100437,2018년 6월 29일 17시,금요일,대구광역시 북구 구암동,중상사고,0,1,0,0,차대차 - 기타,안전운전불이행,건조,맑음,단일로 - 기타,자전거,여,64세,중상,승용,여,39세,상해없음
2018062900100482,2018년 6월 29일 18시,금요일,대구광역시 동구 방촌동,경상사고,0,0,1,0,차대차 - 기타,안전운전불이행,건조,맑음,교차로 - 교차로안,화물,남,64세,상해없음,승합,남,49세,경상
2018062900100483,2018년 6월 29일 18시,금요일,대구광역시 달성군 다사읍,부상신고사고,0,0,0,1,차대차 - 기타,안전운전불이행,건조,기타,교차로 - 교차로부근,승용,여,56세,부상신고,승용,남,32세,상해없음
2018062900100484,2018년 6월 29일 18시,금요일,대구광역시 북구 침산동,경상사고,0,0,1,0,차대차 - 추돌,안전운전불이행,건조,맑음,단일로 - 터널,승용,남,42세,상해없음,승용,여,44세,경상
2018062900100557,2018년 6월 29일 20시,금요일,대구광역시 수성구 범어동,경상사고,0,0,1,0,차대차 - 측면충돌,직진우회전진행방해,건조,맑음,교차로 - 교차로안,승용,남,70세,기타불명,승용,남,42세,경상
2018062900100558,2018년 6월 29일 20시,금요일,대구광역시 달서구 유천동,경상사고,0,0,1,0,차대차 - 추돌,안전운전불이행,건조,맑음,교차로 - 교차로부근,화물,여,53세,상해없음,승용,남,49세,상해없음
2018062900100559,2018년 6월 29일 20시,금요일,대구광역시 서구 비산동,중상사고,0,1,0,0,차대사람 - 횡단중,안전운전불이행,건조,맑음,단일로 - 기타,이륜,남,47세,상해없음,보행자,여,80세,중상
2018062900100560,2018년 6월 29일 20시,금요일,대구광역시 달서구 신당동,경상사고,0,0,1,0,차대차 - 기타,신호위반,건조,맑음,교차로 - 교차로안,승용,여,63세,상해없음,승용,남,63세,경상
2018062900100583,2018년 6월 29일 21시,금요일,대구광역시 동구 신암동,경상사고,0,0,1,0,차대차 - 측면충돌,안전거리미확보,건조,맑음,단일로 - 기타,승용,남,49세,상해없음,승용,여,32세,경상
2018062900100584,2018년 6월 29일 21시,금요일,대구광역시 서구 비산동,경상사고,0,0,1,0,차대차 - 측면충돌,안전거리미확보,건조,맑음,단일로 - 기타,승용,남,48세,상해없음,화물,남,43세,경상
2018062900100585,2018년 6월 29일 21시,금요일,대구광역시 서구 중리동,경상사고,0,0,1,0,차대차 - 측면충돌,안전거리미확보,건조,맑음,교차로 - 교차로부근,승용,여,48세,상해없음,이륜,남,26세,경상
2018062900100586,2018년 6월 29일 21시,금요일,대구광역시 중구 삼덕동1가,경상사고,0,0,1,0,차대사람 - 차도통행중,안전운전불이행,젖음/습기,맑음,단일로 - 기타,승용,남,60세,상해없음,보행자,남,24세,경상
2018062900100587,2018년 6월 29일 21시,금요일,대구광역시 달서구 본리동,부상신고사고,0,0,0,1,차대차 - 추돌,안전운전불이행,건조,맑음,단일로 - 기타,이륜,남,35세,부상신고,화물,남,70세,상해없음
2018062900100618,2018년 6월 29일 22시,금요일,대구광역시 달성군 화원읍,경상사고,0,0,2,0,차대차 - 추돌,안전거리미확보,건조,맑음,단일로 - 터널,승용,남,55세,상해없음,승용,남,42세,경상
2018062900100645,2018년 6월 29일 23시,금요일,대구광역시 북구 침산동,경상사고,0,0,1,0,차대차 - 측면충돌,신호위반,건조,맑음,교차로 - 교차로안,승용,남,24세,상해없음,승용,남,66세,경상
2018063000100016,2018년 6월 30일 00시,토요일,대구광역시 수성구 수성동1가,중상사고,0,1,1,0,차대사람 - 횡단중,보행자보호의무위반,젖음/습기,비,단일로 - 기타,이륜,남,29세,상해없음,보행자,남,52세,경상
2018063000100017,2018년 6월 30일 00시,토요일,대구광역시 북구 동천동,경상사고,0,0,4,0,차대차 - 측면충돌,안전운전불이행,건조,맑음,교차로 - 교차로안,이륜,남,18세,상해없음,승용,남,41세,상해없음
2018063000100038,2018년 6월 30일 01시,토요일,대구광역시 동구 신서동,중상사고,0,1,2,0,차대차 - 정면충돌,중앙선침범,젖음/습기,비,교차로 - 교차로부근,승용,남,62세,경상,승용,남,21세,경상
2018063000100039,2018년 6월 30일 01시,토요일,대구광역시 달서구 상인동,중상사고,0,1,0,0,차대사람 - 기타,보행자보호의무위반,건조,맑음,교차로 - 교차로횡단보도내,승용,남,33세,상해없음,보행자,남,54세,중상
2018063000100040,2018년 6월 30일 01시,토요일,대구광역시 중구 남산동,중상사고,0,1,0,0,차대차 - 기타,불법유턴,건조,맑음,단일로 - 기타,승용,남,37세,상해없음,이륜,남,34세,중상
2018063000100053,2018년 6월 30일 02시,토요일,대구광역시 동구 효목동,경상사고,0,0,2,0,차대차 - 추돌,안전거리미확보,건조,맑음,단일로 - 기타,승용,남,63세,상해없음,승용,여,50세,경상
2018063000100064,2018년 6월 30일 03시,토요일,대구광역시 서구 비산동,중상사고,0,1,0,0,차대차 - 기타,안전운전불이행,젖음/습기,흐림,교차로 - 교차로부근,기타불명,기타불명,미분류,기타불명,이륜,남,27세,중상
2018063000100075,2018년 6월 30일 04시,토요일,대구광역시 수성구 중동,경상사고,0,0,1,0,차대차 - 추돌,안전운전불이행,건조,맑음,단일로 - 기타,승용,남,48세,상해없음,화물,남,55세,경상
2018063000100138,2018년 6월 30일 09시,토요일,대구광역시 동구 효목동,부상신고사고,0,0,0,1,차대차 - 측면충돌,신호위반,건조,맑음,교차로 - 교차로안,이륜,남,76세,부상신고,승용,남,47세,상해없음
2018063000100139,2018년 6월 30일 09시,토요일,대구광역시 달성군 다사읍,경상사고,0,0,1,0,차대차 - 추돌,안전운전불이행,젖음/습기,비,교차로 - 교차로부근,화물,남,41세,상해없음,승용,남,30세,경상
2018063000100166,2018년 6월 30일 10시,토요일,대구광역시 남구 봉덕동,경상사고,0,0,1,0,차대사람 - 횡단중,안전운전불이행,건조,맑음,단일로 - 기타,승용,남,31세,상해없음,보행자,남,41세,경상
2018063000100167,2018년 6월 30일 10시,토요일,대구광역시 동구 효목동,경상사고,0,0,1,0,차대차 - 측면충돌,차로위반,건조,맑음,교차로 - 교차로부근,승용,남,39세,상해없음,승용,여,68세,경상
2018063000100193,2018년 6월 30일 11시,토요일,대구광역시 동구 중대동,중상사고,0,1,0,0,차대차 - 기타,안전운전불이행,건조,맑음,교차로 - 교차로안,승용,여,57세,상해없음,자전거,남,49세,중상
2018063000100194,2018년 6월 30일 11시,토요일,대구광역시 달서구 본동,경상사고,0,0,1,0,차대차 - 측면충돌,안전운전불이행,건조,맑음,교차로 - 교차로안,승용,여,60세,상해없음,이륜,남,39세,경상
2018063000100195,2018년 6월 30일 11시,토요일,대구광역시 서구 비산동,중상사고,0,1,0,0,차대사람 - 기타,안전운전불이행,건조,맑음,단일로 - 기타,승용,남,17세,상해없음,보행자,남,15세,중상
2018063000100231,2018년 6월 30일 12시,토요일,대구광역시 수성구 상동,중상사고,0,1,0,0,차대차 - 측면충돌,안전운전불이행,건조,맑음,교차로 - 교차로안,화물,남,51세,상해없음,자전거,남,75세,중상
2018063000100232,2018년 6월 30일 12시,토요일,대구광역시 달성군 다사읍,중상사고,0,1,0,0,차대차 - 기타,안전운전불이행,건조,맑음,단일로 - 기타,화물,남,56세,상해없음,이륜,남,27세,중상
2018063000100233,2018년 6월 30일 12시,토요일,대구광역시 달서구 성당동,경상사고,0,0,1,0,차대사람 - 횡단중,안전운전불이행,건조,맑음,단일로 - 기타,승용,남,66세,기타불명,보행자,여,54세,경상
2018063000100265,2018년 6월 30일 13시,토요일,대구광역시 서구 평리동,경상사고,0,0,1,0,차대차 - 기타,안전거리미확보,젖음/습기,비,단일로 - 기타,화물,남,67세,상해없음,원동기,남,29세,경상
2018063000100292,2018년 6월 30일 14시,토요일,대구광역시 남구 대명동,중상사고,0,1,1,0,차대차 - 측면충돌,안전운전불이행,젖음/습기,비,단일로 - 기타,승용,여,63세,중상,화물,남,54세,경상
2018063000100293,2018년 6월 30일 14시,토요일,대구광역시 중구 달성동,경상사고,0,0,5,0,차대차 - 추돌,안전운전불이행,젖음/습기,비,단일로 - 기타,승용,남,26세,상해없음,승용,여,49세,경상
2018063000100324,2018년 6월 30일 15시,토요일,대구광역시 달서구 신당동,경상사고,0,0,2,0,차대차 - 측면충돌,교차로운행방법위반,젖음/습기,흐림,교차로 - 교차로안,승용,여,37세,경상,이륜,남,35세,경상
2018063000100354,2018년 6월 30일 16시,토요일,대구광역시 수성구 매호동,중상사고,0,1,2,0,차대차 - 측면충돌,안전운전불이행,건조,맑음,교차로 - 교차로안,승용,여,50세,상해없음,승용,여,44세,경상
2018063000100355,2018년 6월 30일 16시,토요일,대구광역시 북구 침산동,경상사고,0,0,2,0,차대차 - 측면충돌,안전운전불이행,젖음/습기,비,단일로 - 기타,승용,남,57세,상해없음,승용,남,57세,경상
2018063000100356,2018년 6월 30일 16시,토요일,대구광역시 달서구 호산동,경상사고,0,0,1,0,차대차 - 후진중충돌,안전운전불이행,젖음/습기,비,기타 - 기타,승용,여,35세,상해없음,화물,남,62세,경상
2018063000100395,2018년 6월 30일 17시,토요일,대구광역시 달서구 유천동,경상사고,0,0,3,0,차대차 - 측면충돌,안전거리미확보,건조,맑음,단일로 - 기타,화물,남,39세,상해없음,승용,남,44세,경상
2018063000100396,2018년 6월 30일 17시,토요일,대구광역시 북구 읍내동,중상사고,0,1,0,0,차대차 - 기타,안전운전불이행,젖음/습기,비,단일로 - 기타,승용,여,61세,상해없음,이륜,남,35세,중상
2018063000100425,2018년 6월 30일 18시,토요일,대구광역시 남구 대명동,부상신고사고,0,0,0,1,차대차 - 기타,안전거리미확보,젖음/습기,비,단일로 - 기타,승용,남,47세,상해없음,이륜,남,29세,부상신고
2018063000100426,2018년 6월 30일 18시,토요일,대구광역시 수성구 범어동,경상사고,0,0,1,0,차대차 - 측면충돌,중앙선침범,건조,맑음,단일로 - 기타,승용,남,35세,상해없음,이륜,남,53세,경상
2018063000100427,2018년 6월 30일 18시,토요일,대구광역시 수성구 범물동,경상사고,0,0,2,0,차대차 - 측면충돌,안전운전불이행,젖음/습기,비,기타 - 기타,승용,남,42세,상해없음,승용,남,45세,경상
2018063000100428,2018년 6월 30일 18시,토요일,대구광역시 수성구 범물동,경상사고,0,0,1,0,차대차 - 기타,안전거리미확보,젖음/습기,비,단일로 - 기타,이륜,남,34세,경상,승용,여,58세,상해없음
2018063000100429,2018년 6월 30일 18시,토요일,대구광역시 달성군 유가읍,경상사고,0,0,1,0,차대차 - 추돌,안전운전불이행,건조,맑음,단일로 - 기타,승용,여,52세,상해없음,승용,남,33세,경상
2018063000100430,2018년 6월 30일 18시,토요일,대구광역시 서구 중리동,중상사고,0,1,0,0,차대차 - 추돌,안전운전불이행,젖음/습기,비,단일로 - 기타,화물,남,51세,상해없음,이륜,남,23세,중상
2018063000100431,2018년 6월 30일 18시,토요일,대구광역시 중구 계산동2가,경상사고,0,0,4,0,차대차 - 추돌,안전운전불이행,젖음/습기,비,단일로 - 기타,화물,남,43세,상해없음,승용,여,38세,경상
2018063000100432,2018년 6월 30일 18시,토요일,대구광역시 북구 관음동,경상사고,0,0,1,0,차대차 - 기타,안전운전불이행,건조,맑음,교차로 - 교차로안,기타불명,기타불명,미분류,기타불명,승용,여,47세,경상
2018063000100456,2018년 6월 30일 19시,토요일,대구광역시 수성구 수성동4가,경상사고,0,0,1,0,차대차 - 추돌,안전운전불이행,젖음/습기,비,교차로 - 교차로부근,승용,남,48세,상해없음,이륜,남,24세,경상
2018063000100457,2018년 6월 30일 19시,토요일,대구광역시 수성구 수성동4가,경상사고,0,0,3,1,차대차 - 측면충돌,안전운전불이행,건조,맑음,단일로 - 기타,승용,여,47세,부상신고,승용,남,28세,경상
2018063000100458,2018년 6월 30일 19시,토요일,대구광역시 달성군 구지면,경상사고,0,0,3,0,차대차 - 기타,안전운전불이행,젖음/습기,비,교차로 - 교차로안,승용,남,25세,상해없음,승용,남,33세,경상
2018063000100459,2018년 6월 30일 19시,토요일,대구광역시 달성군 다사읍,경상사고,0,0,1,0,차대차 - 기타,안전운전불이행,젖음/습기,비,단일로 - 기타,승용,남,35세,상해없음,이륜,남,39세,경상
2018063000100474,2018년 6월 30일 20시,토요일,대구광역시 수성구 욱수동,경상사고,0,0,1,0,차대사람 - 보도통행중,기타,젖음/습기,비,기타 - 기타,이륜,남,47세,상해없음,보행자,여,52세,경상
2018063000100475,2018년 6월 30일 20시,토요일,대구광역시 수성구 두산동,중상사고,0,1,0,0,차대차 - 측면충돌,안전운전불이행,건조,맑음,교차로 - 교차로안,승용,남,47세,상해없음,승용,남,59세,중상
2018063000100500,2018년 6월 30일 21시,토요일,대구광역시 동구 신암동,중상사고,0,1,2,0,차대차 - 추돌,안전거리미확보,건조,맑음,단일로 - 기타,승용,남,51세,상해없음,승용,남,45세,중상
2018063000100501,2018년 6월 30일 21시,토요일,대구광역시 수성구 신매동,중상사고,0,1,0,0,차대사람 - 기타,안전운전불이행,건조,맑음,단일로 - 기타,이륜,남,47세,상해없음,보행자,남,81세,중상
2018063000100502,2018년 6월 30일 21시,토요일,대구광역시 중구 공평동,경상사고,0,0,2,0,차대차 - 추돌,안전운전불이행,건조,맑음,교차로 - 교차로부근,승용,남,44세,상해없음,승용,여,29세,경상
2018063000100523,2018년 6월 30일 22시,토요일,대구광역시 달서구 상인동,중상사고,0,2,2,0,차대차 - 추돌,안전운전불이행,젖음/습기,흐림,단일로 - 기타,승합,남,63세,경상,승합,남,53세,상해없음
2018063000100542,2018년 6월 30일 23시,토요일,대구광역시 달성군 하빈면,중상사고,0,1,0,0,차대차 - 측면충돌,중앙선침범,젖음/습기,맑음,단일로 - 기타,승용,남,69세,상해없음,승용,남,39세,중상
2018063000100543,2018년 6월 30일 23시,토요일,대구광역시 북구 복현동,경상사고,0,0,2,0,차대차 - 추돌,안전운전불이행,젖음/습기,비,교차로 - 교차로부근,승용,남,24세,상해없음,승용,남,43세,경상
2018063000100544,2018년 6월 30일 23시,토요일,대구광역시 북구 태전동,부상신고사고,0,0,0,1,차대사람 - 횡단중,보행자보호의무위반,젖음/습기,비,교차로 - 교차로횡단보도내,승용,남,26세,상해없음,보행자,남,46세,부상신고
2018070100100014,2018년 7월 1일 00시,일요일,대구광역시 동구 효목동,경상사고,0,0,3,0,차대차 - 측면충돌,교차로운행방법위반,건조,맑음,교차로 - 교차로안,승용,남,54세,상해없음,승용,여,63세,경상
2018070100100015,2018년 7월 1일 00시,일요일,대구광역시 수성구 수성동2가,중상사고,0,1,0,0,차대사람 - 차도통행중,안전운전불이행,젖음/습기,비,단일로 - 기타,화물,남,26세,상해없음,보행자,남,60세,중상
2018070100100016,2018년 7월 1일 00시,일요일,대구광역시 달서구 본리동,중상사고,0,1,0,0,차대차 - 측면충돌,차로위반,젖음/습기,비,기타 - 기타,승용,여,39세,상해없음,이륜,남,31세,중상
2018070100100043,2018년 7월 1일 02시,일요일,대구광역시 남구 대명동,경상사고,0,0,1,0,차대차 - 추돌,안전운전불이행,젖음/습기,비,단일로 - 기타,승용,여,45세,상해없음,승용,남,52세,경상
2018070100100044,2018년 7월 1일 02시,일요일,대구광역시 달서구 이곡동,경상사고,0,0,2,0,차대차 - 추돌,안전운전불이행,젖음/습기,비,기타 - 기타,승용,남,50세,상해없음,승용,남,35세,경상
2018070100100078,2018년 7월 1일 05시,일요일,대구광역시 서구 비산동,경상사고,0,0,1,0,차량단독 - 전도전복 - 전도,안전운전불이행,젖음/습기,비,단일로 - 기타,승용,남,53세,상해없음,미분류,미분류,미분류,미분류
2018070100100165,2018년 7월 1일 12시,일요일,대구광역시 달성군 현풍읍,중상사고,0,1,0,0,차대차 - 측면충돌,안전운전불이행,건조,맑음,교차로 - 교차로안,이륜,남,34세,중상,승용,남,55세,상해없음
2018070100100203,2018년 7월 1일 14시,일요일,대구광역시 북구 침산동,경상사고,0,0,2,0,차대차 - 측면충돌,신호위반,건조,흐림,교차로 - 교차로안,승용,남,74세,상해없음,승용,여,27세,상해없음
2018070100100237,2018년 7월 1일 15시,일요일,대구광역시 동구 신서동,경상사고,0,0,6,0,차대차 - 기타,안전운전불이행,건조,맑음,단일로 - 기타,승용,여,53세,상해없음,승용,남,38세,경상
2018070100100259,2018년 7월 1일 16시,일요일,대구광역시 달서구 송현동,경상사고,0,0,1,0,차대차 - 측면충돌,안전운전불이행,건조,흐림,교차로 - 교차로안,승용,남,59세,상해없음,이륜,남,53세,경상
2018070100100260,2018년 7월 1일 16시,일요일,대구광역시 달성군 유가읍,중상사고,0,1,0,1,차대차 - 기타,교차로운행방법위반,건조,맑음,교차로 - 교차로안,승용,남,51세,부상신고,승용,남,45세,중상
2018070100100310,2018년 7월 1일 18시,일요일,대구광역시 북구 칠성동1가,경상사고,0,0,1,0,차대사람 - 차도통행중,안전운전불이행,건조,맑음,단일로 - 기타,승용,여,36세,상해없음,보행자,남,60세,경상
2018070100100311,2018년 7월 1일 18시,일요일,대구광역시 동구 신암동,경상사고,0,0,1,0,차대차 - 측면충돌,교차로운행방법위반,건조,맑음,교차로 - 교차로안,승용,남,51세,상해없음,자전거,남,23세,경상
2018070100100388,2018년 7월 1일 20시,일요일,대구광역시 남구 이천동,경상사고,0,0,1,0,차대차 - 추돌,안전운전불이행,건조,맑음,단일로 - 기타,승용,여,23세,상해없음,승용,남,33세,상해없음
2018070100100426,2018년 7월 1일 21시,일요일,대구광역시 달성군 가창면,경상사고,0,0,2,0,차대차 - 기타,안전운전불이행,건조,맑음,교차로 - 교차로부근,화물,남,46세,상해없음,승용,남,68세,상해없음
2018070100100427,2018년 7월 1일 21시,일요일,대구광역시 북구 복현동,부상신고사고,0,0,0,1,차대사람 - 기타,안전운전불이행,건조,맑음,교차로 - 교차로부근,승용,남,52세,상해없음,보행자,남,35세,부상신고
2018070100100428,2018년 7월 1일 21시,일요일,대구광역시 달서구 이곡동,경상사고,0,0,1,0,차대차 - 추돌,안전운전불이행,건조,맑음,단일로 - 기타,승용,남,63세,상해없음,승용,남,25세,경상
2018070100100429,2018년 7월 1일 21시,일요일,대구광역시 북구 읍내동,중상사고,0,1,0,0,차대사람 - 횡단중,안전운전불이행,젖음/습기,비,단일로 - 기타,승용,남,48세,상해없음,보행자,남,50세,중상
2018070100100430,2018년 7월 1일 21시,일요일,대구광역시 북구 동천동,경상사고,0,0,1,0,차대차 - 측면충돌,신호위반,젖음/습기,비,교차로 - 교차로안,이륜,남,33세,경상,승용,여,53세,상해없음
2018070100100488,2018년 7월 1일 23시,일요일,대구광역시 중구 삼덕동2가,경상사고,0,0,2,0,차대차 - 측면충돌,안전운전불이행,건조,맑음,교차로 - 교차로안,승용,남,26세,상해없음,승용,여,30세,경상
2018070200100014,2018년 7월 2일 00시,월요일,대구광역시 수성구 범어동,중상사고,0,1,0,0,차대차 - 측면충돌,안전운전불이행,젖음/습기,비,교차로 - 교차로부근,승용,남,46세,기타불명,승용,남,32세,중상
2018070200100039,2018년 7월 2일 02시,월요일,대구광역시 남구 대명동,중상사고,0,1,0,0,차대사람 - 차도통행중,안전운전불이행,건조,맑음,단일로 - 기타,승용,남,64세,상해없음,보행자,남,47세,중상
2018070200100040,2018년 7월 2일 02시,월요일,대구광역시 달서구 상인동,중상사고,0,1,1,0,차대차 - 측면충돌,안전거리미확보,건조,맑음,단일로 - 기타,승용,남,54세,경상,승용,남,30세,중상
2018070200100053,2018년 7월 2일 03시,월요일,대구광역시 동구 용계동,경상사고,0,0,1,0,차량단독 - 공작물충돌,안전운전불이행,젖음/습기,비,단일로 - 기타,화물,남,19세,경상,,,,
2018070200100061,2018년 7월 2일 04시,월요일,대구광역시 달서구 죽전동,경상사고,0,0,1,0,차대차 - 측면충돌,안전운전불이행,젖음/습기,비,단일로 - 기타,승용,여,27세,상해없음,승용,남,27세,경상
2018070200100068,2018년 7월 2일 05시,월요일,대구광역시 수성구 신매동,중상사고,0,1,1,1,차대차 - 측면충돌,신호위반,젖음/습기,비,교차로 - 교차로안,승용,남,59세,부상신고,승용,남,64세,경상
2018070200100069,2018년 7월 2일 05시,월요일,대구광역시 북구 산격동,경상사고,0,0,1,0,차량단독 - 공작물충돌,안전운전불이행,젖음/습기,비,단일로 - 기타,승용,남,55세,상해없음,,,,
2018070200100082,2018년 7월 2일 06시,월요일,대구광역시 달서구 장기동,중상사고,0,1,0,0,차대차 - 측면충돌,안전운전불이행,젖음/습기,비,단일로 - 기타,승용,남,53세,상해없음,화물,남,55세,중상
2018070200100100,2018년 7월 2일 07시,월요일,대구광역시 동구 신암동,경상사고,0,0,1,0,차대차 - 추돌,안전운전불이행,건조,맑음,교차로 - 교차로부근,승용,남,44세,상해없음,승용,여,25세,경상
2018070200100130,2018년 7월 2일 08시,월요일,대구광역시 남구 대명동,경상사고,0,0,1,0,차대차 - 추돌,안전거리미확보,젖음/습기,비,단일로 - 기타,승용,남,55세,상해없음,승용,여,26세,경상
2018070200100131,2018년 7월 2일 08시,월요일,대구광역시 동구 각산동,경상사고,0,0,1,0,차량단독 - 공작물충돌,안전운전불이행,젖음/습기,비,단일로 - 기타,승용,남,53세,경상,,,,
2018070200100132,2018년 7월 2일 08시,월요일,대구광역시 동구 신천동,중상사고,0,1,0,0,차대사람 - 기타,기타,젖음/습기,비,기타 - 기타,승용,남,39세,기타불명,보행자,여,29세,중상
2018070200100133,2018년 7월 2일 08시,월요일,대구광역시 북구 침산동,경상사고,0,0,1,0,차대차 - 추돌,안전거리미확보,젖음/습기,비,교차로 - 교차로부근,승용,남,28세,상해없음,승용,남,39세,경상
2018070200100134,2018년 7월 2일 08시,월요일,대구광역시 북구 침산동,경상사고,0,0,1,0,차대사람 - 횡단중,안전운전불이행,젖음/습기,비,교차로 - 교차로부근,승용,남,47세,상해없음,보행자,여,44세,경상
2018070200100165,2018년 7월 2일 09시,월요일,대구광역시 북구 금호동,중상사고,0,1,1,0,차대차 - 기타,안전운전불이행,건조,맑음,단일로 - 기타,화물,남,68세,상해없음,화물,남,50세,중상
2018070200100167,2018년 7월 2일 09시,월요일,대구광역시 북구 노원동3가,경상사고,0,0,1,0,차대차 - 측면충돌,중앙선침범,젖음/습기,비,단일로 - 기타,승용,여,45세,상해없음,승용,남,56세,경상
2018070200100190,2018년 7월 2일 10시,월요일,대구광역시 서구 비산동,경상사고,0,0,1,0,차대사람 - 횡단중,신호위반,건조,맑음,교차로 - 교차로부근,승용,여,29세,상해없음,보행자,남,83세,경상
2018070200100216,2018년 7월 2일 11시,월요일,대구광역시 수성구 중동,부상신고사고,0,0,0,1,차대차 - 기타,안전운전불이행,젖음/습기,비,단일로 - 기타,이륜,남,48세,부상신고,화물,남,32세,상해없음
2018070200100276,2018년 7월 2일 13시,월요일,대구광역시 동구 신서동,중상사고,0,1,0,0,차대차 - 측면충돌,신호위반,건조,맑음,교차로 - 교차로안,이륜,남,22세,중상,승합,남,59세,상해없음
2018070200100277,2018년 7월 2일 13시,월요일,대구광역시 달서구 상인동,경상사고,0,0,1,0,차대차 - 기타,안전운전불이행,건조,맑음,기타 - 기타,승용,여,41세,상해없음,승용,남,27세,경상
2018070200100278,2018년 7월 2일 13시,월요일,대구광역시 북구 읍내동,경상사고,0,0,1,0,차대차 - 기타,차로위반,건조,맑음,단일로 - 기타,승용,남,35세,상해없음,화물,남,26세,상해없음
2018070200100308,2018년 7월 2일 14시,월요일,대구광역시 달성군 논공읍,경상사고,0,0,2,0,차대차 - 추돌,안전운전불이행,젖음/습기,비,교차로 - 교차로부근,이륜,남,13세,상해없음,승용,여,61세,경상
2018070200100309,2018년 7월 2일 14시,월요일,대구광역시 달서구 이곡동,경상사고,0,0,1,0,차대차 - 기타,안전운전불이행,젖음/습기,비,기타 - 기타,화물,남,44세,상해없음,이륜,남,29세,경상
2018070200100310,2018년 7월 2일 14시,월요일,대구광역시 달서구 죽전동,경상사고,0,0,1,0,차대사람 - 기타,안전운전불이행,젖음/습기,흐림,주차장 - 주차장,승용,여,47세,상해없음,보행자,여,64세,경상
2018070200100311,2018년 7월 2일 14시,월요일,대구광역시 북구 읍내동,중상사고,0,1,0,0,차대차 - 기타,안전거리미확보,건조,맑음,단일로 - 기타,승용,남,61세,상해없음,승합,남,49세,상해없음
2018070200100341,2018년 7월 2일 15시,월요일,대구광역시 수성구 두산동,경상사고,0,0,1,0,차대차 - 측면충돌,불법유턴,건조,맑음,단일로 - 기타,이륜,남,33세,상해없음,승용,남,51세,경상
2018070200100369,2018년 7월 2일 16시,월요일,대구광역시 남구 봉덕동,부상신고사고,0,0,0,1,차대차 - 측면충돌,불법유턴,건조,맑음,교차로 - 교차로부근,자전거,남,71세,부상신고,승용,남,59세,상해없음
2018070200100370,2018년 7월 2일 16시,월요일,대구광역시 동구 효목동,경상사고,0,0,3,0,차대차 - 측면충돌,안전거리미확보,건조,맑음,교차로 - 교차로부근,승용,여,62세,상해없음,승용,남,21세,경상
2018070200100371,2018년 7월 2일 16시,월요일,대구광역시 동구 방촌동,경상사고,0,0,1,0,차대차 - 측면충돌,교차로운행방법위반,건조,맑음,기타 - 기타,승용,여,51세,상해없음,승용,여,53세,경상
2018070200100420,2018년 7월 2일 17시,월요일,대구광역시 동구 율암동,경상사고,0,0,1,0,차대차 - 정면충돌,안전운전불이행,건조,맑음,단일로 - 기타,승용,남,69세,상해없음,승용,남,50세,경상
2018070200100421,2018년 7월 2일 17시,월요일,대구광역시 수성구 수성동4가,중상사고,0,1,1,0,차대차 - 추돌,안전운전불이행,젖음/습기,비,교차로 - 교차로부근,승합,남,43세,상해없음,화물,남,24세,경상
2018070200100422,2018년 7월 2일 17시,월요일,대구광역시 남구 대명동,경상사고,0,0,2,0,차대차 - 기타,안전운전불이행,건조,맑음,단일로 - 기타,승용,여,39세,경상,승용,여,36세,경상
2018070200100423,2018년 7월 2일 17시,월요일,대구광역시 중구 동인동1가,중상사고,0,1,0,0,차대차 - 기타,안전거리미확보,건조,맑음,교차로 - 교차로안,승용,남,69세,상해없음,이륜,남,70세,중상
2018070200100424,2018년 7월 2일 17시,월요일,대구광역시 중구 동인동3가,경상사고,0,0,1,0,차대차 - 측면충돌,신호위반,젖음/습기,흐림,단일로 - 기타,이륜,남,48세,경상,승용,남,62세,상해없음
2018070200100457,2018년 7월 2일 18시,월요일,대구광역시 동구 방촌동,중상사고,0,1,0,0,차대차 - 측면충돌,안전운전불이행,건조,맑음,단일로 - 기타,승용,여,51세,상해없음,승용,남,62세,중상
2018070200100458,2018년 7월 2일 18시,월요일,대구광역시 달서구 본동,부상신고사고,0,0,0,1,차대차 - 측면충돌,안전거리미확보,건조,맑음,단일로 - 기타,승용,남,63세,상해없음,승용,남,22세,부상신고
2018070200100459,2018년 7월 2일 18시,월요일,대구광역시 달서구 두류동,경상사고,0,0,2,0,차대차 - 추돌,안전거리미확보,젖음/습기,비,단일로 - 기타,승용,남,51세,상해없음,승용,남,55세,경상
2018070200100499,2018년 7월 2일 19시,월요일,대구광역시 달서구 감삼동,경상사고,0,0,1,0,차대차 - 측면충돌,안전거리미확보,건조,맑음,단일로 - 기타,승용,여,26세,상해없음,승용,여,36세,경상
2018070200100540,2018년 7월 2일 20시,월요일,대구광역시 수성구 상동,경상사고,0,0,2,0,차대차 - 측면충돌,안전거리미확보,건조,맑음,단일로 - 기타,승용,여,35세,상해없음,승용,여,37세,경상
2018070200100618,2018년 7월 2일 22시,월요일,대구광역시 북구 산격동,경상사고,0,0,1,0,차대사람 - 기타,안전운전불이행,건조,맑음,단일로 - 기타,승용,남,19세,상해없음,보행자,여,22세,경상