사고번호,사고일시,요일,시군구,사고내용,사망자수,중상자수,경상자수,부상신고자수,사고유형,법규위반,노면상태,기상상태,도로형태,가해운전자 차종,가해운전자 성별,가해운전자 연령,가해운전자 상해정도,피해운전자 차종,피해운전자 성별,피해운전자 연령,피해운전자 상해정도
2018070200100656,2018년 7월 2일 23시,월요일,대구광역시 서구 내당동,중상사고,0,1,0,0,차대사람 - 횡단중,신호위반,젖음/습기,비,단일로 - 기타,이륜,남,21세,상해없음,보행자,여,56세,중상
2018070300100036,2018년 7월 3일 02시,화요일,대구광역시 남구 대명동,중상사고,0,1,0,0,차대차 - 측면충돌,교차로운행방법위반,건조,맑음,교차로 - 교차로안,승용,남,60세,상해없음,승용,남,57세,중상
2018070300100071,2018년 7월 3일 06시,화요일,대구광역시 동구 중대동,사망사고,1,0,0,0,차량단독 - 공작물충돌,안전운전불이행,젖음/습기,흐림,단일로 - 기타,승용,남,73세,사망,,,,
2018070300100120,2018년 7월 3일 08시,화요일,대구광역시 동구 신천동,경상사고,0,0,1,0,차대차 - 측면충돌,안전운전불이행,건조,맑음,단일로 - 기타,승용,여,53세,기타불명,승용,남,60세,상해없음
2018070300100121,2018년 7월 3일 08시,화요일,대구광역시 북구 침산동,경상사고,0,0,1,0,차대차 - 측면충돌,직진우회전진행방해,건조,맑음,교차로 - 교차로안,승용,남,33세,상해없음,원동기,남,57세,경상
2018070300100122,2018년 7월 3일 08시,화요일,대구광역시 서구 내당동,중상사고,0,1,1,0,차대사람 - 횡단중,신호위반,건조,맑음,교차로 - 교차로횡단보도내,이륜,남,33세,경상,보행자,여,50세,중상
2018070300100123,2018년 7월 3일 08시,화요일,대구광역시 달서구 이곡동,중상사고,0,1,0,0,차대차 - 추돌,안전운전불이행,건조,맑음,단일로 - 기타,승합,남,34세,상해없음,승용,여,35세,중상
2018070300100124,2018년 7월 3일 08시,화요일,대구광역시 북구 팔달동,경상사고,0,0,2,0,차대차 - 기타,안전거리미확보,건조,맑음,단일로 - 기타,승용,남,32세,경상,화물,남,55세,경상
2018070300100155,2018년 7월 3일 09시,화요일,대구광역시 북구 동천동,경상사고,0,0,1,0,차대차 - 측면충돌,안전운전불이행,건조,흐림,교차로 - 교차로부근,승용,여,63세,상해없음,승용,남,38세,상해없음
2018070300100187,2018년 7월 3일 10시,화요일,대구광역시 달서구 월성동,경상사고,0,0,1,0,차대차 - 추돌,안전운전불이행,건조,맑음,단일로 - 기타,승용,남,48세,상해없음,승용,남,57세,경상
2018070300100188,2018년 7월 3일 10시,화요일,대구광역시 서구 이현동,경상사고,0,0,1,0,차대차 - 측면충돌,안전거리미확보,건조,맑음,단일로 - 기타,승용,남,38세,상해없음,승용,여,66세,경상
2018070300100206,2018년 7월 3일 11시,화요일,대구광역시 남구 대명동,경상사고,0,0,1,0,차대차 - 측면충돌,차로위반,건조,맑음,교차로 - 교차로부근,승용,남,76세,상해없음,승용,남,58세,경상
2018070300100231,2018년 7월 3일 12시,화요일,대구광역시 중구 동성로3가,경상사고,0,0,1,0,차대사람 - 기타,안전운전불이행,건조,맑음,교차로 - 교차로안,승용,여,33세,상해없음,보행자,남,88세,경상
2018070300100262,2018년 7월 3일 13시,화요일,대구광역시 수성구 만촌동,경상사고,0,0,1,0,차대차 - 측면충돌,신호위반,건조,흐림,교차로 - 교차로부근,이륜,남,17세,경상,승용,남,66세,상해없음
2018070300100326,2018년 7월 3일 15시,화요일,대구광역시 남구 봉덕동,중상사고,0,1,0,1,차량단독 - 전도전복 - 전도,안전운전불이행,젖음/습기,비,교차로 - 교차로부근,이륜,남,21세,부상신고,미분류,미분류,미분류,미분류
2018070300100359,2018년 7월 3일 16시,화요일,대구광역시 남구 대명동,경상사고,0,0,9,0,차대차 - 측면충돌,신호위반,젖음/습기,비,교차로 - 교차로안,승용,여,34세,상해없음,승합,남,55세,경상
2018070300100360,2018년 7월 3일 16시,화요일,대구광역시 수성구 황금동,경상사고,0,0,1,0,차대차 - 측면충돌,신호위반,젖음/습기,비,교차로 - 교차로안,승용,여,38세,상해없음,승용,여,49세,경상
2018070300100361,2018년 7월 3일 16시,화요일,대구광역시 달성군 다사읍,경상사고,0,0,1,0,차대차 - 기타,직진우회전진행방해,젖음/습기,비,교차로 - 교차로안,승용,여,53세,상해없음,승용,남,50세,경상
2018070300100362,2018년 7월 3일 16시,화요일,대구광역시 북구 침산동,경상사고,0,0,1,0,차대차 - 측면충돌,기타,건조,맑음,단일로 - 기타,승용,남,57세,상해없음,원동기,남,22세,경상
2018070300100363,2018년 7월 3일 16시,화요일,대구광역시 서구 평리동,부상신고사고,0,0,0,1,차대사람 - 차도통행중,안전운전불이행,젖음/습기,흐림,단일로 - 기타,기타불명,기타불명,미분류,기타불명,보행자,여,83세,부상신고
2018070300100403,2018년 7월 3일 17시,화요일,대구광역시 수성구 범어동,중상사고,0,1,0,0,차대사람 - 횡단중,안전운전불이행,젖음/습기,비,교차로 - 교차로횡단보도내,승용,여,52세,상해없음,보행자,남,13세,중상
2018070300100404,2018년 7월 3일 17시,화요일,대구광역시 달서구 호산동,경상사고,0,0,1,0,차대차 - 측면충돌,차로위반,젖음/습기,비,단일로 - 기타,승용,남,64세,상해없음,승용,남,35세,경상
2018070300100437,2018년 7월 3일 18시,화요일,대구광역시 남구 봉덕동,경상사고,0,0,1,0,차대차 - 측면충돌,안전운전불이행,건조,맑음,기타 - 기타,승용,남,29세,상해없음,승용,남,46세,경상
2018070300100470,2018년 7월 3일 19시,화요일,대구광역시 동구 효목동,경상사고,0,0,3,0,차대차 - 추돌,안전거리미확보,건조,맑음,단일로 - 기타,승용,남,58세,상해없음,승용,남,51세,경상
2018070300100471,2018년 7월 3일 19시,화요일,대구광역시 서구 내당동,경상사고,0,0,4,0,차대차 - 측면충돌,안전운전불이행,젖음/습기,비,단일로 - 기타,승용,여,43세,상해없음,승용,여,32세,경상
2018070300100499,2018년 7월 3일 20시,화요일,대구광역시 남구 대명동,경상사고,0,0,1,0,차대차 - 측면충돌,안전거리미확보,젖음/습기,비,단일로 - 기타,승용,남,43세,상해없음,승용,남,41세,경상
2018070300100531,2018년 7월 3일 21시,화요일,대구광역시 남구 대명동,경상사고,0,0,2,0,차대차 - 추돌,안전거리미확보,젖음/습기,비,단일로 - 기타,승용,남,28세,경상,승용,남,37세,경상
2018070300100532,2018년 7월 3일 21시,화요일,대구광역시 수성구 만촌동,경상사고,0,0,2,1,차대차 - 측면충돌,신호위반,젖음/습기,비,교차로 - 교차로안,승용,남,32세,상해없음,승용,남,64세,경상
2018070300100557,2018년 7월 3일 22시,화요일,대구광역시 남구 대명동,중상사고,0,1,0,0,차대차 - 측면충돌,안전운전불이행,젖음/습기,비,기타 - 기타,승용,여,59세,상해없음,이륜,남,38세,중상
2018070300100558,2018년 7월 3일 22시,화요일,대구광역시 동구 율하동,경상사고,0,0,2,0,차대차 - 추돌,안전거리미확보,건조,맑음,단일로 - 기타,이륜,남,41세,경상,승용,남,58세,경상
2018070300100559,2018년 7월 3일 22시,화요일,대구광역시 동구 신기동,중상사고,0,1,1,0,차대차 - 추돌,안전운전불이행,젖음/습기,비,단일로 - 기타,승용,남,66세,상해없음,승용,남,51세,경상
2018070300100561,2018년 7월 3일 22시,화요일,대구광역시 달서구 월암동,경상사고,0,0,2,0,차대차 - 추돌,안전운전불이행,젖음/습기,비,교차로 - 교차로부근,승용,남,33세,상해없음,승용,남,42세,경상
2018070300100581,2018년 7월 3일 23시,화요일,대구광역시 달성군 화원읍,사망사고,1,0,0,0,차량단독 - 기타,안전운전불이행,젖음/습기,비,단일로 - 기타,승용,남,63세,사망,,,,
2018070300100583,2018년 7월 3일 23시,화요일,대구광역시 달서구 본동,경상사고,0,0,1,0,차대사람 - 차도통행중,안전운전불이행,젖음/습기,비,교차로 - 교차로안,승용,남,64세,상해없음,보행자,남,55세,경상
2018070300100584,2018년 7월 3일 23시,화요일,대구광역시 북구 태전동,경상사고,0,0,2,0,차대차 - 추돌,안전운전불이행,건조,맑음,단일로 - 기타,승용,남,60세,상해없음,화물,남,56세,경상
2018070400100017,2018년 7월 4일 02시,수요일,대구광역시 동구 신암동,경상사고,0,0,1,0,차대차 - 측면충돌,안전거리미확보,젖음/습기,흐림,교차로 - 교차로부근,승용,여,63세,상해없음,화물,남,40세,경상
2018070400100023,2018년 7월 4일 03시,수요일,대구광역시 달서구 송현동,경상사고,0,0,1,0,차대차 - 측면충돌,안전운전불이행,젖음/습기,흐림,교차로 - 교차로부근,승용,남,26세,상해없음,승용,남,54세,경상
2018070400100028,2018년 7월 4일 04시,수요일,대구광역시 달서구 신당동,경상사고,0,0,1,0,차대사람 - 기타,기타,젖음/습기,비,단일로 - 기타,승용,남,63세,상해없음,보행자,남,27세,경상
2018070400100042,2018년 7월 4일 06시,수요일,대구광역시 서구 비산동,경상사고,0,0,1,0,차대차 - 기타,안전운전불이행,건조,맑음,교차로 - 교차로부근,승용,남,55세,상해없음,자전거,남,56세,경상
2018070400100064,2018년 7월 4일 07시,수요일,대구광역시 남구 대명동,중상사고,0,1,0,0,차대사람 - 횡단중,보행자보호의무위반,건조,맑음,단일로 - 기타,승용,남,71세,상해없음,보행자,여,64세,중상
2018070400100065,2018년 7월 4일 07시,수요일,대구광역시 수성구 만촌동,경상사고,0,0,2,0,차대차 - 측면충돌,안전거리미확보,건조,맑음,단일로 - 기타,승합,남,61세,상해없음,화물,남,59세,경상
2018070400100066,2018년 7월 4일 07시,수요일,대구광역시 북구 침산동,중상사고,0,1,0,0,차대사람 - 횡단중,안전운전불이행,건조,맑음,단일로 - 기타,승용,여,47세,상해없음,보행자,여,69세,중상
2018070400100067,2018년 7월 4일 07시,수요일,대구광역시 서구 내당동,경상사고,0,0,1,0,차대차 - 추돌,안전거리미확보,건조,맑음,교차로 - 교차로부근,승용,남,54세,상해없음,승용,남,45세,경상
2018070400100109,2018년 7월 4일 08시,수요일,대구광역시 동구 지묘동,경상사고,0,0,1,0,차대차 - 측면충돌,안전운전불이행,건조,맑음,단일로 - 기타,승용,여,67세,상해없음,승용,남,39세,경상
2018070400100110,2018년 7월 4일 08시,수요일,대구광역시 달서구 진천동,부상신고사고,0,0,0,1,차대사람 - 차도통행중,안전운전불이행,건조,맑음,단일로 - 기타,자전거,남,70세,상해없음,보행자,남,6세,부상신고
2018070400100111,2018년 7월 4일 08시,수요일,대구광역시 달서구 진천동,중상사고,0,1,0,0,차대사람 - 횡단중,보행자보호의무위반,건조,맑음,단일로 - 기타,화물,남,45세,상해없음,보행자,여,57세,중상
2018070400100112,2018년 7월 4일 08시,수요일,대구광역시 달서구 신당동,경상사고,0,0,3,0,차대차 - 추돌,안전거리미확보,건조,맑음,단일로 - 기타,화물,남,31세,경상,승용,여,59세,상해없음
2018070400100151,2018년 7월 4일 09시,수요일,대구광역시 수성구 수성동2가,부상신고사고,0,0,0,1,차대차 - 측면충돌,안전거리미확보,건조,맑음,단일로 - 기타,이륜,남,17세,부상신고,승용,남,42세,상해없음
2018070400100152,2018년 7월 4일 09시,수요일,대구광역시 달서구 월성동,중상사고,0,1,0,0,차대차 - 측면충돌,안전거리미확보,건조,맑음,단일로 - 기타,승합,남,63세,상해없음,승용,여,32세,중상
2018070400100153,2018년 7월 4일 09시,수요일,대구광역시 달서구 월성동,중상사고,0,1,0,0,차대사람 - 보도통행중,신호위반,건조,맑음,교차로 - 교차로횡단보도내,승용,남,61세,상해없음,보행자,남,68세,중상
2018070400100154,2018년 7월 4일 09시,수요일,대구광역시 북구 산격동,중상사고,0,1,0,0,차대사람 - 횡단중,보행자보호의무위반,건조,맑음,단일로 - 기타,승용,남,40세,상해없음,보행자,여,66세,중상
2018070400100155,2018년 7월 4일 09시,수요일,대구광역시 북구 칠성동2가,중상사고,0,1,0,0,차대사람 - 횡단중,안전운전불이행,건조,맑음,단일로 - 기타,승용,남,31세,상해없음,보행자,여,76세,중상
2018070400100156,2018년 7월 4일 09시,수요일,대구광역시 달서구 감삼동,중상사고,0,1,0,0,차대차 - 측면충돌,안전운전불이행,건조,맑음,단일로 - 기타,승용,여,63세,상해없음,자전거,남,31세,중상
2018070400100190,2018년 7월 4일 10시,수요일,대구광역시 달서구 장동,경상사고,0,0,1,0,차대차 - 측면충돌,신호위반,건조,맑음,교차로 - 교차로안,승용,여,36세,상해없음,승용,남,60세,경상
2018070400100191,2018년 7월 4일 10시,수요일,대구광역시 북구 매천동,경상사고,0,0,1,0,차대차 - 측면충돌,안전운전불이행,건조,맑음,단일로 - 기타,승합,여,48세,상해없음,원동기,남,36세,경상
2018070400100213,2018년 7월 4일 11시,수요일,대구광역시 달서구 본동,부상신고사고,0,0,0,3,차대차 - 측면충돌,차로위반,건조,맑음,교차로 - 교차로부근,승용,남,45세,상해없음,승용,남,20세,부상신고
2018070400100214,2018년 7월 4일 11시,수요일,대구광역시 중구 동인동2가,경상사고,0,0,1,0,차대차 - 추돌,안전거리미확보,건조,맑음,교차로 - 교차로안,승용,여,47세,상해없음,이륜,남,56세,경상
2018070400100261,2018년 7월 4일 13시,수요일,대구광역시 달서구 대곡동,경상사고,0,0,1,0,차대차 - 측면충돌,중앙선침범,건조,맑음,단일로 - 기타,자전거,남,14세,경상,승용,여,31세,상해없음
2018070400100262,2018년 7월 4일 13시,수요일,대구광역시 달서구 성당동,경상사고,0,0,1,0,차대차 - 추돌,안전운전불이행,건조,맑음,단일로 - 기타,승용,남,60세,상해없음,화물,남,59세,경상
2018070400100291,2018년 7월 4일 14시,수요일,대구광역시 달서구 상인동,경상사고,0,0,1,0,차대차 - 측면충돌,안전운전불이행,건조,맑음,단일로 - 기타,자전거,남,69세,경상,화물,남,47세,상해없음
2018070400100328,2018년 7월 4일 15시,수요일,대구광역시 달서구 송현동,중상사고,0,1,0,0,차대차 - 측면충돌,교차로운행방법위반,건조,맑음,교차로 - 교차로안,승용,여,47세,상해없음,원동기,여,67세,중상
2018070400100329,2018년 7월 4일 15시,수요일,대구광역시 달서구 송현동,부상신고사고,0,0,0,1,차대차 - 추돌,안전거리미확보,건조,맑음,단일로 - 기타,승용,남,31세,상해없음,승용,여,32세,부상신고
2018070400100330,2018년 7월 4일 15시,수요일,대구광역시 북구 침산동,경상사고,0,0,3,0,차대차 - 측면충돌,신호위반,건조,맑음,교차로 - 교차로안,승용,남,29세,상해없음,승용,여,40세,경상
2018070400100367,2018년 7월 4일 16시,수요일,대구광역시 수성구 지산동,경상사고,0,0,1,0,차대사람 - 기타,안전운전불이행,건조,맑음,단일로 - 기타,화물,여,45세,상해없음,보행자,남,8세,경상
2018070400100368,2018년 7월 4일 16시,수요일,대구광역시 달성군 옥포읍,경상사고,0,0,1,0,차대차 - 기타,안전운전불이행,건조,맑음,교차로 - 교차로부근,자전거,여,74세,경상,승용,남,54세,상해없음
2018070400100422,2018년 7월 4일 17시,수요일,대구광역시 남구 대명동,경상사고,0,0,1,0,차대사람 - 횡단중,보행자보호의무위반,건조,맑음,교차로 - 교차로횡단보도내,이륜,남,27세,상해없음,보행자,남,8세,경상
2018070400100423,2018년 7월 4일 17시,수요일,대구광역시 동구 입석동,경상사고,0,0,1,0,차대차 - 측면충돌,안전운전불이행,젖음/습기,비,단일로 - 기타,승용,남,46세,상해없음,이륜,남,23세,경상
2018070400100424,2018년 7월 4일 17시,수요일,대구광역시 달서구 월성동,경상사고,0,0,1,0,차대사람 - 횡단중,보행자보호의무위반,건조,맑음,단일로 - 기타,기타불명,기타불명,미분류,기타불명,보행자,여,18세,경상
2018070400100425,2018년 7월 4일 17시,수요일,대구광역시 달성군 다사읍,경상사고,0,0,1,0,차대차 - 기타,안전운전불이행,건조,맑음,단일로 - 기타,승용,여,45세,상해없음,승용,남,38세,경상
2018070400100465,2018년 7월 4일 18시,수요일,대구광역시 북구 금호동,경상사고,0,0,1,0,차대차 - 측면충돌,안전거리미확보,건조,맑음,단일로 - 기타,화물,남,29세,상해없음,승용,여,55세,경상
2018070400100469,2018년 7월 4일 18시,수요일,대구광역시 동구 효목동,경상사고,0,0,1,0,차대사람 - 횡단중,신호위반,젖음/습기,비,단일로 - 기타,화물,남,60세,상해없음,보행자,여,44세,경상
2018070400100470,2018년 7월 4일 18시,수요일,대구광역시 달성군 다사읍,경상사고,0,0,1,0,차대차 - 측면충돌,안전운전불이행,젖음/습기,비,교차로 - 교차로부근,이륜,남,16세,경상,화물,남,57세,상해없음
2018070400100472,2018년 7월 4일 18시,수요일,대구광역시 중구 계산동2가,경상사고,0,0,1,0,차대사람 - 차도통행중,안전운전불이행,젖음/습기,비,단일로 - 기타,승용,여,35세,상해없음,보행자,여,20세,경상
2018070400100502,2018년 7월 4일 19시,수요일,대구광역시 동구 방촌동,중상사고,0,1,0,0,차대차 - 측면충돌,차로위반,젖음/습기,비,단일로 - 기타,승용,여,55세,상해없음,이륜,남,50세,중상
2018070400100503,2018년 7월 4일 19시,수요일,대구광역시 달서구 월암동,중상사고,0,1,0,0,차대차 - 기타,안전거리미확보,젖음/습기,비,단일로 - 기타,승용,여,55세,상해없음,이륜,남,45세,중상
2018070400100504,2018년 7월 4일 19시,수요일,대구광역시 달서구 본리동,경상사고,0,0,2,0,차대차 - 기타,안전운전불이행,젖음/습기,비,단일로 - 기타,화물,남,42세,상해없음,승용,남,45세,경상
2018070400100528,2018년 7월 4일 20시,수요일,대구광역시 수성구 지산동,경상사고,0,0,3,0,차대차 - 정면충돌,교차로운행방법위반,젖음/습기,비,교차로 - 교차로안,승용,여,24세,경상,승용,남,56세,경상
2018070400100529,2018년 7월 4일 20시,수요일,대구광역시 달성군 화원읍,경상사고,0,0,1,0,차대사람 - 기타,안전운전불이행,젖음/습기,비,단일로 - 기타,승용,남,30세,상해없음,보행자,남,56세,경상
2018070400100530,2018년 7월 4일 20시,수요일,대구광역시 달서구 신당동,중상사고,0,1,0,0,차대차 - 측면충돌,차로위반,건조,맑음,단일로 - 기타,승용,남,49세,상해없음,이륜,남,33세,중상
2018070400100558,2018년 7월 4일 21시,수요일,대구광역시 수성구 두산동,중상사고,0,1,3,0,차대차 - 측면충돌,신호위반,건조,맑음,교차로 - 교차로안,승용,남,52세,상해없음,승합,남,56세,경상
2018070400100559,2018년 7월 4일 21시,수요일,대구광역시 북구 침산동,경상사고,0,0,5,0,차대차 - 측면충돌,안전거리미확보,젖음/습기,비,단일로 - 기타,승용,남,52세,상해없음,승용,여,19세,경상
2018070400100560,2018년 7월 4일 21시,수요일,대구광역시 북구 산격동,경상사고,0,0,1,0,차대사람 - 횡단중,보행자보호의무위반,건조,맑음,교차로 - 교차로안,승용,남,43세,상해없음,보행자,여,32세,경상
2018070500100006,2018년 7월 5일 00시,목요일,대구광역시 중구 삼덕동3가,중상사고,0,4,1,0,차대차 - 추돌,과속,젖음/습기,비,단일로 - 지하차도(도로)내,승용,남,23세,상해없음,승용,남,53세,중상
2018070500100025,2018년 7월 5일 02시,목요일,대구광역시 수성구 만촌동,중상사고,0,2,1,0,차대차 - 기타,교차로운행방법위반,건조,맑음,교차로 - 교차로안,승용,남,52세,중상,승용,남,66세,중상
2018070500100092,2018년 7월 5일 07시,목요일,대구광역시 수성구 범어동,경상사고,0,0,2,0,차대차 - 측면충돌,불법유턴,젖음/습기,비,교차로 - 교차로부근,승용,여,30세,경상,승용,남,63세,경상
2018070500100119,2018년 7월 5일 08시,목요일,대구광역시 동구 용계동,경상사고,0,0,1,0,차대차 - 측면충돌,안전운전불이행,건조,맑음,단일로 - 기타,승용,남,27세,상해없음,승용,남,47세,경상
2018070500100120,2018년 7월 5일 08시,목요일,대구광역시 수성구 중동,중상사고,0,1,0,0,차대사람 - 기타,안전운전불이행,건조,맑음,단일로 - 기타,승용,여,41세,상해없음,보행자,남,8세,중상
2018070500100121,2018년 7월 5일 08시,목요일,대구광역시 달성군 유가읍,경상사고,0,0,1,0,차대차 - 기타,안전거리미확보,젖음/습기,비,단일로 - 터널,화물,남,38세,상해없음,화물,남,37세,경상
2018070500100149,2018년 7월 5일 09시,목요일,대구광역시 남구 봉덕동,경상사고,0,0,1,0,차대차 - 측면충돌,안전운전불이행,건조,맑음,기타 - 기타,승용,여,40세,경상,승용,남,47세,상해없음
2018070500100150,2018년 7월 5일 09시,목요일,대구광역시 수성구 지산동,경상사고,0,0,2,0,차대차 - 측면충돌,차로위반,건조,맑음,교차로 - 교차로안,승용,여,60세,상해없음,승용,여,48세,경상
2018070500100151,2018년 7월 5일 09시,목요일,대구광역시 수성구 수성동2가,중상사고,0,1,0,0,차대차 - 추돌,안전운전불이행,건조,맑음,단일로 - 기타,승용,여,49세,상해없음,승용,여,61세,중상
2018070500100188,2018년 7월 5일 10시,목요일,대구광역시 북구 노원동1가,경상사고,0,0,2,0,차대차 - 측면충돌,신호위반,건조,맑음,교차로 - 교차로안,승용,남,70세,상해없음,승용,여,37세,경상
2018070500100189,2018년 7월 5일 10시,목요일,대구광역시 서구 내당동,중상사고,0,1,0,0,차대차 - 추돌,안전운전불이행,젖음/습기,비,단일로 - 기타,승용,남,50세,상해없음,화물,남,59세,중상
2018070500100215,2018년 7월 5일 11시,목요일,대구광역시 동구 효목동,경상사고,0,0,1,0,차대차 - 측면충돌,안전운전불이행,젖음/습기,흐림,교차로 - 교차로안,승용,남,65세,상해없음,승용,남,55세,경상
2018070500100216,2018년 7월 5일 11시,목요일,대구광역시 달서구 송현동,중상사고,0,1,0,0,차대차 - 추돌,안전거리미확보,젖음/습기,비,단일로 - 기타,화물,남,29세,상해없음,승용,여,58세,중상
2018070500100217,2018년 7월 5일 11시,목요일,대구광역시 북구 동천동,중상사고,0,3,1,0,차대차 - 측면충돌,교차로운행방법위반,건조,맑음,교차로 - 교차로안,승용,여,61세,상해없음,승용,여,35세,중상
2018070500100249,2018년 7월 5일 12시,목요일,대구광역시 남구 대명동,중상사고,0,1,0,0,차대차 - 기타,교차로운행방법위반,젖음/습기,비,교차로 - 교차로안,승용,남,60세,상해없음,이륜,남,39세,중상
2018070500100250,2018년 7월 5일 12시,목요일,대구광역시 달서구 송현동,중상사고,0,1,0,0,차대사람 - 보도통행중,기타,건조,맑음,단일로 - 기타,승용,여,40세,상해없음,보행자,여,64세,중상
2018070500100277,2018년 7월 5일 13시,목요일,대구광역시 달서구 감삼동,경상사고,0,0,1,0,차대차 - 기타,신호위반,건조,맑음,교차로 - 교차로부근,승용,남,67세,상해없음,승용,여,56세,경상
2018070500100306,2018년 7월 5일 14시,목요일,대구광역시 북구 태전동,경상사고,0,0,1,0,차대사람 - 보도통행중,기타,젖음/습기,비,단일로 - 기타,화물,남,53세,상해없음,보행자,여,44세,경상
2018070500100378,2018년 7월 5일 16시,목요일,대구광역시 달서구 송현동,경상사고,0,0,1,0,차대사람 - 기타,안전운전불이행,건조,맑음,단일로 - 기타,승용,남,26세,상해없음,보행자,여,40세,경상
2018070500100379,2018년 7월 5일 16시,목요일,대구광역시 북구 노원동2가,경상사고,0,0,2,1,차대차 - 측면충돌,직진우회전진행방해,건조,흐림,교차로 - 교차로안,승용,여,38세,부상신고,승용,남,67세,경상
2018070500100422,2018년 7월 5일 17시,목요일,대구광역시 수성구 만촌동,경상사고,0,0,1,0,차대사람 - 기타,안전운전불이행,건조,맑음,교차로 - 교차로부근,승용,여,64세,상해없음,보행자,여,61세,경상
2018070500100423,2018년 7월 5일 17시,목요일,대구광역시 수성구 만촌동,경상사고,0,0,2,0,차대차 - 측면충돌,안전거리미확보,건조,맑음,단일로 - 기타,승용,남,51세,경상,승합,남,37세,경상
2018070500100424,2018년 7월 5일 17시,목요일,대구광역시 수성구 만촌동,경상사고,0,0,1,1,차대차 - 추돌,직진우회전진행방해,건조,맑음,교차로 - 교차로안,승합,남,50세,부상신고,승용,여,49세,경상
2018070500100425,2018년 7월 5일 17시,목요일,대구광역시 중구 대봉동,경상사고,0,0,1,0,차대차 - 추돌,안전운전불이행,건조,맑음,단일로 - 기타,승용,남,51세,상해없음,승용,남,31세,경상
2018070500100462,2018년 7월 5일 18시,목요일,대구광역시 달서구 두류동,중상사고,0,1,0,0,차대차 - 측면충돌,교차로운행방법위반,건조,맑음,교차로 - 교차로안,승용,남,63세,상해없음,이륜,남,78세,중상
2018070500100495,2018년 7월 5일 19시,목요일,대구광역시 서구 내당동,중상사고,0,1,0,0,차량단독 - 전도전복 - 전도,안전운전불이행,건조,맑음,교차로 - 교차로안,승합,남,65세,상해없음,미분류,미분류,미분류,미분류
2018070500100496,2018년 7월 5일 19시,목요일,대구광역시 달서구 용산동,경상사고,0,0,1,0,차대차 - 측면충돌,안전거리미확보,건조,맑음,단일로 - 기타,승용,남,57세,상해없음,이륜,남,22세,경상
2018070500100593,2018년 7월 5일 22시,목요일,대구광역시 수성구 지산동,중상사고,0,1,0,0,차대사람 - 횡단중,보행자보호의무위반,건조,맑음,교차로 - 교차로횡단보도내,승용,남,21세,상해없음,보행자,여,48세,중상
2018070500100594,2018년 7월 5일 22시,목요일,대구광역시 달서구 용산동,경상사고,0,0,1,0,차대차 - 측면충돌,안전운전불이행,젖음/습기,비,단일로 - 기타,승용,남,52세,상해없음,자전거,남,53세,경상
2018070500100595,2018년 7월 5일 22시,목요일,대구광역시 북구 구암동,경상사고,0,0,1,0,차대차 - 추돌,안전운전불이행,젖음/습기,비,단일로 - 기타,승합,남,22세,상해없음,승용,여,49세,경상
2018070500100620,2018년 7월 5일 23시,목요일,대구광역시 중구 서문로2가,중상사고,0,1,0,1,차대차 - 추돌,안전운전불이행,젖음/습기,비,교차로 - 교차로부근,승용,남,61세,부상신고,승용,남,28세,중상
2018070500100621,2018년 7월 5일 23시,목요일,대구광역시 중구 서성로1가,경상사고,0,0,2,0,차대차 - 추돌,안전운전불이행,건조,맑음,단일로 - 기타,승용,남,37세,상해없음,승용,여,58세,경상
2018070600100012,2018년 7월 6일 00시,금요일,대구광역시 달서구 본리동,경상사고,0,0,1,0,차대차 - 후진중충돌,안전운전불이행,건조,맑음,교차로 - 교차로부근,승용,남,32세,상해없음,승용,남,41세,경상
2018070600100045,2018년 7월 6일 03시,금요일,대구광역시 동구 봉무동,부상신고사고,0,0,0,1,차량단독 - 공작물충돌,안전운전불이행,젖음/습기,비,교차로 - 교차로부근,승용,여,42세,부상신고,,,,
2018070600100053,2018년 7월 6일 04시,금요일,대구광역시 북구 노원동2가,경상사고,0,0,1,0,차대차 - 측면충돌,차로위반,건조,맑음,교차로 - 교차로부근,승용,남,23세,상해없음,이륜,남,26세,경상
2018070600100083,2018년 7월 6일 07시,금요일,대구광역시 수성구 지산동,경상사고,0,0,1,1,차대차 - 측면충돌,직진우회전진행방해,건조,맑음,교차로 - 교차로안,승용,여,34세,부상신고,승용,남,56세,경상
2018070600100084,2018년 7월 6일 07시,금요일,대구광역시 수성구 지산동,중상사고,0,1,0,1,차대차 - 측면충돌,신호위반,건조,맑음,교차로 - 교차로안,승용,남,46세,상해없음,승용,여,57세,중상
2018070600100085,2018년 7월 6일 07시,금요일,대구광역시 달서구 월성동,경상사고,0,0,2,0,차대차 - 측면충돌,안전거리미확보,건조,맑음,단일로 - 기타,승용,남,38세,경상,승용,여,49세,경상
2018070600100122,2018년 7월 6일 08시,금요일,대구광역시 북구 산격동,중상사고,0,1,0,0,차대차 - 기타,안전운전불이행,젖음/습기,비,교차로 - 교차로안,이륜,여,64세,중상,화물,남,60세,상해없음
2018070600100123,2018년 7월 6일 08시,금요일,대구광역시 북구 매천동,중상사고,0,1,0,0,차량단독 - 기타,안전운전불이행,건조,맑음,단일로 - 기타,이륜,남,46세,중상,,,,
2018070600100141,2018년 7월 6일 09시,금요일,대구광역시 동구 신서동,중상사고,0,1,0,0,차대차 - 측면충돌,안전운전불이행,건조,맑음,교차로 - 교차로안,자전거,남,54세,중상,화물,남,46세,상해없음