사고번호,사고일시,요일,시군구,사고내용,사망자수,중상자수,경상자수,부상신고자수,사고유형,법규위반,노면상태,기상상태,도로형태,가해운전자 차종,가해운전자 성별,가해운전자 연령,가해운전자 상해정도,피해운전자 차종,피해운전자 성별,피해운전자 연령,피해운전자 상해정도
2018070600100204,2018년 7월 6일 11시,금요일,대구광역시 동구 신천동,중상사고,0,1,0,0,차대사람 - 횡단중,안전운전불이행,건조,맑음,교차로 - 교차로안,승용,남,30세,상해없음,보행자,여,80세,중상
2018070600100205,2018년 7월 6일 11시,금요일,대구광역시 서구 내당동,경상사고,0,0,1,0,차대차 - 측면충돌,안전거리미확보,건조,맑음,교차로 - 교차로부근,승용,여,66세,상해없음,승용,여,63세,경상
2018070600100234,2018년 7월 6일 12시,금요일,대구광역시 서구 비산동,중상사고,0,1,0,0,차대사람 - 기타,안전운전불이행,건조,맑음,단일로 - 기타,화물,남,33세,기타불명,보행자,여,44세,중상
2018070600100235,2018년 7월 6일 12시,금요일,대구광역시 서구 평리동,경상사고,0,0,3,0,차대차 - 측면충돌,안전운전불이행,건조,맑음,단일로 - 기타,승용,여,49세,경상,승용,남,58세,경상
2018070600100297,2018년 7월 6일 14시,금요일,대구광역시 수성구 만촌동,경상사고,0,0,1,0,차대차 - 기타,안전거리미확보,건조,맑음,교차로 - 교차로부근,화물,여,67세,상해없음,승합,남,48세,상해없음
2018070600100322,2018년 7월 6일 15시,금요일,대구광역시 달서구 진천동,경상사고,0,0,1,0,차대차 - 측면충돌,안전거리미확보,건조,맑음,단일로 - 기타,승용,남,40세,상해없음,승용,여,40세,경상
2018070600100323,2018년 7월 6일 15시,금요일,대구광역시 달성군 하빈면,중상사고,0,1,0,0,차대차 - 기타,안전거리미확보,젖음/습기,비,교차로 - 교차로안,승용,남,34세,상해없음,승용,여,49세,중상
2018070600100324,2018년 7월 6일 15시,금요일,대구광역시 달성군 논공읍,경상사고,0,0,1,0,차대차 - 측면충돌,안전운전불이행,건조,맑음,교차로 - 교차로부근,승용,남,70세,상해없음,승용,남,41세,경상
2018070600100325,2018년 7월 6일 15시,금요일,대구광역시 북구 칠성동2가,경상사고,0,0,2,0,차대차 - 기타,안전운전불이행,건조,맑음,단일로 - 기타,승용,기타불명,미분류,기타불명,승용,남,24세,경상
2018070600100326,2018년 7월 6일 15시,금요일,대구광역시 달서구 성당동,부상신고사고,0,0,0,1,차대사람 - 기타,안전운전불이행,젖음/습기,흐림,단일로 - 기타,화물,남,53세,상해없음,보행자,남,47세,부상신고
2018070600100327,2018년 7월 6일 15시,금요일,대구광역시 북구 태전동,경상사고,0,0,1,0,차대차 - 기타,안전거리미확보,젖음/습기,비,단일로 - 기타,승용,여,64세,상해없음,이륜,남,43세,경상
2018070600100369,2018년 7월 6일 16시,금요일,대구광역시 동구 부동,중상사고,0,1,0,1,차대차 - 정면충돌,안전운전불이행,건조,맑음,단일로 - 기타,승용,여,43세,부상신고,이륜,여,54세,중상
2018070600100370,2018년 7월 6일 16시,금요일,대구광역시 달서구 상인동,중상사고,0,1,0,0,차대사람 - 차도통행중,보행자보호의무위반,젖음/습기,흐림,단일로 - 기타,승용,여,44세,상해없음,보행자,남,9세,중상
2018070600100371,2018년 7월 6일 16시,금요일,대구광역시 북구 산격동,경상사고,0,0,1,0,차대차 - 측면충돌,안전운전불이행,건조,맑음,단일로 - 기타,승용,남,66세,상해없음,원동기,남,39세,경상
2018070600100372,2018년 7월 6일 16시,금요일,대구광역시 북구 읍내동,경상사고,0,0,1,0,차대차 - 기타,안전거리미확보,건조,맑음,단일로 - 기타,승합,여,59세,상해없음,이륜,남,24세,경상
2018070600100423,2018년 7월 6일 17시,금요일,대구광역시 수성구 범어동,중상사고,0,1,0,0,차대사람 - 보도통행중,기타,건조,맑음,기타 - 기타,승용,남,64세,상해없음,보행자,여,53세,중상
2018070600100466,2018년 7월 6일 18시,금요일,대구광역시 수성구 만촌동,중상사고,0,2,1,0,차대차 - 측면충돌,안전거리미확보,건조,맑음,단일로 - 기타,승용,남,34세,상해없음,승용,남,23세,중상
2018070600100467,2018년 7월 6일 18시,금요일,대구광역시 북구 칠성동2가,경상사고,0,0,1,0,차대차 - 기타,안전운전불이행,건조,맑음,단일로 - 기타,승용,여,42세,상해없음,이륜,남,26세,경상
2018070600100499,2018년 7월 6일 19시,금요일,대구광역시 달서구 파호동,경상사고,0,0,2,0,차대차 - 기타,안전운전불이행,건조,맑음,단일로 - 기타,이륜,남,21세,경상,승용,여,60세,상해없음
2018070600100554,2018년 7월 6일 21시,금요일,대구광역시 북구 대현동,경상사고,0,0,1,0,차대차 - 측면충돌,불법유턴,건조,맑음,기타 - 기타,승용,남,32세,상해없음,이륜,남,17세,경상
2018070600100555,2018년 7월 6일 21시,금요일,대구광역시 달서구 두류동,중상사고,0,1,0,0,차대사람 - 길가장자리구역통행중,안전운전불이행,건조,맑음,교차로 - 교차로부근,개인형이동수단(PM),남,25세,상해없음,보행자,여,57세,중상
2018070600100583,2018년 7월 6일 22시,금요일,대구광역시 동구 효목동,경상사고,0,0,1,0,차대차 - 기타,안전거리미확보,건조,맑음,단일로 - 터널,승용,남,33세,상해없음,원동기,남,25세,경상
2018070600100584,2018년 7월 6일 22시,금요일,대구광역시 중구 삼덕동2가,경상사고,0,0,1,0,차대차 - 측면충돌,안전거리미확보,건조,맑음,단일로 - 기타,승용,남,65세,상해없음,이륜,남,37세,경상
2018070600100604,2018년 7월 6일 23시,금요일,대구광역시 수성구 신매동,경상사고,0,0,1,0,차대차 - 측면충돌,중앙선침범,건조,맑음,교차로 - 교차로안,승용,여,54세,상해없음,화물,남,49세,경상
2018070600100605,2018년 7월 6일 23시,금요일,대구광역시 달성군 가창면,경상사고,0,0,1,0,차대차 - 기타,안전운전불이행,건조,맑음,단일로 - 기타,승용,남,90세 이상,상해없음,승합,남,64세,경상
2018070600100606,2018년 7월 6일 23시,금요일,대구광역시 북구 대현동,중상사고,0,1,0,0,차대차 - 측면충돌,안전거리미확보,건조,맑음,단일로 - 기타,승용,여,66세,상해없음,이륜,남,36세,중상
2018070700100015,2018년 7월 7일 00시,토요일,대구광역시 수성구 만촌동,중상사고,0,1,0,0,차대사람 - 횡단중,보행자보호의무위반,건조,맑음,교차로 - 교차로안,승용,남,48세,상해없음,보행자,남,52세,중상
2018070700100016,2018년 7월 7일 00시,토요일,대구광역시 달성군 다사읍,중상사고,0,1,1,0,차대사람 - 기타,안전운전불이행,건조,맑음,단일로 - 교량,원동기,여,16세,경상,보행자,남,34세,중상
2018070700100040,2018년 7월 7일 01시,토요일,대구광역시 동구 신서동,경상사고,0,0,1,0,차대차 - 기타,안전운전불이행,건조,맑음,교차로 - 교차로안,승용,여,50세,상해없음,원동기,여,29세,경상
2018070700100041,2018년 7월 7일 01시,토요일,대구광역시 달서구 유천동,경상사고,0,0,1,0,차대차 - 측면충돌,교차로운행방법위반,건조,맑음,교차로 - 교차로안,승용,여,46세,상해없음,승용,남,30세,경상
2018070700100042,2018년 7월 7일 01시,토요일,대구광역시 중구 봉산동,경상사고,0,0,3,0,차대차 - 추돌,안전운전불이행,건조,맑음,단일로 - 기타,승용,남,18세,상해없음,승용,남,57세,경상
2018070700100043,2018년 7월 7일 01시,토요일,대구광역시 달서구 감삼동,경상사고,0,0,1,0,차대차 - 추돌,안전운전불이행,건조,맑음,단일로 - 기타,승용,여,29세,상해없음,승합,남,55세,경상
2018070700100143,2018년 7월 7일 08시,토요일,대구광역시 달서구 죽전동,중상사고,0,1,0,0,차대차 - 측면충돌,신호위반,건조,맑음,교차로 - 교차로안,승용,남,44세,상해없음,이륜,남,77세,중상
2018070700100167,2018년 7월 7일 09시,토요일,대구광역시 중구 남산동,경상사고,0,0,2,0,차대차 - 측면충돌,차로위반,건조,맑음,단일로 - 기타,승용,여,36세,상해없음,승용,남,55세,경상
2018070700100168,2018년 7월 7일 09시,토요일,대구광역시 북구 구암동,경상사고,0,0,1,0,차대차 - 기타,중앙선침범,건조,맑음,기타 - 기타,승용,남,58세,상해없음,승용,남,22세,경상
2018070700100201,2018년 7월 7일 10시,토요일,대구광역시 동구 지저동,경상사고,0,0,3,0,차대차 - 추돌,안전운전불이행,건조,맑음,교차로 - 교차로부근,건설기계,남,68세,상해없음,승용,여,60세,경상
2018070700100202,2018년 7월 7일 10시,토요일,대구광역시 달서구 월성동,경상사고,0,0,1,0,차대차 - 측면충돌,신호위반,건조,맑음,교차로 - 교차로안,승용,여,72세,상해없음,승용,여,47세,경상
2018070700100203,2018년 7월 7일 10시,토요일,대구광역시 서구 비산동,중상사고,0,1,0,0,차대차 - 기타,안전운전불이행,건조,맑음,기타 - 기타,화물,남,37세,상해없음,자전거,여,64세,중상
2018070700100229,2018년 7월 7일 11시,토요일,대구광역시 서구 이현동,중상사고,0,1,3,0,차대차 - 추돌,안전운전불이행,건조,맑음,단일로 - 기타,승용,남,60세,상해없음,승용,여,26세,경상
2018070700100270,2018년 7월 7일 12시,토요일,대구광역시 동구 율하동,경상사고,0,0,1,1,차대차 - 측면충돌,직진우회전진행방해,건조,맑음,교차로 - 교차로안,승용,남,57세,부상신고,승용,여,51세,경상
2018070700100271,2018년 7월 7일 12시,토요일,대구광역시 달서구 상인동,중상사고,0,1,1,0,차대차 - 측면충돌,교차로운행방법위반,건조,맑음,교차로 - 교차로안,승용,남,38세,상해없음,이륜,남,25세,경상
2018070700100272,2018년 7월 7일 12시,토요일,대구광역시 달서구 본동,중상사고,0,1,0,0,차대차 - 측면충돌,안전운전불이행,건조,맑음,주차장 - 주차장,화물,남,62세,상해없음,이륜,남,78세,중상
2018070700100273,2018년 7월 7일 12시,토요일,대구광역시 북구 산격동,중상사고,0,1,0,0,차대차 - 기타,안전운전불이행,건조,맑음,교차로 - 교차로부근,승용,남,37세,상해없음,승용,남,48세,상해없음
2018070700100274,2018년 7월 7일 12시,토요일,대구광역시 중구 북성로2가,중상사고,0,1,0,0,차대차 - 측면충돌,안전운전불이행,건조,맑음,교차로 - 교차로부근,화물,남,36세,상해없음,이륜,남,81세,중상
2018070700100275,2018년 7월 7일 12시,토요일,대구광역시 중구 북성로1가,중상사고,0,2,0,0,차대차 - 측면충돌,안전운전불이행,건조,맑음,교차로 - 교차로안,승용,남,37세,상해없음,이륜,남,72세,중상
2018070700100276,2018년 7월 7일 12시,토요일,대구광역시 달서구 파호동,경상사고,0,0,1,0,차대차 - 추돌,안전운전불이행,건조,맑음,교차로 - 교차로부근,화물,남,56세,상해없음,화물,남,40세,경상
2018070700100307,2018년 7월 7일 13시,토요일,대구광역시 동구 용계동,중상사고,0,1,0,0,차대차 - 측면충돌,신호위반,건조,맑음,단일로 - 기타,승합,남,52세,상해없음,자전거,남,79세,중상
2018070700100308,2018년 7월 7일 13시,토요일,대구광역시 달서구 진천동,부상신고사고,0,0,0,1,차대차 - 추돌,안전거리미확보,건조,맑음,교차로 - 교차로부근,승용,남,24세,상해없음,승용,남,45세,상해없음
2018070700100309,2018년 7월 7일 13시,토요일,대구광역시 서구 중리동,경상사고,0,0,1,0,차대차 - 측면충돌,교차로운행방법위반,건조,맑음,교차로 - 교차로안,승용,남,51세,기타불명,승용,남,43세,경상
2018070700100378,2018년 7월 7일 15시,토요일,대구광역시 남구 대명동,경상사고,0,0,1,0,차대차 - 측면충돌,안전운전불이행,건조,맑음,교차로 - 교차로안,승용,남,69세,상해없음,이륜,여,22세,경상
2018070700100379,2018년 7월 7일 15시,토요일,대구광역시 달서구 월암동,중상사고,0,1,0,0,차대차 - 측면충돌,직진우회전진행방해,건조,맑음,교차로 - 교차로안,승용,여,46세,중상,화물,남,58세,상해없음
2018070700100380,2018년 7월 7일 15시,토요일,대구광역시 중구 봉산동,경상사고,0,0,1,0,차대사람 - 기타,안전운전불이행,건조,맑음,단일로 - 기타,승용,여,29세,상해없음,보행자,여,19세,경상
2018070700100382,2018년 7월 7일 15시,토요일,대구광역시 달서구 이곡동,경상사고,0,0,3,0,차대차 - 기타,안전운전불이행,건조,맑음,교차로 - 교차로안,이륜,남,20세,경상,승용,여,50세,경상
2018070700100450,2018년 7월 7일 17시,토요일,대구광역시 수성구 중동,경상사고,0,0,2,0,차대차 - 측면충돌,교차로운행방법위반,건조,맑음,교차로 - 교차로안,승용,여,36세,상해없음,승용,여,41세,경상
2018070700100451,2018년 7월 7일 17시,토요일,대구광역시 달성군 다사읍,경상사고,0,0,1,0,차대차 - 기타,교차로운행방법위반,건조,맑음,교차로 - 교차로안,승용,남,67세,상해없음,승용,남,61세,경상
2018070700100452,2018년 7월 7일 17시,토요일,대구광역시 서구 평리동,경상사고,0,0,3,0,차대차 - 측면충돌,교차로운행방법위반,건조,맑음,교차로 - 교차로안,승용,남,36세,경상,이륜,남,19세,경상
2018070700100453,2018년 7월 7일 17시,토요일,대구광역시 달서구 이곡동,경상사고,0,0,1,0,차대차 - 측면충돌,안전운전불이행,건조,맑음,기타 - 기타,승용,남,63세,상해없음,이륜,남,19세,경상
2018070700100454,2018년 7월 7일 17시,토요일,대구광역시 달서구 장기동,경상사고,0,0,1,0,차대차 - 측면충돌,안전운전불이행,건조,맑음,주차장 - 주차장,승용,여,34세,기타불명,승용,여,47세,경상
2018070700100493,2018년 7월 7일 18시,토요일,대구광역시 동구 신암동,경상사고,0,0,1,0,차량단독 - 기타,안전운전불이행,건조,맑음,단일로 - 기타,승용,남,63세,상해없음,,,,
2018070700100494,2018년 7월 7일 18시,토요일,대구광역시 수성구 지산동,경상사고,0,0,5,2,차대차 - 측면충돌,안전거리미확보,건조,맑음,단일로 - 기타,승용,남,60세,부상신고,승용,남,32세,경상
2018070700100495,2018년 7월 7일 18시,토요일,대구광역시 달서구 감삼동,경상사고,0,0,1,0,차대차 - 기타,신호위반,건조,맑음,교차로 - 교차로횡단보도내,승용,남,32세,상해없음,이륜,남,27세,경상
2018070700100496,2018년 7월 7일 18시,토요일,대구광역시 북구 칠성동2가,경상사고,0,0,1,0,차대차 - 측면충돌,안전거리미확보,건조,맑음,교차로 - 교차로부근,승용,여,33세,상해없음,이륜,남,17세,경상
2018070700100539,2018년 7월 7일 19시,토요일,대구광역시 동구 각산동,중상사고,0,1,0,0,차대차 - 측면충돌,교차로운행방법위반,건조,맑음,교차로 - 교차로안,원동기,남,82세,중상,승용,남,36세,상해없음
2018070700100540,2018년 7월 7일 19시,토요일,대구광역시 수성구 삼덕동,경상사고,0,0,3,0,차대차 - 추돌,안전운전불이행,건조,맑음,단일로 - 기타,승용,남,59세,상해없음,승용,남,28세,경상
2018070700100541,2018년 7월 7일 19시,토요일,대구광역시 달서구 두류동,경상사고,0,0,1,0,차대사람 - 보도통행중,기타,건조,맑음,단일로 - 기타,자전거,남,36세,상해없음,보행자,남,73세,경상
2018070700100542,2018년 7월 7일 19시,토요일,대구광역시 달서구 신당동,경상사고,0,0,1,1,차대차 - 기타,직진우회전진행방해,건조,흐림,교차로 - 교차로안,승용,남,28세,상해없음,이륜,여,37세,경상
2018070700100566,2018년 7월 7일 20시,토요일,대구광역시 북구 학정동,중상사고,0,1,0,0,차대차 - 측면충돌,안전운전불이행,건조,맑음,단일로 - 기타,승용,남,64세,중상,화물,남,57세,기타불명
2018070700100593,2018년 7월 7일 21시,토요일,대구광역시 달서구 진천동,경상사고,0,0,1,0,차대사람 - 횡단중,안전운전불이행,건조,흐림,단일로 - 기타,승용,여,54세,상해없음,보행자,여,67세,경상
2018070700100594,2018년 7월 7일 21시,토요일,대구광역시 중구 동인동3가,경상사고,0,0,2,0,차대차 - 기타,불법유턴,건조,맑음,단일로 - 기타,승용,남,63세,상해없음,승용,남,37세,경상
2018070700100595,2018년 7월 7일 21시,토요일,대구광역시 달서구 신당동,중상사고,0,2,0,0,차대사람 - 횡단중,신호위반,건조,맑음,교차로 - 교차로부근,이륜,남,21세,상해없음,보행자,여,40세,중상
2018070700100618,2018년 7월 7일 22시,토요일,대구광역시 남구 대명동,경상사고,0,0,4,0,차대차 - 측면충돌,안전거리미확보,건조,맑음,단일로 - 기타,승용,남,24세,경상,승용,남,58세,경상
2018070700100643,2018년 7월 7일 23시,토요일,대구광역시 남구 대명동,경상사고,0,0,1,1,차대차 - 측면충돌,안전운전불이행,건조,맑음,교차로 - 교차로부근,이륜,남,17세,부상신고,화물,남,35세,상해없음
2018070800100013,2018년 7월 8일 00시,일요일,대구광역시 북구 대현동,부상신고사고,0,0,0,1,차량단독 - 공작물충돌,안전운전불이행,건조,맑음,단일로 - 기타,승용,남,27세,부상신고,,,,
2018070800100030,2018년 7월 8일 01시,일요일,대구광역시 동구 사복동,경상사고,0,0,1,0,차대차 - 측면충돌,신호위반,건조,맑음,교차로 - 교차로안,승용,남,20세,상해없음,승용,남,25세,경상
2018070800100031,2018년 7월 8일 01시,일요일,대구광역시 수성구 두산동,중상사고,0,1,0,0,차대차 - 추돌,안전운전불이행,건조,맑음,교차로 - 교차로부근,승용,여,29세,상해없음,승용,여,52세,중상
2018070800100046,2018년 7월 8일 04시,일요일,대구광역시 남구 대명동,경상사고,0,0,2,0,차대차 - 측면충돌,안전거리미확보,건조,흐림,단일로 - 기타,승용,남,28세,상해없음,승용,남,57세,경상
2018070800100183,2018년 7월 8일 13시,일요일,대구광역시 수성구 삼덕동,중상사고,0,2,0,0,차량단독 - 공작물충돌,안전운전불이행,건조,흐림,단일로 - 기타,승용,남,54세,중상,,,,
2018070800100213,2018년 7월 8일 14시,일요일,대구광역시 수성구 욱수동,중상사고,0,1,0,0,차대차 - 측면충돌,차로위반,건조,맑음,단일로 - 기타,화물,남,52세,상해없음,승용,남,31세,중상
2018070800100241,2018년 7월 8일 15시,일요일,대구광역시 달서구 두류동,경상사고,0,0,1,0,차대차 - 측면충돌,안전운전불이행,건조,맑음,단일로 - 기타,승용,남,62세,상해없음,이륜,남,19세,경상
2018070800100242,2018년 7월 8일 15시,일요일,대구광역시 달서구 이곡동,중상사고,0,1,0,0,차대차 - 측면충돌,안전운전불이행,건조,맑음,단일로 - 기타,승용,여,56세,상해없음,화물,남,47세,상해없음
2018070800100313,2018년 7월 8일 17시,일요일,대구광역시 달서구 장기동,중상사고,0,1,2,0,차대차 - 추돌,안전거리미확보,건조,맑음,단일로 - 기타,승용,남,40세,상해없음,이륜,남,71세,중상
2018070800100350,2018년 7월 8일 18시,일요일,대구광역시 남구 이천동,경상사고,0,0,2,0,차대차 - 측면충돌,안전거리미확보,건조,흐림,교차로 - 교차로부근,승용,남,48세,상해없음,승용,남,27세,경상
2018070800100351,2018년 7월 8일 18시,일요일,대구광역시 달성군 다사읍,경상사고,0,0,1,0,차대차 - 기타,안전운전불이행,건조,맑음,교차로 - 교차로안,승용,남,67세,상해없음,이륜,남,36세,경상
2018070800100352,2018년 7월 8일 18시,일요일,대구광역시 중구 삼덕동1가,부상신고사고,0,0,0,1,차대사람 - 기타,안전운전불이행,건조,맑음,단일로 - 기타,승용,남,61세,상해없음,보행자,여,17세,부상신고
2018070800100353,2018년 7월 8일 18시,일요일,대구광역시 달서구 성당동,경상사고,0,0,2,0,차대차 - 추돌,안전운전불이행,건조,맑음,단일로 - 기타,화물,남,60세,상해없음,승용,남,40세,경상
2018070800100354,2018년 7월 8일 18시,일요일,대구광역시 북구 팔달동,중상사고,0,1,0,0,차대차 - 기타,차로위반,건조,맑음,기타 - 기타,승용,여,56세,상해없음,원동기,남,71세,중상
2018070800100376,2018년 7월 8일 19시,일요일,대구광역시 남구 이천동,중상사고,0,1,0,0,차대차 - 측면충돌,불법유턴,건조,맑음,교차로 - 교차로횡단보도내,자전거,남,86세,중상,승용,여,24세,상해없음
2018070800100377,2018년 7월 8일 19시,일요일,대구광역시 북구 칠성동2가,경상사고,0,0,1,0,차대차 - 측면충돌,교차로운행방법위반,건조,맑음,교차로 - 교차로부근,승용,여,53세,상해없음,원동기,남,20세,경상
2018070800100378,2018년 7월 8일 19시,일요일,대구광역시 북구 동천동,중상사고,0,1,0,0,차대차 - 기타,안전운전불이행,젖음/습기,비,교차로 - 교차로부근,승용,여,44세,상해없음,이륜,남,58세,중상
2018070800100399,2018년 7월 8일 20시,일요일,대구광역시 북구 구암동,경상사고,0,0,1,0,차대차 - 측면충돌,안전운전불이행,건조,맑음,단일로 - 기타,이륜,남,16세,경상,화물,남,50세,상해없음
2018070800100439,2018년 7월 8일 22시,일요일,대구광역시 서구 중리동,경상사고,0,0,1,0,차대차 - 정면충돌,안전운전불이행,건조,맑음,단일로 - 기타,승용,남,27세,상해없음,승용,남,54세,상해없음
2018070800100440,2018년 7월 8일 22시,일요일,대구광역시 중구 봉산동,경상사고,0,0,1,0,차대차 - 기타,안전운전불이행,건조,맑음,단일로 - 기타,기타불명,기타불명,미분류,기타불명,승용,남,40세,경상
2018070900100011,2018년 7월 9일 00시,월요일,대구광역시 수성구 범어동,중상사고,0,1,0,0,차대사람 - 기타,안전운전불이행,건조,맑음,단일로 - 기타,승용,남,59세,상해없음,보행자,남,51세,중상
2018070900100012,2018년 7월 9일 00시,월요일,대구광역시 북구 구암동,중상사고,0,2,2,0,차대차 - 기타,신호위반,건조,맑음,교차로 - 교차로안,승용,여,49세,경상,승용,남,19세,경상
2018070900100126,2018년 7월 9일 09시,월요일,대구광역시 달서구 송현동,경상사고,0,0,1,0,차대차 - 후진중충돌,안전운전불이행,젖음/습기,흐림,단일로 - 기타,승용,남,49세,상해없음,이륜,남,24세,경상
2018070900100144,2018년 7월 9일 10시,월요일,대구광역시 수성구 황금동,경상사고,0,0,1,0,차대차 - 측면충돌,신호위반,젖음/습기,비,교차로 - 교차로안,승용,여,62세,상해없음,승용,여,55세,경상
2018070900100145,2018년 7월 9일 10시,월요일,대구광역시 수성구 황금동,중상사고,0,1,0,0,차대사람 - 횡단중,보행자보호의무위반,젖음/습기,비,교차로 - 교차로횡단보도내,승용,여,39세,상해없음,보행자,여,70세,중상
2018070900100173,2018년 7월 9일 11시,월요일,대구광역시 수성구 황금동,경상사고,0,0,1,0,차대사람 - 횡단중,보행자보호의무위반,건조,맑음,교차로 - 교차로횡단보도내,승용,여,75세,상해없음,보행자,남,61세,경상
2018070900100197,2018년 7월 9일 12시,월요일,대구광역시 동구 율하동,중상사고,0,1,0,0,차대사람 - 횡단중,기타,건조,맑음,기타 - 기타,화물,남,79세,상해없음,보행자,여,7세,중상
2018070900100198,2018년 7월 9일 12시,월요일,대구광역시 중구 남성로,중상사고,0,1,0,0,차대사람 - 길가장자리구역통행중,안전운전불이행,건조,맑음,교차로 - 교차로안,화물,남,38세,상해없음,보행자,남,80세,중상
2018070900100224,2018년 7월 9일 13시,월요일,대구광역시 남구 대명동,중상사고,0,1,3,0,차대차 - 측면충돌,안전운전불이행,건조,맑음,단일로 - 기타,승용,남,43세,상해없음,승용,남,63세,경상
2018070900100225,2018년 7월 9일 13시,월요일,대구광역시 동구 용계동,경상사고,0,0,3,1,차대차 - 측면충돌,안전거리미확보,건조,맑음,교차로 - 교차로안,승용,남,69세,부상신고,승용,남,32세,경상
2018070900100226,2018년 7월 9일 13시,월요일,대구광역시 달서구 본동,경상사고,0,0,1,0,차대차 - 기타,안전거리미확보,젖음/습기,비,단일로 - 기타,화물,남,54세,상해없음,이륜,남,45세,경상
2018070900100227,2018년 7월 9일 13시,월요일,대구광역시 달성군 구지면,경상사고,0,0,2,0,차대차 - 측면충돌,신호위반,건조,맑음,교차로 - 교차로안,승용,여,27세,경상,화물,남,59세,경상
2018070900100228,2018년 7월 9일 13시,월요일,대구광역시 북구 매천동,경상사고,0,0,1,0,차대차 - 기타,안전운전불이행,젖음/습기,비,교차로 - 교차로안,화물,남,52세,상해없음,승용,여,56세,경상
2018070900100280,2018년 7월 9일 15시,월요일,대구광역시 수성구 신매동,경상사고,0,0,1,0,차대차 - 측면충돌,안전운전불이행,젖음/습기,비,단일로 - 기타,승용,여,59세,상해없음,이륜,남,19세,경상
2018070900100314,2018년 7월 9일 16시,월요일,대구광역시 동구 효목동,중상사고,0,1,0,0,차대사람 - 횡단중,신호위반,젖음/습기,맑음,단일로 - 기타,승용,남,19세,상해없음,보행자,남,13세,중상
2018070900100350,2018년 7월 9일 17시,월요일,대구광역시 달서구 송현동,경상사고,0,0,2,0,차대차 - 측면충돌,차로위반,건조,맑음,교차로 - 교차로부근,승용,남,57세,경상,승용,여,60세,경상
2018070900100351,2018년 7월 9일 17시,월요일,대구광역시 달서구 신당동,경상사고,0,0,1,0,차대차 - 측면충돌,신호위반,젖음/습기,비,교차로 - 교차로안,승용,남,72세,상해없음,이륜,남,28세,경상
2018070900100352,2018년 7월 9일 17시,월요일,대구광역시 달서구 이곡동,경상사고,0,0,2,0,차대차 - 추돌,안전거리미확보,젖음/습기,흐림,단일로 - 기타,화물,남,50세,상해없음,이륜,남,22세,경상
2018070900100353,2018년 7월 9일 17시,월요일,대구광역시 달서구 두류동,중상사고,0,1,0,0,차대사람 - 기타,기타,젖음/습기,비,단일로 - 기타,승용,남,63세,상해없음,보행자,여,28세,중상
2018070900100393,2018년 7월 9일 18시,월요일,대구광역시 수성구 범어동,경상사고,0,0,1,0,차대차 - 측면충돌,안전거리미확보,젖음/습기,맑음,교차로 - 교차로부근,이륜,남,33세,경상,승용,남,70세,상해없음
2018070900100394,2018년 7월 9일 18시,월요일,대구광역시 수성구 범어동,경상사고,0,0,1,0,차대사람 - 길가장자리구역통행중,안전운전불이행,젖음/습기,맑음,단일로 - 기타,승용,여,47세,상해없음,보행자,여,47세,경상
2018070900100395,2018년 7월 9일 18시,월요일,대구광역시 달서구 도원동,중상사고,0,1,0,0,차대사람 - 차도통행중,안전운전불이행,젖음/습기,비,교차로 - 교차로부근,승용,여,56세,상해없음,보행자,여,62세,중상
2018070900100396,2018년 7월 9일 18시,월요일,대구광역시 북구 칠성동1가,중상사고,0,1,1,0,차대차 - 측면충돌,안전운전불이행,젖음/습기,맑음,교차로 - 교차로안,승용,남,24세,상해없음,이륜,남,50세,중상
2018070900100397,2018년 7월 9일 18시,월요일,대구광역시 서구 중리동,경상사고,0,0,2,0,차대차 - 추돌,안전거리미확보,젖음/습기,비,단일로 - 기타,승용,남,59세,경상,화물,남,59세,상해없음
2018070900100398,2018년 7월 9일 18시,월요일,대구광역시 중구 남일동,부상신고사고,0,0,0,1,차대차 - 측면충돌,신호위반,건조,맑음,교차로 - 교차로안,이륜,남,43세,부상신고,승합,남,55세,상해없음
2018070900100399,2018년 7월 9일 18시,월요일,대구광역시 달서구 감삼동,경상사고,0,0,1,0,차대사람 - 기타,안전운전불이행,젖음/습기,비,단일로 - 기타,승용,남,48세,상해없음,보행자,여,34세,경상
2018070900100458,2018년 7월 9일 20시,월요일,대구광역시 수성구 중동,경상사고,0,0,1,0,차대차 - 측면충돌,중앙선침범,젖음/습기,비,교차로 - 교차로부근,승용,남,56세,상해없음,승용,남,49세,경상
2018070900100459,2018년 7월 9일 20시,월요일,대구광역시 달성군 현풍읍,중상사고,0,1,0,0,차대사람 - 횡단중,보행자보호의무위반,젖음/습기,비,교차로 - 교차로안,승합,남,60세,상해없음,보행자,남,61세,중상
2018070900100492,2018년 7월 9일 21시,월요일,대구광역시 달성군 옥포읍,중상사고,0,1,0,0,차대사람 - 차도통행중,안전운전불이행,젖음/습기,맑음,단일로 - 기타,승용,남,47세,상해없음,보행자,여,67세,중상
2018070900100493,2018년 7월 9일 21시,월요일,대구광역시 북구 산격동,중상사고,0,1,0,0,차대사람 - 횡단중,안전운전불이행,건조,맑음,단일로 - 기타,승용,여,64세,상해없음,보행자,남,59세,중상
2018071000100031,2018년 7월 10일 01시,화요일,대구광역시 서구 비산동,경상사고,0,0,1,1,차량단독 - 기타,안전운전불이행,건조,맑음,교차로 - 교차로부근,승용,남,26세,부상신고,,,,
2018071000100042,2018년 7월 10일 02시,화요일,대구광역시 북구 태전동,경상사고,0,0,3,1,차대차 - 측면충돌,안전거리미확보,건조,흐림,교차로 - 교차로부근,이륜,남,16세,경상,이륜,남,17세,부상신고
2018071000100043,2018년 7월 10일 02시,화요일,대구광역시 북구 구암동,중상사고,0,1,0,0,차량단독 - 기타,안전운전불이행,건조,맑음,단일로 - 기타,승용,여,58세,상해없음,,,,