사고번호,사고일시,요일,시군구,사고내용,사망자수,중상자수,경상자수,부상신고자수,사고유형,법규위반,노면상태,기상상태,도로형태,가해운전자 차종,가해운전자 성별,가해운전자 연령,가해운전자 상해정도,피해운전자 차종,피해운전자 성별,피해운전자 연령,피해운전자 상해정도
2018071000100054,2018년 7월 10일 04시,화요일,대구광역시 수성구 두산동,경상사고,0,0,1,1,차대사람 - 기타,안전운전불이행,건조,맑음,단일로 - 기타,이륜,남,33세,부상신고,보행자,남,18세,경상
2018071000100100,2018년 7월 10일 07시,화요일,대구광역시 달성군 다사읍,경상사고,0,0,1,0,차대차 - 기타,안전운전불이행,건조,맑음,단일로 - 기타,승용,남,65세,상해없음,승용,남,51세,경상
2018071000100131,2018년 7월 10일 08시,화요일,대구광역시 수성구 지산동,경상사고,0,0,4,0,차대차 - 추돌,안전운전불이행,건조,맑음,단일로 - 기타,승용,여,50세,상해없음,승용,남,63세,경상
2018071000100132,2018년 7월 10일 08시,화요일,대구광역시 달서구 성당동,경상사고,0,0,1,0,차대차 - 측면충돌,안전운전불이행,건조,맑음,단일로 - 기타,승용,남,53세,기타불명,자전거,여,27세,경상
2018071000100148,2018년 7월 10일 09시,화요일,대구광역시 동구 신암동,경상사고,0,0,1,0,차대차 - 기타,안전운전불이행,건조,맑음,단일로 - 기타,승용,남,53세,상해없음,승용,여,64세,경상
2018071000100177,2018년 7월 10일 10시,화요일,대구광역시 남구 대명동,경상사고,0,0,1,0,차대차 - 추돌,안전거리미확보,건조,맑음,교차로 - 교차로부근,승용,여,56세,상해없음,승용,남,61세,경상
2018071000100178,2018년 7월 10일 10시,화요일,대구광역시 수성구 신매동,부상신고사고,0,0,0,1,차대차 - 측면충돌,안전운전불이행,건조,맑음,단일로 - 기타,승용,남,39세,상해없음,승용,남,35세,상해없음
2018071000100179,2018년 7월 10일 10시,화요일,대구광역시 달서구 상인동,경상사고,0,0,1,0,차대차 - 측면충돌,안전거리미확보,건조,맑음,단일로 - 기타,승용,남,71세,상해없음,승용,여,53세,경상
2018071000100180,2018년 7월 10일 10시,화요일,대구광역시 달성군 논공읍,경상사고,0,0,3,0,차대차 - 정면충돌,안전운전불이행,건조,맑음,교차로 - 교차로안,화물,남,42세,경상,화물,남,75세,경상
2018071000100181,2018년 7월 10일 10시,화요일,대구광역시 중구 대봉동,경상사고,0,0,1,1,차대차 - 추돌,안전운전불이행,건조,맑음,단일로 - 기타,승용,남,70세,부상신고,승용,남,65세,경상
2018071000100212,2018년 7월 10일 11시,화요일,대구광역시 수성구 만촌동,경상사고,0,0,1,0,차대사람 - 횡단중,신호위반,건조,맑음,교차로 - 교차로횡단보도내,화물,남,62세,상해없음,보행자,남,79세,경상
2018071000100229,2018년 7월 10일 12시,화요일,대구광역시 동구 서호동,중상사고,0,1,0,0,차대차 - 측면충돌,교차로운행방법위반,건조,맑음,교차로 - 교차로안,승용,남,36세,상해없음,승용,여,30세,중상
2018071000100230,2018년 7월 10일 12시,화요일,대구광역시 중구 봉산동,경상사고,0,0,2,1,차대차 - 측면충돌,안전거리미확보,건조,맑음,단일로 - 기타,승용,여,50세,부상신고,승용,여,35세,경상
2018071000100258,2018년 7월 10일 13시,화요일,대구광역시 남구 대명동,중상사고,0,1,0,0,차대차 - 측면충돌,안전운전불이행,건조,맑음,단일로 - 기타,화물,남,41세,상해없음,승용,여,43세,중상
2018071000100259,2018년 7월 10일 13시,화요일,대구광역시 동구 지저동,경상사고,0,0,1,0,차대차 - 측면충돌,안전운전불이행,건조,맑음,단일로 - 기타,이륜,남,63세,경상,승용,여,52세,기타불명
2018071000100260,2018년 7월 10일 13시,화요일,대구광역시 수성구 상동,중상사고,0,1,0,0,차대차 - 측면충돌,안전운전불이행,건조,맑음,교차로 - 교차로안,승용,남,56세,상해없음,자전거,남,76세,중상
2018071000100261,2018년 7월 10일 13시,화요일,대구광역시 달성군 화원읍,중상사고,0,1,0,0,차대차 - 기타,안전운전불이행,건조,맑음,교차로 - 교차로부근,이륜,남,23세,중상,승용,남,54세,상해없음
2018071000100262,2018년 7월 10일 13시,화요일,대구광역시 북구 읍내동,경상사고,0,0,1,0,차대차 - 추돌,안전운전불이행,건조,맑음,기타 - 기타,승합,남,39세,상해없음,자전거,여,53세,경상
2018071000100297,2018년 7월 10일 14시,화요일,대구광역시 수성구 황금동,중상사고,0,1,0,0,차대사람 - 길가장자리구역통행중,안전운전불이행,건조,맑음,교차로 - 교차로부근,승용,남,48세,상해없음,보행자,여,81세,중상
2018071000100298,2018년 7월 10일 14시,화요일,대구광역시 달성군 다사읍,경상사고,0,0,1,0,차대차 - 기타,안전운전불이행,건조,맑음,단일로 - 기타,자전거,남,82세,경상,승용,여,42세,상해없음
2018071000100299,2018년 7월 10일 14시,화요일,대구광역시 서구 비산동,부상신고사고,0,0,0,1,차대차 - 측면충돌,안전거리미확보,건조,맑음,교차로 - 교차로부근,이륜,남,55세,부상신고,승용,남,63세,상해없음
2018071000100335,2018년 7월 10일 15시,화요일,대구광역시 북구 침산동,부상신고사고,0,0,0,1,차대차 - 측면충돌,신호위반,건조,맑음,교차로 - 교차로안,원동기,남,70세,부상신고,화물,남,43세,상해없음
2018071000100336,2018년 7월 10일 15시,화요일,대구광역시 달서구 본리동,경상사고,0,0,1,0,차대차 - 기타,안전운전불이행,건조,맑음,교차로 - 교차로안,승용,여,34세,상해없음,자전거,남,66세,경상
2018071000100337,2018년 7월 10일 15시,화요일,대구광역시 북구 관음동,부상신고사고,0,0,0,1,차대차 - 측면충돌,교차로운행방법위반,건조,맑음,교차로 - 교차로안,승합,남,70세,상해없음,자전거,남,74세,부상신고
2018071000100367,2018년 7월 10일 16시,화요일,대구광역시 북구 동천동,경상사고,0,0,2,1,차대차 - 정면충돌,안전운전불이행,건조,맑음,단일로 - 기타,승용,남,57세,상해없음,승용,여,45세,부상신고
2018071000100407,2018년 7월 10일 17시,화요일,대구광역시 북구 산격동,중상사고,0,1,0,0,차대차 - 측면충돌,교차로운행방법위반,건조,맑음,교차로 - 교차로부근,화물,남,47세,기타불명,승용,여,40세,중상
2018071000100440,2018년 7월 10일 18시,화요일,대구광역시 동구 효목동,중상사고,0,2,0,0,차대차 - 측면충돌,안전거리미확보,건조,맑음,단일로 - 기타,승용,남,62세,상해없음,이륜,남,22세,중상
2018071000100441,2018년 7월 10일 18시,화요일,대구광역시 수성구 매호동,경상사고,0,0,1,0,차대차 - 측면충돌,교차로운행방법위반,건조,맑음,교차로 - 교차로안,승용,여,50세,상해없음,자전거,여,75세,경상
2018071000100442,2018년 7월 10일 18시,화요일,대구광역시 달성군 다사읍,경상사고,0,0,2,0,차대차 - 추돌,안전운전불이행,건조,맑음,단일로 - 기타,승용,남,26세,상해없음,승용,남,36세,경상
2018071000100443,2018년 7월 10일 18시,화요일,대구광역시 북구 침산동,경상사고,0,0,1,0,차대차 - 측면충돌,신호위반,건조,맑음,교차로 - 교차로안,승용,여,50세,상해없음,승용,여,42세,경상
2018071000100444,2018년 7월 10일 18시,화요일,대구광역시 중구 동인동3가,경상사고,0,0,2,0,차대차 - 추돌,안전거리미확보,건조,맑음,단일로 - 기타,특수,남,44세,상해없음,승용,남,56세,경상
2018071000100446,2018년 7월 10일 18시,화요일,대구광역시 달서구 신당동,경상사고,0,0,3,0,차대차 - 추돌,안전운전불이행,건조,맑음,교차로 - 교차로부근,화물,남,50세,상해없음,승용,남,20세,경상
2018071000100484,2018년 7월 10일 19시,화요일,대구광역시 달성군 옥포읍,중상사고,0,1,0,0,차대사람 - 기타,안전운전불이행,건조,맑음,교차로 - 교차로안,승용,여,70세,상해없음,보행자,여,69세,중상
2018071000100485,2018년 7월 10일 19시,화요일,대구광역시 서구 내당동,경상사고,0,0,2,0,차대차 - 측면충돌,교차로운행방법위반,건조,맑음,교차로 - 교차로안,이륜,남,21세,경상,승용,여,38세,경상
2018071000100503,2018년 7월 10일 20시,화요일,대구광역시 동구 신기동,경상사고,0,0,1,0,차대차 - 측면충돌,교차로운행방법위반,건조,맑음,교차로 - 교차로안,승용,여,58세,상해없음,승용,남,64세,상해없음
2018071000100504,2018년 7월 10일 20시,화요일,대구광역시 동구 율하동,경상사고,0,0,3,0,차대차 - 추돌,안전운전불이행,젖음/습기,비,단일로 - 기타,승용,여,41세,상해없음,승용,남,27세,경상
2018071000100505,2018년 7월 10일 20시,화요일,대구광역시 수성구 욱수동,경상사고,0,0,1,0,차대차 - 추돌,안전운전불이행,건조,맑음,단일로 - 기타,승용,남,40세,상해없음,승용,남,75세,경상
2018071000100506,2018년 7월 10일 20시,화요일,대구광역시 달성군 다사읍,경상사고,0,0,2,0,차대차 - 기타,안전거리미확보,건조,맑음,교차로 - 교차로안,승용,남,43세,상해없음,이륜,남,18세,경상
2018071000100507,2018년 7월 10일 20시,화요일,대구광역시 북구 검단동,부상신고사고,0,0,0,1,차대차 - 측면충돌,불법유턴,건조,맑음,교차로 - 교차로횡단보도내,자전거,여,63세,부상신고,승용,남,67세,상해없음
2018071000100508,2018년 7월 10일 20시,화요일,대구광역시 달서구 이곡동,경상사고,0,0,2,0,차대차 - 기타,안전운전불이행,건조,기타,교차로 - 교차로부근,승용,남,59세,상해없음,이륜,남,21세,경상
2018071000100537,2018년 7월 10일 21시,화요일,대구광역시 북구 금호동,중상사고,0,1,0,0,차대사람 - 기타,안전운전불이행,건조,맑음,단일로 - 기타,승용,남,35세,상해없음,보행자,남,50세,중상
2018071000100576,2018년 7월 10일 22시,화요일,대구광역시 동구 불로동,중상사고,0,1,2,0,차대차 - 기타,신호위반,건조,맑음,교차로 - 교차로안,승용,여,32세,경상,승용,여,67세,중상
2018071000100577,2018년 7월 10일 22시,화요일,대구광역시 달서구 월성동,경상사고,0,0,3,0,차대차 - 측면충돌,안전거리미확보,건조,맑음,교차로 - 교차로부근,승용,남,49세,상해없음,승용,남,46세,경상
2018071000100606,2018년 7월 10일 23시,화요일,대구광역시 남구 대명동,중상사고,0,1,1,0,차대차 - 추돌,안전거리미확보,건조,맑음,단일로 - 기타,승용,여,59세,상해없음,승용,남,59세,경상
2018071100100011,2018년 7월 11일 00시,수요일,대구광역시 달서구 이곡동,경상사고,0,0,2,0,차대차 - 추돌,안전운전불이행,건조,맑음,교차로 - 교차로부근,승용,남,32세,상해없음,승용,남,69세,경상
2018071100100024,2018년 7월 11일 01시,수요일,대구광역시 달서구 상인동,경상사고,0,0,1,0,차대차 - 측면충돌,안전운전불이행,건조,맑음,교차로 - 교차로부근,승합,남,38세,상해없음,승용,남,40세,경상
2018071100100043,2018년 7월 11일 03시,수요일,대구광역시 수성구 두산동,경상사고,0,0,1,0,차대차 - 측면충돌,안전거리미확보,건조,맑음,단일로 - 기타,승용,남,54세,상해없음,승용,남,18세,경상
2018071100100053,2018년 7월 11일 05시,수요일,대구광역시 중구 달성동,중상사고,0,1,0,0,차대차 - 측면충돌,신호위반,건조,맑음,교차로 - 교차로안,승용,남,74세,상해없음,이륜,남,71세,중상
2018071100100085,2018년 7월 11일 07시,수요일,대구광역시 동구 방촌동,경상사고,0,0,1,0,차대차 - 측면충돌,직진우회전진행방해,건조,맑음,교차로 - 교차로안,화물,남,52세,상해없음,자전거,남,65세,경상
2018071100100086,2018년 7월 11일 07시,수요일,대구광역시 수성구 노변동,경상사고,0,0,1,0,차대차 - 측면충돌,안전거리미확보,건조,맑음,단일로 - 기타,승용,남,80세,상해없음,승용,남,32세,경상
2018071100100087,2018년 7월 11일 07시,수요일,대구광역시 북구 대현동,경상사고,0,0,1,0,차대차 - 측면충돌,신호위반,건조,맑음,교차로 - 교차로안,승용,여,48세,상해없음,승용,남,46세,경상
2018071100100088,2018년 7월 11일 07시,수요일,대구광역시 서구 내당동,경상사고,0,0,1,0,차대차 - 측면충돌,안전운전불이행,건조,맑음,교차로 - 교차로부근,승용,여,49세,상해없음,이륜,남,84세,경상
2018071100100125,2018년 7월 11일 08시,수요일,대구광역시 동구 신암동,경상사고,0,0,1,0,차대차 - 측면충돌,안전운전불이행,건조,맑음,단일로 - 기타,승용,여,66세,상해없음,승용,남,38세,경상
2018071100100126,2018년 7월 11일 08시,수요일,대구광역시 동구 용계동,중상사고,0,1,1,1,차대차 - 측면충돌,신호위반,건조,맑음,교차로 - 교차로안,승용,여,62세,부상신고,승용,남,31세,중상
2018071100100127,2018년 7월 11일 08시,수요일,대구광역시 수성구 신매동,중상사고,0,1,0,0,차대차 - 정면충돌,교차로운행방법위반,건조,맑음,교차로 - 교차로안,승용,남,62세,상해없음,자전거,남,62세,중상
2018071100100128,2018년 7월 11일 08시,수요일,대구광역시 달서구 월성동,경상사고,0,0,1,0,차대차 - 측면충돌,안전운전불이행,건조,맑음,교차로 - 교차로안,승용,여,46세,상해없음,승용,여,46세,경상
2018071100100129,2018년 7월 11일 08시,수요일,대구광역시 북구 태전동,중상사고,0,1,0,0,차대사람 - 기타,기타,건조,맑음,기타 - 기타,자전거,남,21세,상해없음,보행자,여,70세,중상
2018071100100174,2018년 7월 11일 09시,수요일,대구광역시 남구 대명동,중상사고,0,1,0,0,차대사람 - 횡단중,신호위반,건조,맑음,단일로 - 기타,자전거,남,21세,상해없음,보행자,여,71세,중상
2018071100100175,2018년 7월 11일 09시,수요일,대구광역시 수성구 수성동2가,경상사고,0,0,1,0,차량단독 - 기타,안전거리미확보,건조,맑음,단일로 - 기타,승합,남,46세,상해없음,,,,
2018071100100176,2018년 7월 11일 09시,수요일,대구광역시 달서구 도원동,경상사고,0,0,1,0,차대차 - 추돌,안전운전불이행,건조,맑음,단일로 - 기타,승용,여,60세,상해없음,승용,남,53세,경상
2018071100100205,2018년 7월 11일 10시,수요일,대구광역시 달서구 도원동,경상사고,0,0,1,0,차대사람 - 횡단중,보행자보호의무위반,건조,맑음,교차로 - 교차로안,화물,남,56세,상해없음,보행자,여,88세,경상
2018071100100229,2018년 7월 11일 11시,수요일,대구광역시 달서구 두류동,중상사고,0,1,0,0,차량단독 - 기타,안전운전불이행,건조,맑음,단일로 - 기타,승합,남,60세,상해없음,,,,
2018071100100230,2018년 7월 11일 11시,수요일,대구광역시 달서구 감삼동,중상사고,0,1,1,0,차대차 - 측면충돌,안전거리미확보,건조,맑음,단일로 - 기타,승용,여,63세,상해없음,승용,남,48세,중상
2018071100100253,2018년 7월 11일 12시,수요일,대구광역시 동구 신기동,경상사고,0,0,1,0,차대차 - 측면충돌,안전운전불이행,건조,맑음,단일로 - 기타,승용,여,58세,상해없음,승용,여,35세,경상
2018071100100254,2018년 7월 11일 12시,수요일,대구광역시 달성군 현풍읍,경상사고,0,0,1,0,차대차 - 기타,교차로운행방법위반,건조,맑음,교차로 - 교차로안,화물,남,51세,상해없음,승합,여,36세,경상
2018071100100255,2018년 7월 11일 12시,수요일,대구광역시 서구 평리동,경상사고,0,0,2,0,차대차 - 측면충돌,안전거리미확보,건조,맑음,단일로 - 기타,승용,남,48세,경상,승용,남,45세,경상
2018071100100256,2018년 7월 11일 12시,수요일,대구광역시 중구 동인동1가,경상사고,0,0,1,0,차대차 - 기타,안전운전불이행,건조,맑음,단일로 - 기타,이륜,남,39세,상해없음,승합,남,52세,상해없음
2018071100100327,2018년 7월 11일 14시,수요일,대구광역시 남구 대명동,경상사고,0,0,1,0,차대사람 - 차도통행중,안전운전불이행,건조,맑음,단일로 - 기타,화물,남,56세,상해없음,보행자,남,50세,경상
2018071100100328,2018년 7월 11일 14시,수요일,대구광역시 동구 신암동,경상사고,0,0,1,0,차대차 - 측면충돌,안전운전불이행,건조,맑음,단일로 - 기타,화물,남,50세,상해없음,승용,남,38세,경상
2018071100100329,2018년 7월 11일 14시,수요일,대구광역시 동구 봉무동,경상사고,0,0,2,1,차대차 - 측면충돌,교차로운행방법위반,건조,맑음,단일로 - 기타,승용,남,29세,부상신고,이륜,남,19세,경상
2018071100100330,2018년 7월 11일 14시,수요일,대구광역시 수성구 상동,중상사고,0,1,0,0,차대차 - 측면충돌,안전운전불이행,건조,맑음,교차로 - 교차로안,화물,남,65세,상해없음,승용,남,39세,중상
2018071100100331,2018년 7월 11일 14시,수요일,대구광역시 중구 대신동,경상사고,0,0,2,0,차대차 - 추돌,안전운전불이행,건조,맑음,단일로 - 기타,승용,여,47세,상해없음,화물,남,24세,경상
2018071100100332,2018년 7월 11일 14시,수요일,대구광역시 북구 태전동,경상사고,0,0,1,0,차대차 - 기타,안전운전불이행,건조,맑음,단일로 - 기타,승용,남,57세,상해없음,이륜,남,54세,경상
2018071100100333,2018년 7월 11일 14시,수요일,대구광역시 북구 태전동,중상사고,0,1,0,0,차대차 - 기타,안전운전불이행,건조,맑음,기타 - 기타,승용,남,54세,상해없음,자전거,여,12세,중상
2018071100100360,2018년 7월 11일 15시,수요일,대구광역시 동구 신천동,경상사고,0,0,3,0,차대차 - 측면충돌,중앙선침범,건조,맑음,단일로 - 기타,승용,남,49세,상해없음,승용,남,39세,경상
2018071100100394,2018년 7월 11일 16시,수요일,대구광역시 동구 율하동,중상사고,0,1,0,0,차대차 - 측면충돌,안전운전불이행,건조,맑음,단일로 - 기타,승용,남,42세,상해없음,자전거,남,13세,중상
2018071100100428,2018년 7월 11일 17시,수요일,대구광역시 달서구 본리동,경상사고,0,0,1,0,차대차 - 측면충돌,차로위반,건조,맑음,단일로 - 기타,화물,남,58세,상해없음,승용,남,70세,경상
2018071100100473,2018년 7월 11일 18시,수요일,대구광역시 동구 봉무동,중상사고,0,1,0,0,차대차 - 측면충돌,안전운전불이행,건조,맑음,단일로 - 기타,승용,여,21세,상해없음,이륜,남,23세,중상
2018071100100474,2018년 7월 11일 18시,수요일,대구광역시 수성구 범어동,경상사고,0,0,1,0,차대사람 - 차도통행중,안전운전불이행,건조,맑음,단일로 - 기타,승용,여,43세,상해없음,보행자,여,14세,경상
2018071100100475,2018년 7월 11일 18시,수요일,대구광역시 달서구 송현동,경상사고,0,0,2,0,차대차 - 측면충돌,안전운전불이행,건조,맑음,단일로 - 기타,이륜,남,56세,상해없음,승용,여,49세,경상
2018071100100476,2018년 7월 11일 18시,수요일,대구광역시 북구 침산동,경상사고,0,0,1,0,차대차 - 기타,안전거리미확보,건조,맑음,단일로 - 기타,승용,남,66세,상해없음,이륜,남,17세,경상
2018071100100477,2018년 7월 11일 18시,수요일,대구광역시 서구 평리동,경상사고,0,0,1,0,차대차 - 측면충돌,교차로운행방법위반,건조,맑음,교차로 - 교차로안,승용,남,62세,상해없음,승용,여,63세,경상
2018071100100478,2018년 7월 11일 18시,수요일,대구광역시 달서구 파호동,경상사고,0,0,3,0,차대차 - 측면충돌,안전운전불이행,건조,맑음,교차로 - 교차로안,승용,여,49세,경상,승용,여,38세,경상
2018071100100479,2018년 7월 11일 18시,수요일,대구광역시 달서구 감삼동,경상사고,0,0,1,0,차대차 - 기타,안전운전불이행,건조,맑음,교차로 - 교차로안,승용,남,28세,상해없음,자전거,남,8세,경상
2018071100100480,2018년 7월 11일 18시,수요일,대구광역시 달서구 파호동,경상사고,0,0,1,0,차대차 - 기타,안전운전불이행,건조,맑음,교차로 - 교차로부근,승합,남,60세,상해없음,승용,남,30세,경상
2018071100100481,2018년 7월 11일 18시,수요일,대구광역시 북구 읍내동,경상사고,0,0,2,0,차대차 - 측면충돌,중앙선침범,건조,맑음,교차로 - 교차로안,승용,남,64세,상해없음,승용,여,51세,경상
2018071100100515,2018년 7월 11일 19시,수요일,대구광역시 수성구 신매동,경상사고,0,0,1,0,차대차 - 추돌,안전운전불이행,건조,맑음,단일로 - 기타,승용,여,21세,상해없음,승용,여,41세,경상
2018071100100516,2018년 7월 11일 19시,수요일,대구광역시 달서구 월성동,경상사고,0,0,1,0,차대차 - 측면충돌,교차로운행방법위반,건조,맑음,교차로 - 교차로횡단보도내,승용,여,42세,상해없음,자전거,남,11세,경상
2018071100100517,2018년 7월 11일 19시,수요일,대구광역시 달성군 논공읍,경상사고,0,0,1,0,차대차 - 기타,안전운전불이행,건조,맑음,단일로 - 기타,승용,남,41세,상해없음,자전거,남,36세,경상
2018071100100518,2018년 7월 11일 19시,수요일,대구광역시 달성군 다사읍,경상사고,0,0,1,0,차대차 - 기타,직진우회전진행방해,건조,맑음,교차로 - 교차로안,승용,남,25세,상해없음,승용,남,51세,경상
2018071100100519,2018년 7월 11일 19시,수요일,대구광역시 북구 산격동,경상사고,0,0,1,0,차대사람 - 기타,안전운전불이행,건조,맑음,단일로 - 기타,승용,남,23세,상해없음,보행자,남,26세,경상
2018071100100551,2018년 7월 11일 20시,수요일,대구광역시 서구 비산동,중상사고,0,1,1,0,차대차 - 추돌,안전운전불이행,건조,맑음,단일로 - 기타,승용,남,27세,상해없음,이륜,남,57세,중상
2018071100100552,2018년 7월 11일 20시,수요일,대구광역시 달서구 두류동,경상사고,0,0,1,0,차대차 - 추돌,안전운전불이행,건조,맑음,교차로 - 교차로안,승용,남,35세,상해없음,이륜,남,45세,경상
2018071100100553,2018년 7월 11일 20시,수요일,대구광역시 달서구 감삼동,경상사고,0,0,1,0,차대차 - 추돌,안전거리미확보,건조,맑음,단일로 - 기타,이륜,남,33세,경상,승용,남,53세,상해없음
2018071100100554,2018년 7월 11일 20시,수요일,대구광역시 북구 태전동,경상사고,0,0,1,0,차대차 - 기타,안전운전불이행,건조,맑음,기타 - 기타,승합,남,41세,기타불명,승용,여,51세,경상
2018071100100603,2018년 7월 11일 22시,수요일,대구광역시 수성구 수성동4가,경상사고,0,0,3,0,차대차 - 측면충돌,안전운전불이행,건조,맑음,교차로 - 교차로안,승용,남,27세,상해없음,승용,남,63세,경상
2018071100100632,2018년 7월 11일 23시,수요일,대구광역시 수성구 두산동,중상사고,0,1,0,0,차대차 - 추돌,안전거리미확보,건조,맑음,단일로 - 기타,승용,남,63세,상해없음,이륜,남,26세,중상
2018071100100633,2018년 7월 11일 23시,수요일,대구광역시 수성구 신매동,경상사고,0,0,2,0,차대차 - 추돌,안전운전불이행,건조,맑음,교차로 - 교차로부근,승용,남,50세,상해없음,승용,남,23세,경상
2018071100100634,2018년 7월 11일 23시,수요일,대구광역시 달서구 상인동,경상사고,0,0,1,0,차대차 - 측면충돌,안전운전불이행,건조,맑음,교차로 - 교차로부근,승용,여,34세,상해없음,이륜,남,23세,경상
2018071200100076,2018년 7월 12일 06시,목요일,대구광역시 북구 노원동3가,경상사고,0,0,1,0,차대사람 - 횡단중,안전운전불이행,건조,맑음,단일로 - 기타,기타불명,남,53세,상해없음,보행자,여,81세,경상
2018071200100077,2018년 7월 12일 06시,목요일,대구광역시 북구 매천동,중상사고,0,1,0,0,차대차 - 측면충돌,안전운전불이행,건조,맑음,단일로 - 기타,화물,남,56세,상해없음,이륜,남,66세,중상
2018071200100094,2018년 7월 12일 07시,목요일,대구광역시 수성구 수성동1가,중상사고,0,1,0,0,차대차 - 측면충돌,신호위반,건조,맑음,교차로 - 교차로안,승용,남,55세,상해없음,승용,여,71세,중상
2018071200100095,2018년 7월 12일 07시,목요일,대구광역시 북구 태전동,부상신고사고,0,0,0,1,차대차 - 측면충돌,안전거리미확보,건조,맑음,단일로 - 기타,자전거,남,18세,부상신고,화물,남,54세,상해없음
2018071200100129,2018년 7월 12일 08시,목요일,대구광역시 수성구 수성동3가,경상사고,0,0,1,0,차대차 - 측면충돌,안전운전불이행,건조,맑음,교차로 - 교차로횡단보도내,승용,여,43세,상해없음,자전거,여,36세,경상
2018071200100130,2018년 7월 12일 08시,목요일,대구광역시 달서구 감삼동,부상신고사고,0,0,0,1,차대사람 - 길가장자리구역통행중,안전운전불이행,건조,맑음,단일로 - 기타,승용,남,39세,기타불명,보행자,여,15세,부상신고
2018071200100131,2018년 7월 12일 08시,목요일,대구광역시 북구 서변동,중상사고,0,1,1,0,차대차 - 추돌,안전운전불이행,건조,맑음,단일로 - 기타,승용,남,40세,상해없음,승용,여,28세,중상
2018071200100164,2018년 7월 12일 09시,목요일,대구광역시 동구 효목동,경상사고,0,0,2,0,차대차 - 측면충돌,안전운전불이행,건조,맑음,기타 - 기타,승용,여,63세,상해없음,승용,남,55세,경상
2018071200100165,2018년 7월 12일 09시,목요일,대구광역시 북구 태전동,경상사고,0,0,1,0,차대차 - 기타,안전운전불이행,건조,맑음,교차로 - 교차로횡단보도내,승용,남,42세,상해없음,자전거,여,53세,경상
2018071200100185,2018년 7월 12일 10시,목요일,대구광역시 수성구 중동,경상사고,0,0,1,0,차대사람 - 기타,안전운전불이행,건조,맑음,단일로 - 기타,승용,남,77세,상해없음,보행자,남,42세,경상
2018071200100186,2018년 7월 12일 10시,목요일,대구광역시 달서구 상인동,경상사고,0,0,1,0,차대사람 - 보도통행중,기타,건조,맑음,단일로 - 기타,승용,여,54세,상해없음,보행자,남,33세,경상
2018071200100187,2018년 7월 12일 10시,목요일,대구광역시 중구 북성로1가,경상사고,0,0,1,0,차대차 - 후진중충돌,안전운전불이행,건조,맑음,단일로 - 기타,승용,여,37세,상해없음,이륜,남,19세,경상
2018071200100188,2018년 7월 12일 10시,목요일,대구광역시 달서구 두류동,경상사고,0,0,1,0,차대차 - 측면충돌,안전운전불이행,건조,맑음,단일로 - 기타,승용,남,48세,상해없음,원동기,남,30세,경상
2018071200100189,2018년 7월 12일 10시,목요일,대구광역시 북구 서변동,경상사고,0,0,1,0,차대차 - 측면충돌,신호위반,건조,맑음,교차로 - 교차로안,승용,남,71세,상해없음,승용,남,59세,경상
2018071200100224,2018년 7월 12일 11시,목요일,대구광역시 달서구 본동,중상사고,0,1,0,0,차대차 - 추돌,안전운전불이행,건조,맑음,단일로 - 기타,승용,여,47세,상해없음,승용,여,57세,중상
2018071200100253,2018년 7월 12일 12시,목요일,대구광역시 북구 대현동,경상사고,0,0,1,0,차대차 - 측면충돌,차로위반,건조,맑음,단일로 - 기타,승용,남,64세,상해없음,승합,남,54세,상해없음
2018071200100280,2018년 7월 12일 13시,목요일,대구광역시 동구 율하동,경상사고,0,0,2,0,차대차 - 측면충돌,신호위반,건조,맑음,교차로 - 교차로안,화물,여,58세,상해없음,승용,여,47세,경상
2018071200100319,2018년 7월 12일 14시,목요일,대구광역시 동구 신천동,경상사고,0,0,1,0,차대차 - 기타,직진우회전진행방해,건조,맑음,교차로 - 교차로안,승용,여,66세,상해없음,이륜,남,59세,경상
2018071200100320,2018년 7월 12일 14시,목요일,대구광역시 수성구 범어동,경상사고,0,0,1,0,차대차 - 추돌,안전운전불이행,건조,맑음,교차로 - 교차로부근,승용,여,68세,상해없음,승용,여,50세,경상
2018071200100322,2018년 7월 12일 14시,목요일,대구광역시 북구 읍내동,중상사고,0,1,0,0,차대차 - 기타,안전운전불이행,건조,맑음,단일로 - 기타,화물,남,74세,상해없음,승용,여,41세,중상
2018071200100355,2018년 7월 12일 15시,목요일,대구광역시 달서구 상인동,경상사고,0,0,1,0,차대차 - 측면충돌,안전운전불이행,건조,맑음,단일로 - 기타,개인형이동수단(PM),남,28세,경상,화물,남,48세,상해없음
2018071200100356,2018년 7월 12일 15시,목요일,대구광역시 북구 침산동,중상사고,0,1,0,0,차대사람 - 차도통행중,안전운전불이행,건조,맑음,교차로 - 교차로안,승합,남,62세,상해없음,보행자,남,82세,중상
2018071200100357,2018년 7월 12일 15시,목요일,대구광역시 중구 동인동2가,부상신고사고,0,0,0,1,차대차 - 측면충돌,차로위반,건조,맑음,교차로 - 교차로안,화물,남,57세,상해없음,승용,남,38세,부상신고
2018071200100426,2018년 7월 12일 17시,목요일,대구광역시 동구 용계동,경상사고,0,0,1,0,차대차 - 후진중충돌,안전운전불이행,건조,맑음,교차로 - 교차로안,승용,남,46세,상해없음,자전거,여,80세,경상