사고번호,사고일시,요일,시군구,사고내용,사망자수,중상자수,경상자수,부상신고자수,사고유형,법규위반,노면상태,기상상태,도로형태,가해운전자 차종,가해운전자 성별,가해운전자 연령,가해운전자 상해정도,피해운전자 차종,피해운전자 성별,피해운전자 연령,피해운전자 상해정도
2018072100100547,2018년 7월 21일 20시,토요일,대구광역시 서구 중리동,경상사고,0,0,1,0,차대사람 - 기타,안전운전불이행,건조,맑음,단일로 - 기타,화물,남,59세,상해없음,보행자,남,28세,경상
2018072100100577,2018년 7월 21일 21시,토요일,대구광역시 달성군 화원읍,경상사고,0,0,2,0,차대차 - 기타,교차로운행방법위반,건조,맑음,단일로 - 기타,승용,남,33세,상해없음,이륜,남,19세,경상
2018072100100605,2018년 7월 21일 22시,토요일,대구광역시 수성구 지산동,경상사고,0,0,1,0,차대사람 - 차도통행중,안전운전불이행,건조,맑음,단일로 - 기타,승용,여,46세,상해없음,보행자,남,29세,경상
2018072100100606,2018년 7월 21일 22시,토요일,대구광역시 수성구 범어동,중상사고,0,1,0,0,차대차 - 기타,안전거리미확보,건조,맑음,단일로 - 기타,승용,여,47세,상해없음,승용,여,24세,상해없음
2018072100100607,2018년 7월 21일 22시,토요일,대구광역시 북구 복현동,중상사고,0,1,0,0,차대사람 - 횡단중,안전운전불이행,건조,맑음,단일로 - 기타,승용,남,59세,상해없음,보행자,여,51세,중상
2018072100100608,2018년 7월 21일 22시,토요일,대구광역시 서구 비산동,중상사고,0,1,0,0,차대차 - 측면충돌,안전거리미확보,건조,맑음,단일로 - 기타,승용,남,57세,상해없음,승용,남,52세,상해없음
2018072100100628,2018년 7월 21일 23시,토요일,대구광역시 수성구 범물동,중상사고,0,1,0,0,차대차 - 추돌,안전운전불이행,건조,맑음,교차로 - 교차로부근,승용,남,23세,상해없음,승용,남,26세,중상
2018072200100027,2018년 7월 22일 01시,일요일,대구광역시 동구 신천동,중상사고,0,1,0,0,차대차 - 기타,중앙선침범,건조,맑음,교차로 - 교차로부근,승용,남,23세,상해없음,이륜,남,35세,중상
2018072200100028,2018년 7월 22일 01시,일요일,대구광역시 달서구 송현동,경상사고,0,0,2,0,차대차 - 추돌,안전운전불이행,건조,맑음,단일로 - 기타,승용,남,67세,상해없음,승용,남,34세,경상
2018072200100039,2018년 7월 22일 02시,일요일,대구광역시 동구 용계동,경상사고,0,0,1,0,차대차 - 기타,안전운전불이행,건조,맑음,교차로 - 교차로안,승용,남,33세,기타불명,승용,남,36세,경상
2018072200100040,2018년 7월 22일 02시,일요일,대구광역시 중구 태평로3가,중상사고,0,1,0,0,차대차 - 기타,신호위반,건조,맑음,교차로 - 교차로부근,승용,남,30세,상해없음,승용,남,57세,중상
2018072200100055,2018년 7월 22일 04시,일요일,대구광역시 수성구 수성동4가,중상사고,0,1,0,0,차대사람 - 횡단중,안전운전불이행,건조,맑음,단일로 - 기타,승용,남,74세,상해없음,보행자,여,55세,중상
2018072200100056,2018년 7월 22일 04시,일요일,대구광역시 달서구 성당동,경상사고,0,0,1,0,차대차 - 측면충돌,안전운전불이행,건조,맑음,단일로 - 기타,이륜,남,31세,상해없음,자전거,남,50세,경상
2018072200100065,2018년 7월 22일 05시,일요일,대구광역시 북구 매천동,경상사고,0,0,1,0,차대차 - 추돌,안전운전불이행,건조,맑음,교차로 - 교차로부근,승용,남,46세,상해없음,승용,남,56세,경상
2018072200100093,2018년 7월 22일 07시,일요일,대구광역시 달서구 죽전동,중상사고,0,2,0,0,차대차 - 측면충돌,신호위반,건조,맑음,교차로 - 교차로안,승용,남,30세,상해없음,승용,남,45세,중상
2018072200100125,2018년 7월 22일 09시,일요일,대구광역시 북구 고성동1가,중상사고,0,1,0,0,차대차 - 측면충돌,교차로운행방법위반,건조,맑음,교차로 - 교차로안,승용,여,73세,상해없음,승용,여,48세,상해없음
2018072200100141,2018년 7월 22일 10시,일요일,대구광역시 중구 태평로1가,경상사고,0,0,2,0,차대차 - 기타,불법유턴,건조,맑음,교차로 - 교차로부근,승용,남,37세,상해없음,승합,남,68세,상해없음
2018072200100142,2018년 7월 22일 10시,일요일,대구광역시 북구 태전동,경상사고,0,0,1,0,차대차 - 기타,안전운전불이행,건조,맑음,교차로 - 교차로안,승용,남,58세,상해없음,자전거,남,10세,경상
2018072200100169,2018년 7월 22일 11시,일요일,대구광역시 동구 지저동,경상사고,0,0,2,0,차대차 - 측면충돌,직진우회전진행방해,건조,맑음,교차로 - 교차로안,승용,남,69세,경상,승용,남,59세,경상
2018072200100230,2018년 7월 22일 13시,일요일,대구광역시 북구 산격동,경상사고,0,0,1,0,차대차 - 측면충돌,안전운전불이행,건조,맑음,단일로 - 기타,자전거,남,80세,경상,이륜,남,34세,상해없음
2018072200100231,2018년 7월 22일 13시,일요일,대구광역시 북구 구암동,중상사고,0,1,0,0,차대차 - 기타,안전운전불이행,건조,맑음,단일로 - 기타,승용,남,65세,상해없음,이륜,남,41세,중상
2018072200100260,2018년 7월 22일 14시,일요일,대구광역시 수성구 수성동1가,경상사고,0,0,1,0,차대사람 - 횡단중,보행자보호의무위반,건조,맑음,교차로 - 교차로횡단보도내,승용,남,45세,상해없음,보행자,여,11세,경상
2018072200100261,2018년 7월 22일 14시,일요일,대구광역시 북구 침산동,부상신고사고,0,0,0,1,차대차 - 기타,신호위반,건조,맑음,교차로 - 교차로안,이륜,남,23세,부상신고,승용,여,39세,상해없음
2018072200100262,2018년 7월 22일 14시,일요일,대구광역시 달서구 이곡동,경상사고,0,0,1,0,차대차 - 측면충돌,신호위반,건조,맑음,교차로 - 교차로안,승용,남,59세,상해없음,승용,남,34세,경상
2018072200100358,2018년 7월 22일 17시,일요일,대구광역시 동구 신천동,경상사고,0,0,1,0,차대차 - 추돌,교차로운행방법위반,건조,맑음,교차로 - 교차로안,승용,남,52세,상해없음,승용,남,30세,경상
2018072200100382,2018년 7월 22일 18시,일요일,대구광역시 달서구 진천동,경상사고,0,0,1,0,차대사람 - 보도통행중,기타,건조,맑음,단일로 - 기타,승합,남,42세,상해없음,보행자,남,37세,경상
2018072200100383,2018년 7월 22일 18시,일요일,대구광역시 북구 국우동,중상사고,0,1,0,0,차대차 - 기타,안전운전불이행,건조,맑음,단일로 - 기타,이륜,남,20세,중상,승용,남,47세,상해없음
2018072200100384,2018년 7월 22일 18시,일요일,대구광역시 북구 사수동,경상사고,0,0,1,0,차대차 - 측면충돌,신호위반,건조,맑음,교차로 - 교차로횡단보도내,이륜,남,18세,기타불명,이륜,남,45세,경상
2018072200100417,2018년 7월 22일 19시,일요일,대구광역시 수성구 범물동,경상사고,0,0,1,0,차대차 - 정면충돌,직진우회전진행방해,건조,맑음,교차로 - 교차로부근,승용,남,21세,상해없음,승용,여,59세,경상
2018072200100418,2018년 7월 22일 19시,일요일,대구광역시 수성구 파동,경상사고,0,0,2,0,차대차 - 추돌,안전운전불이행,건조,맑음,교차로 - 교차로부근,승용,남,52세,상해없음,승용,남,42세,경상
2018072200100419,2018년 7월 22일 19시,일요일,대구광역시 수성구 파동,경상사고,0,0,1,0,차대차 - 측면충돌,교차로운행방법위반,건조,맑음,교차로 - 교차로안,승용,남,44세,상해없음,승용,여,56세,경상
2018072200100447,2018년 7월 22일 20시,일요일,대구광역시 동구 입석동,부상신고사고,0,0,0,1,차대차 - 측면충돌,안전운전불이행,건조,맑음,교차로 - 교차로안,화물,남,75세,부상신고,승용,여,54세,상해없음
2018072200100448,2018년 7월 22일 20시,일요일,대구광역시 동구 신암동,경상사고,0,0,1,0,차대사람 - 차도통행중,안전운전불이행,건조,맑음,단일로 - 기타,승용,남,54세,상해없음,보행자,남,23세,경상
2018072200100449,2018년 7월 22일 20시,일요일,대구광역시 서구 내당동,경상사고,0,0,2,0,차대차 - 측면충돌,안전운전불이행,건조,맑음,단일로 - 기타,승용,남,25세,경상,승용,여,59세,경상
2018072200100450,2018년 7월 22일 20시,일요일,대구광역시 북구 태전동,경상사고,0,0,2,0,차대차 - 측면충돌,안전운전불이행,건조,맑음,교차로 - 교차로부근,승합,남,51세,상해없음,승용,여,53세,경상
2018072200100472,2018년 7월 22일 21시,일요일,대구광역시 북구 금호동,경상사고,0,0,2,0,차대차 - 측면충돌,안전운전불이행,건조,맑음,단일로 - 기타,승용,여,58세,상해없음,승용,여,28세,경상
2018072200100476,2018년 7월 22일 21시,일요일,대구광역시 북구 침산동,경상사고,0,0,1,0,차대차 - 측면충돌,안전운전불이행,건조,맑음,교차로 - 교차로안,승용,남,56세,상해없음,이륜,남,58세,경상
2018072200100477,2018년 7월 22일 21시,일요일,대구광역시 달서구 이곡동,부상신고사고,0,0,0,1,차대차 - 후진중충돌,안전운전불이행,건조,맑음,교차로 - 교차로부근,승용,남,52세,상해없음,이륜,남,21세,부상신고
2018072200100509,2018년 7월 22일 23시,일요일,대구광역시 북구 태전동,경상사고,0,0,1,0,차대사람 - 횡단중,안전운전불이행,건조,맑음,교차로 - 교차로부근,이륜,남,38세,상해없음,보행자,남,51세,경상
2018072300100010,2018년 7월 23일 00시,월요일,대구광역시 북구 읍내동,부상신고사고,0,0,0,1,차량단독 - 전도전복 - 전복,안전운전불이행,건조,맑음,단일로 - 기타,승용,여,38세,부상신고,미분류,미분류,미분류,미분류
2018072300100040,2018년 7월 23일 04시,월요일,대구광역시 중구 봉산동,부상신고사고,0,0,0,1,차대차 - 측면충돌,안전운전불이행,젖음/습기,흐림,단일로 - 기타,승용,남,32세,부상신고,승용,남,24세,상해없음
2018072300100080,2018년 7월 23일 07시,월요일,대구광역시 달서구 도원동,경상사고,0,0,1,0,차대차 - 측면충돌,안전거리미확보,건조,맑음,단일로 - 기타,승용,남,53세,상해없음,승용,남,56세,경상
2018072300100081,2018년 7월 23일 07시,월요일,대구광역시 서구 내당동,경상사고,0,0,2,0,차대차 - 측면충돌,안전거리미확보,건조,맑음,단일로 - 기타,승용,여,46세,경상,승용,여,24세,상해없음
2018072300100082,2018년 7월 23일 07시,월요일,대구광역시 달서구 감삼동,경상사고,0,0,1,0,차대차 - 기타,안전운전불이행,건조,맑음,교차로 - 교차로안,승용,여,49세,상해없음,자전거,남,29세,경상
2018072300100124,2018년 7월 23일 08시,월요일,대구광역시 수성구 범어동,경상사고,0,0,1,0,차대차 - 측면충돌,안전운전불이행,건조,맑음,교차로 - 교차로부근,승용,남,25세,기타불명,승용,남,66세,경상
2018072300100125,2018년 7월 23일 08시,월요일,대구광역시 달서구 본동,경상사고,0,0,1,0,차대차 - 측면충돌,교차로운행방법위반,건조,맑음,교차로 - 교차로부근,승용,여,51세,상해없음,자전거,남,72세,경상
2018072300100126,2018년 7월 23일 08시,월요일,대구광역시 달서구 월성동,부상신고사고,0,0,0,3,차대차 - 측면충돌,안전거리미확보,건조,맑음,단일로 - 기타,승용,여,27세,상해없음,승용,남,23세,부상신고
2018072300100127,2018년 7월 23일 08시,월요일,대구광역시 달서구 감삼동,경상사고,0,0,1,0,차대차 - 기타,안전거리미확보,건조,맑음,단일로 - 기타,승용,남,58세,기타불명,승용,남,54세,경상
2018072300100156,2018년 7월 23일 09시,월요일,대구광역시 남구 대명동,경상사고,0,0,1,0,차대사람 - 기타,안전운전불이행,건조,맑음,단일로 - 기타,승용,남,56세,상해없음,보행자,남,17세,경상
2018072300100157,2018년 7월 23일 09시,월요일,대구광역시 수성구 수성동2가,경상사고,0,0,2,0,차대차 - 추돌,안전운전불이행,건조,맑음,단일로 - 기타,승용,남,53세,상해없음,승용,남,67세,경상
2018072300100158,2018년 7월 23일 09시,월요일,대구광역시 달서구 장기동,경상사고,0,0,1,0,차대차 - 추돌,안전운전불이행,건조,맑음,단일로 - 기타,승용,남,66세,상해없음,승합,남,51세,경상
2018072300100189,2018년 7월 23일 10시,월요일,대구광역시 수성구 범물동,경상사고,0,0,1,0,차대차 - 추돌,교차로운행방법위반,건조,맑음,교차로 - 교차로안,승용,남,75세,상해없음,승용,여,38세,경상
2018072300100190,2018년 7월 23일 10시,월요일,대구광역시 서구 원대동3가,경상사고,0,0,1,0,차대사람 - 기타,안전운전불이행,건조,맑음,단일로 - 기타,승용,남,69세,상해없음,보행자,남,40세,경상
2018072300100192,2018년 7월 23일 10시,월요일,대구광역시 북구 관음동,중상사고,0,1,0,0,차대사람 - 기타,보행자보호의무위반,건조,맑음,교차로 - 교차로부근,승용,여,44세,상해없음,보행자,여,73세,중상
2018072300100226,2018년 7월 23일 11시,월요일,대구광역시 수성구 매호동,중상사고,0,1,1,0,차대차 - 정면충돌,신호위반,건조,맑음,교차로 - 교차로부근,이륜,남,52세,중상,승용,여,47세,경상
2018072300100227,2018년 7월 23일 11시,월요일,대구광역시 달서구 두류동,경상사고,0,0,1,0,차대차 - 기타,안전거리미확보,건조,맑음,단일로 - 기타,승용,여,52세,기타불명,이륜,남,59세,경상
2018072300100228,2018년 7월 23일 11시,월요일,대구광역시 북구 학정동,경상사고,0,0,1,1,차대차 - 기타,교차로운행방법위반,건조,맑음,교차로 - 교차로안,승용,남,58세,부상신고,승용,여,39세,경상
2018072300100248,2018년 7월 23일 12시,월요일,대구광역시 수성구 상동,중상사고,0,1,3,0,차대차 - 측면충돌,안전거리미확보,건조,맑음,단일로 - 기타,승합,남,53세,상해없음,화물,남,54세,경상
2018072300100249,2018년 7월 23일 12시,월요일,대구광역시 북구 침산동,부상신고사고,0,0,0,1,차대차 - 측면충돌,안전운전불이행,건조,맑음,단일로 - 기타,이륜,남,59세,부상신고,승용,여,69세,상해없음
2018072300100250,2018년 7월 23일 12시,월요일,대구광역시 남구 대명동,경상사고,0,0,1,0,차대차 - 기타,신호위반,건조,맑음,교차로 - 교차로안,승용,남,56세,상해없음,이륜,남,56세,경상
2018072300100286,2018년 7월 23일 13시,월요일,대구광역시 수성구 신매동,경상사고,0,0,3,0,차대차 - 측면충돌,안전운전불이행,건조,맑음,교차로 - 교차로안,승용,남,47세,상해없음,승용,여,45세,경상
2018072300100287,2018년 7월 23일 13시,월요일,대구광역시 달성군 가창면,경상사고,0,0,1,0,차대차 - 기타,중앙선침범,건조,맑음,단일로 - 기타,화물,남,48세,상해없음,승용,여,59세,경상
2018072300100288,2018년 7월 23일 13시,월요일,대구광역시 달서구 두류동,중상사고,0,1,0,0,차대차 - 측면충돌,안전운전불이행,건조,맑음,기타 - 기타,승용,남,47세,상해없음,이륜,남,23세,중상
2018072300100323,2018년 7월 23일 14시,월요일,대구광역시 동구 각산동,경상사고,0,0,1,0,차대차 - 기타,안전운전불이행,건조,맑음,단일로 - 기타,승용,여,32세,상해없음,승용,여,37세,경상
2018072300100358,2018년 7월 23일 15시,월요일,대구광역시 수성구 대흥동,경상사고,0,0,1,0,차대차 - 추돌,안전운전불이행,건조,맑음,교차로 - 교차로부근,승용,남,32세,상해없음,승용,남,31세,상해없음
2018072300100359,2018년 7월 23일 15시,월요일,대구광역시 달서구 진천동,경상사고,0,0,1,0,차대차 - 측면충돌,안전운전불이행,건조,맑음,단일로 - 기타,승용,남,67세,상해없음,승합,남,61세,상해없음
2018072300100360,2018년 7월 23일 15시,월요일,대구광역시 달서구 대천동,경상사고,0,0,1,0,차대차 - 측면충돌,안전거리미확보,건조,맑음,단일로 - 기타,건설기계,남,58세,상해없음,화물,남,30세,경상
2018072300100399,2018년 7월 23일 16시,월요일,대구광역시 동구 신암동,경상사고,0,0,1,0,차대차 - 후진중충돌,안전운전불이행,건조,맑음,단일로 - 기타,화물,남,45세,상해없음,승용,남,24세,경상
2018072300100400,2018년 7월 23일 16시,월요일,대구광역시 수성구 노변동,경상사고,0,0,2,0,차대차 - 추돌,안전운전불이행,건조,맑음,교차로 - 교차로안,승용,남,40세,상해없음,승용,남,47세,경상
2018072300100401,2018년 7월 23일 16시,월요일,대구광역시 북구 칠성동1가,경상사고,0,0,1,0,차대사람 - 차도통행중,안전운전불이행,건조,맑음,교차로 - 교차로안,승합,여,56세,상해없음,보행자,남,64세,경상
2018072300100402,2018년 7월 23일 16시,월요일,대구광역시 서구 비산동,경상사고,0,0,1,0,차대차 - 기타,안전운전불이행,건조,맑음,교차로 - 교차로부근,승용,남,66세,상해없음,승용,여,35세,경상
2018072300100403,2018년 7월 23일 16시,월요일,대구광역시 북구 팔달동,경상사고,0,0,1,1,차대차 - 측면충돌,중앙선침범,건조,맑음,단일로 - 기타,이륜,남,26세,부상신고,승용,여,62세,경상
2018072300100443,2018년 7월 23일 17시,월요일,대구광역시 달서구 대곡동,경상사고,0,0,1,0,차대사람 - 횡단중,보행자보호의무위반,건조,맑음,단일로 - 기타,승용,남,61세,상해없음,보행자,여,23세,경상
2018072300100444,2018년 7월 23일 17시,월요일,대구광역시 달서구 상인동,경상사고,0,0,1,0,차대차 - 기타,안전운전불이행,건조,맑음,교차로 - 교차로안,승용,남,58세,상해없음,승합,남,44세,상해없음
2018072300100445,2018년 7월 23일 17시,월요일,대구광역시 달성군 다사읍,경상사고,0,0,1,0,차대차 - 측면충돌,안전운전불이행,건조,맑음,교차로 - 교차로부근,승용,남,62세,상해없음,화물,남,28세,상해없음
2018072300100446,2018년 7월 23일 17시,월요일,대구광역시 서구 내당동,사망사고,1,0,0,0,차대차 - 측면충돌,신호위반,건조,맑음,단일로 - 기타,승용,남,66세,상해없음,이륜,남,60세,사망
2018072300100447,2018년 7월 23일 17시,월요일,대구광역시 서구 내당동,경상사고,0,0,1,1,차대차 - 측면충돌,안전운전불이행,건조,맑음,단일로 - 기타,이륜,남,17세,경상,화물,남,65세,상해없음
2018072300100448,2018년 7월 23일 17시,월요일,대구광역시 북구 구암동,경상사고,0,0,1,0,차대차 - 측면충돌,안전운전불이행,건조,맑음,교차로 - 교차로부근,승용,여,45세,기타불명,승용,남,40세,경상
2018072300100530,2018년 7월 23일 19시,월요일,대구광역시 달서구 신당동,경상사고,0,0,1,0,차대차 - 측면충돌,안전운전불이행,건조,맑음,단일로 - 기타,승용,남,29세,상해없음,원동기,남,23세,경상
2018072300100556,2018년 7월 23일 20시,월요일,대구광역시 달성군 다사읍,중상사고,0,1,0,0,차대사람 - 기타,안전운전불이행,건조,맑음,교차로 - 교차로부근,화물,남,56세,상해없음,보행자,여,81세,중상
2018072300100557,2018년 7월 23일 20시,월요일,대구광역시 달성군 화원읍,중상사고,0,1,0,0,차대사람 - 기타,안전운전불이행,건조,맑음,교차로 - 교차로안,승용,여,46세,상해없음,보행자,여,77세,중상
2018072300100558,2018년 7월 23일 20시,월요일,대구광역시 서구 내당동,경상사고,0,0,1,0,차대차 - 추돌,안전운전불이행,건조,맑음,단일로 - 기타,이륜,남,46세,상해없음,승용,여,49세,경상
2018072300100591,2018년 7월 23일 21시,월요일,대구광역시 수성구 황금동,중상사고,0,1,0,0,차대차 - 측면충돌,안전거리미확보,건조,맑음,단일로 - 기타,승용,남,46세,상해없음,이륜,남,22세,중상
2018072300100592,2018년 7월 23일 21시,월요일,대구광역시 북구 칠성동2가,경상사고,0,0,1,0,차대차 - 측면충돌,안전운전불이행,건조,맑음,교차로 - 교차로안,화물,남,56세,상해없음,이륜,남,54세,경상
2018072300100614,2018년 7월 23일 22시,월요일,대구광역시 동구 율하동,경상사고,0,0,1,0,차대차 - 추돌,안전운전불이행,건조,맑음,단일로 - 기타,승용,여,38세,상해없음,승용,남,28세,경상
2018072300100615,2018년 7월 23일 22시,월요일,대구광역시 북구 산격동,경상사고,0,0,1,0,차대차 - 추돌,안전운전불이행,건조,맑음,교차로 - 교차로부근,승용,남,56세,상해없음,승용,여,27세,경상
2018072300100616,2018년 7월 23일 22시,월요일,대구광역시 달서구 성당동,경상사고,0,0,1,0,차대차 - 추돌,안전거리미확보,건조,맑음,단일로 - 기타,승용,여,54세,상해없음,승용,남,26세,상해없음
2018072400100021,2018년 7월 24일 01시,화요일,대구광역시 달서구 신당동,경상사고,0,0,4,0,차대차 - 추돌,안전거리미확보,건조,맑음,단일로 - 기타,승용,남,53세,상해없음,승용,남,46세,경상
2018072400100026,2018년 7월 24일 02시,화요일,대구광역시 달서구 감삼동,중상사고,0,1,2,0,차대차 - 측면충돌,안전운전불이행,건조,맑음,단일로 - 기타,승용,남,37세,기타불명,승용,여,60세,경상
2018072400100040,2018년 7월 24일 04시,화요일,대구광역시 북구 노원동3가,경상사고,0,0,2,1,차대차 - 측면충돌,중앙선침범,건조,맑음,단일로 - 기타,화물,남,76세,상해없음,승용,여,62세,경상
2018072400100067,2018년 7월 24일 06시,화요일,대구광역시 달서구 성당동,경상사고,0,0,1,0,차대차 - 측면충돌,기타,건조,맑음,단일로 - 기타,승용,남,59세,상해없음,자전거,남,40세,경상
2018072400100090,2018년 7월 24일 07시,화요일,대구광역시 북구 노곡동,중상사고,0,1,1,0,차대차 - 측면충돌,안전운전불이행,건조,맑음,단일로 - 기타,화물,남,74세,중상,승용,남,72세,경상
2018072400100130,2018년 7월 24일 08시,화요일,대구광역시 달서구 용산동,경상사고,0,0,1,0,차대차 - 측면충돌,신호위반,건조,맑음,단일로 - 기타,이륜,남,18세,상해없음,승합,여,48세,경상
2018072400100179,2018년 7월 24일 09시,화요일,대구광역시 서구 내당동,경상사고,0,0,1,0,차대차 - 측면충돌,신호위반,건조,맑음,단일로 - 기타,승용,여,56세,상해없음,이륜,남,82세,경상
2018072400100220,2018년 7월 24일 10시,화요일,대구광역시 남구 대명동,중상사고,0,1,0,0,차대차 - 정면충돌,안전운전불이행,건조,맑음,단일로 - 기타,화물,남,63세,상해없음,이륜,남,45세,중상
2018072400100222,2018년 7월 24일 10시,화요일,대구광역시 중구 태평로1가,경상사고,0,0,1,0,차대차 - 기타,안전거리미확보,건조,맑음,단일로 - 기타,승용,남,58세,상해없음,이륜,남,51세,경상
2018072400100223,2018년 7월 24일 10시,화요일,대구광역시 중구 삼덕동2가,경상사고,0,0,1,0,차대차 - 측면충돌,직진우회전진행방해,건조,맑음,교차로 - 교차로안,화물,남,30세,상해없음,이륜,남,41세,경상
2018072400100252,2018년 7월 24일 11시,화요일,대구광역시 동구 신천동,경상사고,0,0,1,1,차대차 - 추돌,안전거리미확보,건조,맑음,단일로 - 기타,승용,여,46세,상해없음,이륜,남,53세,부상신고
2018072400100253,2018년 7월 24일 11시,화요일,대구광역시 달서구 두류동,경상사고,0,0,1,0,차대차 - 측면충돌,교차로운행방법위반,건조,맑음,교차로 - 교차로안,승용,남,46세,상해없음,승용,남,34세,경상
2018072400100320,2018년 7월 24일 13시,화요일,대구광역시 수성구 신매동,중상사고,0,1,0,0,차대차 - 측면충돌,안전거리미확보,건조,맑음,단일로 - 기타,승용,여,75세,상해없음,승용,남,60세,중상
2018072400100364,2018년 7월 24일 14시,화요일,대구광역시 동구 불로동,경상사고,0,0,1,0,차대차 - 기타,교차로운행방법위반,건조,맑음,교차로 - 교차로안,승용,여,36세,상해없음,자전거,남,10세,경상
2018072400100365,2018년 7월 24일 14시,화요일,대구광역시 중구 동인동4가,경상사고,0,0,2,0,차대차 - 측면충돌,차로위반,건조,맑음,단일로 - 기타,승용,남,68세,상해없음,승용,남,41세,경상
2018072400100438,2018년 7월 24일 16시,화요일,대구광역시 남구 봉덕동,경상사고,0,0,2,0,차대차 - 측면충돌,교차로운행방법위반,건조,맑음,교차로 - 교차로안,승용,여,35세,상해없음,승용,여,68세,경상
2018072400100439,2018년 7월 24일 16시,화요일,대구광역시 수성구 만촌동,중상사고,0,1,0,0,차대차 - 추돌,안전운전불이행,건조,맑음,교차로 - 교차로부근,승용,남,39세,상해없음,승용,남,47세,중상
2018072400100482,2018년 7월 24일 17시,화요일,대구광역시 서구 중리동,경상사고,0,0,2,0,차대차 - 측면충돌,안전운전불이행,건조,맑음,교차로 - 교차로안,승용,남,69세,경상,승용,여,48세,경상
2018072400100529,2018년 7월 24일 18시,화요일,대구광역시 동구 신천동,경상사고,0,0,1,0,차대차 - 추돌,안전운전불이행,건조,맑음,단일로 - 기타,승용,남,26세,상해없음,승용,남,51세,경상
2018072400100530,2018년 7월 24일 18시,화요일,대구광역시 달서구 월성동,중상사고,0,1,0,0,차대차 - 측면충돌,안전운전불이행,건조,맑음,단일로 - 기타,화물,남,72세,상해없음,자전거,남,55세,중상
2018072400100531,2018년 7월 24일 18시,화요일,대구광역시 달서구 월성동,경상사고,0,0,1,0,차대사람 - 횡단중,보행자보호의무위반,건조,맑음,단일로 - 기타,승용,남,74세,상해없음,보행자,남,11세,경상
2018072400100532,2018년 7월 24일 18시,화요일,대구광역시 달서구 송현동,경상사고,0,0,1,0,차대차 - 측면충돌,안전거리미확보,건조,맑음,단일로 - 기타,승용,여,57세,상해없음,승용,남,44세,경상
2018072400100533,2018년 7월 24일 18시,화요일,대구광역시 달성군 논공읍,경상사고,0,0,1,0,차대사람 - 차도통행중,안전운전불이행,건조,맑음,교차로 - 교차로부근,승용,여,43세,상해없음,보행자,여,17세,경상
2018072400100534,2018년 7월 24일 18시,화요일,대구광역시 북구 읍내동,경상사고,0,0,1,0,차대차 - 기타,안전운전불이행,건조,맑음,교차로 - 교차로부근,승용,여,46세,상해없음,자전거,남,22세,경상
2018072400100569,2018년 7월 24일 19시,화요일,대구광역시 수성구 연호동,경상사고,0,0,2,0,차대차 - 추돌,안전운전불이행,건조,맑음,교차로 - 교차로부근,승용,여,44세,상해없음,승용,남,39세,경상
2018072400100570,2018년 7월 24일 19시,화요일,대구광역시 달서구 대곡동,부상신고사고,0,0,0,1,차대사람 - 횡단중,안전운전불이행,건조,맑음,단일로 - 기타,이륜,남,36세,상해없음,보행자,여,9세,부상신고
2018072400100605,2018년 7월 24일 20시,화요일,대구광역시 달성군 다사읍,중상사고,0,1,0,0,차대사람 - 기타,안전운전불이행,건조,맑음,교차로 - 교차로안,승용,여,70세,상해없음,보행자,남,13세,중상
2018072400100606,2018년 7월 24일 20시,화요일,대구광역시 달성군 현풍읍,중상사고,0,1,0,0,차대사람 - 보도통행중,보행자보호의무위반,건조,맑음,교차로 - 교차로안,화물,남,38세,상해없음,보행자,여,25세,중상
2018072400100626,2018년 7월 24일 21시,화요일,대구광역시 달서구 두류동,경상사고,0,0,1,0,차대차 - 측면충돌,안전운전불이행,건조,맑음,단일로 - 기타,승용,여,39세,상해없음,승용,남,55세,경상
2018072400100627,2018년 7월 24일 21시,화요일,대구광역시 북구 구암동,중상사고,0,1,0,0,차대차 - 기타,안전거리미확보,건조,맑음,기타 - 기타,승용,여,26세,상해없음,이륜,남,35세,중상
2018072400100653,2018년 7월 24일 22시,화요일,대구광역시 남구 대명동,중상사고,0,1,0,0,차대사람 - 횡단중,안전운전불이행,건조,맑음,단일로 - 기타,화물,남,52세,상해없음,보행자,여,72세,중상
2018072400100677,2018년 7월 24일 23시,화요일,대구광역시 동구 입석동,중상사고,0,2,0,0,차대차 - 측면충돌,안전거리미확보,건조,맑음,단일로 - 기타,승용,남,65세,상해없음,승용,남,54세,중상
2018072500100052,2018년 7월 25일 04시,수요일,대구광역시 북구 태전동,중상사고,0,1,0,0,차대차 - 측면충돌,직진우회전진행방해,건조,맑음,교차로 - 교차로안,화물,남,57세,상해없음,이륜,남,18세,중상
2018072500100074,2018년 7월 25일 06시,수요일,대구광역시 중구 동인동3가,경상사고,0,0,1,0,차대사람 - 기타,안전운전불이행,젖음/습기,맑음,기타 - 기타,자전거,남,39세,상해없음,보행자,여,64세,경상
2018072500100092,2018년 7월 25일 07시,수요일,대구광역시 서구 내당동,부상신고사고,0,0,0,1,차대차 - 추돌,안전운전불이행,건조,맑음,단일로 - 기타,기타불명,기타불명,미분류,기타불명,개인형이동수단(PM),남,78세,부상신고
2018072500100093,2018년 7월 25일 07시,수요일,대구광역시 북구 학정동,중상사고,0,1,0,0,차대차 - 측면충돌,안전운전불이행,건조,맑음,단일로 - 기타,화물,남,38세,중상,화물,남,63세,상해없음