사고번호,사고일시,요일,시군구,사고내용,사망자수,중상자수,경상자수,부상신고자수,사고유형,법규위반,노면상태,기상상태,도로형태,가해운전자 차종,가해운전자 성별,가해운전자 연령,가해운전자 상해정도,피해운전자 차종,피해운전자 성별,피해운전자 연령,피해운전자 상해정도
2018080100100422,2018년 8월 1일 16시,수요일,대구광역시 남구 봉덕동,중상사고,0,1,0,0,차대차 - 기타,안전운전불이행,건조,맑음,단일로 - 기타,승용,남,58세,상해없음,승합,남,60세,상해없음
2018080100100424,2018년 8월 1일 16시,수요일,대구광역시 달서구 도원동,경상사고,0,0,2,0,차대차 - 추돌,안전거리미확보,건조,맑음,교차로 - 교차로부근,화물,남,36세,상해없음,승용,남,68세,경상
2018080100100425,2018년 8월 1일 16시,수요일,대구광역시 중구 태평로3가,경상사고,0,0,1,0,차대차 - 측면충돌,안전운전불이행,건조,맑음,교차로 - 교차로안,화물,남,29세,상해없음,자전거,여,32세,경상
2018080100100427,2018년 8월 1일 16시,수요일,대구광역시 달서구 용산동,경상사고,0,0,1,0,차대차 - 측면충돌,안전거리미확보,건조,맑음,단일로 - 기타,화물,남,52세,상해없음,승용,남,21세,경상
2018080100100469,2018년 8월 1일 17시,수요일,대구광역시 달서구 송현동,중상사고,0,1,3,0,차대차 - 측면충돌,안전운전불이행,건조,맑음,교차로 - 교차로부근,승용,남,48세,상해없음,승용,여,39세,중상
2018080100100470,2018년 8월 1일 17시,수요일,대구광역시 서구 평리동,경상사고,0,0,1,0,차량단독 - 전도전복 - 전도,안전운전불이행,기타,맑음,단일로 - 기타,이륜,남,65세,경상,미분류,미분류,미분류,미분류
2018080100100471,2018년 8월 1일 17시,수요일,대구광역시 북구 태전동,경상사고,0,0,1,0,차대차 - 측면충돌,안전거리미확보,건조,맑음,단일로 - 기타,승용,남,53세,상해없음,화물,남,29세,경상
2018080100100526,2018년 8월 1일 18시,수요일,대구광역시 북구 서변동,경상사고,0,0,3,0,차대차 - 측면충돌,안전거리미확보,건조,맑음,단일로 - 기타,승용,여,22세,경상,승용,남,57세,경상
2018080100100549,2018년 8월 1일 19시,수요일,대구광역시 수성구 지산동,경상사고,0,0,1,0,차대차 - 추돌,안전운전불이행,건조,맑음,단일로 - 기타,승용,여,40세,상해없음,승용,남,41세,경상
2018080100100550,2018년 8월 1일 19시,수요일,대구광역시 서구 평리동,경상사고,0,0,1,0,차대차 - 측면충돌,안전운전불이행,건조,맑음,교차로 - 교차로부근,승용,남,57세,상해없음,이륜,남,32세,경상
2018080100100551,2018년 8월 1일 19시,수요일,대구광역시 북구 태전동,중상사고,0,1,0,0,차대차 - 측면충돌,안전운전불이행,건조,맑음,단일로 - 기타,승용,여,41세,상해없음,이륜,남,24세,중상
2018080100100579,2018년 8월 1일 20시,수요일,대구광역시 동구 입석동,중상사고,0,1,0,0,차대차 - 측면충돌,안전운전불이행,건조,맑음,단일로 - 기타,승용,남,22세,상해없음,자전거,남,74세,중상
2018080100100580,2018년 8월 1일 20시,수요일,대구광역시 수성구 범어동,경상사고,0,0,2,0,차대차 - 추돌,안전운전불이행,건조,맑음,단일로 - 기타,승용,남,19세,상해없음,승용,여,19세,경상
2018080100100612,2018년 8월 1일 21시,수요일,대구광역시 수성구 시지동,중상사고,0,1,0,0,차대차 - 기타,안전운전불이행,건조,맑음,단일로 - 기타,화물,남,55세,상해없음,승용,여,62세,중상
2018080100100614,2018년 8월 1일 21시,수요일,대구광역시 수성구 지산동,경상사고,0,0,1,0,차대차 - 측면충돌,안전운전불이행,건조,맑음,교차로 - 교차로부근,승용,여,42세,상해없음,이륜,남,34세,경상
2018080100100615,2018년 8월 1일 21시,수요일,대구광역시 북구 침산동,경상사고,0,0,1,0,차대차 - 측면충돌,신호위반,건조,맑음,교차로 - 교차로안,원동기,남,23세,상해없음,자전거,여,51세,경상
2018080100100616,2018년 8월 1일 21시,수요일,대구광역시 서구 원대동3가,중상사고,0,1,0,0,차대사람 - 기타,안전운전불이행,건조,맑음,단일로 - 기타,승용,남,39세,상해없음,보행자,남,69세,중상
2018080100100647,2018년 8월 1일 22시,수요일,대구광역시 남구 이천동,경상사고,0,0,3,0,차대차 - 추돌,안전운전불이행,건조,맑음,단일로 - 기타,승용,남,41세,상해없음,승용,남,46세,경상
2018080100100648,2018년 8월 1일 22시,수요일,대구광역시 달서구 유천동,경상사고,0,0,2,0,차대차 - 추돌,안전운전불이행,건조,맑음,단일로 - 기타,승용,남,35세,상해없음,승용,남,33세,상해없음
2018080100100649,2018년 8월 1일 22시,수요일,대구광역시 북구 노원동1가,중상사고,0,1,0,0,차대차 - 측면충돌,신호위반,건조,맑음,교차로 - 교차로안,승합,남,63세,상해없음,화물,남,58세,중상
2018080200100009,2018년 8월 2일 00시,목요일,대구광역시 수성구 황금동,경상사고,0,0,1,0,차대사람 - 기타,보행자보호의무위반,젖음/습기,비,단일로 - 기타,기타불명,기타불명,미분류,기타불명,보행자,남,52세,경상
2018080200100010,2018년 8월 2일 00시,목요일,대구광역시 달서구 진천동,경상사고,0,0,1,0,차대차 - 측면충돌,안전운전불이행,젖음/습기,비,단일로 - 기타,승용,남,54세,상해없음,승용,남,27세,경상
2018080200100045,2018년 8월 2일 03시,목요일,대구광역시 중구 대봉동,중상사고,0,1,2,0,차대차 - 측면충돌,안전거리미확보,건조,맑음,단일로 - 기타,승용,남,79세,상해없음,승용,남,23세,중상
2018080200100046,2018년 8월 2일 03시,목요일,대구광역시 중구 남산동,중상사고,0,1,0,0,차대차 - 측면충돌,교차로운행방법위반,건조,맑음,교차로 - 교차로부근,승용,남,56세,상해없음,승용,남,23세,중상
2018080200100064,2018년 8월 2일 05시,목요일,대구광역시 수성구 매호동,중상사고,0,1,0,0,차대차 - 추돌,안전운전불이행,건조,맑음,단일로 - 기타,화물,남,58세,상해없음,승용,남,51세,중상
2018080200100078,2018년 8월 2일 06시,목요일,대구광역시 북구 읍내동,경상사고,0,0,1,0,차대차 - 기타,안전운전불이행,건조,맑음,단일로 - 기타,화물,남,57세,상해없음,승용,남,64세,경상
2018080200100080,2018년 8월 2일 06시,목요일,대구광역시 동구 덕곡동,중상사고,0,1,0,0,차량단독 - 공작물충돌,안전운전불이행,건조,맑음,단일로 - 기타,화물,여,61세,상해없음,,,,
2018080200100081,2018년 8월 2일 06시,목요일,대구광역시 수성구 대흥동,중상사고,0,1,2,0,차대차 - 추돌,안전운전불이행,건조,맑음,교차로 - 교차로부근,승용,남,47세,상해없음,승합,남,70세,경상
2018080200100082,2018년 8월 2일 06시,목요일,대구광역시 수성구 두산동,중상사고,0,1,1,0,차대차 - 측면충돌,신호위반,건조,맑음,교차로 - 교차로안,이륜,남,18세,경상,승용,남,35세,상해없음
2018080200100149,2018년 8월 2일 08시,목요일,대구광역시 북구 동변동,경상사고,0,0,1,1,차대차 - 기타,교차로운행방법위반,건조,맑음,교차로 - 교차로안,승용,여,51세,부상신고,승용,남,58세,경상
2018080200100188,2018년 8월 2일 09시,목요일,대구광역시 수성구 범어동,경상사고,0,0,1,0,차대사람 - 기타,안전운전불이행,건조,맑음,단일로 - 기타,승합,남,48세,상해없음,보행자,남,83세,경상
2018080200100189,2018년 8월 2일 09시,목요일,대구광역시 중구 삼덕동3가,중상사고,0,2,3,0,차대차 - 추돌,안전거리미확보,건조,맑음,단일로 - 기타,승용,남,31세,중상,승용,남,29세,경상
2018080200100242,2018년 8월 2일 11시,목요일,대구광역시 동구 신천동,경상사고,0,0,1,0,차대차 - 기타,안전거리미확보,건조,맑음,단일로 - 기타,승용,여,33세,상해없음,승합,남,44세,상해없음
2018080200100243,2018년 8월 2일 11시,목요일,대구광역시 동구 불로동,경상사고,0,0,2,0,차대차 - 측면충돌,기타,건조,맑음,교차로 - 교차로안,이륜,남,28세,경상,이륜,여,31세,경상
2018080200100244,2018년 8월 2일 11시,목요일,대구광역시 달서구 송현동,경상사고,0,0,1,0,차대차 - 측면충돌,안전운전불이행,건조,맑음,단일로 - 기타,화물,남,39세,상해없음,승용,여,35세,경상
2018080200100315,2018년 8월 2일 13시,목요일,대구광역시 동구 각산동,경상사고,0,0,3,0,차대차 - 추돌,안전운전불이행,건조,맑음,교차로 - 교차로안,승용,남,20세,상해없음,승용,남,44세,경상
2018080200100316,2018년 8월 2일 13시,목요일,대구광역시 달서구 성당동,부상신고사고,0,0,0,1,차대차 - 기타,안전운전불이행,건조,맑음,교차로 - 교차로안,자전거,남,72세,부상신고,승용,남,30세,상해없음
2018080200100348,2018년 8월 2일 14시,목요일,대구광역시 수성구 범어동,중상사고,0,1,5,0,차대차 - 측면충돌,안전거리미확보,건조,맑음,단일로 - 기타,승용,남,26세,경상,승용,여,50세,경상
2018080200100349,2018년 8월 2일 14시,목요일,대구광역시 서구 내당동,중상사고,0,1,1,0,차대차 - 측면충돌,신호위반,건조,맑음,단일로 - 기타,승용,남,60세,상해없음,이륜,남,51세,중상
2018080200100350,2018년 8월 2일 14시,목요일,대구광역시 달서구 본리동,중상사고,0,1,0,0,차대차 - 측면충돌,안전운전불이행,건조,맑음,기타 - 기타,승용,남,48세,상해없음,자전거,남,65세,중상
2018080200100351,2018년 8월 2일 14시,목요일,대구광역시 북구 읍내동,부상신고사고,0,0,0,1,차대차 - 측면충돌,교차로운행방법위반,건조,맑음,교차로 - 교차로안,이륜,남,54세,부상신고,승용,여,44세,상해없음
2018080200100378,2018년 8월 2일 15시,목요일,대구광역시 동구 신천동,경상사고,0,0,1,0,차대차 - 측면충돌,안전운전불이행,건조,맑음,단일로 - 기타,승용,여,46세,상해없음,승용,여,30세,경상
2018080200100411,2018년 8월 2일 16시,목요일,대구광역시 남구 이천동,경상사고,0,0,1,0,차대차 - 추돌,안전운전불이행,건조,맑음,기타 - 기타,승용,남,77세,상해없음,승용,여,33세,경상
2018080200100412,2018년 8월 2일 16시,목요일,대구광역시 서구 평리동,경상사고,0,0,3,0,차대차 - 측면충돌,안전운전불이행,건조,맑음,단일로 - 기타,승용,여,44세,상해없음,승용,남,61세,경상
2018080200100451,2018년 8월 2일 17시,목요일,대구광역시 남구 봉덕동,경상사고,0,0,2,1,차대차 - 추돌,안전운전불이행,건조,맑음,기타 - 기타,화물,남,51세,상해없음,승용,남,35세,경상
2018080200100452,2018년 8월 2일 17시,목요일,대구광역시 남구 대명동,경상사고,0,0,1,0,차대차 - 추돌,안전거리미확보,건조,맑음,단일로 - 기타,승용,남,35세,상해없음,승용,여,36세,경상
2018080200100453,2018년 8월 2일 17시,목요일,대구광역시 남구 봉덕동,경상사고,0,0,2,2,차대차 - 추돌,안전거리미확보,건조,맑음,기타 - 기타,승용,남,36세,상해없음,승용,남,34세,부상신고
2018080200100454,2018년 8월 2일 17시,목요일,대구광역시 남구 봉덕동,중상사고,0,1,3,1,차대차 - 추돌,안전거리미확보,건조,맑음,단일로 - 기타,화물,남,51세,상해없음,승용,남,46세,경상
2018080200100455,2018년 8월 2일 17시,목요일,대구광역시 수성구 욱수동,중상사고,0,1,0,0,차대사람 - 횡단중,안전운전불이행,건조,맑음,단일로 - 기타,승용,여,47세,상해없음,보행자,남,6세,중상
2018080200100456,2018년 8월 2일 17시,목요일,대구광역시 달서구 상인동,경상사고,0,0,1,0,차대차 - 측면충돌,안전운전불이행,건조,맑음,교차로 - 교차로안,승용,남,57세,상해없음,자전거,남,72세,경상
2018080200100489,2018년 8월 2일 18시,목요일,대구광역시 달서구 도원동,부상신고사고,0,0,0,1,차대사람 - 기타,기타,건조,맑음,단일로 - 기타,자전거,남,11세,상해없음,보행자,여,50세,부상신고
2018080200100523,2018년 8월 2일 19시,목요일,대구광역시 달서구 두류동,경상사고,0,0,1,0,차대사람 - 기타,안전운전불이행,건조,맑음,단일로 - 기타,화물,남,29세,상해없음,보행자,남,57세,경상
2018080200100524,2018년 8월 2일 19시,목요일,대구광역시 북구 관음동,중상사고,0,1,0,0,차대차 - 측면충돌,직진우회전진행방해,건조,맑음,교차로 - 교차로안,이륜,남,20세,중상,승용,여,49세,상해없음
2018080200100558,2018년 8월 2일 20시,목요일,대구광역시 동구 신천동,경상사고,0,0,1,0,차대차 - 측면충돌,교차로운행방법위반,건조,맑음,단일로 - 기타,승용,남,34세,상해없음,승용,남,60세,경상
2018080200100559,2018년 8월 2일 20시,목요일,대구광역시 달서구 신당동,경상사고,0,0,2,0,차대차 - 측면충돌,안전거리미확보,건조,맑음,교차로 - 교차로부근,승용,남,36세,경상,승용,남,28세,경상
2018080200100611,2018년 8월 2일 22시,목요일,대구광역시 북구 동천동,중상사고,0,1,0,0,차대사람 - 횡단중,안전운전불이행,건조,맑음,교차로 - 교차로안,승용,여,53세,상해없음,보행자,남,55세,중상
2018080200100633,2018년 8월 2일 23시,목요일,대구광역시 남구 대명동,경상사고,0,0,1,0,차대차 - 측면충돌,안전거리미확보,건조,맑음,기타 - 기타,승용,여,27세,상해없음,승용,남,40세,경상
2018080200100634,2018년 8월 2일 23시,목요일,대구광역시 수성구 만촌동,부상신고사고,0,0,0,1,차대사람 - 횡단중,안전운전불이행,건조,맑음,교차로 - 교차로안,승용,여,40세,상해없음,보행자,남,20세,부상신고
2018080200100635,2018년 8월 2일 23시,목요일,대구광역시 수성구 수성동4가,경상사고,0,0,1,0,차대사람 - 횡단중,신호위반,건조,맑음,교차로 - 교차로횡단보도내,승용,여,63세,상해없음,보행자,남,33세,경상
2018080300100012,2018년 8월 3일 00시,금요일,대구광역시 달성군 다사읍,경상사고,0,0,1,0,차대차 - 기타,안전거리미확보,건조,맑음,단일로 - 기타,승용,남,63세,상해없음,이륜,남,17세,경상
2018080300100024,2018년 8월 3일 01시,금요일,대구광역시 달서구 도원동,경상사고,0,0,1,3,차대차 - 측면충돌,안전운전불이행,건조,맑음,교차로 - 교차로부근,승용,남,19세,상해없음,승용,여,53세,경상
2018080300100036,2018년 8월 3일 02시,금요일,대구광역시 남구 대명동,중상사고,0,1,2,0,차대차 - 측면충돌,안전운전불이행,건조,맑음,단일로 - 기타,이륜,남,23세,중상,승용,남,43세,경상
2018080300100049,2018년 8월 3일 04시,금요일,대구광역시 수성구 만촌동,중상사고,0,2,0,1,차대사람 - 횡단중,안전운전불이행,건조,맑음,단일로 - 기타,승용,남,52세,부상신고,보행자,남,83세,중상
2018080300100078,2018년 8월 3일 06시,금요일,대구광역시 중구 대봉동,사망사고,1,0,0,0,차대차 - 측면충돌,안전운전불이행,건조,맑음,단일로 - 기타,승용,여,60세,상해없음,자전거,남,83세,사망
2018080300100092,2018년 8월 3일 07시,금요일,대구광역시 북구 산격동,경상사고,0,0,2,0,차대차 - 측면충돌,신호위반,건조,맑음,교차로 - 교차로안,승용,남,56세,상해없음,승용,남,29세,경상
2018080300100115,2018년 8월 3일 08시,금요일,대구광역시 달성군 화원읍,경상사고,0,0,3,0,차대차 - 기타,교차로운행방법위반,건조,맑음,교차로 - 교차로안,건설기계,남,56세,상해없음,화물,남,58세,경상
2018080300100148,2018년 8월 3일 09시,금요일,대구광역시 남구 봉덕동,부상신고사고,0,0,0,1,차대차 - 측면충돌,신호위반,건조,맑음,교차로 - 교차로안,이륜,남,16세,부상신고,승용,남,35세,상해없음
2018080300100149,2018년 8월 3일 09시,금요일,대구광역시 달성군 현풍읍,중상사고,0,1,0,0,차대차 - 측면충돌,교차로운행방법위반,건조,맑음,교차로 - 교차로안,화물,남,61세,상해없음,승용,여,58세,중상
2018080300100188,2018년 8월 3일 10시,금요일,대구광역시 북구 노원동1가,경상사고,0,0,1,0,차대차 - 후진중충돌,불법유턴,건조,맑음,교차로 - 교차로횡단보도내,승용,여,61세,상해없음,이륜,남,53세,경상
2018080300100189,2018년 8월 3일 10시,금요일,대구광역시 북구 태전동,경상사고,0,0,2,0,차대차 - 측면충돌,안전거리미확보,건조,맑음,단일로 - 기타,승용,여,59세,경상,승용,남,40세,경상
2018080300100240,2018년 8월 3일 12시,금요일,대구광역시 달성군 유가읍,중상사고,0,1,0,0,차대차 - 기타,신호위반,건조,맑음,교차로 - 교차로안,승용,남,56세,상해없음,화물,남,35세,중상
2018080300100281,2018년 8월 3일 13시,금요일,대구광역시 달서구 본동,경상사고,0,0,3,0,차대차 - 측면충돌,안전거리미확보,건조,맑음,단일로 - 기타,승용,남,27세,경상,이륜,남,56세,경상
2018080300100318,2018년 8월 3일 14시,금요일,대구광역시 중구 수동,경상사고,0,0,1,1,차대차 - 기타,안전운전불이행,건조,맑음,단일로 - 기타,승용,여,51세,부상신고,이륜,남,25세,경상
2018080300100348,2018년 8월 3일 15시,금요일,대구광역시 동구 용계동,경상사고,0,0,1,0,차대차 - 측면충돌,교차로운행방법위반,건조,맑음,교차로 - 교차로안,건설기계,남,41세,기타불명,승용,남,45세,경상
2018080300100349,2018년 8월 3일 15시,금요일,대구광역시 달서구 송현동,경상사고,0,0,1,0,차대사람 - 횡단중,보행자보호의무위반,건조,맑음,기타 - 기타,승용,여,48세,상해없음,보행자,남,47세,경상
2018080300100350,2018년 8월 3일 15시,금요일,대구광역시 서구 평리동,중상사고,0,1,0,0,차대차 - 측면충돌,안전운전불이행,건조,맑음,단일로 - 기타,건설기계,남,52세,상해없음,이륜,남,19세,중상
2018080300100390,2018년 8월 3일 16시,금요일,대구광역시 동구 효목동,경상사고,0,0,2,0,차대차 - 추돌,안전거리미확보,건조,맑음,교차로 - 교차로부근,승용,남,36세,상해없음,승용,남,64세,경상
2018080300100391,2018년 8월 3일 16시,금요일,대구광역시 수성구 수성동2가,경상사고,0,0,1,0,차대차 - 측면충돌,안전운전불이행,건조,맑음,교차로 - 교차로안,승용,여,73세,상해없음,승용,남,57세,경상
2018080300100392,2018년 8월 3일 16시,금요일,대구광역시 달서구 이곡동,경상사고,0,0,2,0,차대사람 - 횡단중,신호위반,건조,맑음,교차로 - 교차로횡단보도내,이륜,남,24세,경상,보행자,남,46세,경상
2018080300100430,2018년 8월 3일 17시,금요일,대구광역시 달서구 용산동,경상사고,0,0,1,0,차대차 - 추돌,안전거리미확보,건조,맑음,단일로 - 기타,승용,남,50세,상해없음,승용,남,38세,경상
2018080300100472,2018년 8월 3일 18시,금요일,대구광역시 중구 공평동,경상사고,0,0,2,0,차대차 - 추돌,안전운전불이행,건조,맑음,단일로 - 기타,승용,남,58세,기타불명,승용,남,40세,경상
2018080300100473,2018년 8월 3일 18시,금요일,대구광역시 달서구 신당동,경상사고,0,0,1,2,차대차 - 추돌,안전거리미확보,건조,맑음,단일로 - 기타,승합,남,47세,경상,승용,남,36세,부상신고
2018080300100474,2018년 8월 3일 18시,금요일,대구광역시 달서구 용산동,중상사고,0,1,0,0,차대차 - 측면충돌,안전거리미확보,건조,맑음,단일로 - 기타,승용,남,43세,상해없음,승용,남,62세,중상
2018080300100508,2018년 8월 3일 19시,금요일,대구광역시 수성구 신매동,경상사고,0,0,3,2,차대차 - 추돌,안전운전불이행,건조,맑음,교차로 - 교차로부근,승용,남,28세,상해없음,승용,여,26세,경상
2018080300100509,2018년 8월 3일 19시,금요일,대구광역시 서구 평리동,경상사고,0,0,1,0,차대차 - 측면충돌,신호위반,건조,맑음,교차로 - 교차로안,승용,남,30세,상해없음,이륜,남,18세,경상
2018080300100510,2018년 8월 3일 19시,금요일,대구광역시 서구 내당동,중상사고,0,1,0,0,차대차 - 측면충돌,신호위반,건조,맑음,단일로 - 기타,승용,여,56세,상해없음,이륜,남,40세,중상
2018080300100511,2018년 8월 3일 19시,금요일,대구광역시 북구 태전동,중상사고,0,1,1,0,차대차 - 기타,기타,건조,맑음,단일로 - 기타,화물,남,37세,중상,승용,여,24세,경상
2018080300100538,2018년 8월 3일 20시,금요일,대구광역시 달성군 옥포읍,경상사고,0,0,3,0,차대차 - 추돌,안전운전불이행,건조,맑음,단일로 - 기타,승용,남,59세,상해없음,승용,남,67세,경상
2018080300100543,2018년 8월 3일 20시,금요일,대구광역시 남구 대명동,경상사고,0,0,2,1,차대차 - 측면충돌,교차로운행방법위반,건조,맑음,교차로 - 교차로안,승용,남,44세,경상,승용,여,51세,경상
2018080300100544,2018년 8월 3일 20시,금요일,대구광역시 달서구 감삼동,경상사고,0,0,3,1,차대차 - 기타,교차로운행방법위반,건조,기타,교차로 - 교차로안,승용,여,45세,상해없음,승용,남,28세,경상
2018080300100571,2018년 8월 3일 21시,금요일,대구광역시 달서구 상인동,경상사고,0,0,1,0,차대사람 - 기타,안전운전불이행,건조,맑음,단일로 - 기타,승용,남,63세,상해없음,보행자,남,31세,경상
2018080300100572,2018년 8월 3일 21시,금요일,대구광역시 달서구 상인동,경상사고,0,0,3,0,차대차 - 측면충돌,교차로운행방법위반,건조,맑음,교차로 - 교차로부근,승용,남,19세,상해없음,승용,남,21세,경상
2018080300100573,2018년 8월 3일 21시,금요일,대구광역시 북구 복현동,부상신고사고,0,0,0,1,차대차 - 정면충돌,안전운전불이행,건조,맑음,단일로 - 기타,자전거,남,50세,부상신고,화물,남,59세,상해없음
2018080300100574,2018년 8월 3일 21시,금요일,대구광역시 북구 산격동,중상사고,0,1,0,0,차대차 - 측면충돌,안전운전불이행,건조,맑음,단일로 - 기타,원동기,여,49세,중상,승용,여,45세,상해없음
2018080300100575,2018년 8월 3일 21시,금요일,대구광역시 달서구 신당동,중상사고,0,1,0,0,차대차 - 정면충돌,신호위반,건조,맑음,교차로 - 교차로안,승용,남,59세,상해없음,이륜,남,38세,중상
2018080300100608,2018년 8월 3일 22시,금요일,대구광역시 수성구 황금동,중상사고,0,1,0,0,차대사람 - 기타,안전운전불이행,건조,맑음,단일로 - 기타,승용,여,68세,상해없음,보행자,남,58세,중상
2018080300100609,2018년 8월 3일 22시,금요일,대구광역시 달서구 송현동,경상사고,0,0,2,0,차대차 - 추돌,안전운전불이행,건조,맑음,단일로 - 기타,승용,여,44세,상해없음,승용,남,59세,경상
2018080300100610,2018년 8월 3일 22시,금요일,대구광역시 달서구 성당동,경상사고,0,0,1,0,차대차 - 기타,안전거리미확보,건조,맑음,단일로 - 기타,승용,남,38세,상해없음,이륜,남,20세,경상
2018080300100629,2018년 8월 3일 23시,금요일,대구광역시 달서구 송현동,중상사고,0,1,1,0,차대차 - 측면충돌,신호위반,건조,맑음,교차로 - 교차로안,승용,남,31세,상해없음,승용,남,34세,중상
2018080300100630,2018년 8월 3일 23시,금요일,대구광역시 북구 노원동2가,중상사고,0,1,0,0,차대차 - 측면충돌,안전운전불이행,건조,맑음,교차로 - 교차로부근,승용,남,65세,상해없음,승용,남,59세,중상
2018080300100631,2018년 8월 3일 23시,금요일,대구광역시 달서구 감삼동,경상사고,0,0,4,0,차대차 - 기타,안전운전불이행,건조,기타,단일로 - 기타,승용,여,26세,상해없음,승용,남,61세,경상
2018080300100632,2018년 8월 3일 23시,금요일,대구광역시 북구 서변동,경상사고,0,0,1,0,차대차 - 측면충돌,교차로운행방법위반,건조,맑음,교차로 - 교차로안,승용,남,45세,상해없음,승용,남,49세,경상
2018080400100020,2018년 8월 4일 00시,토요일,대구광역시 북구 읍내동,경상사고,0,0,2,0,차대차 - 추돌,안전운전불이행,건조,맑음,단일로 - 기타,승용,남,59세,상해없음,승용,남,65세,경상
2018080400100034,2018년 8월 4일 01시,토요일,대구광역시 동구 지저동,경상사고,0,0,1,0,차대차 - 측면충돌,안전운전불이행,건조,맑음,단일로 - 기타,승용,남,30세,경상,승용,남,47세,상해없음
2018080400100035,2018년 8월 4일 01시,토요일,대구광역시 수성구 매호동,경상사고,0,0,1,0,차대차 - 추돌,교차로운행방법위반,건조,맑음,교차로 - 교차로안,승용,남,32세,상해없음,개인형이동수단(PM),남,37세,경상
2018080400100052,2018년 8월 4일 02시,토요일,대구광역시 동구 율하동,경상사고,0,0,2,0,차대차 - 측면충돌,신호위반,건조,맑음,교차로 - 교차로안,승용,남,49세,상해없음,승용,남,37세,경상
2018080400100053,2018년 8월 4일 02시,토요일,대구광역시 동구 용계동,경상사고,0,0,1,0,차대차 - 측면충돌,안전운전불이행,건조,맑음,교차로 - 교차로부근,승용,남,30세,상해없음,승용,남,55세,상해없음
2018080400100060,2018년 8월 4일 03시,토요일,대구광역시 수성구 수성동4가,경상사고,0,0,1,0,차대사람 - 횡단중,안전운전불이행,건조,맑음,교차로 - 교차로안,승용,남,58세,상해없음,보행자,남,29세,경상
2018080400100061,2018년 8월 4일 03시,토요일,대구광역시 달서구 이곡동,중상사고,0,1,0,0,차대사람 - 기타,안전운전불이행,건조,맑음,단일로 - 기타,승용,남,60세,상해없음,보행자,남,56세,중상
2018080400100079,2018년 8월 4일 04시,토요일,대구광역시 수성구 범어동,중상사고,0,1,0,0,차대사람 - 횡단중,신호위반,건조,맑음,단일로 - 기타,이륜,남,14세,상해없음,보행자,여,64세,중상
2018080400100080,2018년 8월 4일 04시,토요일,대구광역시 서구 내당동,사망사고,1,0,0,0,차량단독 - 공작물충돌,안전운전불이행,건조,맑음,단일로 - 기타,이륜,남,29세,사망,,,,
2018080400100118,2018년 8월 4일 07시,토요일,대구광역시 북구 칠성동1가,경상사고,0,0,1,0,차대사람 - 기타,안전운전불이행,건조,맑음,단일로 - 기타,승합,남,60세,상해없음,보행자,남,40세,경상
2018080400100119,2018년 8월 4일 07시,토요일,대구광역시 북구 관음동,경상사고,0,0,4,0,차대차 - 측면충돌,직진우회전진행방해,건조,맑음,교차로 - 교차로안,화물,남,54세,경상,승용,여,43세,경상
2018080400100141,2018년 8월 4일 08시,토요일,대구광역시 수성구 중동,중상사고,0,1,1,0,차대차 - 기타,과속,건조,맑음,교차로 - 교차로횡단보도내,승용,남,27세,경상,이륜,남,68세,중상
2018080400100142,2018년 8월 4일 08시,토요일,대구광역시 달서구 호산동,경상사고,0,0,2,0,차대차 - 기타,안전거리미확보,건조,맑음,교차로 - 교차로안,승용,남,49세,경상,승용,남,33세,경상
2018080400100160,2018년 8월 4일 09시,토요일,대구광역시 동구 신암동,경상사고,0,0,1,0,차대차 - 측면충돌,신호위반,건조,맑음,단일로 - 기타,승용,남,67세,상해없음,승용,여,36세,경상
2018080400100161,2018년 8월 4일 09시,토요일,대구광역시 달서구 이곡동,경상사고,0,0,2,0,차대차 - 측면충돌,안전운전불이행,건조,맑음,기타 - 기타,승용,남,33세,상해없음,이륜,남,19세,경상
2018080400100187,2018년 8월 4일 10시,토요일,대구광역시 남구 대명동,경상사고,0,0,3,0,차대차 - 측면충돌,차로위반,건조,맑음,단일로 - 기타,승용,남,23세,경상,승용,남,19세,경상
2018080400100188,2018년 8월 4일 10시,토요일,대구광역시 서구 내당동,경상사고,0,0,1,0,차대차 - 측면충돌,안전거리미확보,건조,맑음,단일로 - 기타,화물,남,77세,상해없음,이륜,남,51세,경상
2018080400100189,2018년 8월 4일 10시,토요일,대구광역시 서구 평리동,경상사고,0,0,1,0,차대차 - 측면충돌,안전운전불이행,건조,맑음,단일로 - 기타,승용,남,51세,상해없음,승용,여,51세,경상
2018080400100190,2018년 8월 4일 10시,토요일,대구광역시 북구 읍내동,중상사고,0,1,1,0,차대차 - 기타,안전운전불이행,건조,맑음,기타 - 기타,승용,남,49세,상해없음,승용,남,51세,경상
2018080400100217,2018년 8월 4일 11시,토요일,대구광역시 달성군 화원읍,중상사고,0,1,0,0,차대차 - 기타,안전운전불이행,건조,맑음,단일로 - 기타,승용,남,62세,상해없음,화물,남,57세,기타불명
2018080400100244,2018년 8월 4일 12시,토요일,대구광역시 동구 불로동,경상사고,0,0,2,0,차대차 - 추돌,안전운전불이행,건조,맑음,단일로 - 기타,승용,남,56세,상해없음,승용,여,58세,경상
2018080400100275,2018년 8월 4일 13시,토요일,대구광역시 북구 산격동,경상사고,0,0,1,0,차대차 - 측면충돌,안전운전불이행,건조,맑음,교차로 - 교차로부근,승용,남,64세,상해없음,승용,여,37세,경상
2018080400100276,2018년 8월 4일 13시,토요일,대구광역시 서구 비산동,중상사고,0,1,0,0,차대사람 - 기타,안전운전불이행,건조,맑음,단일로 - 기타,승용,남,30세,상해없음,보행자,남,42세,중상