사고번호,사고일시,요일,시군구,사고내용,사망자수,중상자수,경상자수,부상신고자수,사고유형,법규위반,노면상태,기상상태,도로형태,가해운전자 차종,가해운전자 성별,가해운전자 연령,가해운전자 상해정도,피해운전자 차종,피해운전자 성별,피해운전자 연령,피해운전자 상해정도
2018080400100305,2018년 8월 4일 14시,토요일,대구광역시 동구 신천동,경상사고,0,0,1,0,차대차 - 측면충돌,안전운전불이행,건조,맑음,단일로 - 기타,승용,남,57세,상해없음,승용,남,30세,경상
2018080400100331,2018년 8월 4일 15시,토요일,대구광역시 달서구 신당동,중상사고,0,1,3,0,차대차 - 기타,신호위반,건조,맑음,교차로 - 교차로안,승용,여,51세,상해없음,승용,남,36세,중상
2018080400100361,2018년 8월 4일 16시,토요일,대구광역시 중구 태평로2가,경상사고,0,0,1,0,차대차 - 추돌,안전운전불이행,건조,맑음,단일로 - 기타,승용,여,57세,상해없음,승용,남,24세,경상
2018080400100391,2018년 8월 4일 17시,토요일,대구광역시 동구 봉무동,경상사고,0,0,2,0,차대차 - 측면충돌,중앙선침범,건조,맑음,단일로 - 기타,승용,여,55세,상해없음,승용,남,48세,경상
2018080400100392,2018년 8월 4일 17시,토요일,대구광역시 북구 고성동2가,경상사고,0,0,1,0,차대차 - 측면충돌,신호위반,건조,맑음,교차로 - 교차로안,이륜,남,82세,경상,승용,남,65세,상해없음
2018080400100451,2018년 8월 4일 19시,토요일,대구광역시 달서구 상인동,중상사고,0,1,0,0,차대차 - 측면충돌,안전거리미확보,건조,맑음,단일로 - 기타,승용,여,28세,상해없음,승용,남,37세,상해없음
2018080400100452,2018년 8월 4일 19시,토요일,대구광역시 서구 평리동,경상사고,0,0,1,0,차대사람 - 기타,안전운전불이행,건조,맑음,단일로 - 기타,승용,남,55세,상해없음,보행자,여,15세,경상
2018080400100453,2018년 8월 4일 19시,토요일,대구광역시 북구 태전동,중상사고,0,1,0,0,차대차 - 측면충돌,신호위반,건조,맑음,교차로 - 교차로안,승용,남,58세,상해없음,자전거,여,59세,중상
2018080400100480,2018년 8월 4일 20시,토요일,대구광역시 남구 대명동,경상사고,0,0,3,0,차대차 - 측면충돌,중앙선침범,건조,맑음,기타 - 기타,승용,여,58세,상해없음,승용,남,55세,경상
2018080400100481,2018년 8월 4일 20시,토요일,대구광역시 수성구 만촌동,중상사고,0,1,0,0,차대차 - 측면충돌,안전거리미확보,건조,맑음,단일로 - 기타,승용,남,22세,상해없음,승용,여,58세,중상
2018080400100482,2018년 8월 4일 20시,토요일,대구광역시 서구 이현동,경상사고,0,0,1,1,차대차 - 측면충돌,안전운전불이행,건조,맑음,단일로 - 기타,승용,여,60세,부상신고,승용,여,27세,경상
2018080400100483,2018년 8월 4일 20시,토요일,대구광역시 달서구 이곡동,경상사고,0,0,1,0,차대차 - 측면충돌,차로위반,건조,맑음,단일로 - 기타,승용,남,29세,상해없음,이륜,남,24세,경상
2018080400100509,2018년 8월 4일 21시,토요일,대구광역시 남구 봉덕동,경상사고,0,0,1,0,차대차 - 추돌,안전운전불이행,건조,맑음,단일로 - 기타,승용,남,25세,상해없음,승용,남,46세,상해없음
2018080500100035,2018년 8월 5일 02시,일요일,대구광역시 동구 신암동,경상사고,0,0,1,0,차대차 - 추돌,안전운전불이행,건조,맑음,교차로 - 교차로부근,승용,남,35세,상해없음,승용,남,69세,경상
2018080500100050,2018년 8월 5일 03시,일요일,대구광역시 동구 율하동,중상사고,0,1,2,0,차대차 - 측면충돌,안전운전불이행,건조,맑음,교차로 - 교차로부근,승용,남,25세,기타불명,원동기,남,17세,중상
2018080500100051,2018년 8월 5일 03시,일요일,대구광역시 서구 내당동,경상사고,0,0,1,0,차대차 - 추돌,안전운전불이행,건조,맑음,단일로 - 기타,승용,남,22세,상해없음,승용,남,45세,경상
2018080500100062,2018년 8월 5일 04시,일요일,대구광역시 중구 수동,중상사고,0,1,0,0,차대차 - 측면충돌,교차로운행방법위반,건조,맑음,교차로 - 교차로안,승용,남,30세,상해없음,승용,남,64세,중상
2018080500100147,2018년 8월 5일 10시,일요일,대구광역시 수성구 범어동,중상사고,0,1,0,0,차대차 - 추돌,안전거리미확보,건조,맑음,교차로 - 교차로안,이륜,남,20세,상해없음,승용,남,56세,상해없음
2018080500100148,2018년 8월 5일 10시,일요일,대구광역시 수성구 범어동,부상신고사고,0,0,0,1,차량단독 - 전도전복 - 전도,안전거리미확보,젖음/습기,맑음,단일로 - 기타,이륜,남,17세,부상신고,미분류,미분류,미분류,미분류
2018080500100149,2018년 8월 5일 10시,일요일,대구광역시 달서구 상인동,중상사고,0,1,2,0,차대차 - 추돌,안전운전불이행,건조,맑음,단일로 - 기타,승용,남,48세,상해없음,승용,여,61세,중상
2018080500100191,2018년 8월 5일 12시,일요일,대구광역시 남구 대명동,경상사고,0,0,1,0,차대차 - 측면충돌,안전거리미확보,건조,맑음,단일로 - 기타,승용,남,25세,상해없음,이륜,남,38세,경상
2018080500100283,2018년 8월 5일 15시,일요일,대구광역시 달서구 송현동,경상사고,0,0,1,1,차대차 - 추돌,안전거리미확보,건조,맑음,단일로 - 기타,승용,남,68세,상해없음,승용,남,66세,경상
2018080500100284,2018년 8월 5일 15시,일요일,대구광역시 달서구 이곡동,경상사고,0,0,1,0,차대차 - 기타,안전운전불이행,건조,맑음,교차로 - 교차로안,승용,여,53세,상해없음,승합,남,53세,경상
2018080500100345,2018년 8월 5일 17시,일요일,대구광역시 남구 대명동,경상사고,0,0,2,0,차대차 - 추돌,안전운전불이행,건조,맑음,단일로 - 기타,승용,남,40세,상해없음,승용,남,61세,경상
2018080500100346,2018년 8월 5일 17시,일요일,대구광역시 북구 매천동,부상신고사고,0,0,0,2,차대차 - 기타,안전거리미확보,건조,맑음,단일로 - 고가도로위,이륜,남,23세,부상신고,자전거,남,19세,부상신고
2018080500100397,2018년 8월 5일 19시,일요일,대구광역시 수성구 신매동,경상사고,0,0,1,0,차대사람 - 횡단중,보행자보호의무위반,건조,맑음,교차로 - 교차로횡단보도내,승용,여,41세,상해없음,보행자,여,18세,경상
2018080500100398,2018년 8월 5일 19시,일요일,대구광역시 중구 남산동,경상사고,0,0,1,1,차대차 - 추돌,안전거리미확보,젖음/습기,맑음,단일로 - 기타,승용,여,26세,상해없음,승용,남,61세,부상신고
2018080500100425,2018년 8월 5일 20시,일요일,대구광역시 서구 내당동,경상사고,0,0,1,0,차대차 - 측면충돌,안전거리미확보,젖음/습기,맑음,단일로 - 기타,승합,남,54세,상해없음,이륜,남,21세,경상
2018080500100452,2018년 8월 5일 21시,일요일,대구광역시 수성구 중동,경상사고,0,0,2,1,차대차 - 측면충돌,신호위반,건조,맑음,교차로 - 교차로안,승용,여,42세,상해없음,승용,남,28세,경상
2018080500100453,2018년 8월 5일 21시,일요일,대구광역시 수성구 두산동,중상사고,0,1,0,0,차대차 - 측면충돌,직진우회전진행방해,건조,맑음,교차로 - 교차로안,승용,남,66세,상해없음,승용,남,27세,중상
2018080500100454,2018년 8월 5일 21시,일요일,대구광역시 달서구 이곡동,경상사고,0,0,1,0,차대차 - 기타,교차로운행방법위반,건조,맑음,교차로 - 교차로안,승용,남,19세,상해없음,승용,남,32세,경상
2018080600100006,2018년 8월 6일 00시,월요일,대구광역시 북구 학정동,부상신고사고,0,0,0,1,차량단독 - 공작물충돌,기타,건조,맑음,기타 - 기타,승용,남,38세,부상신고,,,,
2018080600100025,2018년 8월 6일 03시,월요일,대구광역시 남구 대명동,경상사고,0,0,1,0,차대차 - 측면충돌,차로위반,건조,맑음,기타 - 기타,승용,남,27세,상해없음,승용,남,59세,경상
2018080600100034,2018년 8월 6일 04시,월요일,대구광역시 달서구 두류동,부상신고사고,0,0,0,1,차대차 - 측면충돌,안전운전불이행,건조,맑음,교차로 - 교차로부근,기타불명,기타불명,미분류,기타불명,개인형이동수단(PM),남,37세,부상신고
2018080600100040,2018년 8월 6일 05시,월요일,대구광역시 수성구 범어동,경상사고,0,0,6,0,차대차 - 정면충돌,신호위반,건조,맑음,교차로 - 교차로안,승용,여,54세,경상,승용,남,63세,경상
2018080600100041,2018년 8월 6일 05시,월요일,대구광역시 북구 태전동,경상사고,0,0,1,0,차대차 - 측면충돌,안전운전불이행,건조,맑음,단일로 - 기타,화물,남,55세,상해없음,승용,남,34세,경상
2018080600100053,2018년 8월 6일 06시,월요일,대구광역시 수성구 만촌동,중상사고,0,2,0,0,차대차 - 정면충돌,안전운전불이행,건조,맑음,교차로 - 교차로안,승용,남,59세,상해없음,승용,남,77세,중상
2018080600100065,2018년 8월 6일 07시,월요일,대구광역시 달서구 상인동,경상사고,0,0,1,0,차대차 - 정면충돌,중앙선침범,건조,맑음,교차로 - 교차로부근,승용,여,58세,상해없음,승용,여,33세,경상
2018080600100066,2018년 8월 6일 07시,월요일,대구광역시 북구 노원동3가,경상사고,0,0,1,0,차대차 - 측면충돌,신호위반,건조,맑음,교차로 - 교차로부근,화물,남,52세,상해없음,승용,여,35세,경상
2018080600100085,2018년 8월 6일 08시,월요일,대구광역시 서구 상리동,경상사고,0,0,1,0,차대차 - 측면충돌,안전운전불이행,건조,맑음,단일로 - 기타,승합,남,70세,상해없음,승용,여,38세,경상
2018080600100088,2018년 8월 6일 08시,월요일,대구광역시 서구 중리동,경상사고,0,0,1,0,차대차 - 측면충돌,안전운전불이행,건조,맑음,교차로 - 교차로부근,승용,여,43세,상해없음,자전거,남,81세,경상
2018080600100089,2018년 8월 6일 08시,월요일,대구광역시 달서구 용산동,경상사고,0,0,3,0,차대차 - 추돌,안전운전불이행,건조,맑음,교차로 - 교차로부근,승용,여,28세,상해없음,승용,남,40세,경상
2018080600100129,2018년 8월 6일 09시,월요일,대구광역시 달서구 두류동,경상사고,0,0,1,0,차대사람 - 차도통행중,안전운전불이행,건조,맑음,단일로 - 기타,승용,여,51세,상해없음,보행자,여,60세,경상
2018080600100156,2018년 8월 6일 10시,월요일,대구광역시 수성구 만촌동,중상사고,0,1,0,0,차대차 - 정면충돌,안전운전불이행,건조,맑음,교차로 - 교차로부근,승합,남,27세,상해없음,자전거,남,43세,중상
2018080600100195,2018년 8월 6일 11시,월요일,대구광역시 수성구 두산동,중상사고,0,1,0,0,차대사람 - 횡단중,안전운전불이행,건조,맑음,교차로 - 교차로횡단보도내,승용,여,25세,상해없음,보행자,여,90세 이상,중상
2018080600100196,2018년 8월 6일 11시,월요일,대구광역시 달서구 상인동,경상사고,0,0,1,0,차대차 - 추돌,안전운전불이행,건조,맑음,단일로 - 기타,승용,여,43세,상해없음,승용,여,33세,경상
2018080600100197,2018년 8월 6일 11시,월요일,대구광역시 달성군 현풍읍,경상사고,0,0,1,0,차대차 - 추돌,안전운전불이행,건조,맑음,교차로 - 교차로부근,화물,남,58세,경상,건설기계,남,48세,상해없음
2018080600100236,2018년 8월 6일 12시,월요일,대구광역시 달성군 논공읍,경상사고,0,0,2,0,차대차 - 측면충돌,교차로운행방법위반,건조,맑음,교차로 - 교차로안,승용,남,31세,경상,승용,남,46세,경상
2018080600100237,2018년 8월 6일 12시,월요일,대구광역시 중구 대신동,경상사고,0,0,3,0,차대차 - 기타,안전운전불이행,건조,맑음,교차로 - 교차로안,화물,남,58세,상해없음,승용,여,69세,경상
2018080600100260,2018년 8월 6일 13시,월요일,대구광역시 동구 신암동,경상사고,0,0,1,0,차대차 - 측면충돌,안전운전불이행,건조,맑음,교차로 - 교차로부근,승용,남,73세,상해없음,승용,남,70세,경상
2018080600100261,2018년 8월 6일 13시,월요일,대구광역시 동구 율하동,중상사고,0,1,0,0,차대사람 - 횡단중,보행자보호의무위반,건조,맑음,단일로 - 기타,이륜,남,38세,상해없음,보행자,남,60세,중상
2018080600100262,2018년 8월 6일 13시,월요일,대구광역시 달성군 다사읍,중상사고,0,1,0,0,차대사람 - 보도통행중,기타,건조,맑음,단일로 - 기타,이륜,남,49세,상해없음,보행자,여,6세,중상
2018080600100263,2018년 8월 6일 13시,월요일,대구광역시 달성군 다사읍,경상사고,0,0,2,0,차대차 - 기타,안전운전불이행,건조,맑음,교차로 - 교차로안,화물,남,36세,상해없음,승용,여,37세,경상
2018080600100264,2018년 8월 6일 13시,월요일,대구광역시 달서구 파호동,경상사고,0,0,2,0,차대차 - 정면충돌,교차로운행방법위반,건조,맑음,교차로 - 교차로안,승용,남,56세,상해없음,이륜,남,21세,경상
2018080600100320,2018년 8월 6일 15시,월요일,대구광역시 북구 침산동,경상사고,0,0,1,0,차대사람 - 횡단중,기타,건조,맑음,단일로 - 기타,승용,남,75세,상해없음,보행자,남,6세,경상
2018080600100321,2018년 8월 6일 15시,월요일,대구광역시 서구 평리동,부상신고사고,0,0,0,1,차대사람 - 보도통행중,기타,건조,맑음,단일로 - 기타,기타불명,기타불명,미분류,기타불명,보행자,여,5세,부상신고
2018080600100373,2018년 8월 6일 16시,월요일,대구광역시 달서구 월성동,경상사고,0,0,1,0,차대사람 - 횡단중,신호위반,건조,맑음,단일로 - 기타,승용,여,40세,상해없음,보행자,여,6세,경상
2018080600100374,2018년 8월 6일 16시,월요일,대구광역시 달성군 화원읍,중상사고,0,1,0,0,차대차 - 측면충돌,안전운전불이행,건조,맑음,단일로 - 기타,이륜,남,57세,중상,승용,남,43세,상해없음
2018080600100375,2018년 8월 6일 16시,월요일,대구광역시 북구 침산동,중상사고,0,1,1,0,차대차 - 측면충돌,안전거리미확보,건조,맑음,단일로 - 기타,승용,여,39세,상해없음,이륜,남,19세,중상
2018080600100411,2018년 8월 6일 17시,월요일,대구광역시 수성구 지산동,중상사고,0,1,0,0,차대사람 - 횡단중,보행자보호의무위반,건조,맑음,교차로 - 교차로부근,승용,남,49세,상해없음,보행자,여,67세,중상
2018080600100412,2018년 8월 6일 17시,월요일,대구광역시 수성구 범어동,경상사고,0,0,2,0,차대차 - 추돌,교차로운행방법위반,건조,맑음,교차로 - 교차로부근,승용,남,59세,상해없음,승용,남,26세,경상
2018080600100457,2018년 8월 6일 18시,월요일,대구광역시 동구 신천동,경상사고,0,0,1,0,차대차 - 추돌,직진우회전진행방해,건조,맑음,교차로 - 교차로안,이륜,남,20세,상해없음,승용,남,32세,상해없음
2018080600100458,2018년 8월 6일 18시,월요일,대구광역시 수성구 범어동,중상사고,0,1,0,0,차대사람 - 보도통행중,보행자보호의무위반,건조,맑음,단일로 - 기타,승용,여,37세,상해없음,보행자,여,75세,중상
2018080600100459,2018년 8월 6일 18시,월요일,대구광역시 수성구 수성동1가,경상사고,0,0,1,0,차대사람 - 보도통행중,기타,건조,맑음,단일로 - 기타,기타불명,기타불명,미분류,기타불명,보행자,여,21세,경상
2018080600100460,2018년 8월 6일 18시,월요일,대구광역시 북구 서변동,경상사고,0,0,3,0,차대차 - 측면충돌,안전거리미확보,건조,맑음,교차로 - 교차로부근,승용,남,55세,경상,승용,남,30세,경상
2018080600100461,2018년 8월 6일 18시,월요일,대구광역시 북구 서변동,경상사고,0,0,3,0,차대차 - 추돌,안전거리미확보,건조,맑음,교차로 - 교차로부근,승용,남,22세,경상,승용,남,48세,경상
2018080600100483,2018년 8월 6일 19시,월요일,대구광역시 달서구 상인동,경상사고,0,0,1,0,차대차 - 기타,교차로운행방법위반,건조,맑음,교차로 - 교차로안,승용,남,50세,상해없음,이륜,남,19세,경상
2018080600100511,2018년 8월 6일 20시,월요일,대구광역시 달성군 다사읍,경상사고,0,0,3,0,차대차 - 추돌,안전운전불이행,건조,맑음,단일로 - 기타,승용,여,43세,상해없음,승용,남,35세,경상
2018080600100535,2018년 8월 6일 21시,월요일,대구광역시 달성군 구지면,경상사고,0,0,1,0,차대사람 - 기타,보행자보호의무위반,건조,맑음,교차로 - 교차로안,승용,남,52세,상해없음,보행자,남,55세,경상
2018080600100536,2018년 8월 6일 21시,월요일,대구광역시 달성군 논공읍,경상사고,0,0,1,0,차대사람 - 기타,안전운전불이행,건조,맑음,기타 - 기타,기타불명,기타불명,미분류,기타불명,보행자,남,17세,경상
2018080600100537,2018년 8월 6일 21시,월요일,대구광역시 달성군 다사읍,경상사고,0,0,1,0,차대사람 - 기타,안전운전불이행,건조,맑음,단일로 - 기타,원동기,남,19세,상해없음,보행자,남,40세,경상
2018080600100538,2018년 8월 6일 21시,월요일,대구광역시 중구 대신동,경상사고,0,0,1,0,차대차 - 측면충돌,교차로운행방법위반,젖음/습기,비,교차로 - 교차로안,승용,남,29세,상해없음,원동기,남,43세,경상
2018080600100539,2018년 8월 6일 21시,월요일,대구광역시 남구 대명동,중상사고,0,1,0,0,차대사람 - 횡단중,안전운전불이행,젖음/습기,비,단일로 - 기타,승용,남,59세,상해없음,보행자,남,44세,중상
2018080600100540,2018년 8월 6일 21시,월요일,대구광역시 달서구 이곡동,중상사고,0,1,0,0,차대차 - 측면충돌,안전운전불이행,젖음/습기,비,단일로 - 기타,승용,남,52세,상해없음,자전거,남,59세,중상
2018080600100557,2018년 8월 6일 22시,월요일,대구광역시 달서구 월성동,경상사고,0,0,1,0,차대사람 - 횡단중,안전운전불이행,건조,맑음,단일로 - 기타,승용,여,41세,상해없음,보행자,여,23세,경상
2018080600100558,2018년 8월 6일 22시,월요일,대구광역시 달성군 다사읍,경상사고,0,0,1,0,차대차 - 기타,직진우회전진행방해,건조,맑음,교차로 - 교차로안,승용,남,38세,상해없음,승용,남,51세,경상
2018080600100559,2018년 8월 6일 22시,월요일,대구광역시 달서구 성당동,경상사고,0,0,2,0,차대차 - 측면충돌,안전운전불이행,젖음/습기,비,교차로 - 교차로부근,승용,남,62세,상해없음,승용,남,57세,경상
2018080700100010,2018년 8월 7일 00시,화요일,대구광역시 북구 태전동,경상사고,0,0,1,0,차대차 - 추돌,안전운전불이행,건조,맑음,교차로 - 교차로부근,승용,남,29세,상해없음,승용,남,58세,경상
2018080700100019,2018년 8월 7일 01시,화요일,대구광역시 수성구 시지동,사망사고,1,0,0,0,차대사람 - 횡단중,안전운전불이행,건조,맑음,단일로 - 기타,화물,남,43세,상해없음,보행자,여,26세,사망
2018080700100060,2018년 8월 7일 06시,화요일,대구광역시 동구 신암동,경상사고,0,0,2,0,차대차 - 측면충돌,신호위반,건조,맑음,교차로 - 교차로안,승합,남,31세,상해없음,승용,남,27세,경상
2018080700100077,2018년 8월 7일 07시,화요일,대구광역시 동구 방촌동,경상사고,0,0,1,0,차대차 - 측면충돌,안전운전불이행,건조,맑음,단일로 - 기타,자전거,남,28세,상해없음,자전거,남,68세,경상
2018080700100108,2018년 8월 7일 08시,화요일,대구광역시 달서구 호산동,중상사고,0,1,0,0,차대차 - 기타,직진우회전진행방해,건조,맑음,교차로 - 교차로안,승용,남,32세,상해없음,이륜,남,56세,중상
2018080700100109,2018년 8월 7일 08시,화요일,대구광역시 북구 관음동,경상사고,0,0,1,0,차대차 - 추돌,안전거리미확보,건조,맑음,단일로 - 기타,화물,남,45세,상해없음,승용,남,30세,경상
2018080700100139,2018년 8월 7일 09시,화요일,대구광역시 중구 삼덕동2가,경상사고,0,0,1,0,차대사람 - 기타,안전운전불이행,건조,맑음,단일로 - 기타,승용,여,59세,상해없음,보행자,여,37세,경상
2018080700100140,2018년 8월 7일 09시,화요일,대구광역시 중구 삼덕동3가,경상사고,0,0,1,0,차대차 - 측면충돌,안전거리미확보,건조,맑음,단일로 - 기타,승용,남,43세,상해없음,승용,남,55세,경상
2018080700100169,2018년 8월 7일 10시,화요일,대구광역시 수성구 수성동1가,경상사고,0,0,1,0,차대차 - 추돌,안전운전불이행,건조,맑음,교차로 - 교차로부근,승용,여,42세,상해없음,승용,남,70세,경상
2018080700100170,2018년 8월 7일 10시,화요일,대구광역시 북구 침산동,중상사고,0,1,0,0,차대차 - 측면충돌,안전운전불이행,건조,맑음,교차로 - 교차로부근,화물,남,70세,상해없음,자전거,남,75세,중상
2018080700100171,2018년 8월 7일 10시,화요일,대구광역시 서구 비산동,경상사고,0,0,1,0,차대차 - 기타,기타,건조,맑음,교차로 - 교차로부근,승용,남,62세,상해없음,자전거,여,31세,경상
2018080700100173,2018년 8월 7일 10시,화요일,대구광역시 중구 대신동,경상사고,0,0,1,0,차대사람 - 기타,안전운전불이행,건조,맑음,단일로 - 기타,승용,남,54세,상해없음,보행자,여,75세,경상
2018080700100174,2018년 8월 7일 10시,화요일,대구광역시 북구 매천동,중상사고,0,1,0,0,차대차 - 측면충돌,안전운전불이행,건조,맑음,단일로 - 기타,화물,남,42세,상해없음,이륜,남,38세,중상
2018080700100203,2018년 8월 7일 11시,화요일,대구광역시 달서구 호산동,경상사고,0,0,1,0,차대차 - 추돌,안전거리미확보,건조,맑음,단일로 - 기타,승용,남,31세,상해없음,이륜,남,27세,경상
2018080700100241,2018년 8월 7일 12시,화요일,대구광역시 동구 신서동,경상사고,0,0,2,0,차대차 - 기타,안전운전불이행,건조,맑음,교차로 - 교차로부근,승용,여,59세,상해없음,이륜,남,30세,경상
2018080700100275,2018년 8월 7일 13시,화요일,대구광역시 남구 대명동,경상사고,0,0,1,0,차대차 - 추돌,안전거리미확보,건조,맑음,단일로 - 기타,승용,여,25세,상해없음,승용,여,47세,경상
2018080700100276,2018년 8월 7일 13시,화요일,대구광역시 수성구 연호동,부상신고사고,0,0,0,1,차대차 - 측면충돌,신호위반,건조,맑음,교차로 - 교차로안,이륜,남,23세,부상신고,승용,남,63세,상해없음
2018080700100308,2018년 8월 7일 14시,화요일,대구광역시 달서구 송현동,경상사고,0,0,1,0,차대차 - 측면충돌,안전운전불이행,건조,맑음,단일로 - 기타,승용,여,50세,상해없음,화물,남,49세,경상
2018080700100309,2018년 8월 7일 14시,화요일,대구광역시 달서구 감삼동,중상사고,0,1,0,0,차대차 - 측면충돌,안전운전불이행,건조,맑음,단일로 - 기타,이륜,남,51세,중상,승용,남,54세,상해없음
2018080700100377,2018년 8월 7일 16시,화요일,대구광역시 동구 방촌동,경상사고,0,0,1,0,차대차 - 기타,안전운전불이행,건조,맑음,단일로 - 기타,승용,여,60세,상해없음,승용,여,33세,경상
2018080700100378,2018년 8월 7일 16시,화요일,대구광역시 수성구 황금동,경상사고,0,0,1,0,차대차 - 후진중충돌,안전운전불이행,건조,맑음,교차로 - 교차로부근,승용,여,52세,상해없음,승용,남,23세,경상
2018080700100379,2018년 8월 7일 16시,화요일,대구광역시 달서구 본동,경상사고,0,0,1,0,차대차 - 추돌,안전거리미확보,건조,맑음,단일로 - 기타,승용,여,38세,상해없음,승용,남,32세,경상
2018080700100380,2018년 8월 7일 16시,화요일,대구광역시 달서구 월성동,경상사고,0,0,2,0,차대차 - 측면충돌,안전거리미확보,건조,맑음,단일로 - 기타,승용,여,53세,상해없음,승용,여,42세,경상
2018080700100381,2018년 8월 7일 16시,화요일,대구광역시 달서구 용산동,경상사고,0,0,1,0,차대차 - 측면충돌,안전거리미확보,건조,맑음,단일로 - 기타,화물,남,46세,상해없음,화물,남,64세,상해없음
2018080700100382,2018년 8월 7일 16시,화요일,대구광역시 북구 태전동,경상사고,0,0,2,0,차대차 - 추돌,안전운전불이행,건조,맑음,단일로 - 기타,승용,여,31세,상해없음,승용,여,43세,경상
2018080700100415,2018년 8월 7일 17시,화요일,대구광역시 남구 대명동,경상사고,0,0,1,0,차대차 - 측면충돌,안전운전불이행,건조,맑음,교차로 - 교차로부근,승용,남,26세,상해없음,이륜,여,32세,경상
2018080700100416,2018년 8월 7일 17시,화요일,대구광역시 동구 신암동,중상사고,0,1,1,0,차대차 - 추돌,안전운전불이행,건조,맑음,교차로 - 교차로부근,승용,남,68세,상해없음,승용,남,67세,중상
2018080700100417,2018년 8월 7일 17시,화요일,대구광역시 달성군 논공읍,경상사고,0,0,1,0,차대차 - 기타,안전운전불이행,건조,맑음,교차로 - 교차로부근,기타불명,기타불명,미분류,기타불명,승용,남,55세,경상
2018080700100463,2018년 8월 7일 18시,화요일,대구광역시 수성구 범어동,중상사고,0,1,0,0,차대차 - 측면충돌,안전운전불이행,건조,맑음,교차로 - 교차로부근,자전거,남,14세,상해없음,이륜,남,19세,중상
2018080700100524,2018년 8월 7일 20시,화요일,대구광역시 동구 동호동,경상사고,0,0,1,0,차대사람 - 횡단중,보행자보호의무위반,건조,맑음,교차로 - 교차로안,승용,남,63세,상해없음,보행자,여,61세,경상
2018080700100526,2018년 8월 7일 20시,화요일,대구광역시 북구 침산동,경상사고,0,0,2,0,차대차 - 추돌,안전운전불이행,건조,맑음,교차로 - 교차로부근,승용,남,62세,상해없음,승용,남,48세,경상
2018080700100548,2018년 8월 7일 21시,화요일,대구광역시 북구 읍내동,경상사고,0,0,1,0,차대차 - 기타,안전거리미확보,건조,맑음,단일로 - 기타,화물,남,58세,상해없음,승용,여,24세,경상
2018080700100573,2018년 8월 7일 22시,화요일,대구광역시 서구 비산동,경상사고,0,0,1,0,차대차 - 기타,신호위반,건조,맑음,단일로 - 기타,자전거,남,52세,경상,승용,남,44세,상해없음
2018080800100010,2018년 8월 8일 00시,수요일,대구광역시 수성구 수성동4가,경상사고,0,0,1,0,차대차 - 측면충돌,안전운전불이행,건조,맑음,단일로 - 기타,승용,남,29세,상해없음,이륜,남,34세,경상
2018080800100038,2018년 8월 8일 04시,수요일,대구광역시 수성구 황금동,경상사고,0,0,1,0,차대차 - 추돌,안전운전불이행,건조,맑음,교차로 - 교차로부근,승용,남,74세,상해없음,승용,여,65세,상해없음
2018080800100039,2018년 8월 8일 04시,수요일,대구광역시 중구 삼덕동2가,경상사고,0,0,1,0,차대차 - 측면충돌,안전거리미확보,건조,맑음,교차로 - 교차로부근,승용,남,36세,상해없음,승용,여,62세,경상
2018080800100046,2018년 8월 8일 05시,수요일,대구광역시 달서구 감삼동,중상사고,0,1,0,0,차대차 - 추돌,안전운전불이행,젖음/습기,맑음,단일로 - 기타,이륜,남,40세,상해없음,승용,남,52세,중상
2018080800100061,2018년 8월 8일 06시,수요일,대구광역시 달서구 월성동,중상사고,0,1,0,0,차대차 - 기타,안전운전불이행,건조,맑음,단일로 - 기타,자전거,여,82세,중상,승용,남,59세,기타불명
2018080800100078,2018년 8월 8일 07시,수요일,대구광역시 서구 평리동,경상사고,0,0,2,0,차대차 - 추돌,안전거리미확보,건조,맑음,단일로 - 기타,승용,남,50세,상해없음,승용,남,47세,경상
2018080800100079,2018년 8월 8일 07시,수요일,대구광역시 중구 동인동3가,경상사고,0,0,1,0,차대차 - 추돌,안전거리미확보,건조,맑음,교차로 - 교차로부근,승용,남,66세,상해없음,승용,여,63세,경상
2018080800100118,2018년 8월 8일 08시,수요일,대구광역시 동구 신암동,중상사고,0,1,0,0,차대차 - 측면충돌,안전운전불이행,건조,맑음,교차로 - 교차로횡단보도내,승합,남,45세,상해없음,자전거,남,82세,중상
2018080800100119,2018년 8월 8일 08시,수요일,대구광역시 수성구 만촌동,경상사고,0,0,1,0,차대차 - 측면충돌,안전운전불이행,건조,맑음,교차로 - 교차로부근,이륜,남,19세,상해없음,승용,여,44세,경상
2018080800100120,2018년 8월 8일 08시,수요일,대구광역시 북구 서변동,중상사고,0,1,0,0,차대차 - 기타,안전운전불이행,건조,맑음,교차로 - 교차로안,승용,남,35세,상해없음,승용,여,40세,중상
2018080800100151,2018년 8월 8일 09시,수요일,대구광역시 중구 수창동,경상사고,0,0,1,0,차대차 - 측면충돌,교차로운행방법위반,건조,맑음,교차로 - 교차로부근,승용,남,51세,상해없음,화물,남,51세,경상
2018080800100180,2018년 8월 8일 10시,수요일,대구광역시 동구 지저동,경상사고,0,0,2,0,차대차 - 측면충돌,안전운전불이행,건조,맑음,단일로 - 기타,승용,남,22세,상해없음,승합,남,49세,경상
2018080800100209,2018년 8월 8일 11시,수요일,대구광역시 중구 수창동,부상신고사고,0,0,0,1,차대차 - 기타,안전운전불이행,건조,맑음,교차로 - 교차로부근,자전거,남,62세,부상신고,승용,남,44세,상해없음
2018080800100236,2018년 8월 8일 12시,수요일,대구광역시 남구 대명동,중상사고,0,1,0,0,차대차 - 측면충돌,안전운전불이행,건조,맑음,교차로 - 교차로안,승용,남,58세,상해없음,이륜,여,28세,중상