사고번호,사고일시,요일,시군구,사고내용,사망자수,중상자수,경상자수,부상신고자수,사고유형,법규위반,노면상태,기상상태,도로형태,가해운전자 차종,가해운전자 성별,가해운전자 연령,가해운전자 상해정도,피해운전자 차종,피해운전자 성별,피해운전자 연령,피해운전자 상해정도
2018080800100237,2018년 8월 8일 12시,수요일,대구광역시 동구 동호동,중상사고,0,1,0,0,차대차 - 측면충돌,교차로운행방법위반,건조,맑음,교차로 - 교차로안,승용,남,60세,상해없음,이륜,남,42세,중상
2018080800100238,2018년 8월 8일 12시,수요일,대구광역시 달서구 용산동,경상사고,0,0,1,0,차량단독 - 전도전복 - 전도,안전운전불이행,건조,맑음,단일로 - 기타,이륜,남,21세,경상,미분류,미분류,미분류,미분류
2018080800100265,2018년 8월 8일 13시,수요일,대구광역시 북구 태전동,경상사고,0,0,1,1,차대차 - 기타,안전운전불이행,건조,맑음,단일로 - 기타,승용,여,23세,부상신고,승용,남,37세,경상
2018080800100299,2018년 8월 8일 14시,수요일,대구광역시 달성군 유가읍,중상사고,0,1,0,0,차대차 - 기타,신호위반,건조,맑음,교차로 - 교차로안,승용,여,33세,상해없음,승용,남,41세,중상
2018080800100333,2018년 8월 8일 15시,수요일,대구광역시 남구 대명동,중상사고,0,2,0,0,차대사람 - 횡단중,신호위반,건조,맑음,교차로 - 교차로횡단보도내,승합,남,62세,상해없음,보행자,남,79세,중상
2018080800100334,2018년 8월 8일 15시,수요일,대구광역시 달성군 현풍읍,사망사고,1,0,0,0,차량단독 - 전도전복 - 전도,안전운전불이행,건조,맑음,단일로 - 기타,이륜,남,37세,사망,미분류,미분류,미분류,미분류
2018080800100400,2018년 8월 8일 17시,수요일,대구광역시 달서구 월성동,중상사고,0,1,1,0,차대차 - 정면충돌,중앙선침범,건조,맑음,단일로 - 기타,승용,남,40세,경상,화물,남,48세,중상
2018080800100401,2018년 8월 8일 17시,수요일,대구광역시 북구 칠성동2가,부상신고사고,0,0,0,1,차대차 - 추돌,안전운전불이행,건조,맑음,단일로 - 기타,기타불명,기타불명,미분류,기타불명,기타불명,기타불명,미분류,기타불명
2018080800100402,2018년 8월 8일 17시,수요일,대구광역시 달서구 성당동,중상사고,0,1,0,0,차대차 - 추돌,안전운전불이행,건조,맑음,단일로 - 기타,승용,남,20세,상해없음,승용,남,33세,중상
2018080800100442,2018년 8월 8일 18시,수요일,대구광역시 동구 불로동,경상사고,0,0,2,0,차대차 - 기타,안전운전불이행,건조,맑음,단일로 - 기타,승용,남,24세,상해없음,승용,남,73세,경상
2018080800100443,2018년 8월 8일 18시,수요일,대구광역시 수성구 만촌동,경상사고,0,0,1,0,차량단독 - 기타,안전운전불이행,건조,맑음,단일로 - 기타,승합,남,57세,상해없음,,,,
2018080800100444,2018년 8월 8일 18시,수요일,대구광역시 달서구 파호동,경상사고,0,0,1,0,차대차 - 측면충돌,안전운전불이행,건조,맑음,교차로 - 교차로부근,승용,남,47세,상해없음,승용,남,39세,경상
2018080800100551,2018년 8월 8일 22시,수요일,대구광역시 남구 대명동,중상사고,0,1,0,0,차대사람 - 횡단중,안전운전불이행,건조,맑음,기타 - 기타,승합,남,54세,상해없음,보행자,남,44세,중상
2018080800100576,2018년 8월 8일 23시,수요일,대구광역시 서구 내당동,중상사고,0,1,0,0,차대사람 - 횡단중,안전운전불이행,건조,맑음,교차로 - 교차로안,승합,남,33세,상해없음,보행자,여,44세,중상
2018080800100577,2018년 8월 8일 23시,수요일,대구광역시 북구 태전동,경상사고,0,0,1,0,차대차 - 측면충돌,중앙선침범,건조,맑음,교차로 - 교차로부근,자전거,남,62세,경상,승용,남,53세,상해없음
2018080900100052,2018년 8월 9일 04시,목요일,대구광역시 중구 삼덕동1가,부상신고사고,0,0,0,1,차대사람 - 길가장자리구역통행중,안전운전불이행,건조,맑음,교차로 - 교차로안,승용,남,19세,상해없음,보행자,여,18세,부상신고
2018080900100074,2018년 8월 9일 06시,목요일,대구광역시 달성군 다사읍,경상사고,0,0,1,0,차대차 - 기타,신호위반,건조,맑음,교차로 - 교차로안,승용,남,25세,상해없음,승용,남,29세,경상
2018080900100099,2018년 8월 9일 07시,목요일,대구광역시 북구 읍내동,중상사고,0,1,0,0,차대사람 - 횡단중,보행자보호의무위반,건조,맑음,단일로 - 기타,승용,남,38세,상해없음,보행자,여,76세,중상
2018080900100100,2018년 8월 9일 07시,목요일,대구광역시 북구 태전동,중상사고,0,1,0,0,차대차 - 측면충돌,중앙선침범,건조,맑음,단일로 - 기타,자전거,여,80세,중상,승용,남,32세,상해없음
2018080900100130,2018년 8월 9일 08시,목요일,대구광역시 달서구 감삼동,경상사고,0,0,1,0,차대차 - 측면충돌,안전운전불이행,건조,맑음,단일로 - 기타,화물,남,57세,기타불명,자전거,남,58세,경상
2018080900100160,2018년 8월 9일 09시,목요일,대구광역시 수성구 대흥동,경상사고,0,0,2,0,차대차 - 추돌,안전운전불이행,건조,맑음,단일로 - 기타,화물,남,55세,상해없음,승용,여,40세,경상
2018080900100192,2018년 8월 9일 10시,목요일,대구광역시 달성군 화원읍,중상사고,0,1,1,0,차대사람 - 기타,안전운전불이행,건조,맑음,교차로 - 교차로부근,화물,남,37세,상해없음,보행자,남,23세,경상
2018080900100193,2018년 8월 9일 10시,목요일,대구광역시 서구 내당동,경상사고,0,0,1,0,차대차 - 측면충돌,안전운전불이행,젖음/습기,맑음,단일로 - 기타,건설기계,남,51세,상해없음,승용,남,57세,경상
2018080900100194,2018년 8월 9일 10시,목요일,대구광역시 중구 남산동,경상사고,0,0,1,0,차대차 - 기타,안전운전불이행,건조,맑음,단일로 - 기타,승용,여,47세,상해없음,이륜,남,49세,경상
2018080900100195,2018년 8월 9일 10시,목요일,대구광역시 북구 매천동,경상사고,0,0,2,0,차대사람 - 횡단중,신호위반,건조,맑음,단일로 - 기타,승용,남,62세,상해없음,보행자,여,9세,경상
2018080900100227,2018년 8월 9일 11시,목요일,대구광역시 서구 평리동,경상사고,0,0,1,0,차대사람 - 길가장자리구역통행중,안전운전불이행,건조,맑음,단일로 - 기타,화물,남,65세,상해없음,보행자,여,59세,경상
2018080900100228,2018년 8월 9일 11시,목요일,대구광역시 중구 교동,경상사고,0,0,2,0,차대차 - 추돌,안전운전불이행,건조,맑음,교차로 - 교차로안,승용,남,47세,상해없음,승용,남,40세,경상
2018080900100257,2018년 8월 9일 12시,목요일,대구광역시 남구 대명동,부상신고사고,0,0,0,1,차대차 - 측면충돌,안전운전불이행,건조,맑음,교차로 - 교차로부근,이륜,남,48세,부상신고,승용,남,30세,상해없음
2018080900100288,2018년 8월 9일 13시,목요일,대구광역시 수성구 지산동,사망사고,1,0,4,0,차대차 - 측면충돌,신호위반,건조,맑음,교차로 - 교차로안,승용,남,31세,상해없음,이륜,남,79세,사망
2018080900100289,2018년 8월 9일 13시,목요일,대구광역시 중구 수동,경상사고,0,0,2,1,차대차 - 측면충돌,안전거리미확보,건조,맑음,단일로 - 기타,승용,남,26세,부상신고,승용,남,65세,경상
2018080900100322,2018년 8월 9일 14시,목요일,대구광역시 남구 봉덕동,경상사고,0,0,1,0,차대차 - 측면충돌,신호위반,건조,맑음,교차로 - 교차로안,승용,남,49세,상해없음,승용,남,48세,경상
2018080900100323,2018년 8월 9일 14시,목요일,대구광역시 달서구 송현동,경상사고,0,0,1,0,차대차 - 측면충돌,중앙선침범,건조,맑음,단일로 - 기타,원동기,남,31세,상해없음,원동기,남,29세,경상
2018080900100324,2018년 8월 9일 14시,목요일,대구광역시 중구 종로1가,중상사고,0,1,2,0,차대차 - 추돌,안전거리미확보,건조,맑음,단일로 - 기타,화물,남,48세,상해없음,승용,여,29세,경상
2018080900100364,2018년 8월 9일 15시,목요일,대구광역시 서구 평리동,중상사고,0,1,0,0,차대차 - 측면충돌,불법유턴,건조,맑음,교차로 - 교차로안,기타불명,기타불명,미분류,기타불명,자전거,남,47세,중상
2018080900100403,2018년 8월 9일 16시,목요일,대구광역시 동구 지저동,경상사고,0,0,1,0,차대사람 - 기타,안전운전불이행,건조,맑음,교차로 - 교차로안,승용,남,34세,상해없음,보행자,남,50세,경상
2018080900100404,2018년 8월 9일 16시,목요일,대구광역시 북구 고성동2가,중상사고,0,1,0,0,차량단독 - 기타,기타,건조,맑음,단일로 - 기타,승합,남,67세,상해없음,,,,
2018080900100442,2018년 8월 9일 17시,목요일,대구광역시 남구 대명동,중상사고,0,1,0,0,차대차 - 기타,직진우회전진행방해,건조,맑음,교차로 - 교차로안,승용,남,73세,상해없음,이륜,여,53세,중상
2018080900100443,2018년 8월 9일 17시,목요일,대구광역시 달서구 호산동,중상사고,0,1,0,0,차대차 - 측면충돌,안전운전불이행,건조,맑음,교차로 - 교차로횡단보도내,승용,여,33세,상해없음,자전거,여,64세,중상
2018080900100481,2018년 8월 9일 18시,목요일,대구광역시 동구 방촌동,경상사고,0,0,2,1,차대차 - 추돌,안전운전불이행,건조,맑음,단일로 - 기타,이륜,남,19세,경상,화물,남,49세,상해없음
2018080900100482,2018년 8월 9일 18시,목요일,대구광역시 달서구 대천동,경상사고,0,0,1,0,차대차 - 측면충돌,교차로운행방법위반,건조,맑음,교차로 - 교차로안,승용,여,58세,상해없음,원동기,여,48세,경상
2018080900100483,2018년 8월 9일 18시,목요일,대구광역시 북구 읍내동,경상사고,0,0,1,0,차대차 - 후진중충돌,안전운전불이행,건조,맑음,기타 - 기타,승용,여,56세,상해없음,승용,남,31세,경상
2018080900100529,2018년 8월 9일 19시,목요일,대구광역시 수성구 범어동,경상사고,0,0,1,0,차대사람 - 기타,안전운전불이행,건조,맑음,단일로 - 기타,승용,남,46세,상해없음,보행자,남,49세,경상
2018080900100530,2018년 8월 9일 19시,목요일,대구광역시 북구 복현동,경상사고,0,0,1,0,차대차 - 측면충돌,안전운전불이행,건조,맑음,교차로 - 교차로부근,이륜,남,32세,경상,승용,남,36세,상해없음
2018080900100551,2018년 8월 9일 20시,목요일,대구광역시 수성구 두산동,경상사고,0,0,2,0,차대차 - 기타,신호위반,건조,맑음,교차로 - 교차로안,승용,여,41세,기타불명,승용,남,49세,경상
2018080900100552,2018년 8월 9일 20시,목요일,대구광역시 달성군 현풍읍,중상사고,0,1,0,0,차대차 - 기타,안전운전불이행,건조,맑음,교차로 - 교차로안,승용,남,33세,상해없음,이륜,남,42세,중상
2018080900100553,2018년 8월 9일 20시,목요일,대구광역시 달성군 다사읍,경상사고,0,0,1,0,차대차 - 기타,안전운전불이행,건조,맑음,교차로 - 교차로부근,승용,남,61세,상해없음,승용,여,51세,경상
2018080900100627,2018년 8월 9일 23시,목요일,대구광역시 수성구 범어동,중상사고,0,1,1,0,차대차 - 정면충돌,신호위반,건조,맑음,단일로 - 기타,이륜,남,23세,중상,이륜,남,59세,경상
2018080900100628,2018년 8월 9일 23시,목요일,대구광역시 북구 대현동,경상사고,0,0,2,0,차대사람 - 횡단중,보행자보호의무위반,건조,맑음,교차로 - 교차로횡단보도내,승용,남,35세,상해없음,보행자,남,35세,경상
2018081000100023,2018년 8월 10일 01시,금요일,대구광역시 달서구 감삼동,중상사고,0,1,0,0,차대사람 - 횡단중,안전운전불이행,젖음/습기,비,교차로 - 교차로횡단보도내,승용,남,67세,상해없음,보행자,여,52세,중상
2018081000100039,2018년 8월 10일 03시,금요일,대구광역시 북구 대현동,경상사고,0,0,1,0,차대사람 - 횡단중,안전운전불이행,젖음/습기,비,단일로 - 기타,승용,남,71세,상해없음,보행자,여,22세,경상
2018081000100060,2018년 8월 10일 05시,금요일,대구광역시 수성구 만촌동,경상사고,0,0,1,0,차대차 - 추돌,안전운전불이행,젖음/습기,맑음,교차로 - 교차로부근,승용,남,45세,상해없음,화물,남,65세,경상
2018081000100085,2018년 8월 10일 06시,금요일,대구광역시 동구 신천동,경상사고,0,0,2,0,차대차 - 측면충돌,교차로운행방법위반,젖음/습기,비,교차로 - 교차로안,승용,남,39세,상해없음,승용,남,51세,경상
2018081000100101,2018년 8월 10일 07시,금요일,대구광역시 수성구 신매동,경상사고,0,0,1,0,차대차 - 추돌,안전운전불이행,젖음/습기,비,교차로 - 교차로부근,승합,남,55세,상해없음,승용,남,69세,경상
2018081000100102,2018년 8월 10일 07시,금요일,대구광역시 북구 산격동,경상사고,0,0,1,0,차대차 - 측면충돌,신호위반,건조,맑음,교차로 - 교차로안,승용,남,75세,상해없음,자전거,남,64세,경상
2018081000100103,2018년 8월 10일 07시,금요일,대구광역시 서구 비산동,경상사고,0,0,1,1,차대차 - 측면충돌,직진우회전진행방해,젖음/습기,비,교차로 - 교차로안,승용,남,32세,경상,승용,남,63세,상해없음
2018081000100133,2018년 8월 10일 08시,금요일,대구광역시 달서구 월성동,중상사고,0,1,2,0,차대차 - 측면충돌,교차로운행방법위반,건조,맑음,교차로 - 교차로안,승용,여,25세,경상,승용,여,53세,중상
2018081000100180,2018년 8월 10일 10시,금요일,대구광역시 중구 남산동,경상사고,0,0,1,0,차대차 - 측면충돌,교차로운행방법위반,건조,맑음,교차로 - 교차로안,승용,여,53세,상해없음,승용,여,61세,경상
2018081000100214,2018년 8월 10일 11시,금요일,대구광역시 중구 동인동4가,중상사고,0,1,0,0,차대차 - 추돌,안전운전불이행,건조,맑음,단일로 - 기타,승용,남,47세,상해없음,승용,여,47세,중상
2018081000100250,2018년 8월 10일 12시,금요일,대구광역시 달성군 옥포읍,경상사고,0,0,2,0,차대차 - 측면충돌,안전운전불이행,건조,맑음,단일로 - 기타,승용,남,70세,상해없음,승용,남,46세,경상
2018081000100289,2018년 8월 10일 13시,금요일,대구광역시 북구 산격동,경상사고,0,0,1,0,차대차 - 측면충돌,신호위반,건조,맑음,교차로 - 교차로안,승용,남,67세,상해없음,화물,남,43세,경상
2018081000100327,2018년 8월 10일 14시,금요일,대구광역시 수성구 이천동,경상사고,0,0,1,0,차대차 - 추돌,안전운전불이행,건조,맑음,교차로 - 교차로부근,승용,남,24세,상해없음,승용,남,42세,경상
2018081000100328,2018년 8월 10일 14시,금요일,대구광역시 중구 화전동,경상사고,0,0,1,0,차량단독 - 기타,기타,건조,맑음,단일로 - 기타,승합,남,56세,상해없음,,,,
2018081000100329,2018년 8월 10일 14시,금요일,대구광역시 달서구 신당동,경상사고,0,0,1,0,차대차 - 측면충돌,안전운전불이행,건조,맑음,단일로 - 기타,화물,남,60세,상해없음,승용,여,44세,경상
2018081000100366,2018년 8월 10일 15시,금요일,대구광역시 서구 비산동,경상사고,0,0,1,0,차대차 - 측면충돌,기타,건조,맑음,단일로 - 기타,승용,남,57세,상해없음,이륜,남,67세,경상
2018081000100404,2018년 8월 10일 16시,금요일,대구광역시 북구 읍내동,중상사고,0,1,0,0,차대사람 - 보도통행중,기타,건조,맑음,단일로 - 기타,자전거,남,53세,상해없음,보행자,여,54세,중상
2018081000100451,2018년 8월 10일 17시,금요일,대구광역시 수성구 범어동,경상사고,0,0,1,0,차대차 - 측면충돌,안전운전불이행,건조,맑음,단일로 - 기타,승용,남,58세,상해없음,승용,여,40세,경상
2018081000100452,2018년 8월 10일 17시,금요일,대구광역시 달서구 진천동,경상사고,0,0,2,0,차대차 - 측면충돌,안전운전불이행,건조,맑음,단일로 - 기타,승용,남,46세,상해없음,승용,남,26세,경상
2018081000100498,2018년 8월 10일 18시,금요일,대구광역시 동구 효목동,중상사고,0,1,0,0,차대차 - 기타,기타,건조,맑음,교차로 - 교차로부근,화물,남,52세,상해없음,이륜,남,43세,중상
2018081000100499,2018년 8월 10일 18시,금요일,대구광역시 달서구 대천동,경상사고,0,0,2,0,차대차 - 측면충돌,교차로운행방법위반,건조,맑음,교차로 - 교차로안,승용,남,23세,경상,승용,여,44세,경상
2018081000100540,2018년 8월 10일 19시,금요일,대구광역시 동구 검사동,경상사고,0,0,1,0,차대차 - 측면충돌,안전거리미확보,건조,맑음,단일로 - 기타,승용,여,52세,상해없음,승용,남,65세,경상
2018081000100541,2018년 8월 10일 19시,금요일,대구광역시 달서구 월성동,중상사고,0,1,0,0,차대차 - 측면충돌,신호위반,건조,맑음,교차로 - 교차로안,승용,여,62세,상해없음,이륜,남,47세,중상
2018081000100542,2018년 8월 10일 19시,금요일,대구광역시 달성군 현풍읍,경상사고,0,0,1,0,차대차 - 정면충돌,차로위반,건조,맑음,단일로 - 기타,승용,남,28세,상해없음,이륜,남,28세,경상
2018081000100543,2018년 8월 10일 19시,금요일,대구광역시 북구 동호동,경상사고,0,0,1,0,차대차 - 추돌,안전운전불이행,건조,맑음,교차로 - 교차로부근,승용,남,44세,상해없음,승용,남,62세,경상
2018081000100582,2018년 8월 10일 20시,금요일,대구광역시 북구 침산동,부상신고사고,0,0,0,1,차대차 - 측면충돌,안전운전불이행,건조,맑음,교차로 - 교차로횡단보도내,승용,남,69세,상해없음,이륜,남,60세,부상신고
2018081000100583,2018년 8월 10일 20시,금요일,대구광역시 달서구 이곡동,경상사고,0,0,1,0,차대차 - 추돌,안전거리미확보,건조,맑음,단일로 - 기타,원동기,남,46세,기타불명,화물,남,58세,경상
2018081000100635,2018년 8월 10일 22시,금요일,대구광역시 수성구 신매동,부상신고사고,0,0,0,1,차대차 - 측면충돌,안전운전불이행,건조,맑음,교차로 - 교차로안,이륜,남,19세,부상신고,승용,남,75세,상해없음
2018081000100636,2018년 8월 10일 22시,금요일,대구광역시 수성구 시지동,경상사고,0,0,1,0,차대사람 - 보도통행중,기타,건조,맑음,단일로 - 기타,기타불명,기타불명,미분류,기타불명,보행자,남,39세,경상
2018081000100663,2018년 8월 10일 23시,금요일,대구광역시 북구 칠성동1가,경상사고,0,0,1,0,차량단독 - 전도전복 - 전도,안전운전불이행,건조,맑음,단일로 - 기타,이륜,남,80세,경상,미분류,미분류,미분류,미분류
2018081000100664,2018년 8월 10일 23시,금요일,대구광역시 서구 평리동,중상사고,0,1,0,0,차대사람 - 기타,안전운전불이행,건조,맑음,교차로 - 교차로횡단보도내,승용,남,54세,상해없음,보행자,여,47세,중상
2018081100100022,2018년 8월 11일 00시,토요일,대구광역시 수성구 두산동,경상사고,0,0,1,0,차대차 - 측면충돌,직진우회전진행방해,건조,맑음,교차로 - 교차로안,승용,남,50세,상해없음,자전거,남,44세,경상
2018081100100023,2018년 8월 11일 00시,토요일,대구광역시 중구 삼덕동1가,경상사고,0,0,1,0,차대사람 - 길가장자리구역통행중,안전운전불이행,건조,맑음,단일로 - 기타,승용,남,26세,상해없음,보행자,여,20세,경상
2018081100100037,2018년 8월 11일 01시,토요일,대구광역시 동구 동호동,경상사고,0,0,3,0,차대차 - 기타,신호위반,건조,맑음,교차로 - 교차로안,승용,남,66세,상해없음,승용,남,27세,경상
2018081100100061,2018년 8월 11일 04시,토요일,대구광역시 달서구 송현동,경상사고,0,0,1,0,차대사람 - 횡단중,신호위반,건조,맑음,단일로 - 기타,승용,남,22세,상해없음,보행자,남,21세,경상
2018081100100062,2018년 8월 11일 04시,토요일,대구광역시 북구 읍내동,경상사고,0,0,2,0,차대차 - 측면충돌,안전운전불이행,젖음/습기,맑음,단일로 - 기타,승용,남,58세,상해없음,승용,여,61세,상해없음
2018081100100092,2018년 8월 11일 06시,토요일,대구광역시 달서구 진천동,경상사고,0,0,1,0,차대차 - 측면충돌,신호위반,건조,맑음,교차로 - 교차로안,화물,남,58세,상해없음,승용,남,49세,경상
2018081100100130,2018년 8월 11일 08시,토요일,대구광역시 동구 신천동,중상사고,0,1,0,0,차대차 - 측면충돌,안전운전불이행,건조,맑음,단일로 - 기타,승용,남,69세,기타불명,승용,남,25세,중상
2018081100100131,2018년 8월 11일 08시,토요일,대구광역시 북구 서변동,중상사고,0,2,10,0,차대차 - 기타,교차로운행방법위반,건조,맑음,교차로 - 교차로안,승용,남,50세,상해없음,승합,남,52세,상해없음
2018081100100155,2018년 8월 11일 09시,토요일,대구광역시 수성구 만촌동,중상사고,0,1,0,0,차량단독 - 기타,기타,건조,맑음,단일로 - 기타,승합,남,53세,상해없음,,,,
2018081100100187,2018년 8월 11일 10시,토요일,대구광역시 남구 대명동,경상사고,0,0,2,0,차대차 - 측면충돌,불법유턴,건조,맑음,단일로 - 기타,승용,여,46세,상해없음,승용,남,62세,경상
2018081100100188,2018년 8월 11일 10시,토요일,대구광역시 서구 내당동,중상사고,0,1,1,0,차대차 - 측면충돌,신호위반,건조,맑음,교차로 - 교차로안,승용,여,57세,상해없음,승용,남,23세,경상
2018081100100214,2018년 8월 11일 11시,토요일,대구광역시 달서구 대천동,경상사고,0,0,5,0,차대차 - 측면충돌,신호위반,건조,맑음,교차로 - 교차로안,승용,여,47세,상해없음,승용,남,42세,경상
2018081100100246,2018년 8월 11일 12시,토요일,대구광역시 중구 공평동,경상사고,0,0,2,0,차대차 - 측면충돌,차로위반,건조,맑음,단일로 - 기타,승용,남,71세,상해없음,승용,여,44세,상해없음
2018081100100283,2018년 8월 11일 13시,토요일,대구광역시 달서구 본동,경상사고,0,0,1,2,차대차 - 정면충돌,신호위반,건조,맑음,교차로 - 교차로안,승용,남,47세,경상,특수,남,24세,부상신고
2018081100100284,2018년 8월 11일 13시,토요일,대구광역시 달서구 본동,중상사고,0,1,0,0,차대차 - 측면충돌,안전거리미확보,건조,맑음,단일로 - 기타,승용,남,60세,상해없음,승용,여,57세,중상
2018081100100285,2018년 8월 11일 13시,토요일,대구광역시 달성군 화원읍,경상사고,0,0,2,0,차대차 - 후진중충돌,안전운전불이행,건조,맑음,기타 - 기타,승용,여,27세,상해없음,승용,여,42세,경상
2018081100100322,2018년 8월 11일 14시,토요일,대구광역시 달성군 현풍읍,경상사고,0,0,1,0,차대차 - 기타,안전운전불이행,건조,맑음,교차로 - 교차로안,승합,남,50세,상해없음,자전거,남,14세,경상
2018081100100323,2018년 8월 11일 14시,토요일,대구광역시 북구 침산동,중상사고,0,1,0,0,차대차 - 측면충돌,안전거리미확보,건조,맑음,단일로 - 기타,원동기,남,23세,상해없음,승용,남,50세,상해없음
2018081100100359,2018년 8월 11일 15시,토요일,대구광역시 달서구 송현동,부상신고사고,0,0,0,1,차대차 - 측면충돌,안전운전불이행,건조,맑음,단일로 - 기타,승용,여,35세,상해없음,자전거,남,58세,부상신고
2018081100100360,2018년 8월 11일 15시,토요일,대구광역시 북구 침산동,중상사고,0,1,1,0,차대차 - 추돌,안전운전불이행,건조,맑음,단일로 - 기타,승용,남,59세,상해없음,승용,남,25세,경상
2018081100100391,2018년 8월 11일 16시,토요일,대구광역시 달서구 상인동,경상사고,0,0,1,0,차대차 - 추돌,안전운전불이행,건조,맑음,단일로 - 기타,승용,남,46세,상해없음,승용,여,28세,경상
2018081100100392,2018년 8월 11일 16시,토요일,대구광역시 달서구 월성동,경상사고,0,0,2,0,차대차 - 측면충돌,안전거리미확보,건조,맑음,단일로 - 기타,승용,남,24세,경상,이륜,남,35세,경상
2018081100100393,2018년 8월 11일 16시,토요일,대구광역시 달서구 월성동,중상사고,0,1,0,0,차대사람 - 횡단중,신호위반,건조,맑음,단일로 - 기타,승용,여,48세,상해없음,보행자,여,46세,중상
2018081100100394,2018년 8월 11일 16시,토요일,대구광역시 달성군 가창면,중상사고,0,1,0,0,차대차 - 기타,안전운전불이행,건조,맑음,단일로 - 기타,승용,남,41세,상해없음,자전거,여,51세,중상
2018081100100395,2018년 8월 11일 16시,토요일,대구광역시 달서구 성당동,경상사고,0,0,1,0,차대사람 - 기타,안전운전불이행,건조,맑음,교차로 - 교차로부근,화물,여,67세,상해없음,보행자,여,75세,경상
2018081100100430,2018년 8월 11일 17시,토요일,대구광역시 수성구 대흥동,부상신고사고,0,0,0,1,차량단독 - 공작물충돌,안전운전불이행,건조,맑음,단일로 - 기타,승용,남,45세,부상신고,,,,
2018081100100431,2018년 8월 11일 17시,토요일,대구광역시 달서구 본동,중상사고,0,1,0,0,차대차 - 측면충돌,안전운전불이행,건조,맑음,교차로 - 교차로부근,승용,남,63세,상해없음,승용,여,64세,중상
2018081100100460,2018년 8월 11일 18시,토요일,대구광역시 동구 신암동,부상신고사고,0,0,0,1,차대차 - 추돌,안전운전불이행,건조,맑음,교차로 - 교차로부근,자전거,남,47세,부상신고,자전거,남,72세,상해없음
2018081100100461,2018년 8월 11일 18시,토요일,대구광역시 동구 신서동,부상신고사고,0,0,0,1,차대차 - 기타,신호위반,건조,맑음,교차로 - 교차로안,기타불명,남,미분류,기타불명,이륜,남,39세,부상신고
2018081100100492,2018년 8월 11일 19시,토요일,대구광역시 달성군 유가읍,경상사고,0,0,1,0,차대차 - 기타,신호위반,건조,맑음,교차로 - 교차로부근,이륜,남,38세,경상,승용,여,45세,상해없음
2018081100100540,2018년 8월 11일 21시,토요일,대구광역시 남구 이천동,경상사고,0,0,1,0,차대차 - 기타,안전운전불이행,건조,맑음,단일로 - 기타,승합,남,65세,상해없음,이륜,남,26세,경상
2018081100100562,2018년 8월 11일 22시,토요일,대구광역시 동구 방촌동,경상사고,0,0,1,0,차대차 - 기타,안전운전불이행,건조,맑음,기타 - 기타,승용,남,52세,상해없음,승용,남,30세,경상
2018081100100576,2018년 8월 11일 23시,토요일,대구광역시 수성구 중동,경상사고,0,0,1,0,차대차 - 측면충돌,안전거리미확보,건조,맑음,단일로 - 기타,승용,남,42세,상해없음,이륜,남,24세,경상
2018081200100011,2018년 8월 12일 00시,일요일,대구광역시 북구 구암동,경상사고,0,0,5,0,차대차 - 측면충돌,신호위반,건조,맑음,교차로 - 교차로안,승용,남,76세,상해없음,승용,남,65세,경상
2018081200100040,2018년 8월 12일 02시,일요일,대구광역시 수성구 두산동,중상사고,0,1,0,0,차대사람 - 횡단중,안전운전불이행,건조,맑음,단일로 - 기타,승용,남,39세,상해없음,보행자,여,35세,중상
2018081200100041,2018년 8월 12일 02시,일요일,대구광역시 수성구 중동,중상사고,0,1,0,0,차대차 - 추돌,안전운전불이행,건조,맑음,단일로 - 기타,승용,여,32세,상해없음,승용,여,37세,중상
2018081200100051,2018년 8월 12일 03시,일요일,대구광역시 달서구 상인동,중상사고,0,1,0,0,차대차 - 측면충돌,안전운전불이행,건조,맑음,단일로 - 기타,자전거,남,33세,중상,승용,남,31세,상해없음
2018081200100052,2018년 8월 12일 03시,일요일,대구광역시 달서구 상인동,경상사고,0,0,1,0,차대차 - 측면충돌,안전운전불이행,건조,맑음,단일로 - 기타,승용,남,28세,상해없음,승용,남,62세,경상
2018081200100061,2018년 8월 12일 04시,일요일,대구광역시 동구 둔산동,경상사고,0,0,1,0,차대차 - 기타,중앙선침범,건조,맑음,단일로 - 기타,기타불명,기타불명,미분류,기타불명,승용,남,38세,경상
2018081200100062,2018년 8월 12일 04시,일요일,대구광역시 달서구 성당동,경상사고,0,0,1,0,차대사람 - 횡단중,안전운전불이행,건조,맑음,단일로 - 기타,승용,남,46세,상해없음,보행자,여,24세,경상
2018081200100068,2018년 8월 12일 05시,일요일,대구광역시 남구 대명동,중상사고,0,1,0,0,차대차 - 측면충돌,신호위반,건조,맑음,교차로 - 교차로안,이륜,남,51세,중상,승용,남,31세,상해없음
2018081200100089,2018년 8월 12일 07시,일요일,대구광역시 서구 내당동,중상사고,0,1,1,0,차대차 - 측면충돌,안전거리미확보,건조,맑음,단일로 - 기타,승용,남,64세,상해없음,승용,남,23세,경상
2018081200100103,2018년 8월 12일 08시,일요일,대구광역시 달성군 옥포읍,중상사고,0,1,1,0,차대차 - 추돌,안전운전불이행,건조,맑음,단일로 - 기타,승용,남,25세,상해없음,화물,남,60세,경상
2018081200100104,2018년 8월 12일 08시,일요일,대구광역시 동구 불로동,중상사고,0,1,0,0,차대차 - 측면충돌,안전운전불이행,건조,맑음,기타 - 기타,이륜,남,80세,중상,승용,남,65세,상해없음
2018081200100105,2018년 8월 12일 08시,일요일,대구광역시 북구 서변동,부상신고사고,0,0,0,1,차량단독 - 기타,안전운전불이행,건조,맑음,단일로 - 기타,승용,남,30세,부상신고,,,,