사고번호,사고일시,요일,시군구,사고내용,사망자수,중상자수,경상자수,부상신고자수,사고유형,법규위반,노면상태,기상상태,도로형태,가해운전자 차종,가해운전자 성별,가해운전자 연령,가해운전자 상해정도,피해운전자 차종,피해운전자 성별,피해운전자 연령,피해운전자 상해정도
2018081200100106,2018년 8월 12일 08시,일요일,대구광역시 북구 국우동,경상사고,0,0,1,0,차대차 - 측면충돌,안전운전불이행,건조,맑음,교차로 - 교차로안,승용,남,19세,상해없음,승용,남,26세,경상
2018081200100135,2018년 8월 12일 10시,일요일,대구광역시 중구 계산동1가,중상사고,0,1,0,0,차대사람 - 횡단중,안전운전불이행,건조,맑음,단일로 - 기타,승용,남,86세,상해없음,보행자,여,81세,중상
2018081200100153,2018년 8월 12일 11시,일요일,대구광역시 수성구 범어동,경상사고,0,0,1,0,차대차 - 측면충돌,안전운전불이행,건조,맑음,교차로 - 교차로부근,승용,남,61세,상해없음,이륜,남,26세,경상
2018081200100206,2018년 8월 12일 13시,일요일,대구광역시 수성구 지산동,중상사고,0,2,0,0,차대차 - 측면충돌,신호위반,건조,맑음,교차로 - 교차로안,승용,여,48세,상해없음,승용,남,61세,중상
2018081200100207,2018년 8월 12일 13시,일요일,대구광역시 수성구 중동,부상신고사고,0,0,0,1,차량단독 - 기타,안전운전불이행,건조,맑음,단일로 - 기타,승합,남,33세,상해없음,,,,
2018081200100208,2018년 8월 12일 13시,일요일,대구광역시 북구 국우동,경상사고,0,0,1,0,차대차 - 측면충돌,안전운전불이행,건조,맑음,단일로 - 기타,승용,남,59세,상해없음,승용,남,45세,경상
2018081200100239,2018년 8월 12일 14시,일요일,대구광역시 서구 비산동,경상사고,0,0,3,0,차대차 - 측면충돌,안전거리미확보,건조,맑음,단일로 - 기타,화물,남,58세,상해없음,승용,남,26세,경상
2018081200100272,2018년 8월 12일 15시,일요일,대구광역시 수성구 수성동2가,경상사고,0,0,3,0,차대차 - 측면충돌,안전운전불이행,건조,맑음,교차로 - 교차로안,승용,남,70세,상해없음,승용,남,53세,경상
2018081200100273,2018년 8월 12일 15시,일요일,대구광역시 서구 평리동,중상사고,0,1,0,0,차대차 - 측면충돌,안전운전불이행,건조,맑음,교차로 - 교차로안,승용,남,63세,상해없음,이륜,남,34세,중상
2018081200100274,2018년 8월 12일 15시,일요일,대구광역시 달서구 호산동,경상사고,0,0,1,0,차대차 - 측면충돌,교차로운행방법위반,젖음/습기,흐림,교차로 - 교차로안,승용,남,63세,기타불명,승용,남,37세,경상
2018081200100308,2018년 8월 12일 16시,일요일,대구광역시 수성구 황금동,경상사고,0,0,2,0,차대차 - 측면충돌,신호위반,건조,흐림,교차로 - 교차로안,승용,여,32세,상해없음,승용,남,37세,경상
2018081200100309,2018년 8월 12일 16시,일요일,대구광역시 달서구 상인동,경상사고,0,0,2,0,차대차 - 측면충돌,안전거리미확보,건조,맑음,교차로 - 교차로부근,승용,남,58세,상해없음,승용,여,53세,경상
2018081200100332,2018년 8월 12일 17시,일요일,대구광역시 달서구 두류동,부상신고사고,0,0,0,1,차대차 - 측면충돌,안전운전불이행,건조,맑음,기타 - 기타,자전거,남,12세,부상신고,승용,여,49세,상해없음
2018081200100356,2018년 8월 12일 18시,일요일,대구광역시 달성군 다사읍,경상사고,0,0,2,0,차대차 - 후진중충돌,안전운전불이행,건조,맑음,단일로 - 기타,승용,여,57세,상해없음,승용,남,41세,경상
2018081200100357,2018년 8월 12일 18시,일요일,대구광역시 달서구 신당동,경상사고,0,0,1,0,차대차 - 추돌,안전운전불이행,건조,맑음,교차로 - 교차로부근,승용,여,45세,상해없음,승용,여,57세,경상
2018081200100382,2018년 8월 12일 19시,일요일,대구광역시 동구 신암동,경상사고,0,0,1,0,차대사람 - 횡단중,보행자보호의무위반,건조,맑음,단일로 - 기타,승용,남,72세,상해없음,보행자,여,63세,경상
2018081200100383,2018년 8월 12일 19시,일요일,대구광역시 달서구 감삼동,부상신고사고,0,0,0,1,차대사람 - 횡단중,안전운전불이행,건조,맑음,교차로 - 교차로부근,승용,여,56세,상해없음,보행자,여,43세,부상신고
2018081200100410,2018년 8월 12일 20시,일요일,대구광역시 남구 대명동,중상사고,0,1,0,0,차대사람 - 기타,기타,건조,맑음,단일로 - 기타,승합,남,56세,상해없음,보행자,여,69세,중상
2018081200100426,2018년 8월 12일 21시,일요일,대구광역시 달서구 용산동,경상사고,0,0,6,0,차대차 - 기타,교차로운행방법위반,건조,맑음,교차로 - 교차로안,승용,남,58세,경상,이륜,남,19세,경상
2018081200100427,2018년 8월 12일 21시,일요일,대구광역시 북구 태전동,경상사고,0,0,2,0,차대차 - 기타,안전운전불이행,건조,맑음,교차로 - 교차로안,승용,여,44세,경상,승용,남,31세,상해없음
2018081200100435,2018년 8월 12일 22시,일요일,대구광역시 남구 대명동,경상사고,0,0,2,0,차대차 - 측면충돌,차로위반,건조,맑음,교차로 - 교차로부근,승용,남,62세,상해없음,승용,남,29세,경상
2018081300100008,2018년 8월 13일 00시,월요일,대구광역시 서구 평리동,중상사고,0,1,0,0,차대사람 - 차도통행중,안전운전불이행,건조,맑음,단일로 - 기타,승용,남,38세,상해없음,보행자,남,22세,중상
2018081300100016,2018년 8월 13일 01시,월요일,대구광역시 동구 효목동,중상사고,0,1,0,0,차대차 - 측면충돌,교차로운행방법위반,건조,맑음,교차로 - 교차로안,승용,남,75세,상해없음,승용,남,50세,중상
2018081300100091,2018년 8월 13일 07시,월요일,대구광역시 북구 산격동,경상사고,0,0,1,1,차대차 - 측면충돌,신호위반,건조,맑음,교차로 - 교차로안,승용,여,69세,부상신고,승용,남,50세,경상
2018081300100092,2018년 8월 13일 07시,월요일,대구광역시 서구 내당동,중상사고,0,1,0,0,차대차 - 기타,신호위반,건조,맑음,교차로 - 교차로안,승용,남,50세,상해없음,이륜,남,58세,중상
2018081300100134,2018년 8월 13일 08시,월요일,대구광역시 동구 각산동,중상사고,0,1,0,0,차대차 - 정면충돌,안전운전불이행,건조,맑음,교차로 - 교차로안,승용,여,54세,상해없음,승용,여,34세,중상
2018081300100135,2018년 8월 13일 08시,월요일,대구광역시 동구 각산동,경상사고,0,0,1,0,차대차 - 기타,신호위반,건조,맑음,교차로 - 교차로안,기타불명,기타불명,미분류,기타불명,자전거,남,61세,경상
2018081300100136,2018년 8월 13일 08시,월요일,대구광역시 동구 방촌동,경상사고,0,0,1,0,차량단독 - 기타,안전운전불이행,건조,맑음,단일로 - 기타,승용,남,71세,상해없음,,,,
2018081300100137,2018년 8월 13일 08시,월요일,대구광역시 달서구 감삼동,중상사고,0,1,1,0,차대차 - 추돌,차로위반,건조,맑음,단일로 - 기타,승용,남,54세,상해없음,승용,남,71세,경상
2018081300100163,2018년 8월 13일 09시,월요일,대구광역시 동구 입석동,중상사고,0,1,0,0,차대차 - 측면충돌,안전운전불이행,건조,맑음,단일로 - 기타,승용,남,35세,상해없음,자전거,여,28세,중상
2018081300100202,2018년 8월 13일 10시,월요일,대구광역시 북구 산격동,경상사고,0,0,1,0,차대차 - 측면충돌,안전운전불이행,건조,맑음,단일로 - 기타,자전거,남,77세,경상,승용,남,49세,상해없음
2018081300100203,2018년 8월 13일 10시,월요일,대구광역시 중구 동인동3가,경상사고,0,0,1,0,차대차 - 추돌,안전운전불이행,건조,맑음,교차로 - 교차로안,승용,남,33세,상해없음,승용,남,43세,경상
2018081300100272,2018년 8월 13일 12시,월요일,대구광역시 수성구 상동,경상사고,0,0,2,0,차대차 - 추돌,안전운전불이행,건조,맑음,교차로 - 교차로부근,승용,여,64세,상해없음,승용,여,56세,경상
2018081300100273,2018년 8월 13일 12시,월요일,대구광역시 수성구 중동,경상사고,0,0,1,0,차대차 - 추돌,안전운전불이행,건조,맑음,교차로 - 교차로부근,승용,남,39세,상해없음,승용,남,55세,경상
2018081300100305,2018년 8월 13일 13시,월요일,대구광역시 동구 효목동,경상사고,0,0,1,0,차대차 - 측면충돌,안전운전불이행,건조,맑음,단일로 - 기타,승용,여,71세,상해없음,이륜,남,52세,경상
2018081300100350,2018년 8월 13일 14시,월요일,대구광역시 동구 효목동,경상사고,0,0,1,0,차대차 - 추돌,안전운전불이행,건조,맑음,기타 - 기타,승용,남,27세,상해없음,승용,남,34세,경상
2018081300100351,2018년 8월 13일 14시,월요일,대구광역시 달서구 송현동,경상사고,0,0,1,1,차대차 - 추돌,안전거리미확보,건조,맑음,단일로 - 기타,승용,여,48세,상해없음,승용,여,62세,경상
2018081300100352,2018년 8월 13일 14시,월요일,대구광역시 서구 평리동,경상사고,0,0,1,0,차대차 - 추돌,안전운전불이행,건조,맑음,단일로 - 기타,화물,남,53세,상해없음,승용,여,53세,경상
2018081300100386,2018년 8월 13일 15시,월요일,대구광역시 수성구 시지동,부상신고사고,0,0,0,1,차대차 - 측면충돌,안전운전불이행,건조,맑음,단일로 - 기타,승용,남,18세,상해없음,승용,남,36세,부상신고
2018081300100387,2018년 8월 13일 15시,월요일,대구광역시 서구 비산동,경상사고,0,0,1,0,차대차 - 기타,교차로운행방법위반,건조,맑음,단일로 - 기타,승용,남,63세,상해없음,승합,남,45세,상해없음
2018081300100424,2018년 8월 13일 16시,월요일,대구광역시 달서구 월성동,경상사고,0,0,2,0,차대차 - 측면충돌,안전거리미확보,건조,맑음,단일로 - 기타,화물,남,63세,상해없음,승용,남,21세,경상
2018081300100467,2018년 8월 13일 17시,월요일,대구광역시 동구 입석동,경상사고,0,0,3,0,차대차 - 추돌,안전운전불이행,건조,맑음,단일로 - 기타,화물,남,45세,상해없음,승용,남,64세,경상
2018081300100468,2018년 8월 13일 17시,월요일,대구광역시 동구 용계동,경상사고,0,0,1,0,차대차 - 기타,안전거리미확보,건조,맑음,교차로 - 교차로부근,승용,남,70세,상해없음,승용,여,49세,상해없음
2018081300100469,2018년 8월 13일 17시,월요일,대구광역시 서구 내당동,중상사고,0,1,0,0,차대차 - 기타,안전운전불이행,건조,맑음,교차로 - 교차로안,승용,남,49세,상해없음,이륜,남,20세,중상
2018081300100470,2018년 8월 13일 17시,월요일,대구광역시 달서구 성당동,경상사고,0,0,1,0,차대차 - 측면충돌,안전운전불이행,건조,맑음,단일로 - 기타,승용,남,71세,상해없음,승용,남,64세,경상
2018081300100522,2018년 8월 13일 18시,월요일,대구광역시 북구 침산동,경상사고,0,0,2,0,차대차 - 측면충돌,안전거리미확보,건조,맑음,단일로 - 고가도로위,승용,여,26세,상해없음,승용,남,61세,경상
2018081300100523,2018년 8월 13일 18시,월요일,대구광역시 북구 태전동,경상사고,0,0,1,0,차대차 - 측면충돌,안전거리미확보,건조,맑음,단일로 - 기타,승용,남,57세,상해없음,승용,남,41세,경상
2018081300100563,2018년 8월 13일 19시,월요일,대구광역시 수성구 범어동,경상사고,0,0,1,0,차대차 - 측면충돌,안전운전불이행,건조,맑음,단일로 - 기타,승용,남,76세,상해없음,원동기,남,45세,경상
2018081300100564,2018년 8월 13일 19시,월요일,대구광역시 달성군 가창면,중상사고,0,1,1,0,차대차 - 기타,안전운전불이행,건조,맑음,단일로 - 기타,승용,여,72세,상해없음,이륜,남,66세,중상
2018081300100600,2018년 8월 13일 20시,월요일,대구광역시 달서구 상인동,경상사고,0,0,2,0,차대차 - 측면충돌,교차로운행방법위반,건조,맑음,교차로 - 교차로부근,승용,남,71세,경상,승용,남,27세,경상
2018081300100656,2018년 8월 13일 22시,월요일,대구광역시 달서구 본동,경상사고,0,0,1,0,차대차 - 측면충돌,교차로운행방법위반,건조,맑음,교차로 - 교차로안,승용,여,40세,상해없음,승용,남,66세,경상
2018081400100019,2018년 8월 14일 00시,화요일,대구광역시 중구 삼덕동2가,경상사고,0,0,1,0,차대차 - 기타,안전거리미확보,건조,맑음,단일로 - 기타,승용,남,67세,상해없음,승용,남,65세,상해없음
2018081400100045,2018년 8월 14일 03시,화요일,대구광역시 달서구 신당동,경상사고,0,0,2,0,차대차 - 추돌,안전운전불이행,건조,맑음,교차로 - 교차로부근,승용,남,48세,상해없음,승용,남,57세,경상
2018081400100046,2018년 8월 14일 03시,화요일,대구광역시 북구 학정동,부상신고사고,0,0,0,1,차대차 - 기타,안전운전불이행,건조,맑음,기타 - 기타,이륜,남,17세,부상신고,화물,남,48세,상해없음
2018081400100075,2018년 8월 14일 06시,화요일,대구광역시 수성구 지산동,중상사고,0,1,0,0,차대차 - 측면충돌,신호위반,건조,맑음,단일로 - 기타,승용,여,50세,상해없음,자전거,남,68세,중상
2018081400100102,2018년 8월 14일 07시,화요일,대구광역시 수성구 범어동,경상사고,0,0,1,0,차대사람 - 기타,기타,건조,맑음,단일로 - 기타,승용,남,64세,상해없음,보행자,여,16세,경상
2018081400100103,2018년 8월 14일 07시,화요일,대구광역시 수성구 범어동,경상사고,0,0,1,0,차대차 - 측면충돌,차로위반,건조,맑음,단일로 - 기타,승용,남,46세,상해없음,승용,여,41세,경상
2018081400100104,2018년 8월 14일 07시,화요일,대구광역시 달서구 월성동,경상사고,0,0,1,0,차대차 - 측면충돌,안전운전불이행,건조,맑음,교차로 - 교차로안,화물,남,59세,상해없음,승용,남,58세,경상
2018081400100131,2018년 8월 14일 08시,화요일,대구광역시 수성구 중동,경상사고,0,0,3,0,차대차 - 추돌,안전운전불이행,건조,맑음,단일로 - 기타,승용,남,38세,상해없음,승용,여,67세,경상
2018081400100132,2018년 8월 14일 08시,화요일,대구광역시 중구 태평로3가,경상사고,0,0,1,0,차대차 - 측면충돌,신호위반,건조,맑음,교차로 - 교차로안,승용,남,65세,상해없음,이륜,남,35세,경상
2018081400100170,2018년 8월 14일 09시,화요일,대구광역시 남구 봉덕동,경상사고,0,0,2,0,차대차 - 추돌,안전거리미확보,건조,맑음,단일로 - 기타,승용,남,61세,상해없음,승용,남,54세,경상
2018081400100171,2018년 8월 14일 09시,화요일,대구광역시 수성구 만촌동,중상사고,0,1,0,0,차대사람 - 횡단중,보행자보호의무위반,건조,맑음,교차로 - 교차로횡단보도내,승용,남,63세,상해없음,보행자,여,63세,중상
2018081400100172,2018년 8월 14일 09시,화요일,대구광역시 달성군 화원읍,경상사고,0,0,1,0,차대차 - 측면충돌,안전운전불이행,건조,맑음,교차로 - 교차로부근,화물,남,40세,상해없음,승용,남,69세,경상
2018081400100173,2018년 8월 14일 09시,화요일,대구광역시 북구 침산동,경상사고,0,0,1,0,차대차 - 측면충돌,중앙선침범,젖음/습기,맑음,단일로 - 기타,승용,남,52세,상해없음,승용,남,30세,경상
2018081400100202,2018년 8월 14일 10시,화요일,대구광역시 북구 서변동,경상사고,0,0,1,1,차대차 - 기타,안전운전불이행,건조,맑음,교차로 - 교차로안,승용,여,44세,부상신고,승용,남,65세,경상
2018081400100203,2018년 8월 14일 10시,화요일,대구광역시 북구 사수동,경상사고,0,0,1,1,차대차 - 측면충돌,안전운전불이행,건조,맑음,단일로 - 기타,승용,여,48세,부상신고,화물,남,43세,경상
2018081400100267,2018년 8월 14일 12시,화요일,대구광역시 북구 학정동,경상사고,0,0,1,0,차대차 - 기타,안전운전불이행,건조,맑음,단일로 - 기타,승용,여,32세,상해없음,원동기,남,61세,경상
2018081400100303,2018년 8월 14일 13시,화요일,대구광역시 달서구 상인동,중상사고,0,1,0,0,차대사람 - 횡단중,안전운전불이행,건조,맑음,단일로 - 기타,승용,여,51세,상해없음,보행자,여,51세,중상
2018081400100304,2018년 8월 14일 13시,화요일,대구광역시 중구 남산동,중상사고,0,1,0,0,차대사람 - 보도통행중,보행자보호의무위반,건조,맑음,교차로 - 교차로안,승용,남,57세,상해없음,보행자,여,25세,중상
2018081400100343,2018년 8월 14일 14시,화요일,대구광역시 북구 침산동,경상사고,0,0,2,0,차대차 - 추돌,안전운전불이행,건조,맑음,단일로 - 기타,승용,남,53세,상해없음,승용,여,63세,경상
2018081400100344,2018년 8월 14일 14시,화요일,대구광역시 서구 원대동3가,부상신고사고,0,0,0,1,차대차 - 측면충돌,안전운전불이행,건조,맑음,교차로 - 교차로안,이륜,남,56세,부상신고,이륜,남,49세,상해없음
2018081400100370,2018년 8월 14일 15시,화요일,대구광역시 달서구 진천동,경상사고,0,0,1,0,차대차 - 정면충돌,직진우회전진행방해,건조,맑음,교차로 - 교차로안,자전거,남,10세,경상,승용,남,48세,상해없음
2018081400100371,2018년 8월 14일 15시,화요일,대구광역시 북구 침산동,경상사고,0,0,3,0,차대차 - 추돌,안전운전불이행,건조,맑음,교차로 - 교차로안,승용,남,61세,상해없음,승용,여,64세,경상
2018081400100372,2018년 8월 14일 15시,화요일,대구광역시 북구 칠성동2가,경상사고,0,0,3,0,차대차 - 기타,안전운전불이행,건조,맑음,단일로 - 기타,승용,여,32세,상해없음,승용,남,47세,경상
2018081400100412,2018년 8월 14일 16시,화요일,대구광역시 달서구 두류동,중상사고,0,1,0,0,차대차 - 추돌,안전운전불이행,건조,맑음,단일로 - 기타,이륜,남,24세,중상,화물,남,38세,상해없음
2018081400100458,2018년 8월 14일 17시,화요일,대구광역시 북구 칠성동1가,경상사고,0,0,1,0,차대차 - 추돌,안전운전불이행,건조,맑음,단일로 - 기타,승용,남,21세,상해없음,승용,남,46세,경상
2018081400100459,2018년 8월 14일 17시,화요일,대구광역시 북구 읍내동,부상신고사고,0,0,0,1,차대차 - 측면충돌,안전운전불이행,건조,맑음,교차로 - 교차로안,이륜,남,27세,부상신고,승용,남,23세,상해없음
2018081400100520,2018년 8월 14일 18시,화요일,대구광역시 수성구 지산동,중상사고,0,1,0,0,차대차 - 측면충돌,안전거리미확보,건조,맑음,교차로 - 교차로부근,승용,남,46세,상해없음,원동기,남,83세,중상
2018081400100521,2018년 8월 14일 18시,화요일,대구광역시 수성구 시지동,중상사고,0,1,0,0,차대차 - 측면충돌,안전운전불이행,건조,맑음,교차로 - 교차로안,승용,남,44세,상해없음,이륜,남,76세,중상
2018081400100522,2018년 8월 14일 18시,화요일,대구광역시 달서구 송현동,중상사고,0,1,0,0,차대사람 - 횡단중,보행자보호의무위반,건조,맑음,단일로 - 기타,승용,남,59세,상해없음,보행자,여,71세,중상
2018081400100523,2018년 8월 14일 18시,화요일,대구광역시 달서구 상인동,중상사고,0,2,1,0,차대차 - 측면충돌,안전운전불이행,건조,맑음,교차로 - 교차로부근,승용,여,49세,경상,승용,여,42세,중상
2018081400100524,2018년 8월 14일 18시,화요일,대구광역시 중구 남산동,경상사고,0,0,1,0,차대차 - 측면충돌,신호위반,건조,맑음,교차로 - 교차로안,이륜,남,18세,상해없음,승용,여,44세,경상
2018081400100559,2018년 8월 14일 19시,화요일,대구광역시 남구 대명동,경상사고,0,0,1,0,차대차 - 추돌,안전거리미확보,건조,맑음,교차로 - 교차로안,승용,남,67세,상해없음,승용,남,32세,상해없음
2018081400100560,2018년 8월 14일 19시,화요일,대구광역시 달서구 장기동,경상사고,0,0,1,0,차대차 - 기타,안전운전불이행,건조,맑음,단일로 - 기타,승용,남,54세,상해없음,이륜,남,35세,경상
2018081400100561,2018년 8월 14일 19시,화요일,대구광역시 북구 태전동,중상사고,0,1,0,0,차대사람 - 기타,안전운전불이행,건조,맑음,교차로 - 교차로횡단보도내,승용,여,58세,상해없음,보행자,여,65세,중상
2018081400100586,2018년 8월 14일 20시,화요일,대구광역시 동구 봉무동,중상사고,0,1,1,0,차대사람 - 기타,안전운전불이행,건조,맑음,기타 - 기타,자전거,남,58세,경상,보행자,남,68세,중상
2018081400100587,2018년 8월 14일 20시,화요일,대구광역시 북구 침산동,경상사고,0,0,2,0,차대차 - 측면충돌,안전거리미확보,건조,맑음,단일로 - 기타,화물,남,69세,상해없음,승용,남,30세,경상
2018081400100611,2018년 8월 14일 21시,화요일,대구광역시 달서구 신당동,경상사고,0,0,1,0,차대차 - 측면충돌,안전거리미확보,건조,맑음,단일로 - 기타,기타불명,기타불명,미분류,기타불명,승용,남,40세,상해없음
2018081400100641,2018년 8월 14일 22시,화요일,대구광역시 달서구 상인동,경상사고,0,0,1,0,차대사람 - 기타,교차로운행방법위반,건조,맑음,교차로 - 교차로부근,승용,남,23세,상해없음,보행자,여,24세,경상
2018081400100666,2018년 8월 14일 23시,화요일,대구광역시 동구 방촌동,경상사고,0,0,2,0,차대사람 - 기타,안전운전불이행,건조,맑음,단일로 - 기타,승용,남,31세,상해없음,보행자,남,26세,경상
2018081400100667,2018년 8월 14일 23시,화요일,대구광역시 수성구 범어동,경상사고,0,0,1,0,차대차 - 추돌,안전운전불이행,건조,맑음,단일로 - 기타,승용,남,38세,상해없음,승용,남,22세,경상
2018081500100017,2018년 8월 15일 00시,수요일,대구광역시 동구 도동,경상사고,0,0,1,0,차대차 - 기타,안전운전불이행,건조,맑음,단일로 - 기타,기타불명,기타불명,미분류,기타불명,승용,여,33세,경상
2018081500100019,2018년 8월 15일 00시,수요일,대구광역시 중구 동인동4가,중상사고,0,2,0,0,차대차 - 측면충돌,신호위반,건조,맑음,교차로 - 교차로안,승용,남,27세,상해없음,승용,남,61세,중상
2018081500100032,2018년 8월 15일 01시,수요일,대구광역시 서구 평리동,경상사고,0,0,2,0,차대차 - 추돌,안전운전불이행,건조,맑음,교차로 - 교차로부근,승용,남,25세,상해없음,승용,남,49세,경상
2018081500100048,2018년 8월 15일 02시,수요일,대구광역시 중구 삼덕동1가,경상사고,0,0,1,0,차대사람 - 차도통행중,안전운전불이행,건조,맑음,단일로 - 기타,승용,남,18세,상해없음,보행자,남,22세,경상
2018081500100056,2018년 8월 15일 03시,수요일,대구광역시 수성구 범어동,중상사고,0,1,0,0,차대차 - 기타,안전운전불이행,건조,맑음,단일로 - 기타,승용,남,23세,상해없음,원동기,남,17세,중상
2018081500100074,2018년 8월 15일 05시,수요일,대구광역시 남구 대명동,경상사고,0,0,1,1,차대차 - 측면충돌,차로위반,건조,맑음,기타 - 기타,승용,남,34세,상해없음,승용,남,26세,부상신고
2018081500100090,2018년 8월 15일 06시,수요일,대구광역시 중구 동인동3가,경상사고,0,0,1,0,차대차 - 측면충돌,안전운전불이행,건조,맑음,교차로 - 교차로안,승용,남,59세,상해없음,승용,남,62세,경상
2018081500100109,2018년 8월 15일 07시,수요일,대구광역시 달서구 본리동,경상사고,0,0,2,0,차대차 - 측면충돌,불법유턴,건조,맑음,교차로 - 교차로부근,화물,남,67세,경상,승용,남,28세,경상
2018081500100110,2018년 8월 15일 07시,수요일,대구광역시 달서구 장동,부상신고사고,0,0,0,1,차대차 - 추돌,안전운전불이행,건조,맑음,단일로 - 기타,승용,남,18세,상해없음,승합,남,69세,상해없음
2018081500100133,2018년 8월 15일 08시,수요일,대구광역시 달성군 논공읍,경상사고,0,0,1,0,차대차 - 측면충돌,교차로운행방법위반,건조,맑음,교차로 - 교차로안,이륜,남,51세,경상,화물,남,31세,상해없음
2018081500100134,2018년 8월 15일 08시,수요일,대구광역시 북구 국우동,경상사고,0,0,1,0,차대차 - 측면충돌,안전운전불이행,건조,맑음,단일로 - 기타,승용,남,21세,경상,승용,남,62세,기타불명
2018081500100145,2018년 8월 15일 09시,수요일,대구광역시 달서구 월성동,경상사고,0,0,1,0,차대차 - 측면충돌,안전운전불이행,건조,맑음,교차로 - 교차로안,건설기계,남,37세,상해없음,승합,남,47세,경상
2018081500100191,2018년 8월 15일 11시,수요일,대구광역시 중구 남성로,경상사고,0,0,1,0,차대차 - 측면충돌,안전운전불이행,건조,맑음,단일로 - 기타,이륜,남,61세,경상,승용,여,38세,상해없음
2018081500100192,2018년 8월 15일 11시,수요일,대구광역시 달서구 이곡동,부상신고사고,0,0,0,1,차대차 - 기타,안전운전불이행,건조,맑음,기타 - 기타,원동기,남,24세,부상신고,화물,남,40세,상해없음
2018081500100222,2018년 8월 15일 12시,수요일,대구광역시 동구 신암동,경상사고,0,0,2,0,차대차 - 측면충돌,안전거리미확보,건조,맑음,단일로 - 기타,승용,여,25세,상해없음,승용,남,19세,경상
2018081500100223,2018년 8월 15일 12시,수요일,대구광역시 달서구 본리동,경상사고,0,0,1,0,차대차 - 측면충돌,차로위반,건조,맑음,단일로 - 기타,승용,남,51세,상해없음,이륜,남,20세,경상
2018081500100254,2018년 8월 15일 13시,수요일,대구광역시 달성군 유가읍,경상사고,0,0,2,0,차대차 - 측면충돌,안전운전불이행,건조,맑음,교차로 - 교차로안,승용,여,39세,경상,승용,남,32세,경상
2018081500100284,2018년 8월 15일 14시,수요일,대구광역시 달서구 송현동,부상신고사고,0,0,0,1,차대차 - 측면충돌,교차로운행방법위반,건조,맑음,교차로 - 교차로안,승용,남,62세,부상신고,승용,남,45세,상해없음
2018081500100285,2018년 8월 15일 14시,수요일,대구광역시 북구 대현동,경상사고,0,0,1,0,차대사람 - 기타,기타,건조,맑음,단일로 - 기타,화물,남,77세,상해없음,보행자,남,53세,경상
2018081500100286,2018년 8월 15일 14시,수요일,대구광역시 달서구 장기동,경상사고,0,0,3,0,차대차 - 정면충돌,중앙선침범,건조,맑음,단일로 - 기타,승용,여,25세,상해없음,승용,여,40세,경상
2018081500100318,2018년 8월 15일 15시,수요일,대구광역시 남구 대명동,중상사고,0,1,1,0,차대차 - 측면충돌,교차로운행방법위반,건조,맑음,교차로 - 교차로안,이륜,남,16세,경상,승용,남,52세,중상
2018081500100319,2018년 8월 15일 15시,수요일,대구광역시 동구 효목동,중상사고,0,1,0,0,차대차 - 정면충돌,중앙선침범,건조,맑음,단일로 - 기타,화물,여,42세,상해없음,승용,남,28세,중상
2018081500100322,2018년 8월 15일 15시,수요일,대구광역시 달성군 현풍읍,경상사고,0,0,1,0,차대차 - 측면충돌,안전운전불이행,건조,맑음,교차로 - 교차로안,승용,여,72세,상해없음,승합,남,54세,경상
2018081500100323,2018년 8월 15일 15시,수요일,대구광역시 달서구 신당동,중상사고,0,1,0,0,차대차 - 기타,안전거리미확보,건조,맑음,단일로 - 터널,승용,여,62세,상해없음,이륜,남,28세,중상
2018081500100355,2018년 8월 15일 16시,수요일,대구광역시 달서구 월성동,중상사고,0,1,1,0,차대차 - 기타,안전운전불이행,건조,맑음,단일로 - 기타,승용,여,56세,경상,승용,여,44세,중상
2018081500100356,2018년 8월 15일 16시,수요일,대구광역시 서구 이현동,중상사고,0,1,1,0,차대차 - 측면충돌,안전거리미확보,건조,맑음,단일로 - 기타,승용,여,66세,상해없음,승용,남,58세,중상
2018081500100357,2018년 8월 15일 16시,수요일,대구광역시 달서구 죽전동,경상사고,0,0,3,0,차대차 - 기타,교차로운행방법위반,건조,맑음,교차로 - 교차로부근,승용,남,26세,상해없음,승용,남,21세,경상
2018081500100383,2018년 8월 15일 17시,수요일,대구광역시 달서구 송현동,경상사고,0,0,1,0,차대차 - 측면충돌,안전운전불이행,건조,맑음,단일로 - 기타,승용,남,45세,상해없음,이륜,남,72세,경상
2018081500100384,2018년 8월 15일 17시,수요일,대구광역시 달서구 본동,경상사고,0,0,1,0,차대사람 - 기타,안전운전불이행,건조,맑음,단일로 - 기타,승용,남,57세,상해없음,보행자,남,7세,경상
2018081500100385,2018년 8월 15일 17시,수요일,대구광역시 달서구 두류동,경상사고,0,0,1,0,차대사람 - 기타,기타,건조,맑음,기타 - 기타,화물,남,65세,상해없음,보행자,남,48세,경상
2018081500100416,2018년 8월 15일 18시,수요일,대구광역시 동구 신암동,경상사고,0,0,1,0,차대사람 - 횡단중,안전운전불이행,건조,맑음,단일로 - 기타,이륜,남,69세,상해없음,보행자,남,9세,경상
2018081500100443,2018년 8월 15일 19시,수요일,대구광역시 동구 방촌동,경상사고,0,0,1,1,차대차 - 정면충돌,안전운전불이행,건조,맑음,단일로 - 기타,승용,여,63세,부상신고,승용,남,50세,경상
2018081500100444,2018년 8월 15일 19시,수요일,대구광역시 달서구 본동,경상사고,0,0,1,0,차대차 - 기타,안전운전불이행,건조,맑음,단일로 - 기타,승용,남,44세,상해없음,승용,남,29세,상해없음