사고번호,사고일시,요일,시군구,사고내용,사망자수,중상자수,경상자수,부상신고자수,사고유형,법규위반,노면상태,기상상태,도로형태,가해운전자 차종,가해운전자 성별,가해운전자 연령,가해운전자 상해정도,피해운전자 차종,피해운전자 성별,피해운전자 연령,피해운전자 상해정도
2018081500100445,2018년 8월 15일 19시,수요일,대구광역시 달서구 용산동,경상사고,0,0,1,0,차대차 - 측면충돌,안전운전불이행,건조,맑음,단일로 - 기타,승용,남,50세,상해없음,이륜,남,20세,경상
2018081500100476,2018년 8월 15일 20시,수요일,대구광역시 수성구 연호동,경상사고,0,0,3,3,차대차 - 측면충돌,안전거리미확보,건조,흐림,교차로 - 교차로부근,기타불명,기타불명,미분류,기타불명,승용,여,52세,경상
2018081500100477,2018년 8월 15일 20시,수요일,대구광역시 달서구 장동,경상사고,0,0,1,0,차대차 - 측면충돌,안전거리미확보,건조,맑음,교차로 - 교차로안,승용,남,53세,상해없음,승용,남,31세,경상
2018081500100506,2018년 8월 15일 21시,수요일,대구광역시 서구 비산동,경상사고,0,0,1,0,차대차 - 측면충돌,안전운전불이행,건조,맑음,교차로 - 교차로안,승용,남,59세,상해없음,승합,남,48세,상해없음
2018081500100532,2018년 8월 15일 22시,수요일,대구광역시 동구 신천동,경상사고,0,0,2,0,차대차 - 측면충돌,안전운전불이행,건조,맑음,교차로 - 교차로안,승용,여,44세,상해없음,승용,남,28세,경상
2018081500100533,2018년 8월 15일 22시,수요일,대구광역시 달서구 송현동,중상사고,0,1,0,0,차대차 - 측면충돌,교차로운행방법위반,젖음/습기,비,교차로 - 교차로안,이륜,남,23세,중상,승용,남,27세,상해없음
2018081500100534,2018년 8월 15일 22시,수요일,대구광역시 북구 침산동,경상사고,0,0,4,1,차대차 - 측면충돌,신호위반,젖음/습기,비,교차로 - 교차로안,이륜,남,23세,부상신고,승용,남,45세,경상
2018081600100031,2018년 8월 16일 02시,목요일,대구광역시 동구 봉무동,중상사고,0,1,1,0,차량단독 - 공작물충돌,안전운전불이행,기타,비,기타 - 기타,이륜,남,22세,경상,,,,
2018081600100032,2018년 8월 16일 02시,목요일,대구광역시 달서구 대곡동,경상사고,0,0,1,0,차대차 - 측면충돌,신호위반,건조,맑음,교차로 - 교차로안,승용,남,65세,상해없음,승용,여,31세,경상
2018081600100045,2018년 8월 16일 04시,목요일,대구광역시 수성구 수성동1가,경상사고,0,0,1,0,차대차 - 기타,기타,젖음/습기,비,교차로 - 교차로횡단보도내,기타불명,기타불명,미분류,기타불명,자전거,여,55세,경상
2018081600100055,2018년 8월 16일 05시,목요일,대구광역시 남구 대명동,중상사고,0,1,0,0,차대사람 - 기타,안전운전불이행,젖음/습기,비,단일로 - 기타,승용,여,70세,상해없음,보행자,여,27세,중상
2018081600100085,2018년 8월 16일 07시,목요일,대구광역시 달서구 이곡동,중상사고,0,1,0,0,차대사람 - 횡단중,보행자보호의무위반,건조,맑음,교차로 - 교차로횡단보도내,승용,여,57세,상해없음,보행자,여,17세,중상
2018081600100112,2018년 8월 16일 08시,목요일,대구광역시 달성군 논공읍,중상사고,0,1,1,0,차대차 - 기타,안전운전불이행,건조,맑음,교차로 - 교차로안,승용,남,57세,상해없음,승용,남,66세,중상
2018081600100113,2018년 8월 16일 08시,목요일,대구광역시 중구 교동,경상사고,0,0,1,0,차대차 - 측면충돌,안전운전불이행,건조,맑음,교차로 - 교차로안,이륜,남,61세,경상,승용,여,38세,상해없음
2018081600100115,2018년 8월 16일 08시,목요일,대구광역시 달서구 두류동,중상사고,0,1,0,0,차대차 - 측면충돌,차로위반,건조,맑음,단일로 - 기타,화물,남,64세,상해없음,이륜,남,71세,중상
2018081600100116,2018년 8월 16일 08시,목요일,대구광역시 북구 서변동,중상사고,0,2,7,0,차대차 - 측면충돌,안전운전불이행,건조,맑음,단일로 - 기타,특수,남,44세,상해없음,승용,남,24세,경상
2018081600100165,2018년 8월 16일 09시,목요일,대구광역시 달서구 월성동,경상사고,0,0,1,0,차대차 - 추돌,안전운전불이행,건조,맑음,교차로 - 교차로안,승용,여,42세,상해없음,화물,남,52세,경상
2018081600100166,2018년 8월 16일 09시,목요일,대구광역시 북구 침산동,경상사고,0,0,1,0,차대차 - 측면충돌,안전운전불이행,건조,맑음,교차로 - 교차로부근,자전거,여,47세,경상,특수,남,52세,상해없음
2018081600100167,2018년 8월 16일 09시,목요일,대구광역시 달서구 두류동,경상사고,0,0,1,0,차대차 - 측면충돌,안전운전불이행,건조,맑음,교차로 - 교차로부근,승용,남,37세,상해없음,화물,남,72세,경상
2018081600100200,2018년 8월 16일 10시,목요일,대구광역시 동구 방촌동,중상사고,0,1,6,0,차대차 - 측면충돌,안전운전불이행,건조,맑음,단일로 - 기타,승용,남,52세,경상,승합,남,50세,경상
2018081600100201,2018년 8월 16일 10시,목요일,대구광역시 수성구 파동,경상사고,0,0,1,0,차대차 - 측면충돌,안전운전불이행,건조,맑음,단일로 - 기타,승용,여,45세,상해없음,승용,여,56세,경상
2018081600100202,2018년 8월 16일 10시,목요일,대구광역시 수성구 범어동,경상사고,0,0,1,0,차대차 - 측면충돌,안전거리미확보,건조,맑음,단일로 - 기타,승용,남,27세,상해없음,승용,남,36세,경상
2018081600100203,2018년 8월 16일 10시,목요일,대구광역시 수성구 두산동,경상사고,0,0,3,0,차대차 - 추돌,안전운전불이행,건조,맑음,교차로 - 교차로부근,승용,여,48세,상해없음,승용,여,57세,경상
2018081600100204,2018년 8월 16일 10시,목요일,대구광역시 달서구 유천동,중상사고,0,1,0,0,차대사람 - 보도통행중,기타,건조,맑음,단일로 - 기타,승용,남,66세,상해없음,보행자,여,56세,중상
2018081600100240,2018년 8월 16일 11시,목요일,대구광역시 동구 신평동,경상사고,0,0,1,1,차대차 - 추돌,교차로운행방법위반,건조,맑음,교차로 - 교차로안,화물,남,58세,부상신고,화물,남,34세,상해없음
2018081600100241,2018년 8월 16일 11시,목요일,대구광역시 북구 칠성동2가,중상사고,0,1,0,0,차대차 - 기타,불법유턴,건조,맑음,단일로 - 기타,승용,여,78세,상해없음,원동기,남,78세,중상
2018081600100242,2018년 8월 16일 11시,목요일,대구광역시 북구 산격동,중상사고,0,1,0,0,차대차 - 측면충돌,교차로운행방법위반,건조,맑음,교차로 - 교차로안,승용,여,50세,상해없음,원동기,남,70세,중상
2018081600100243,2018년 8월 16일 11시,목요일,대구광역시 중구 공평동,중상사고,0,1,0,0,차대사람 - 횡단중,안전운전불이행,건조,맑음,교차로 - 교차로안,승용,남,32세,상해없음,보행자,여,41세,중상
2018081600100309,2018년 8월 16일 13시,목요일,대구광역시 남구 이천동,경상사고,0,0,3,0,차대차 - 추돌,안전거리미확보,건조,맑음,단일로 - 기타,승용,남,35세,상해없음,승용,여,49세,경상
2018081600100310,2018년 8월 16일 13시,목요일,대구광역시 수성구 지산동,경상사고,0,0,1,0,차대차 - 측면충돌,기타,건조,맑음,교차로 - 교차로안,승용,남,32세,상해없음,승용,여,43세,경상
2018081600100311,2018년 8월 16일 13시,목요일,대구광역시 북구 산격동,경상사고,0,0,2,0,차대차 - 측면충돌,안전운전불이행,젖음/습기,비,단일로 - 기타,승용,남,61세,상해없음,승용,여,58세,상해없음
2018081600100312,2018년 8월 16일 13시,목요일,대구광역시 서구 내당동,경상사고,0,0,2,0,차대차 - 측면충돌,교차로운행방법위반,건조,맑음,교차로 - 교차로안,승용,여,58세,경상,승용,남,35세,경상
2018081600100313,2018년 8월 16일 13시,목요일,대구광역시 중구 봉산동,경상사고,0,0,1,0,차대차 - 측면충돌,안전거리미확보,젖음/습기,흐림,단일로 - 기타,승용,여,34세,상해없음,승용,여,39세,경상
2018081600100314,2018년 8월 16일 13시,목요일,대구광역시 달서구 신당동,중상사고,0,1,0,0,차대차 - 기타,안전거리미확보,젖음/습기,비,단일로 - 기타,특수,남,46세,상해없음,이륜,남,39세,중상
2018081600100387,2018년 8월 16일 15시,목요일,대구광역시 수성구 두산동,경상사고,0,0,2,0,차대차 - 정면충돌,신호위반,건조,맑음,교차로 - 교차로안,승용,여,31세,상해없음,승용,남,45세,경상
2018081600100388,2018년 8월 16일 15시,목요일,대구광역시 수성구 지산동,경상사고,0,0,2,0,차대차 - 측면충돌,교차로운행방법위반,젖음/습기,흐림,교차로 - 교차로안,승용,여,27세,경상,이륜,남,45세,경상
2018081600100424,2018년 8월 16일 16시,목요일,대구광역시 중구 대봉동,중상사고,0,1,0,0,차대차 - 측면충돌,안전운전불이행,건조,맑음,단일로 - 기타,승용,남,36세,상해없음,자전거,남,67세,중상
2018081600100475,2018년 8월 16일 17시,목요일,대구광역시 수성구 범어동,중상사고,0,2,1,0,차대차 - 추돌,안전운전불이행,젖음/습기,비,단일로 - 기타,승용,여,59세,중상,승용,남,50세,경상
2018081600100476,2018년 8월 16일 17시,목요일,대구광역시 달성군 논공읍,중상사고,0,1,0,0,차대차 - 기타,안전운전불이행,건조,맑음,교차로 - 교차로안,승용,남,58세,상해없음,자전거,남,66세,중상
2018081600100477,2018년 8월 16일 17시,목요일,대구광역시 북구 고성동2가,부상신고사고,0,0,0,1,차대차 - 기타,교차로운행방법위반,건조,맑음,교차로 - 교차로안,원동기,남,37세,부상신고,화물,남,28세,상해없음
2018081600100478,2018년 8월 16일 17시,목요일,대구광역시 북구 구암동,중상사고,0,1,0,0,차대차 - 기타,안전운전불이행,건조,맑음,교차로 - 교차로안,화물,남,50세,상해없음,자전거,남,73세,중상
2018081600100515,2018년 8월 16일 18시,목요일,대구광역시 동구 동호동,중상사고,0,1,2,0,차대차 - 추돌,안전운전불이행,건조,맑음,단일로 - 기타,승용,남,58세,상해없음,승용,여,35세,경상
2018081600100516,2018년 8월 16일 18시,목요일,대구광역시 달서구 도원동,경상사고,0,0,1,0,차대차 - 측면충돌,안전거리미확보,건조,맑음,단일로 - 기타,승용,남,33세,상해없음,승용,남,27세,경상
2018081600100517,2018년 8월 16일 18시,목요일,대구광역시 북구 칠성동2가,경상사고,0,0,1,0,차대차 - 추돌,안전운전불이행,건조,맑음,단일로 - 기타,승용,남,50세,상해없음,승용,남,26세,경상
2018081600100518,2018년 8월 16일 18시,목요일,대구광역시 북구 서변동,경상사고,0,0,2,0,차대차 - 측면충돌,안전거리미확보,건조,맑음,단일로 - 기타,승용,남,66세,경상,승용,여,42세,경상
2018081600100546,2018년 8월 16일 19시,목요일,대구광역시 달성군 현풍읍,경상사고,0,0,2,0,차대차 - 측면충돌,교차로운행방법위반,건조,맑음,교차로 - 교차로안,화물,남,68세,상해없음,승용,남,27세,경상
2018081600100583,2018년 8월 16일 20시,목요일,대구광역시 수성구 파동,경상사고,0,0,1,0,차대차 - 측면충돌,안전거리미확보,건조,맑음,교차로 - 교차로부근,승용,여,56세,상해없음,승용,남,57세,경상
2018081600100584,2018년 8월 16일 20시,목요일,대구광역시 서구 비산동,경상사고,0,0,2,0,차대차 - 추돌,안전운전불이행,건조,맑음,단일로 - 기타,승용,남,44세,상해없음,승용,남,54세,경상
2018081600100585,2018년 8월 16일 20시,목요일,대구광역시 달서구 용산동,중상사고,0,1,0,0,차대사람 - 횡단중,안전운전불이행,건조,맑음,교차로 - 교차로부근,승용,남,58세,상해없음,보행자,여,63세,중상
2018081600100586,2018년 8월 16일 20시,목요일,대구광역시 달서구 죽전동,중상사고,0,1,0,0,차량단독 - 기타,안전운전불이행,건조,맑음,기타 - 기타,자전거,남,57세,중상,,,,
2018081600100612,2018년 8월 16일 21시,목요일,대구광역시 수성구 시지동,중상사고,0,1,0,0,차대차 - 기타,안전운전불이행,건조,맑음,단일로 - 기타,화물,여,69세,상해없음,자전거,남,18세,중상
2018081600100637,2018년 8월 16일 22시,목요일,대구광역시 동구 동호동,중상사고,0,1,2,0,차대차 - 기타,안전운전불이행,건조,맑음,단일로 - 교량,원동기,남,60세,경상,승용,여,47세,경상
2018081600100638,2018년 8월 16일 22시,목요일,대구광역시 수성구 만촌동,경상사고,0,0,2,0,차대차 - 추돌,안전운전불이행,건조,맑음,단일로 - 기타,승용,남,59세,상해없음,승용,남,29세,경상
2018081600100639,2018년 8월 16일 22시,목요일,대구광역시 중구 덕산동,경상사고,0,0,1,0,차대차 - 추돌,안전거리미확보,건조,맑음,단일로 - 기타,승용,남,28세,상해없음,승용,남,59세,상해없음
2018081600100658,2018년 8월 16일 23시,목요일,대구광역시 동구 진인동,중상사고,0,1,0,0,차량단독 - 공작물충돌,안전운전불이행,건조,맑음,단일로 - 기타,이륜,남,21세,중상,,,,
2018081600100659,2018년 8월 16일 23시,목요일,대구광역시 동구 입석동,경상사고,0,0,1,0,차대차 - 측면충돌,안전운전불이행,건조,맑음,단일로 - 기타,승용,여,60세,상해없음,승용,여,41세,경상
2018081600100660,2018년 8월 16일 23시,목요일,대구광역시 북구 노원동3가,경상사고,0,0,1,0,차대차 - 측면충돌,안전운전불이행,건조,맑음,교차로 - 교차로안,기타불명,기타불명,미분류,기타불명,승용,여,34세,경상
2018081700100015,2018년 8월 17일 00시,금요일,대구광역시 달서구 본동,경상사고,0,0,1,0,차대차 - 측면충돌,신호위반,건조,맑음,교차로 - 교차로안,승용,남,26세,상해없음,승용,남,50세,경상
2018081700100045,2018년 8월 17일 04시,금요일,대구광역시 북구 칠성동2가,중상사고,0,1,7,0,차대차 - 측면충돌,교차로운행방법위반,건조,맑음,교차로 - 교차로안,승용,남,23세,상해없음,승합,남,53세,경상
2018081700100106,2018년 8월 17일 07시,금요일,대구광역시 달서구 진천동,경상사고,0,0,2,0,차대차 - 측면충돌,안전운전불이행,건조,맑음,단일로 - 기타,승용,여,34세,경상,화물,남,31세,경상
2018081700100144,2018년 8월 17일 08시,금요일,대구광역시 남구 봉덕동,중상사고,0,1,1,0,차대차 - 정면충돌,중앙선침범,건조,맑음,교차로 - 교차로부근,승용,여,39세,중상,승합,남,53세,경상
2018081700100145,2018년 8월 17일 08시,금요일,대구광역시 달서구 송현동,부상신고사고,0,0,0,1,차대차 - 측면충돌,안전운전불이행,건조,맑음,단일로 - 기타,자전거,남,15세,부상신고,승용,여,46세,상해없음
2018081700100172,2018년 8월 17일 09시,금요일,대구광역시 동구 신암동,경상사고,0,0,1,0,차대차 - 후진중충돌,안전운전불이행,건조,맑음,기타 - 기타,승용,여,48세,상해없음,승용,남,42세,경상
2018081700100220,2018년 8월 17일 10시,금요일,대구광역시 서구 평리동,경상사고,0,0,1,0,차대차 - 측면충돌,차로위반,건조,맑음,단일로 - 기타,승용,남,41세,상해없음,이륜,남,46세,경상
2018081700100221,2018년 8월 17일 10시,금요일,대구광역시 중구 삼덕동1가,부상신고사고,0,0,0,1,차대차 - 측면충돌,안전운전불이행,건조,맑음,교차로 - 교차로안,자전거,남,18세,부상신고,화물,남,31세,상해없음
2018081700100249,2018년 8월 17일 11시,금요일,대구광역시 달성군 현풍읍,중상사고,0,1,1,0,차대차 - 측면충돌,안전운전불이행,건조,맑음,교차로 - 교차로부근,승용,남,57세,상해없음,승용,여,42세,중상
2018081700100250,2018년 8월 17일 11시,금요일,대구광역시 달서구 본리동,경상사고,0,0,1,0,차대사람 - 횡단중,신호위반,건조,맑음,교차로 - 교차로안,화물,남,37세,상해없음,보행자,여,71세,경상
2018081700100284,2018년 8월 17일 12시,금요일,대구광역시 북구 산격동,경상사고,0,0,1,0,차대차 - 추돌,안전거리미확보,건조,맑음,단일로 - 기타,화물,남,30세,상해없음,승용,남,23세,경상
2018081700100314,2018년 8월 17일 13시,금요일,대구광역시 달서구 상인동,경상사고,0,0,2,0,차대차 - 측면충돌,교차로운행방법위반,건조,맑음,교차로 - 교차로안,화물,남,63세,경상,화물,남,42세,경상
2018081700100351,2018년 8월 17일 14시,금요일,대구광역시 남구 대명동,중상사고,0,1,0,0,차량단독 - 기타,안전운전불이행,건조,맑음,단일로 - 기타,건설기계,남,50세,중상,,,,
2018081700100352,2018년 8월 17일 14시,금요일,대구광역시 동구 효목동,경상사고,0,0,1,0,차대차 - 기타,안전운전불이행,건조,맑음,단일로 - 기타,승용,여,51세,상해없음,자전거,남,61세,경상
2018081700100353,2018년 8월 17일 14시,금요일,대구광역시 수성구 두산동,중상사고,0,1,0,0,차대사람 - 길가장자리구역통행중,안전운전불이행,건조,맑음,단일로 - 기타,화물,남,75세,상해없음,보행자,여,65세,중상
2018081700100354,2018년 8월 17일 14시,금요일,대구광역시 달서구 도원동,중상사고,0,1,0,0,차대사람 - 횡단중,중앙선침범,건조,맑음,단일로 - 기타,승용,남,71세,상해없음,보행자,남,45세,중상
2018081700100390,2018년 8월 17일 15시,금요일,대구광역시 달성군 화원읍,경상사고,0,0,1,0,차대사람 - 횡단중,보행자보호의무위반,건조,맑음,교차로 - 교차로횡단보도내,화물,남,37세,상해없음,보행자,여,68세,경상
2018081700100391,2018년 8월 17일 15시,금요일,대구광역시 북구 매천동,경상사고,0,0,1,0,차대사람 - 기타,안전운전불이행,건조,맑음,단일로 - 기타,승용,남,59세,상해없음,보행자,남,26세,경상
2018081700100448,2018년 8월 17일 16시,금요일,대구광역시 동구 지저동,중상사고,0,1,1,0,차대차 - 측면충돌,안전거리미확보,건조,맑음,단일로 - 기타,승용,여,59세,상해없음,이륜,남,17세,경상
2018081700100449,2018년 8월 17일 16시,금요일,대구광역시 동구 동호동,경상사고,0,0,1,0,차대사람 - 차도통행중,기타,건조,맑음,기타 - 기타,승용,남,56세,상해없음,보행자,남,28세,경상
2018081700100450,2018년 8월 17일 16시,금요일,대구광역시 북구 동천동,경상사고,0,0,1,0,차대차 - 기타,안전운전불이행,건조,맑음,단일로 - 기타,승용,남,50세,상해없음,승용,여,66세,경상
2018081700100496,2018년 8월 17일 17시,금요일,대구광역시 동구 신천동,부상신고사고,0,0,0,1,차대차 - 측면충돌,안전운전불이행,건조,맑음,교차로 - 교차로부근,이륜,남,28세,부상신고,승용,남,39세,상해없음
2018081700100497,2018년 8월 17일 17시,금요일,대구광역시 동구 방촌동,중상사고,0,1,0,0,차대차 - 기타,신호위반,건조,맑음,교차로 - 교차로부근,승용,여,49세,상해없음,자전거,남,63세,중상
2018081700100498,2018년 8월 17일 17시,금요일,대구광역시 달서구 도원동,경상사고,0,0,1,2,차대차 - 추돌,안전거리미확보,건조,맑음,단일로 - 기타,승용,남,63세,상해없음,승용,여,37세,부상신고
2018081700100499,2018년 8월 17일 17시,금요일,대구광역시 서구 비산동,경상사고,0,0,4,0,차대차 - 측면충돌,중앙선침범,건조,맑음,단일로 - 기타,승용,남,59세,상해없음,화물,남,51세,경상
2018081700100547,2018년 8월 17일 18시,금요일,대구광역시 수성구 상동,경상사고,0,0,3,0,차대차 - 측면충돌,안전거리미확보,건조,맑음,단일로 - 기타,승용,남,78세,상해없음,승용,남,53세,경상
2018081700100548,2018년 8월 17일 18시,금요일,대구광역시 수성구 중동,경상사고,0,0,1,0,차대차 - 측면충돌,안전운전불이행,건조,맑음,단일로 - 기타,승합,남,62세,상해없음,이륜,남,28세,상해없음
2018081700100549,2018년 8월 17일 18시,금요일,대구광역시 수성구 상동,중상사고,0,1,0,0,차대사람 - 길가장자리구역통행중,신호위반,건조,맑음,단일로 - 기타,승용,여,53세,상해없음,보행자,여,48세,중상
2018081700100550,2018년 8월 17일 18시,금요일,대구광역시 수성구 범어동,경상사고,0,0,1,0,차대차 - 추돌,안전운전불이행,건조,맑음,단일로 - 기타,승용,여,44세,상해없음,이륜,남,26세,경상
2018081700100551,2018년 8월 17일 18시,금요일,대구광역시 달성군 화원읍,경상사고,0,0,1,0,차대차 - 기타,안전운전불이행,건조,맑음,교차로 - 교차로안,승용,남,39세,상해없음,이륜,남,45세,경상
2018081700100552,2018년 8월 17일 18시,금요일,대구광역시 서구 평리동,경상사고,0,0,1,0,차대차 - 추돌,안전운전불이행,건조,맑음,단일로 - 기타,승용,여,23세,상해없음,승용,남,22세,경상
2018081700100553,2018년 8월 17일 18시,금요일,대구광역시 달서구 죽전동,경상사고,0,0,4,1,차대차 - 측면충돌,교차로운행방법위반,건조,맑음,교차로 - 교차로부근,승용,여,39세,상해없음,승용,남,20세,경상
2018081700100589,2018년 8월 17일 19시,금요일,대구광역시 북구 노원동3가,부상신고사고,0,0,0,1,차대차 - 측면충돌,불법유턴,건조,맑음,단일로 - 기타,이륜,남,69세,부상신고,승용,남,57세,상해없음
2018081700100627,2018년 8월 17일 20시,금요일,대구광역시 수성구 만촌동,경상사고,0,0,1,0,차대차 - 추돌,안전거리미확보,건조,맑음,단일로 - 기타,승용,남,30세,상해없음,승용,남,32세,경상
2018081700100628,2018년 8월 17일 20시,금요일,대구광역시 달서구 상인동,경상사고,0,0,1,0,차대차 - 측면충돌,안전거리미확보,건조,맑음,교차로 - 교차로부근,건설기계,남,55세,상해없음,승용,남,54세,상해없음
2018081700100629,2018년 8월 17일 20시,금요일,대구광역시 서구 비산동,경상사고,0,0,1,0,차대차 - 측면충돌,안전운전불이행,건조,맑음,단일로 - 기타,이륜,남,50세,상해없음,승용,여,42세,경상
2018081800100044,2018년 8월 18일 02시,토요일,대구광역시 남구 대명동,경상사고,0,0,4,0,차대차 - 측면충돌,안전거리미확보,건조,맑음,교차로 - 교차로부근,승용,여,33세,경상,승용,남,50세,경상
2018081800100058,2018년 8월 18일 03시,토요일,대구광역시 달서구 호산동,중상사고,0,1,0,0,차대사람 - 횡단중,안전운전불이행,건조,맑음,단일로 - 기타,승용,여,18세,상해없음,보행자,남,21세,중상
2018081800100078,2018년 8월 18일 05시,토요일,대구광역시 달서구 호림동,중상사고,0,1,0,0,차량단독 - 공작물충돌,안전운전불이행,건조,흐림,단일로 - 기타,화물,남,25세,상해없음,,,,
2018081800100136,2018년 8월 18일 08시,토요일,대구광역시 수성구 중동,중상사고,0,1,2,0,차대차 - 측면충돌,안전운전불이행,건조,맑음,교차로 - 교차로부근,승합,남,58세,경상,승용,남,70세,중상
2018081800100137,2018년 8월 18일 08시,토요일,대구광역시 달성군 다사읍,경상사고,0,0,1,0,차대차 - 측면충돌,안전운전불이행,건조,맑음,교차로 - 교차로안,승용,여,49세,상해없음,승용,남,22세,경상
2018081800100138,2018년 8월 18일 08시,토요일,대구광역시 북구 관음동,경상사고,0,0,1,0,차대차 - 기타,안전운전불이행,건조,맑음,교차로 - 교차로부근,승용,남,24세,상해없음,원동기,여,52세,경상
2018081800100139,2018년 8월 18일 08시,토요일,대구광역시 북구 학정동,경상사고,0,0,1,0,차대차 - 추돌,안전거리미확보,건조,맑음,단일로 - 기타,승합,남,39세,상해없음,화물,남,61세,경상
2018081800100171,2018년 8월 18일 09시,토요일,대구광역시 달성군 구지면,중상사고,0,1,0,0,차대차 - 측면충돌,신호위반,건조,맑음,교차로 - 교차로안,승용,남,32세,상해없음,승용,남,43세,중상
2018081800100212,2018년 8월 18일 10시,토요일,대구광역시 동구 신기동,부상신고사고,0,0,0,1,차대차 - 측면충돌,안전운전불이행,건조,맑음,교차로 - 교차로부근,이륜,남,40세,부상신고,승용,남,46세,상해없음
2018081800100213,2018년 8월 18일 10시,토요일,대구광역시 달서구 호산동,경상사고,0,0,1,0,차대차 - 측면충돌,교차로운행방법위반,건조,맑음,교차로 - 교차로안,승용,남,27세,상해없음,승용,여,41세,경상
2018081800100245,2018년 8월 18일 11시,토요일,대구광역시 중구 공평동,중상사고,0,1,0,0,차대차 - 측면충돌,신호위반,건조,맑음,교차로 - 교차로안,승용,여,34세,상해없음,이륜,남,61세,중상
2018081800100246,2018년 8월 18일 11시,토요일,대구광역시 달서구 두류동,부상신고사고,0,0,0,1,차대차 - 기타,안전운전불이행,건조,맑음,교차로 - 교차로부근,승용,남,29세,상해없음,자전거,남,56세,부상신고
2018081800100247,2018년 8월 18일 11시,토요일,대구광역시 북구 읍내동,중상사고,0,1,0,0,차대차 - 정면충돌,안전운전불이행,건조,맑음,단일로 - 기타,승용,남,71세,상해없음,자전거,남,82세,중상
2018081800100311,2018년 8월 18일 13시,토요일,대구광역시 달서구 이곡동,중상사고,0,1,0,0,차대차 - 측면충돌,안전거리미확보,건조,맑음,단일로 - 기타,승용,남,74세,상해없음,승용,남,54세,상해없음
2018081800100394,2018년 8월 18일 15시,토요일,대구광역시 수성구 범어동,경상사고,0,0,1,0,차대차 - 추돌,안전운전불이행,건조,맑음,단일로 - 기타,승용,남,57세,기타불명,승용,여,24세,경상
2018081800100395,2018년 8월 18일 15시,토요일,대구광역시 달서구 대곡동,경상사고,0,0,2,0,차대차 - 추돌,안전거리미확보,건조,맑음,단일로 - 기타,화물,남,61세,상해없음,승용,남,37세,경상
2018081800100427,2018년 8월 18일 16시,토요일,대구광역시 북구 침산동,경상사고,0,0,1,0,차대차 - 측면충돌,차로위반,건조,맑음,교차로 - 교차로부근,승용,남,64세,상해없음,승용,남,52세,경상
2018081800100462,2018년 8월 18일 17시,토요일,대구광역시 수성구 지산동,중상사고,0,1,0,0,차대차 - 측면충돌,신호위반,건조,맑음,교차로 - 교차로안,승용,남,71세,상해없음,이륜,남,41세,중상
2018081800100463,2018년 8월 18일 17시,토요일,대구광역시 달성군 다사읍,경상사고,0,0,1,0,차대차 - 기타,신호위반,건조,맑음,교차로 - 교차로부근,승용,남,61세,상해없음,이륜,남,33세,경상
2018081800100464,2018년 8월 18일 17시,토요일,대구광역시 북구 침산동,중상사고,0,1,0,0,차대차 - 측면충돌,신호위반,건조,맑음,교차로 - 교차로안,승용,남,61세,상해없음,이륜,남,59세,중상
2018081800100465,2018년 8월 18일 17시,토요일,대구광역시 중구 남산동,중상사고,0,1,0,0,차대차 - 측면충돌,안전운전불이행,건조,맑음,교차로 - 교차로부근,승용,남,66세,상해없음,이륜,남,60세,중상
2018081800100466,2018년 8월 18일 17시,토요일,대구광역시 북구 태전동,중상사고,0,2,2,1,차대차 - 기타,교차로운행방법위반,건조,맑음,교차로 - 교차로안,승용,남,53세,부상신고,원동기,남,17세,중상
2018081800100500,2018년 8월 18일 18시,토요일,대구광역시 북구 대현동,경상사고,0,0,2,0,차대차 - 추돌,안전운전불이행,건조,맑음,교차로 - 교차로부근,화물,남,61세,상해없음,승용,남,42세,경상
2018081800100563,2018년 8월 18일 20시,토요일,대구광역시 동구 신천동,중상사고,0,1,1,0,차대차 - 측면충돌,안전운전불이행,건조,맑음,교차로 - 교차로안,승용,여,40세,상해없음,승용,남,37세,중상
2018081800100564,2018년 8월 18일 20시,토요일,대구광역시 서구 비산동,부상신고사고,0,0,0,1,차대사람 - 보도통행중,기타,건조,맑음,기타 - 기타,승용,남,40세,상해없음,보행자,남,47세,부상신고
2018081800100594,2018년 8월 18일 21시,토요일,대구광역시 남구 대명동,경상사고,0,0,4,0,차대차 - 측면충돌,차로위반,건조,맑음,단일로 - 기타,승용,여,61세,경상,승용,남,21세,경상
2018081800100595,2018년 8월 18일 21시,토요일,대구광역시 수성구 범어동,부상신고사고,0,0,0,1,차대차 - 측면충돌,안전운전불이행,건조,맑음,교차로 - 교차로부근,이륜,남,23세,부상신고,승용,남,47세,상해없음
2018081800100596,2018년 8월 18일 21시,토요일,대구광역시 서구 내당동,경상사고,0,0,1,0,차대사람 - 횡단중,보행자보호의무위반,건조,맑음,단일로 - 기타,승용,여,39세,상해없음,보행자,여,52세,경상
2018081800100619,2018년 8월 18일 22시,토요일,대구광역시 남구 대명동,경상사고,0,0,1,0,차대차 - 추돌,안전거리미확보,건조,맑음,교차로 - 교차로부근,승용,여,38세,상해없음,승용,여,47세,경상
2018081800100620,2018년 8월 18일 22시,토요일,대구광역시 서구 내당동,경상사고,0,0,1,0,차대차 - 측면충돌,안전운전불이행,건조,맑음,단일로 - 기타,승용,여,54세,상해없음,승용,남,42세,경상