사고번호,사고일시,요일,시군구,사고내용,사망자수,중상자수,경상자수,부상신고자수,사고유형,법규위반,노면상태,기상상태,도로형태,가해운전자 차종,가해운전자 성별,가해운전자 연령,가해운전자 상해정도,피해운전자 차종,피해운전자 성별,피해운전자 연령,피해운전자 상해정도
2018081800100637,2018년 8월 18일 23시,토요일,대구광역시 달서구 죽전동,경상사고,0,0,1,0,차대차 - 측면충돌,안전운전불이행,건조,맑음,교차로 - 교차로부근,승용,남,31세,상해없음,승용,남,24세,경상
2018081800100638,2018년 8월 18일 23시,토요일,대구광역시 북구 태전동,경상사고,0,0,1,0,차대차 - 추돌,안전운전불이행,건조,맑음,단일로 - 기타,승용,남,40세,상해없음,승용,남,43세,경상
2018081900100047,2018년 8월 19일 02시,일요일,대구광역시 동구 신암동,경상사고,0,0,1,0,차대차 - 측면충돌,안전거리미확보,건조,맑음,단일로 - 기타,승용,남,27세,상해없음,이륜,남,23세,경상
2018081900100048,2018년 8월 19일 02시,일요일,대구광역시 중구 삼덕동1가,경상사고,0,0,1,0,차대사람 - 기타,안전운전불이행,건조,맑음,단일로 - 기타,승용,여,30세,상해없음,보행자,남,19세,경상
2018081900100049,2018년 8월 19일 02시,일요일,대구광역시 달서구 신당동,경상사고,0,0,1,0,차대차 - 후진중충돌,안전운전불이행,건조,맑음,단일로 - 기타,승용,남,60세,상해없음,승용,남,26세,경상
2018081900100063,2018년 8월 19일 03시,일요일,대구광역시 달서구 본동,중상사고,0,1,0,0,차대사람 - 차도통행중,보행자보호의무위반,건조,맑음,교차로 - 교차로횡단보도내,승용,남,21세,상해없음,보행자,남,56세,중상
2018081900100064,2018년 8월 19일 03시,일요일,대구광역시 중구 삼덕동1가,경상사고,0,0,1,0,차대사람 - 기타,기타,건조,맑음,단일로 - 기타,승용,남,65세,상해없음,보행자,남,21세,경상
2018081900100097,2018년 8월 19일 06시,일요일,대구광역시 달성군 논공읍,경상사고,0,0,3,0,차대차 - 측면충돌,안전운전불이행,건조,맑음,단일로 - 기타,승용,남,59세,경상,승용,남,77세,경상
2018081900100123,2018년 8월 19일 08시,일요일,대구광역시 서구 비산동,중상사고,0,1,0,0,차대사람 - 횡단중,보행자보호의무위반,건조,맑음,교차로 - 교차로횡단보도내,화물,남,57세,상해없음,보행자,남,76세,중상
2018081900100137,2018년 8월 19일 09시,일요일,대구광역시 북구 서변동,경상사고,0,0,1,0,차대차 - 기타,안전거리미확보,건조,맑음,단일로 - 기타,기타불명,기타불명,미분류,기타불명,승용,남,23세,경상
2018081900100206,2018년 8월 19일 12시,일요일,대구광역시 동구 용수동,중상사고,0,1,0,1,차대차 - 측면충돌,직진우회전진행방해,건조,맑음,교차로 - 교차로안,승용,남,25세,부상신고,승용,남,61세,중상
2018081900100207,2018년 8월 19일 12시,일요일,대구광역시 수성구 신매동,경상사고,0,0,2,0,차대차 - 측면충돌,안전운전불이행,건조,맑음,단일로 - 교량,특수,남,47세,상해없음,승용,여,51세,경상
2018081900100208,2018년 8월 19일 12시,일요일,대구광역시 중구 대신동,경상사고,0,0,1,1,차대차 - 측면충돌,차로위반,건조,맑음,단일로 - 기타,승용,남,39세,상해없음,이륜,남,17세,경상
2018081900100242,2018년 8월 19일 13시,일요일,대구광역시 북구 태전동,경상사고,0,0,4,0,차대차 - 추돌,안전운전불이행,건조,맑음,단일로 - 기타,승용,여,40세,상해없음,승용,남,58세,경상
2018081900100273,2018년 8월 19일 14시,일요일,대구광역시 동구 방촌동,경상사고,0,0,1,0,차대사람 - 기타,안전운전불이행,건조,맑음,단일로 - 기타,승용,남,35세,상해없음,보행자,남,52세,경상
2018081900100274,2018년 8월 19일 14시,일요일,대구광역시 달서구 용산동,경상사고,0,0,2,0,차대차 - 기타,안전거리미확보,건조,맑음,교차로 - 교차로부근,승용,여,60세,상해없음,이륜,남,22세,경상
2018081900100333,2018년 8월 19일 16시,일요일,대구광역시 북구 산격동,경상사고,0,0,3,0,차대차 - 추돌,불법유턴,건조,맑음,단일로 - 기타,승용,남,55세,상해없음,승용,여,51세,경상
2018081900100334,2018년 8월 19일 16시,일요일,대구광역시 중구 계산동2가,경상사고,0,0,3,0,차대차 - 측면충돌,차로위반,건조,맑음,교차로 - 교차로안,승용,여,51세,상해없음,승용,남,23세,경상
2018081900100335,2018년 8월 19일 16시,일요일,대구광역시 달서구 신당동,중상사고,0,1,3,0,차대차 - 추돌,안전거리미확보,건조,맑음,단일로 - 기타,승용,남,32세,상해없음,승용,남,25세,중상
2018081900100336,2018년 8월 19일 16시,일요일,대구광역시 달서구 죽전동,경상사고,0,0,2,0,차대차 - 기타,안전거리미확보,건조,맑음,단일로 - 기타,승용,여,53세,상해없음,이륜,남,20세,경상
2018081900100390,2018년 8월 19일 18시,일요일,대구광역시 동구 용계동,경상사고,0,0,2,0,차대차 - 추돌,안전운전불이행,건조,맑음,기타 - 기타,승용,여,62세,상해없음,승용,남,33세,경상
2018081900100391,2018년 8월 19일 18시,일요일,대구광역시 북구 복현동,경상사고,0,0,2,0,차대차 - 측면충돌,안전운전불이행,건조,맑음,단일로 - 기타,승용,여,42세,기타불명,승용,남,31세,경상
2018081900100426,2018년 8월 19일 19시,일요일,대구광역시 동구 검사동,중상사고,0,1,0,0,차대차 - 측면충돌,안전운전불이행,건조,맑음,기타 - 기타,승용,남,68세,기타불명,이륜,남,68세,중상
2018081900100427,2018년 8월 19일 19시,일요일,대구광역시 달서구 상인동,경상사고,0,0,1,0,차대차 - 측면충돌,안전운전불이행,건조,맑음,교차로 - 교차로부근,이륜,남,36세,경상,승용,남,50세,상해없음
2018081900100455,2018년 8월 19일 20시,일요일,대구광역시 달서구 상인동,중상사고,0,2,0,0,차대차 - 기타,교차로운행방법위반,건조,맑음,교차로 - 교차로안,승용,여,41세,상해없음,이륜,남,21세,중상
2018081900100456,2018년 8월 19일 20시,일요일,대구광역시 북구 칠성동1가,경상사고,0,0,3,0,차대차 - 측면충돌,신호위반,건조,맑음,교차로 - 교차로안,승용,남,67세,상해없음,승용,남,37세,경상
2018081900100483,2018년 8월 19일 21시,일요일,대구광역시 북구 태전동,경상사고,0,0,2,1,차대차 - 추돌,차로위반,건조,맑음,교차로 - 교차로안,이륜,남,19세,부상신고,승용,남,38세,경상
2018082000100007,2018년 8월 20일 00시,월요일,대구광역시 달성군 다사읍,사망사고,1,1,0,0,차대차 - 측면충돌,신호위반,건조,맑음,교차로 - 교차로안,화물,남,50세,기타불명,승용,남,58세,상해없음
2018082000100013,2018년 8월 20일 01시,월요일,대구광역시 달서구 호림동,중상사고,0,1,1,0,차대차 - 정면충돌,중앙선침범,건조,맑음,단일로 - 기타,이륜,남,21세,상해없음,이륜,남,23세,경상
2018082000100025,2018년 8월 20일 03시,월요일,대구광역시 북구 태전동,사망사고,1,0,0,0,차대사람 - 횡단중,과속,건조,맑음,단일로 - 기타,승용,남,32세,상해없음,보행자,남,54세,사망
2018082000100034,2018년 8월 20일 05시,월요일,대구광역시 달성군 유가읍,중상사고,0,1,0,0,차대차 - 측면충돌,신호위반,건조,맑음,교차로 - 교차로안,승용,남,64세,상해없음,승용,남,39세,중상
2018082000100035,2018년 8월 20일 05시,월요일,대구광역시 중구 북성로1가,경상사고,0,0,1,0,차대차 - 측면충돌,안전운전불이행,건조,맑음,교차로 - 교차로안,승용,남,23세,상해없음,승용,남,66세,경상
2018082000100051,2018년 8월 20일 06시,월요일,대구광역시 남구 이천동,중상사고,0,1,0,0,차대사람 - 기타,안전운전불이행,건조,맑음,단일로 - 기타,승용,여,38세,상해없음,보행자,여,66세,중상
2018082000100052,2018년 8월 20일 06시,월요일,대구광역시 북구 학정동,경상사고,0,0,1,0,차대차 - 측면충돌,신호위반,건조,맑음,교차로 - 교차로안,승용,여,50세,상해없음,승용,여,56세,경상
2018082000100070,2018년 8월 20일 07시,월요일,대구광역시 동구 율하동,경상사고,0,0,1,0,차대차 - 측면충돌,안전운전불이행,건조,맑음,교차로 - 교차로횡단보도내,승용,남,47세,상해없음,자전거,여,56세,경상
2018082000100071,2018년 8월 20일 07시,월요일,대구광역시 북구 매천동,경상사고,0,0,2,1,차대차 - 추돌,안전운전불이행,건조,맑음,교차로 - 교차로부근,승용,여,36세,부상신고,화물,남,55세,경상
2018082000100106,2018년 8월 20일 08시,월요일,대구광역시 동구 신암동,중상사고,0,1,0,0,차대차 - 측면충돌,안전운전불이행,건조,맑음,단일로 - 기타,승용,남,50세,상해없음,화물,남,48세,중상
2018082000100107,2018년 8월 20일 08시,월요일,대구광역시 수성구 수성동3가,경상사고,0,0,1,0,차대차 - 측면충돌,안전거리미확보,건조,맑음,단일로 - 기타,승용,남,22세,상해없음,승용,남,35세,경상
2018082000100145,2018년 8월 20일 09시,월요일,대구광역시 서구 내당동,경상사고,0,0,1,0,차대차 - 측면충돌,안전운전불이행,건조,맑음,교차로 - 교차로부근,이륜,남,60세,경상,승용,남,29세,상해없음
2018082000100223,2018년 8월 20일 11시,월요일,대구광역시 달서구 상인동,경상사고,0,0,1,0,차대차 - 측면충돌,안전거리미확보,건조,맑음,단일로 - 기타,승용,남,43세,상해없음,이륜,남,17세,경상
2018082000100224,2018년 8월 20일 11시,월요일,대구광역시 중구 남산동,경상사고,0,0,3,0,차대차 - 측면충돌,신호위반,건조,맑음,교차로 - 교차로부근,승용,여,70세,상해없음,승용,여,66세,경상
2018082000100269,2018년 8월 20일 12시,월요일,대구광역시 동구 효목동,경상사고,0,0,1,0,차대차 - 측면충돌,안전운전불이행,건조,맑음,단일로 - 기타,승용,남,71세,상해없음,승용,여,35세,경상
2018082000100270,2018년 8월 20일 12시,월요일,대구광역시 중구 공평동,경상사고,0,0,2,0,차대사람 - 횡단중,안전운전불이행,건조,맑음,교차로 - 교차로안,승용,여,35세,상해없음,보행자,남,20세,경상
2018082000100271,2018년 8월 20일 12시,월요일,대구광역시 북구 구암동,중상사고,0,1,0,0,차대차 - 기타,안전운전불이행,건조,맑음,교차로 - 교차로부근,승용,여,35세,상해없음,이륜,남,34세,중상
2018082000100304,2018년 8월 20일 13시,월요일,대구광역시 남구 대명동,경상사고,0,0,1,0,차대사람 - 기타,안전운전불이행,건조,맑음,기타 - 기타,승합,남,59세,상해없음,보행자,여,64세,경상
2018082000100334,2018년 8월 20일 14시,월요일,대구광역시 달서구 신당동,중상사고,0,1,0,0,차대차 - 기타,안전운전불이행,건조,맑음,교차로 - 교차로부근,승용,여,51세,상해없음,이륜,남,70세,중상
2018082000100358,2018년 8월 20일 15시,월요일,대구광역시 동구 용계동,중상사고,0,1,0,0,차대차 - 측면충돌,중앙선침범,건조,맑음,단일로 - 기타,승용,남,63세,상해없음,승용,남,56세,중상
2018082000100395,2018년 8월 20일 16시,월요일,대구광역시 서구 비산동,경상사고,0,0,1,0,차대차 - 측면충돌,안전운전불이행,건조,맑음,단일로 - 기타,화물,남,60세,상해없음,승용,여,63세,경상
2018082000100396,2018년 8월 20일 16시,월요일,대구광역시 서구 평리동,경상사고,0,0,1,0,차대차 - 측면충돌,안전운전불이행,건조,맑음,단일로 - 기타,자전거,남,10세,경상,승용,남,34세,상해없음
2018082000100397,2018년 8월 20일 16시,월요일,대구광역시 북구 동천동,경상사고,0,0,1,0,차대차 - 측면충돌,안전운전불이행,건조,맑음,교차로 - 교차로안,승용,여,40세,상해없음,승용,남,28세,경상
2018082000100436,2018년 8월 20일 17시,월요일,대구광역시 수성구 노변동,경상사고,0,0,2,0,차대차 - 추돌,교차로운행방법위반,건조,맑음,교차로 - 교차로안,승용,여,50세,경상,승용,남,26세,경상
2018082000100437,2018년 8월 20일 17시,월요일,대구광역시 서구 비산동,중상사고,0,1,0,0,차대차 - 측면충돌,안전운전불이행,건조,맑음,교차로 - 교차로안,화물,남,67세,상해없음,자전거,여,64세,중상
2018082000100472,2018년 8월 20일 18시,월요일,대구광역시 달성군 다사읍,경상사고,0,0,1,0,차대차 - 기타,안전운전불이행,건조,맑음,교차로 - 교차로안,승용,여,56세,상해없음,승용,여,49세,경상
2018082000100473,2018년 8월 20일 18시,월요일,대구광역시 서구 이현동,경상사고,0,0,1,0,차대차 - 측면충돌,교차로운행방법위반,건조,맑음,교차로 - 교차로안,승용,남,43세,상해없음,승용,남,45세,경상
2018082000100474,2018년 8월 20일 18시,월요일,대구광역시 달서구 본리동,경상사고,0,0,1,0,차대차 - 측면충돌,안전운전불이행,건조,맑음,교차로 - 교차로부근,승합,남,80세,상해없음,승용,남,69세,경상
2018082000100541,2018년 8월 20일 20시,월요일,대구광역시 동구 용계동,경상사고,0,0,2,0,차대차 - 기타,안전운전불이행,건조,맑음,단일로 - 기타,승용,남,60세,상해없음,승용,여,43세,경상
2018082000100542,2018년 8월 20일 20시,월요일,대구광역시 동구 동호동,중상사고,0,1,1,0,차대차 - 측면충돌,신호위반,건조,맑음,교차로 - 교차로안,승용,여,45세,상해없음,승용,남,31세,중상
2018082000100569,2018년 8월 20일 21시,월요일,대구광역시 달서구 송현동,사망사고,1,0,0,0,차대사람 - 횡단중,과속,건조,맑음,단일로 - 기타,승용,남,47세,상해없음,보행자,여,76세,사망
2018082000100587,2018년 8월 20일 22시,월요일,대구광역시 수성구 파동,경상사고,0,0,1,0,차대사람 - 기타,안전운전불이행,건조,맑음,단일로 - 기타,자전거,남,19세,상해없음,보행자,여,79세,경상
2018082000100613,2018년 8월 20일 23시,월요일,대구광역시 달서구 진천동,중상사고,0,1,0,0,차대사람 - 기타,안전운전불이행,건조,맑음,단일로 - 기타,이륜,남,18세,상해없음,보행자,남,33세,중상
2018082100100025,2018년 8월 21일 01시,화요일,대구광역시 남구 대명동,중상사고,0,2,1,0,차대차 - 측면충돌,신호위반,건조,맑음,교차로 - 교차로안,승용,남,56세,상해없음,승용,남,55세,중상
2018082100100033,2018년 8월 21일 02시,화요일,대구광역시 남구 대명동,경상사고,0,0,1,0,차대차 - 기타,안전운전불이행,건조,맑음,단일로 - 기타,승용,여,30세,상해없음,승용,남,44세,상해없음
2018082100100038,2018년 8월 21일 03시,화요일,대구광역시 달서구 본동,경상사고,0,0,1,0,차대차 - 측면충돌,신호위반,건조,맑음,교차로 - 교차로안,승용,남,64세,상해없음,승용,여,51세,경상
2018082100100059,2018년 8월 21일 05시,화요일,대구광역시 북구 태전동,중상사고,0,1,0,0,차대차 - 측면충돌,교차로운행방법위반,건조,맑음,교차로 - 교차로안,승용,남,74세,상해없음,자전거,남,21세,중상
2018082100100096,2018년 8월 21일 07시,화요일,대구광역시 북구 산격동,경상사고,0,0,1,0,차대차 - 추돌,안전운전불이행,건조,맑음,단일로 - 기타,승용,남,57세,상해없음,승용,여,44세,경상
2018082100100097,2018년 8월 21일 07시,화요일,대구광역시 달서구 호림동,경상사고,0,0,1,0,차대차 - 측면충돌,안전운전불이행,건조,맑음,교차로 - 교차로부근,승용,남,28세,상해없음,자전거,남,58세,경상
2018082100100098,2018년 8월 21일 07시,화요일,대구광역시 북구 팔달동,중상사고,0,1,0,0,차대차 - 측면충돌,안전운전불이행,건조,맑음,단일로 - 기타,화물,남,60세,상해없음,승용,여,26세,중상
2018082100100174,2018년 8월 21일 09시,화요일,대구광역시 동구 용계동,중상사고,0,1,0,0,차대차 - 측면충돌,신호위반,건조,맑음,교차로 - 교차로안,이륜,남,67세,중상,승용,남,66세,상해없음
2018082100100201,2018년 8월 21일 10시,화요일,대구광역시 남구 봉덕동,부상신고사고,0,0,0,1,차대차 - 추돌,안전거리미확보,건조,맑음,단일로 - 기타,이륜,남,18세,부상신고,승용,남,59세,상해없음
2018082100100202,2018년 8월 21일 10시,화요일,대구광역시 동구 서호동,중상사고,0,1,0,0,차대차 - 기타,직진우회전진행방해,건조,맑음,교차로 - 교차로안,승용,여,39세,상해없음,자전거,남,56세,중상
2018082100100203,2018년 8월 21일 10시,화요일,대구광역시 달성군 가창면,중상사고,0,1,3,0,차대차 - 기타,안전운전불이행,건조,맑음,단일로 - 기타,화물,남,62세,상해없음,승용,여,66세,경상
2018082100100204,2018년 8월 21일 10시,화요일,대구광역시 달서구 성당동,경상사고,0,0,1,0,차대차 - 추돌,안전운전불이행,건조,맑음,기타 - 기타,승용,여,47세,상해없음,승용,여,46세,경상
2018082100100239,2018년 8월 21일 11시,화요일,대구광역시 동구 신암동,경상사고,0,0,1,0,차대사람 - 기타,안전운전불이행,건조,맑음,단일로 - 기타,화물,남,36세,상해없음,보행자,남,56세,경상
2018082100100240,2018년 8월 21일 11시,화요일,대구광역시 수성구 상동,경상사고,0,0,1,0,차대차 - 측면충돌,신호위반,건조,맑음,단일로 - 기타,승용,여,76세,상해없음,이륜,남,83세,경상
2018082100100241,2018년 8월 21일 11시,화요일,대구광역시 중구 전동,중상사고,0,1,0,0,차대차 - 추돌,안전운전불이행,건조,맑음,단일로 - 기타,이륜,남,65세,중상,승용,남,63세,상해없음
2018082100100271,2018년 8월 21일 12시,화요일,대구광역시 서구 내당동,중상사고,0,1,0,0,차대차 - 측면충돌,안전운전불이행,건조,맑음,교차로 - 교차로부근,화물,남,48세,상해없음,승용,남,53세,중상
2018082100100272,2018년 8월 21일 12시,화요일,대구광역시 중구 남산동,경상사고,0,0,2,0,차대차 - 측면충돌,차로위반,건조,맑음,단일로 - 기타,승용,여,38세,경상,승용,남,50세,경상
2018082100100273,2018년 8월 21일 12시,화요일,대구광역시 중구 봉산동,중상사고,0,1,0,0,차량단독 - 기타,기타,건조,맑음,단일로 - 기타,승용,남,69세,상해없음,,,,
2018082100100274,2018년 8월 21일 12시,화요일,대구광역시 북구 구암동,경상사고,0,0,1,0,차대차 - 측면충돌,안전운전불이행,건조,맑음,단일로 - 기타,승용,남,28세,상해없음,자전거,남,10세,경상
2018082100100301,2018년 8월 21일 13시,화요일,대구광역시 달성군 현풍읍,중상사고,0,1,0,0,차대차 - 기타,안전운전불이행,건조,맑음,교차로 - 교차로안,승용,남,62세,상해없음,원동기,남,28세,중상
2018082100100302,2018년 8월 21일 13시,화요일,대구광역시 달성군 논공읍,경상사고,0,0,2,0,차대차 - 추돌,안전운전불이행,건조,맑음,교차로 - 교차로부근,승용,남,68세,상해없음,승용,여,18세,경상
2018082100100303,2018년 8월 21일 13시,화요일,대구광역시 서구 중리동,부상신고사고,0,0,0,1,차대차 - 정면충돌,안전운전불이행,건조,맑음,미분류 - 미분류,자전거,남,13세,부상신고,승용,남,42세,기타불명
2018082100100332,2018년 8월 21일 14시,화요일,대구광역시 수성구 신매동,중상사고,0,1,0,0,차대차 - 측면충돌,신호위반,건조,맑음,교차로 - 교차로안,승용,남,71세,상해없음,승용,여,58세,중상
2018082100100333,2018년 8월 21일 14시,화요일,대구광역시 북구 고성동3가,경상사고,0,0,1,0,차대사람 - 횡단중,안전운전불이행,건조,맑음,교차로 - 교차로횡단보도내,승용,여,61세,상해없음,보행자,여,81세,경상
2018082100100377,2018년 8월 21일 15시,화요일,대구광역시 남구 대명동,경상사고,0,0,1,0,차대차 - 추돌,안전운전불이행,건조,맑음,단일로 - 기타,승용,남,78세,상해없음,승용,여,30세,경상
2018082100100378,2018년 8월 21일 15시,화요일,대구광역시 수성구 황금동,경상사고,0,0,1,0,차대사람 - 횡단중,신호위반,건조,맑음,교차로 - 교차로횡단보도내,기타불명,기타불명,기타불명,기타불명,보행자,남,12세,경상
2018082100100379,2018년 8월 21일 15시,화요일,대구광역시 달성군 화원읍,경상사고,0,0,1,0,차대차 - 기타,안전거리미확보,건조,맑음,교차로 - 교차로안,화물,남,60세,상해없음,건설기계,남,66세,경상
2018082100100380,2018년 8월 21일 15시,화요일,대구광역시 북구 고성동2가,경상사고,0,0,2,0,차대차 - 측면충돌,신호위반,건조,맑음,교차로 - 교차로안,승용,남,64세,상해없음,승용,남,65세,경상
2018082100100381,2018년 8월 21일 15시,화요일,대구광역시 서구 평리동,경상사고,0,0,1,0,차대차 - 측면충돌,안전거리미확보,건조,맑음,단일로 - 기타,승용,남,59세,상해없음,승용,여,49세,경상
2018082100100422,2018년 8월 21일 16시,화요일,대구광역시 동구 율암동,경상사고,0,0,3,0,차대차 - 추돌,안전운전불이행,건조,맑음,단일로 - 기타,승용,남,63세,상해없음,승용,남,49세,경상
2018082100100423,2018년 8월 21일 16시,화요일,대구광역시 수성구 파동,경상사고,0,0,1,1,차대차 - 측면충돌,안전운전불이행,건조,맑음,교차로 - 교차로안,승용,남,66세,부상신고,승용,남,64세,경상
2018082100100424,2018년 8월 21일 16시,화요일,대구광역시 달서구 상인동,경상사고,0,0,1,0,차대차 - 기타,안전운전불이행,건조,맑음,교차로 - 교차로안,승용,여,57세,상해없음,승용,남,27세,경상
2018082100100425,2018년 8월 21일 16시,화요일,대구광역시 북구 대현동,중상사고,0,2,1,0,차대차 - 추돌,안전운전불이행,건조,맑음,단일로 - 기타,승용,남,65세,상해없음,승용,여,49세,경상
2018082100100426,2018년 8월 21일 16시,화요일,대구광역시 북구 복현동,중상사고,0,1,0,0,차대차 - 측면충돌,안전거리미확보,건조,맑음,교차로 - 교차로부근,승용,남,44세,상해없음,승용,남,46세,중상
2018082100100427,2018년 8월 21일 16시,화요일,대구광역시 달서구 신당동,경상사고,0,0,1,0,차대차 - 기타,안전운전불이행,건조,맑음,기타 - 기타,승용,여,21세,상해없음,승용,남,36세,경상
2018082100100473,2018년 8월 21일 17시,화요일,대구광역시 동구 신암동,중상사고,0,1,0,0,차대차 - 추돌,안전거리미확보,건조,맑음,교차로 - 교차로안,승용,남,49세,상해없음,승용,남,34세,상해없음
2018082100100475,2018년 8월 21일 17시,화요일,대구광역시 수성구 범어동,경상사고,0,0,1,0,차대차 - 측면충돌,안전거리미확보,건조,맑음,단일로 - 기타,승용,남,22세,상해없음,승용,남,40세,상해없음
2018082100100476,2018년 8월 21일 17시,화요일,대구광역시 수성구 만촌동,경상사고,0,0,1,0,차대차 - 측면충돌,신호위반,건조,맑음,교차로 - 교차로횡단보도내,승용,여,48세,상해없음,자전거,남,41세,경상
2018082100100478,2018년 8월 21일 17시,화요일,대구광역시 수성구 범어동,경상사고,0,0,1,0,차대차 - 추돌,안전운전불이행,건조,맑음,교차로 - 교차로부근,승용,남,29세,기타불명,개인형이동수단(PM),남,34세,경상
2018082100100479,2018년 8월 21일 17시,화요일,대구광역시 서구 비산동,중상사고,0,1,0,0,차대차 - 측면충돌,안전운전불이행,건조,맑음,교차로 - 교차로안,화물,남,62세,상해없음,자전거,남,44세,중상
2018082100100480,2018년 8월 21일 17시,화요일,대구광역시 서구 내당동,경상사고,0,0,2,0,차대차 - 측면충돌,차로위반,건조,맑음,단일로 - 기타,승용,남,58세,상해없음,이륜,남,17세,경상
2018082100100481,2018년 8월 21일 17시,화요일,대구광역시 달서구 성당동,중상사고,0,1,0,0,차대사람 - 기타,기타,건조,맑음,단일로 - 기타,승합,남,54세,상해없음,보행자,여,90세 이상,중상
2018082100100516,2018년 8월 21일 18시,화요일,대구광역시 동구 용계동,경상사고,0,0,1,0,차대차 - 기타,안전운전불이행,건조,맑음,단일로 - 기타,화물,남,60세,상해없음,승용,남,39세,경상
2018082100100519,2018년 8월 21일 18시,화요일,대구광역시 동구 서호동,경상사고,0,0,1,0,차대사람 - 차도통행중,안전운전불이행,건조,맑음,기타 - 기타,승용,여,53세,상해없음,보행자,여,20세,경상
2018082100100520,2018년 8월 21일 18시,화요일,대구광역시 서구 평리동,부상신고사고,0,0,0,1,차대사람 - 기타,안전운전불이행,건조,맑음,단일로 - 기타,승용,남,58세,상해없음,보행자,남,53세,부상신고
2018082100100521,2018년 8월 21일 18시,화요일,대구광역시 서구 평리동,경상사고,0,0,1,0,차대차 - 측면충돌,안전운전불이행,건조,맑음,교차로 - 교차로부근,승용,여,41세,상해없음,승용,남,23세,경상
2018082100100557,2018년 8월 21일 19시,화요일,대구광역시 서구 내당동,경상사고,0,0,2,0,차대차 - 측면충돌,안전운전불이행,건조,맑음,단일로 - 기타,승용,여,28세,상해없음,승용,남,56세,상해없음
2018082100100558,2018년 8월 21일 19시,화요일,대구광역시 달서구 본리동,경상사고,0,0,1,0,차대사람 - 횡단중,신호위반,건조,맑음,단일로 - 기타,승용,남,19세,상해없음,보행자,남,12세,경상
2018082100100595,2018년 8월 21일 20시,화요일,대구광역시 동구 지저동,경상사고,0,0,1,0,차대차 - 측면충돌,교차로운행방법위반,건조,맑음,교차로 - 교차로안,승용,여,48세,상해없음,승용,남,39세,경상
2018082100100596,2018년 8월 21일 20시,화요일,대구광역시 달서구 본동,경상사고,0,0,5,0,차대차 - 추돌,안전거리미확보,건조,맑음,단일로 - 기타,승용,남,32세,상해없음,승용,남,51세,경상
2018082100100627,2018년 8월 21일 21시,화요일,대구광역시 달성군 구지면,사망사고,1,0,4,0,차대차 - 추돌,안전운전불이행,건조,맑음,단일로 - 기타,화물,남,56세,사망,화물,남,45세,경상
2018082100100629,2018년 8월 21일 21시,화요일,대구광역시 동구 효목동,부상신고사고,0,0,0,1,차대차 - 측면충돌,안전운전불이행,건조,맑음,단일로 - 기타,승용,남,65세,상해없음,승용,남,60세,부상신고
2018082100100630,2018년 8월 21일 21시,화요일,대구광역시 북구 산격동,중상사고,0,1,1,0,차대차 - 추돌,안전거리미확보,건조,맑음,단일로 - 기타,승용,남,55세,상해없음,승용,남,36세,경상
2018082100100631,2018년 8월 21일 21시,화요일,대구광역시 북구 구암동,경상사고,0,0,1,0,차대차 - 기타,안전운전불이행,건조,맑음,교차로 - 교차로안,이륜,남,18세,상해없음,이륜,남,45세,경상
2018082200100008,2018년 8월 22일 00시,수요일,대구광역시 중구 대봉동,중상사고,0,1,0,0,차대사람 - 횡단중,안전운전불이행,건조,맑음,단일로 - 기타,승용,남,51세,상해없음,보행자,여,28세,중상
2018082200100009,2018년 8월 22일 00시,수요일,대구광역시 중구 수창동,부상신고사고,0,0,0,1,차량단독 - 기타,기타,건조,맑음,교차로 - 교차로안,승용,남,64세,상해없음,,,,
2018082200100010,2018년 8월 22일 00시,수요일,대구광역시 달서구 용산동,경상사고,0,0,1,0,차대차 - 측면충돌,차로위반,건조,맑음,단일로 - 기타,승용,남,43세,상해없음,이륜,남,47세,경상
2018082200100053,2018년 8월 22일 05시,수요일,대구광역시 남구 대명동,경상사고,0,0,1,0,차대차 - 측면충돌,안전운전불이행,건조,맑음,교차로 - 교차로부근,화물,남,61세,상해없음,원동기,여,23세,경상
2018082200100054,2018년 8월 22일 05시,수요일,대구광역시 수성구 두산동,경상사고,0,0,2,0,차대사람 - 횡단중,보행자보호의무위반,건조,맑음,교차로 - 교차로횡단보도내,승용,여,37세,상해없음,보행자,여,68세,경상
2018082200100055,2018년 8월 22일 05시,수요일,대구광역시 북구 산격동,중상사고,0,1,1,0,차대차 - 추돌,안전운전불이행,건조,맑음,단일로 - 기타,승용,남,59세,상해없음,승용,여,42세,경상
2018082200100072,2018년 8월 22일 06시,수요일,대구광역시 동구 효목동,사망사고,1,0,0,0,차대차 - 기타,신호위반,건조,맑음,단일로 - 기타,화물,남,63세,상해없음,자전거,남,63세,사망
2018082200100073,2018년 8월 22일 06시,수요일,대구광역시 달서구 진천동,중상사고,0,1,0,0,차대차 - 측면충돌,안전운전불이행,건조,맑음,단일로 - 기타,승용,남,68세,상해없음,승용,남,59세,중상
2018082200100097,2018년 8월 22일 07시,수요일,대구광역시 수성구 신매동,경상사고,0,0,1,0,차대차 - 정면충돌,신호위반,건조,맑음,교차로 - 교차로안,승용,여,48세,상해없음,승용,남,25세,경상
2018082200100207,2018년 8월 22일 10시,수요일,대구광역시 북구 관음동,경상사고,0,0,1,0,차대차 - 기타,안전운전불이행,건조,맑음,단일로 - 기타,화물,남,51세,상해없음,승용,남,40세,경상