사고번호,사고일시,요일,시군구,사고내용,사망자수,중상자수,경상자수,부상신고자수,사고유형,법규위반,노면상태,기상상태,도로형태,가해운전자 차종,가해운전자 성별,가해운전자 연령,가해운전자 상해정도,피해운전자 차종,피해운전자 성별,피해운전자 연령,피해운전자 상해정도
2018082200100231,2018년 8월 22일 11시,수요일,대구광역시 달성군 화원읍,경상사고,0,0,1,0,차대차 - 측면충돌,교차로운행방법위반,건조,맑음,교차로 - 교차로안,승용,남,40세,상해없음,승용,남,52세,경상
2018082200100270,2018년 8월 22일 12시,수요일,대구광역시 서구 평리동,경상사고,0,0,2,0,차대차 - 측면충돌,안전운전불이행,건조,맑음,교차로 - 교차로안,승용,남,69세,상해없음,승용,남,67세,경상
2018082200100271,2018년 8월 22일 12시,수요일,대구광역시 달서구 이곡동,중상사고,0,1,0,0,차대차 - 추돌,안전운전불이행,건조,맑음,단일로 - 기타,화물,남,56세,기타불명,화물,남,67세,중상
2018082200100304,2018년 8월 22일 13시,수요일,대구광역시 동구 율하동,중상사고,0,1,0,0,차대차 - 기타,안전운전불이행,건조,맑음,단일로 - 기타,승용,남,26세,상해없음,승용,여,46세,중상
2018082200100305,2018년 8월 22일 13시,수요일,대구광역시 달서구 감삼동,경상사고,0,0,1,0,차대차 - 측면충돌,안전거리미확보,건조,맑음,교차로 - 교차로부근,승용,남,68세,상해없음,승용,여,61세,경상
2018082200100306,2018년 8월 22일 13시,수요일,대구광역시 북구 동천동,경상사고,0,0,2,0,차대차 - 정면충돌,불법유턴,건조,맑음,단일로 - 기타,승용,남,28세,상해없음,승용,남,52세,경상
2018082200100334,2018년 8월 22일 14시,수요일,대구광역시 남구 봉덕동,경상사고,0,0,1,0,차대차 - 측면충돌,신호위반,건조,맑음,교차로 - 교차로안,승용,남,48세,기타불명,승합,남,56세,경상
2018082200100384,2018년 8월 22일 15시,수요일,대구광역시 동구 신천동,중상사고,0,1,0,0,차대사람 - 횡단중,보행자보호의무위반,건조,맑음,교차로 - 교차로횡단보도내,자전거,여,66세,상해없음,보행자,여,66세,중상
2018082200100385,2018년 8월 22일 15시,수요일,대구광역시 달성군 다사읍,경상사고,0,0,1,0,차대사람 - 기타,안전운전불이행,건조,맑음,단일로 - 기타,승용,여,65세,상해없음,보행자,여,32세,경상
2018082200100386,2018년 8월 22일 15시,수요일,대구광역시 북구 침산동,경상사고,0,0,1,0,차대차 - 추돌,안전운전불이행,건조,맑음,교차로 - 교차로부근,승용,남,57세,상해없음,승용,남,42세,경상
2018082200100387,2018년 8월 22일 15시,수요일,대구광역시 달서구 신당동,경상사고,0,0,1,0,차대차 - 추돌,안전운전불이행,건조,맑음,단일로 - 기타,승용,여,39세,상해없음,승용,여,27세,경상
2018082200100388,2018년 8월 22일 15시,수요일,대구광역시 북구 매천동,경상사고,0,0,1,0,차대차 - 측면충돌,안전거리미확보,건조,맑음,기타 - 기타,승용,남,21세,상해없음,화물,남,47세,상해없음
2018082200100421,2018년 8월 22일 16시,수요일,대구광역시 남구 봉덕동,중상사고,0,1,2,0,차대차 - 측면충돌,안전운전불이행,건조,맑음,기타 - 기타,승용,남,45세,경상,승용,여,51세,경상
2018082200100422,2018년 8월 22일 16시,수요일,대구광역시 수성구 중동,중상사고,0,2,0,0,차대차 - 측면충돌,기타,건조,맑음,단일로 - 기타,승용,남,61세,상해없음,이륜,여,46세,중상
2018082200100423,2018년 8월 22일 16시,수요일,대구광역시 수성구 수성동4가,경상사고,0,0,1,0,차대사람 - 기타,안전운전불이행,건조,맑음,단일로 - 기타,승용,남,67세,상해없음,보행자,남,27세,경상
2018082200100424,2018년 8월 22일 16시,수요일,대구광역시 북구 구암동,중상사고,0,1,0,0,차대차 - 측면충돌,안전운전불이행,건조,맑음,교차로 - 교차로부근,승용,남,71세,상해없음,자전거,여,66세,중상
2018082200100462,2018년 8월 22일 17시,수요일,대구광역시 동구 신암동,중상사고,0,1,0,0,차대차 - 측면충돌,안전운전불이행,건조,맑음,단일로 - 기타,자전거,남,22세,중상,승용,남,31세,상해없음
2018082200100463,2018년 8월 22일 17시,수요일,대구광역시 달서구 대천동,경상사고,0,0,1,1,차대차 - 측면충돌,안전운전불이행,건조,맑음,단일로 - 기타,승용,남,62세,부상신고,승용,남,49세,경상
2018082200100464,2018년 8월 22일 17시,수요일,대구광역시 북구 침산동,중상사고,0,1,3,0,차대차 - 측면충돌,신호위반,건조,맑음,교차로 - 교차로안,승용,남,41세,상해없음,승용,여,64세,중상
2018082200100465,2018년 8월 22일 17시,수요일,대구광역시 남구 대명동,경상사고,0,0,1,0,차대차 - 측면충돌,신호위반,건조,맑음,교차로 - 교차로횡단보도내,승용,남,25세,상해없음,자전거,남,67세,경상
2018082200100507,2018년 8월 22일 18시,수요일,대구광역시 북구 노원동3가,경상사고,0,0,1,0,차대차 - 측면충돌,안전운전불이행,건조,맑음,단일로 - 기타,이륜,여,28세,경상,이륜,남,48세,상해없음
2018082200100508,2018년 8월 22일 18시,수요일,대구광역시 달서구 두류동,경상사고,0,0,3,1,차대차 - 측면충돌,교차로운행방법위반,건조,맑음,교차로 - 교차로안,승용,여,25세,부상신고,승용,남,56세,경상
2018082200100552,2018년 8월 22일 19시,수요일,대구광역시 동구 신서동,중상사고,0,1,0,0,차대차 - 측면충돌,안전운전불이행,건조,맑음,교차로 - 교차로안,승용,남,41세,상해없음,이륜,남,37세,중상
2018082200100553,2018년 8월 22일 19시,수요일,대구광역시 수성구 수성동1가,중상사고,0,1,0,0,차량단독 - 기타,기타,건조,맑음,단일로 - 기타,승합,남,59세,상해없음,,,,
2018082200100554,2018년 8월 22일 19시,수요일,대구광역시 북구 산격동,중상사고,0,1,2,0,차량단독 - 기타,안전운전불이행,건조,맑음,교차로 - 교차로부근,승용,남,43세,상해없음,,,,
2018082200100555,2018년 8월 22일 19시,수요일,대구광역시 서구 평리동,중상사고,0,1,0,0,차대차 - 측면충돌,신호위반,건조,맑음,교차로 - 교차로안,승용,여,63세,상해없음,승용,남,21세,중상
2018082200100556,2018년 8월 22일 19시,수요일,대구광역시 중구 동성로3가,경상사고,0,0,1,0,차대사람 - 차도통행중,과속,건조,맑음,단일로 - 기타,이륜,남,17세,상해없음,보행자,여,15세,경상
2018082200100557,2018년 8월 22일 19시,수요일,대구광역시 중구 삼덕동2가,중상사고,0,1,4,0,차대차 - 측면충돌,안전운전불이행,건조,맑음,단일로 - 기타,승합,남,46세,상해없음,승용,남,29세,상해없음
2018082200100558,2018년 8월 22일 19시,수요일,대구광역시 달서구 용산동,경상사고,0,0,1,0,차대사람 - 보도통행중,보행자보호의무위반,건조,맑음,단일로 - 기타,화물,남,42세,상해없음,보행자,남,43세,경상
2018082200100587,2018년 8월 22일 20시,수요일,대구광역시 달서구 이곡동,중상사고,0,1,0,0,차대사람 - 횡단중,안전운전불이행,건조,맑음,교차로 - 교차로횡단보도내,이륜,남,33세,상해없음,보행자,여,28세,중상
2018082200100609,2018년 8월 22일 21시,수요일,대구광역시 남구 대명동,부상신고사고,0,0,0,1,차대사람 - 기타,안전운전불이행,건조,맑음,단일로 - 기타,기타불명,기타불명,미분류,기타불명,보행자,남,42세,부상신고
2018082200100610,2018년 8월 22일 21시,수요일,대구광역시 달서구 송현동,경상사고,0,0,2,0,차대차 - 측면충돌,직진우회전진행방해,건조,맑음,교차로 - 교차로안,화물,남,53세,상해없음,승용,남,69세,경상
2018082200100611,2018년 8월 22일 21시,수요일,대구광역시 달서구 감삼동,경상사고,0,0,1,0,차대사람 - 기타,안전운전불이행,건조,맑음,단일로 - 기타,승용,남,45세,상해없음,보행자,여,64세,경상
2018082200100643,2018년 8월 22일 22시,수요일,대구광역시 서구 평리동,경상사고,0,0,1,0,차대사람 - 보도통행중,안전운전불이행,건조,맑음,단일로 - 기타,화물,남,75세,상해없음,보행자,남,54세,경상
2018082200100671,2018년 8월 22일 23시,수요일,대구광역시 달성군 화원읍,경상사고,0,0,1,0,차대사람 - 기타,안전운전불이행,건조,맑음,교차로 - 교차로부근,원동기,남,48세,상해없음,보행자,여,42세,경상
2018082200100672,2018년 8월 22일 23시,수요일,대구광역시 북구 노원동3가,경상사고,0,0,1,0,차대차 - 추돌,안전운전불이행,건조,맑음,단일로 - 기타,승용,남,63세,상해없음,승용,남,48세,경상
2018082300100061,2018년 8월 23일 06시,목요일,대구광역시 중구 삼덕동1가,부상신고사고,0,0,0,1,차대차 - 측면충돌,안전거리미확보,건조,맑음,단일로 - 기타,이륜,남,57세,부상신고,승용,남,26세,상해없음
2018082300100106,2018년 8월 23일 08시,목요일,대구광역시 동구 신무동,중상사고,0,1,0,0,차대사람 - 차도통행중,안전운전불이행,건조,맑음,단일로 - 기타,화물,남,63세,상해없음,보행자,남,84세,중상
2018082300100107,2018년 8월 23일 08시,목요일,대구광역시 달서구 용산동,경상사고,0,0,2,0,차대차 - 추돌,안전거리미확보,건조,맑음,단일로 - 기타,승용,여,25세,경상,승용,남,29세,상해없음
2018082300100108,2018년 8월 23일 08시,목요일,대구광역시 북구 서변동,중상사고,0,1,0,0,차대차 - 측면충돌,신호위반,건조,맑음,교차로 - 교차로안,승용,여,33세,상해없음,승용,남,48세,중상
2018082300100132,2018년 8월 23일 09시,목요일,대구광역시 북구 대현동,경상사고,0,0,1,0,차대차 - 측면충돌,안전운전불이행,건조,맑음,교차로 - 교차로안,승용,여,54세,상해없음,승용,남,32세,경상
2018082300100133,2018년 8월 23일 09시,목요일,대구광역시 서구 내당동,중상사고,0,1,0,0,차대차 - 기타,안전거리미확보,건조,맑음,단일로 - 기타,승합,남,50세,상해없음,자전거,여,24세,중상
2018082300100178,2018년 8월 23일 11시,목요일,대구광역시 북구 복현동,경상사고,0,0,1,0,차대차 - 기타,교차로운행방법위반,건조,맑음,교차로 - 교차로안,승용,남,34세,상해없음,원동기,남,42세,경상
2018082300100197,2018년 8월 23일 12시,목요일,대구광역시 남구 대명동,경상사고,0,0,2,0,차대차 - 측면충돌,기타,건조,맑음,교차로 - 교차로부근,승용,남,44세,상해없음,승용,여,69세,경상
2018082300100213,2018년 8월 23일 13시,목요일,대구광역시 달서구 대천동,경상사고,0,0,1,0,차대차 - 후진중충돌,안전운전불이행,건조,맑음,단일로 - 기타,화물,남,25세,상해없음,화물,남,59세,경상
2018082300100227,2018년 8월 23일 14시,목요일,대구광역시 달성군 논공읍,경상사고,0,0,1,0,차대차 - 기타,안전운전불이행,젖음/습기,비,교차로 - 교차로부근,이륜,남,40세,경상,승용,남,66세,상해없음
2018082300100254,2018년 8월 23일 15시,목요일,대구광역시 수성구 수성동1가,경상사고,0,0,2,0,차대차 - 추돌,안전운전불이행,건조,맑음,교차로 - 교차로부근,승용,여,62세,상해없음,승용,여,36세,경상
2018082300100255,2018년 8월 23일 15시,목요일,대구광역시 달서구 상인동,경상사고,0,0,2,0,차대차 - 측면충돌,안전운전불이행,건조,맑음,단일로 - 기타,승용,남,59세,상해없음,승용,남,42세,경상
2018082300100284,2018년 8월 23일 16시,목요일,대구광역시 달서구 갈산동,경상사고,0,0,2,0,차대차 - 측면충돌,교차로운행방법위반,젖음/습기,비,교차로 - 교차로안,승용,남,65세,상해없음,승용,남,28세,경상
2018082300100312,2018년 8월 23일 17시,목요일,대구광역시 남구 봉덕동,중상사고,0,1,1,0,차량단독 - 공작물충돌,안전운전불이행,젖음/습기,비,단일로 - 기타,승합,남,57세,상해없음,,,,
2018082300100313,2018년 8월 23일 17시,목요일,대구광역시 수성구 범어동,경상사고,0,0,1,0,차대사람 - 횡단중,보행자보호의무위반,젖음/습기,비,단일로 - 기타,승용,남,78세,상해없음,보행자,여,27세,경상
2018082300100314,2018년 8월 23일 17시,목요일,대구광역시 북구 노원동1가,경상사고,0,0,1,0,차대차 - 측면충돌,교차로운행방법위반,젖음/습기,비,교차로 - 교차로안,승용,남,57세,상해없음,이륜,남,26세,경상
2018082300100315,2018년 8월 23일 17시,목요일,대구광역시 중구 태평로3가,중상사고,0,1,0,0,차대차 - 측면충돌,신호위반,젖음/습기,비,교차로 - 교차로안,화물,남,46세,상해없음,이륜,남,58세,중상
2018082300100316,2018년 8월 23일 17시,목요일,대구광역시 달서구 죽전동,중상사고,0,1,1,0,차대차 - 추돌,안전운전불이행,젖음/습기,비,단일로 - 기타,화물,남,54세,상해없음,승용,여,47세,중상
2018082300100317,2018년 8월 23일 17시,목요일,대구광역시 달서구 장동,경상사고,0,0,1,0,차대차 - 측면충돌,안전운전불이행,젖음/습기,흐림,교차로 - 교차로부근,화물,남,42세,상해없음,승용,남,23세,경상
2018082300100352,2018년 8월 23일 18시,목요일,대구광역시 달서구 송현동,경상사고,0,0,1,0,차대차 - 기타,안전운전불이행,젖음/습기,비,교차로 - 교차로안,승용,남,63세,상해없음,사륜오토바이(ATV),남,28세,경상
2018082300100353,2018년 8월 23일 18시,목요일,대구광역시 북구 노원동3가,중상사고,0,1,0,0,차대차 - 측면충돌,안전운전불이행,젖음/습기,비,교차로 - 교차로안,승용,남,34세,상해없음,자전거,여,58세,중상
2018082300100354,2018년 8월 23일 18시,목요일,대구광역시 북구 침산동,경상사고,0,0,1,0,차대차 - 추돌,안전운전불이행,젖음/습기,비,단일로 - 기타,화물,남,33세,상해없음,승용,여,30세,경상
2018082300100355,2018년 8월 23일 18시,목요일,대구광역시 달서구 이곡동,경상사고,0,0,1,0,차대차 - 추돌,안전운전불이행,젖음/습기,맑음,교차로 - 교차로부근,승용,남,60세,상해없음,승용,여,46세,경상
2018082300100356,2018년 8월 23일 18시,목요일,대구광역시 달서구 신당동,경상사고,0,0,4,2,차대차 - 기타,교차로운행방법위반,젖음/습기,비,교차로 - 교차로횡단보도내,승합,남,50세,부상신고,승용,남,20세,경상
2018082300100401,2018년 8월 23일 19시,목요일,대구광역시 동구 신천동,경상사고,0,0,3,0,차대차 - 추돌,안전운전불이행,건조,맑음,단일로 - 기타,승용,남,20세,상해없음,승용,남,28세,경상
2018082300100402,2018년 8월 23일 19시,목요일,대구광역시 수성구 만촌동,부상신고사고,0,0,0,1,차대차 - 측면충돌,안전운전불이행,젖음/습기,비,교차로 - 교차로횡단보도내,이륜,남,21세,부상신고,승합,남,56세,상해없음
2018082300100403,2018년 8월 23일 19시,목요일,대구광역시 북구 침산동,경상사고,0,0,1,0,차대차 - 기타,안전운전불이행,젖음/습기,비,단일로 - 기타,승용,남,63세,상해없음,이륜,남,40세,경상
2018082300100404,2018년 8월 23일 19시,목요일,대구광역시 북구 산격동,경상사고,0,0,1,0,차대차 - 추돌,안전운전불이행,젖음/습기,비,단일로 - 기타,승용,남,50세,상해없음,승용,남,48세,경상
2018082300100470,2018년 8월 23일 21시,목요일,대구광역시 수성구 연호동,경상사고,0,0,1,1,차대차 - 측면충돌,안전운전불이행,젖음/습기,비,단일로 - 기타,승용,남,41세,부상신고,승용,여,55세,경상
2018082300100471,2018년 8월 23일 21시,목요일,대구광역시 중구 대봉동,중상사고,0,1,0,0,차대차 - 정면충돌,신호위반,젖음/습기,비,교차로 - 교차로안,승용,남,22세,상해없음,승용,남,57세,중상
2018082300100503,2018년 8월 23일 22시,목요일,대구광역시 달서구 신당동,중상사고,0,1,0,0,차대차 - 측면충돌,교차로운행방법위반,건조,맑음,교차로 - 교차로안,승용,남,20세,상해없음,이륜,남,22세,중상
2018082300100527,2018년 8월 23일 23시,목요일,대구광역시 동구 방촌동,경상사고,0,0,1,0,차대차 - 측면충돌,안전운전불이행,젖음/습기,비,교차로 - 교차로안,승용,남,25세,상해없음,승용,남,50세,상해없음
2018082300100528,2018년 8월 23일 23시,목요일,대구광역시 수성구 상동,경상사고,0,0,1,0,차대차 - 추돌,안전운전불이행,건조,맑음,단일로 - 기타,승용,남,27세,상해없음,이륜,남,24세,경상
2018082400100014,2018년 8월 24일 00시,금요일,대구광역시 수성구 범물동,경상사고,0,0,1,0,차대사람 - 횡단중,신호위반,젖음/습기,흐림,단일로 - 기타,승용,남,30세,상해없음,보행자,남,47세,경상
2018082400100038,2018년 8월 24일 02시,금요일,대구광역시 수성구 만촌동,경상사고,0,0,1,0,차대차 - 정면충돌,안전운전불이행,젖음/습기,비,교차로 - 교차로안,승용,남,28세,상해없음,승용,남,32세,경상
2018082400100051,2018년 8월 24일 04시,금요일,대구광역시 동구 용계동,중상사고,0,1,0,0,차대사람 - 횡단중,보행자보호의무위반,건조,맑음,교차로 - 교차로부근,화물,남,37세,상해없음,보행자,남,71세,중상
2018082400100052,2018년 8월 24일 04시,금요일,대구광역시 북구 칠성동2가,부상신고사고,0,0,0,1,차대사람 - 기타,안전운전불이행,젖음/습기,비,단일로 - 기타,승용,남,90세 이상,상해없음,보행자,남,55세,부상신고
2018082400100087,2018년 8월 24일 07시,금요일,대구광역시 달성군 유가읍,경상사고,0,0,1,0,차대차 - 기타,안전거리미확보,건조,맑음,단일로 - 기타,승용,여,60세,상해없음,승용,여,27세,경상
2018082400100134,2018년 8월 24일 09시,금요일,대구광역시 수성구 파동,경상사고,0,0,1,0,차대차 - 측면충돌,안전운전불이행,건조,맑음,단일로 - 기타,승용,여,43세,상해없음,승용,남,27세,경상
2018082400100135,2018년 8월 24일 09시,금요일,대구광역시 달서구 송현동,중상사고,0,1,2,0,차대차 - 추돌,안전거리미확보,건조,맑음,단일로 - 기타,승용,남,55세,경상,승용,여,47세,중상
2018082400100167,2018년 8월 24일 10시,금요일,대구광역시 달서구 상인동,경상사고,0,0,1,0,차대차 - 추돌,안전운전불이행,건조,맑음,단일로 - 기타,승용,여,32세,상해없음,승합,남,50세,경상
2018082400100168,2018년 8월 24일 10시,금요일,대구광역시 달서구 호산동,경상사고,0,0,2,0,차대차 - 측면충돌,교차로운행방법위반,건조,맑음,교차로 - 교차로안,화물,남,31세,경상,화물,남,45세,경상
2018082400100195,2018년 8월 24일 11시,금요일,대구광역시 달서구 진천동,경상사고,0,0,1,0,차대차 - 측면충돌,안전운전불이행,건조,맑음,단일로 - 기타,승용,남,51세,상해없음,승용,남,25세,경상
2018082400100196,2018년 8월 24일 11시,금요일,대구광역시 달성군 논공읍,경상사고,0,0,1,0,차대차 - 측면충돌,신호위반,건조,맑음,교차로 - 교차로안,화물,남,59세,상해없음,승용,남,54세,경상
2018082400100197,2018년 8월 24일 11시,금요일,대구광역시 서구 평리동,경상사고,0,0,1,0,차대사람 - 보도통행중,기타,건조,맑음,기타 - 기타,승용,여,39세,상해없음,보행자,남,27세,경상
2018082400100227,2018년 8월 24일 12시,금요일,대구광역시 달서구 상인동,경상사고,0,0,2,0,차대차 - 측면충돌,교차로운행방법위반,건조,맑음,교차로 - 교차로안,승용,남,57세,상해없음,승용,여,70세,경상
2018082400100228,2018년 8월 24일 12시,금요일,대구광역시 달서구 신당동,중상사고,0,1,0,0,차대차 - 측면충돌,교차로운행방법위반,건조,맑음,교차로 - 교차로안,승용,여,67세,상해없음,원동기,남,57세,중상
2018082400100295,2018년 8월 24일 14시,금요일,대구광역시 북구 산격동,중상사고,0,1,0,0,차대차 - 추돌,안전거리미확보,건조,맑음,단일로 - 기타,승용,남,29세,상해없음,승용,남,64세,중상
2018082400100296,2018년 8월 24일 14시,금요일,대구광역시 북구 산격동,중상사고,0,1,0,0,차대사람 - 기타,안전운전불이행,건조,맑음,단일로 - 기타,승용,남,60세,상해없음,보행자,여,59세,중상
2018082400100297,2018년 8월 24일 14시,금요일,대구광역시 북구 칠성동2가,경상사고,0,0,3,0,차대차 - 측면충돌,안전거리미확보,건조,맑음,단일로 - 기타,화물,남,58세,상해없음,승용,남,38세,경상
2018082400100325,2018년 8월 24일 15시,금요일,대구광역시 북구 산격동,경상사고,0,0,1,0,차대차 - 측면충돌,안전운전불이행,건조,맑음,단일로 - 기타,승용,여,45세,상해없음,이륜,남,49세,경상
2018082400100351,2018년 8월 24일 16시,금요일,대구광역시 남구 대명동,경상사고,0,0,1,0,차대차 - 추돌,안전운전불이행,건조,맑음,단일로 - 기타,이륜,남,67세,상해없음,승용,남,28세,경상
2018082400100352,2018년 8월 24일 16시,금요일,대구광역시 북구 매천동,경상사고,0,0,1,0,차대차 - 측면충돌,안전운전불이행,건조,맑음,단일로 - 기타,승용,여,36세,상해없음,승용,남,38세,상해없음
2018082400100386,2018년 8월 24일 17시,금요일,대구광역시 서구 비산동,경상사고,0,0,1,0,차대사람 - 기타,안전운전불이행,건조,맑음,단일로 - 기타,승용,여,35세,상해없음,보행자,여,56세,경상
2018082400100387,2018년 8월 24일 17시,금요일,대구광역시 달서구 두류동,경상사고,0,0,1,0,차대차 - 추돌,안전운전불이행,건조,맑음,단일로 - 기타,승용,남,63세,상해없음,승용,남,43세,경상
2018082400100438,2018년 8월 24일 18시,금요일,대구광역시 서구 비산동,경상사고,0,0,4,0,차대차 - 기타,불법유턴,건조,맑음,단일로 - 기타,이륜,남,44세,상해없음,화물,여,34세,경상
2018082400100476,2018년 8월 24일 19시,금요일,대구광역시 달서구 월성동,경상사고,0,0,2,0,차대차 - 측면충돌,안전운전불이행,건조,맑음,단일로 - 기타,승용,남,33세,경상,승용,남,26세,경상
2018082400100509,2018년 8월 24일 20시,금요일,대구광역시 달서구 월성동,경상사고,0,0,1,0,차대차 - 측면충돌,안전운전불이행,건조,맑음,단일로 - 기타,이륜,남,16세,경상,승용,남,48세,상해없음
2018082400100533,2018년 8월 24일 21시,금요일,대구광역시 남구 대명동,부상신고사고,0,0,0,1,차대사람 - 횡단중,신호위반,건조,맑음,교차로 - 교차로횡단보도내,자전거,남,21세,상해없음,보행자,여,60세,부상신고
2018082400100534,2018년 8월 24일 21시,금요일,대구광역시 수성구 지산동,경상사고,0,0,1,0,차대차 - 측면충돌,안전운전불이행,건조,맑음,주차장 - 주차장,승용,여,37세,상해없음,자전거,남,55세,경상
2018082400100535,2018년 8월 24일 21시,금요일,대구광역시 달서구 상인동,경상사고,0,0,1,0,차대차 - 기타,안전운전불이행,건조,맑음,교차로 - 교차로부근,승용,남,61세,상해없음,승용,남,59세,경상
2018082400100536,2018년 8월 24일 21시,금요일,대구광역시 달성군 유가읍,경상사고,0,0,1,0,차대차 - 추돌,안전운전불이행,건조,맑음,교차로 - 교차로부근,승용,남,52세,상해없음,승용,남,45세,경상
2018082400100537,2018년 8월 24일 21시,금요일,대구광역시 북구 고성동2가,중상사고,0,1,0,0,차대차 - 정면충돌,안전운전불이행,건조,맑음,교차로 - 교차로안,승용,남,27세,상해없음,이륜,남,32세,중상
2018082400100538,2018년 8월 24일 21시,금요일,대구광역시 달서구 신당동,중상사고,0,1,0,0,차대차 - 측면충돌,안전거리미확보,건조,맑음,단일로 - 기타,승용,남,62세,상해없음,이륜,남,20세,중상
2018082400100572,2018년 8월 24일 22시,금요일,대구광역시 동구 신천동,경상사고,0,0,1,0,차대차 - 측면충돌,신호위반,건조,맑음,교차로 - 교차로안,승합,남,59세,상해없음,승용,남,25세,경상
2018082400100600,2018년 8월 24일 23시,금요일,대구광역시 수성구 두산동,중상사고,0,1,0,0,차대사람 - 횡단중,보행자보호의무위반,건조,맑음,교차로 - 교차로횡단보도내,승용,남,60세,기타불명,보행자,남,34세,중상
2018082500100025,2018년 8월 25일 00시,토요일,대구광역시 동구 사복동,경상사고,0,0,1,0,차대차 - 기타,안전운전불이행,건조,맑음,단일로 - 기타,승합,남,53세,상해없음,승용,남,27세,경상
2018082500100026,2018년 8월 25일 00시,토요일,대구광역시 달서구 송현동,경상사고,0,0,3,0,차대사람 - 기타,안전운전불이행,건조,맑음,기타 - 기타,승용,남,25세,상해없음,보행자,여,42세,경상
2018082500100027,2018년 8월 25일 00시,토요일,대구광역시 달서구 두류동,경상사고,0,0,1,0,차대차 - 기타,안전운전불이행,건조,맑음,교차로 - 교차로안,승용,남,59세,상해없음,이륜,남,28세,경상
2018082500100079,2018년 8월 25일 03시,토요일,대구광역시 중구 공평동,경상사고,0,0,1,0,차대사람 - 차도통행중,안전운전불이행,건조,맑음,단일로 - 기타,승용,남,73세,상해없음,보행자,남,22세,경상
2018082500100097,2018년 8월 25일 05시,토요일,대구광역시 북구 침산동,중상사고,0,1,0,0,차대사람 - 횡단중,안전운전불이행,건조,맑음,교차로 - 교차로안,승용,여,50세,상해없음,보행자,남,59세,중상
2018082500100110,2018년 8월 25일 06시,토요일,대구광역시 동구 도동,경상사고,0,0,2,0,차대차 - 측면충돌,안전운전불이행,건조,맑음,단일로 - 기타,승용,남,30세,상해없음,승용,남,48세,경상
2018082500100121,2018년 8월 25일 07시,토요일,대구광역시 달성군 논공읍,경상사고,0,0,1,0,차대차 - 기타,직진우회전진행방해,건조,맑음,교차로 - 교차로안,승용,남,23세,상해없음,원동기,남,25세,경상
2018082500100164,2018년 8월 25일 09시,토요일,대구광역시 동구 신천동,중상사고,0,1,0,0,차대차 - 기타,안전운전불이행,건조,맑음,교차로 - 교차로횡단보도내,승용,남,68세,상해없음,자전거,여,70세,중상
2018082500100165,2018년 8월 25일 09시,토요일,대구광역시 수성구 신매동,경상사고,0,0,1,0,차대차 - 추돌,안전운전불이행,건조,맑음,단일로 - 기타,화물,남,64세,상해없음,승용,여,45세,경상
2018082500100236,2018년 8월 25일 11시,토요일,대구광역시 동구 신서동,경상사고,0,0,1,0,차대차 - 측면충돌,교차로운행방법위반,건조,맑음,교차로 - 교차로안,화물,남,41세,상해없음,승용,남,57세,경상
2018082500100267,2018년 8월 25일 12시,토요일,대구광역시 동구 지저동,경상사고,0,0,1,0,차대사람 - 기타,안전운전불이행,건조,맑음,단일로 - 기타,승용,남,63세,상해없음,보행자,남,19세,경상
2018082500100268,2018년 8월 25일 12시,토요일,대구광역시 중구 포정동,중상사고,0,1,0,0,차대사람 - 차도통행중,안전운전불이행,건조,맑음,단일로 - 기타,화물,남,29세,상해없음,보행자,여,74세,중상
2018082500100269,2018년 8월 25일 12시,토요일,대구광역시 달서구 용산동,경상사고,0,0,2,0,차대차 - 추돌,안전운전불이행,건조,맑음,교차로 - 교차로부근,승용,남,54세,상해없음,승용,남,46세,경상
2018082500100339,2018년 8월 25일 14시,토요일,대구광역시 달서구 두류동,경상사고,0,0,1,0,차대차 - 측면충돌,안전운전불이행,건조,맑음,단일로 - 기타,승용,남,55세,상해없음,자전거,남,74세,경상
2018082500100340,2018년 8월 25일 14시,토요일,대구광역시 달서구 감삼동,경상사고,0,0,4,0,차대차 - 측면충돌,안전운전불이행,젖음/습기,비,교차로 - 교차로부근,승용,여,47세,상해없음,승용,남,18세,경상
2018082500100385,2018년 8월 25일 15시,토요일,대구광역시 동구 방촌동,경상사고,0,0,2,0,차대차 - 기타,안전거리미확보,젖음/습기,비,단일로 - 기타,승용,남,50세,상해없음,이륜,남,22세,경상
2018082500100387,2018년 8월 25일 15시,토요일,대구광역시 달서구 월성동,경상사고,0,0,5,0,차대차 - 측면충돌,교차로운행방법위반,건조,맑음,교차로 - 교차로안,승용,남,58세,경상,승용,남,49세,경상
2018082500100388,2018년 8월 25일 15시,토요일,대구광역시 서구 비산동,경상사고,0,0,1,0,차대차 - 측면충돌,안전운전불이행,젖음/습기,비,단일로 - 기타,승용,여,45세,상해없음,이륜,남,25세,경상
2018082500100438,2018년 8월 25일 17시,토요일,대구광역시 동구 신무동,중상사고,0,1,0,0,차량단독 - 기타,안전운전불이행,건조,맑음,교차로 - 교차로부근,승합,남,38세,상해없음,,,,
2018082500100439,2018년 8월 25일 17시,토요일,대구광역시 수성구 두산동,경상사고,0,0,1,0,차대사람 - 차도통행중,안전운전불이행,건조,맑음,교차로 - 교차로안,화물,남,53세,상해없음,보행자,남,27세,경상
2018082500100440,2018년 8월 25일 17시,토요일,대구광역시 북구 산격동,부상신고사고,0,0,0,1,차대차 - 측면충돌,안전운전불이행,건조,흐림,교차로 - 교차로안,이륜,남,19세,부상신고,승용,남,61세,상해없음