사고번호,사고일시,요일,시군구,사고내용,사망자수,중상자수,경상자수,부상신고자수,사고유형,법규위반,노면상태,기상상태,도로형태,가해운전자 차종,가해운전자 성별,가해운전자 연령,가해운전자 상해정도,피해운전자 차종,피해운전자 성별,피해운전자 연령,피해운전자 상해정도
2018082800100373,2018년 8월 28일 16시,화요일,대구광역시 북구 팔달동,중상사고,0,1,0,0,차대사람 - 기타,안전운전불이행,건조,맑음,주차장 - 주차장,승용,남,74세,상해없음,보행자,남,52세,중상
2018082800100374,2018년 8월 28일 16시,화요일,대구광역시 북구 읍내동,경상사고,0,0,1,0,차대사람 - 횡단중,보행자보호의무위반,건조,맑음,단일로 - 기타,승용,남,49세,상해없음,보행자,남,73세,경상
2018082800100414,2018년 8월 28일 17시,화요일,대구광역시 북구 노원동2가,경상사고,0,0,1,0,차대사람 - 횡단중,보행자보호의무위반,건조,맑음,교차로 - 교차로횡단보도내,화물,남,61세,상해없음,보행자,여,36세,경상
2018082800100415,2018년 8월 28일 17시,화요일,대구광역시 중구 남산동,부상신고사고,0,0,0,1,차대차 - 측면충돌,안전운전불이행,건조,맑음,단일로 - 기타,자전거,남,69세,부상신고,승용,남,47세,상해없음
2018082800100416,2018년 8월 28일 17시,화요일,대구광역시 달서구 호림동,경상사고,0,0,3,0,차대차 - 추돌,안전운전불이행,건조,맑음,기타 - 기타,화물,남,31세,상해없음,화물,남,57세,경상
2018082800100458,2018년 8월 28일 18시,화요일,대구광역시 달서구 상인동,중상사고,0,1,0,0,차대사람 - 횡단중,보행자보호의무위반,건조,맑음,단일로 - 기타,승용,여,31세,상해없음,보행자,여,9세,중상
2018082800100459,2018년 8월 28일 18시,화요일,대구광역시 북구 복현동,경상사고,0,0,1,0,차대사람 - 기타,안전운전불이행,건조,맑음,교차로 - 교차로안,승용,여,35세,상해없음,보행자,여,67세,경상
2018082800100460,2018년 8월 28일 18시,화요일,대구광역시 북구 동천동,경상사고,0,0,1,0,차대차 - 추돌,안전운전불이행,건조,맑음,교차로 - 교차로안,승용,여,25세,상해없음,승용,남,44세,상해없음
2018082800100499,2018년 8월 28일 19시,화요일,대구광역시 수성구 시지동,경상사고,0,0,1,0,차대차 - 추돌,안전운전불이행,건조,맑음,단일로 - 기타,승용,남,34세,상해없음,승용,남,53세,경상
2018082800100500,2018년 8월 28일 19시,화요일,대구광역시 달서구 성당동,경상사고,0,0,1,0,차대차 - 측면충돌,신호위반,건조,맑음,교차로 - 교차로안,승용,여,56세,상해없음,승용,여,52세,경상
2018082800100534,2018년 8월 28일 20시,화요일,대구광역시 수성구 상동,부상신고사고,0,0,0,1,차대차 - 측면충돌,안전운전불이행,건조,맑음,단일로 - 기타,자전거,남,19세,부상신고,승용,남,27세,상해없음
2018082800100584,2018년 8월 28일 21시,화요일,대구광역시 수성구 신매동,경상사고,0,0,3,0,차대차 - 측면충돌,안전운전불이행,건조,맑음,단일로 - 기타,승용,남,65세,상해없음,승용,여,54세,경상
2018082800100611,2018년 8월 28일 22시,화요일,대구광역시 동구 효목동,중상사고,0,1,0,0,차량단독 - 기타,안전운전불이행,건조,맑음,단일로 - 기타,승합,남,49세,상해없음,,,,
2018082800100612,2018년 8월 28일 22시,화요일,대구광역시 북구 침산동,경상사고,0,0,2,0,차대차 - 추돌,안전거리미확보,건조,맑음,단일로 - 기타,승용,남,41세,상해없음,승용,여,49세,경상
2018082800100637,2018년 8월 28일 23시,화요일,대구광역시 수성구 신매동,중상사고,0,1,0,0,차대차 - 측면충돌,불법유턴,건조,맑음,교차로 - 교차로부근,승용,남,32세,상해없음,승용,여,20세,중상
2018082800100638,2018년 8월 28일 23시,화요일,대구광역시 달서구 호산동,경상사고,0,0,1,0,차대사람 - 기타,안전운전불이행,건조,맑음,단일로 - 기타,승용,남,62세,상해없음,보행자,여,53세,경상
2018082900100012,2018년 8월 29일 00시,수요일,대구광역시 달서구 월성동,경상사고,0,0,3,0,차대차 - 측면충돌,교차로운행방법위반,건조,맑음,교차로 - 교차로안,승용,남,39세,상해없음,승용,남,65세,경상
2018082900100025,2018년 8월 29일 01시,수요일,대구광역시 서구 평리동,중상사고,0,1,1,0,차대차 - 기타,안전운전불이행,건조,맑음,단일로 - 기타,이륜,남,67세,중상,승용,남,52세,경상
2018082900100036,2018년 8월 29일 02시,수요일,대구광역시 수성구 지산동,경상사고,0,0,1,0,차대차 - 추돌,안전운전불이행,건조,맑음,단일로 - 기타,승용,남,45세,상해없음,승용,여,39세,경상
2018082900100046,2018년 8월 29일 04시,수요일,대구광역시 북구 태전동,경상사고,0,0,3,0,차대차 - 측면충돌,안전운전불이행,건조,맑음,단일로 - 기타,승용,여,47세,상해없음,이륜,남,42세,기타불명
2018082900100055,2018년 8월 29일 05시,수요일,대구광역시 북구 산격동,경상사고,0,0,2,0,차대차 - 측면충돌,신호위반,건조,맑음,교차로 - 교차로안,승용,여,48세,경상,승용,여,42세,경상
2018082900100126,2018년 8월 29일 08시,수요일,대구광역시 북구 복현동,중상사고,0,2,1,0,차대차 - 측면충돌,안전거리미확보,건조,흐림,단일로 - 교량,승용,남,67세,기타불명,화물,남,35세,경상
2018082900100127,2018년 8월 29일 08시,수요일,대구광역시 달서구 이곡동,경상사고,0,0,2,0,차대차 - 측면충돌,안전운전불이행,건조,맑음,교차로 - 교차로부근,승용,여,54세,상해없음,승합,여,41세,경상
2018082900100128,2018년 8월 29일 08시,수요일,대구광역시 북구 태전동,경상사고,0,0,3,0,차대차 - 기타,안전거리미확보,건조,맑음,단일로 - 교량,승용,남,58세,경상,승용,여,29세,경상
2018082900100160,2018년 8월 29일 09시,수요일,대구광역시 달서구 감삼동,중상사고,0,1,1,0,차대차 - 정면충돌,교차로운행방법위반,건조,맑음,교차로 - 교차로안,승용,남,24세,경상,승용,여,57세,중상
2018082900100182,2018년 8월 29일 10시,수요일,대구광역시 중구 달성동,중상사고,0,1,2,0,차대차 - 추돌,안전운전불이행,건조,맑음,단일로 - 기타,승용,남,53세,상해없음,승용,남,27세,경상
2018082900100239,2018년 8월 29일 12시,수요일,대구광역시 북구 태전동,경상사고,0,0,2,0,차대차 - 측면충돌,안전운전불이행,건조,맑음,교차로 - 교차로안,승용,남,23세,상해없음,승용,남,52세,경상
2018082900100273,2018년 8월 29일 13시,수요일,대구광역시 수성구 황금동,경상사고,0,0,1,1,차대차 - 추돌,안전거리미확보,건조,맑음,단일로 - 기타,승용,남,56세,부상신고,승합,남,60세,경상
2018082900100305,2018년 8월 29일 14시,수요일,대구광역시 남구 대명동,경상사고,0,0,2,0,차대차 - 측면충돌,안전운전불이행,건조,맑음,교차로 - 교차로안,승용,남,52세,상해없음,승용,남,50세,경상
2018082900100325,2018년 8월 29일 15시,수요일,대구광역시 동구 검사동,경상사고,0,0,1,0,차대차 - 기타,안전거리미확보,건조,맑음,단일로 - 기타,승합,남,47세,상해없음,승용,여,59세,상해없음
2018082900100326,2018년 8월 29일 15시,수요일,대구광역시 중구 동인동4가,중상사고,0,1,0,0,차대차 - 측면충돌,안전운전불이행,건조,맑음,교차로 - 교차로안,승용,여,22세,상해없음,이륜,남,80세,중상
2018082900100358,2018년 8월 29일 16시,수요일,대구광역시 수성구 황금동,경상사고,0,0,1,0,차대사람 - 기타,안전운전불이행,건조,맑음,단일로 - 기타,승용,여,65세,상해없음,보행자,여,58세,경상
2018082900100359,2018년 8월 29일 16시,수요일,대구광역시 수성구 사월동,경상사고,0,0,1,0,차대사람 - 기타,안전운전불이행,건조,맑음,기타 - 기타,승용,여,32세,상해없음,보행자,여,7세,경상
2018082900100360,2018년 8월 29일 16시,수요일,대구광역시 달성군 다사읍,경상사고,0,0,1,0,차대차 - 기타,안전운전불이행,건조,맑음,단일로 - 기타,화물,남,61세,상해없음,승용,여,40세,경상
2018082900100361,2018년 8월 29일 16시,수요일,대구광역시 북구 산격동,중상사고,0,1,1,0,차대사람 - 횡단중,보행자보호의무위반,건조,맑음,교차로 - 교차로횡단보도내,승용,여,44세,상해없음,보행자,여,52세,중상
2018082900100403,2018년 8월 29일 17시,수요일,대구광역시 북구 침산동,경상사고,0,0,1,0,차대차 - 측면충돌,중앙선침범,건조,맑음,단일로 - 기타,화물,남,41세,상해없음,자전거,남,71세,경상
2018082900100437,2018년 8월 29일 18시,수요일,대구광역시 남구 대명동,중상사고,0,1,0,0,차대차 - 추돌,안전운전불이행,건조,맑음,단일로 - 기타,승용,남,76세,상해없음,승용,남,55세,중상
2018082900100438,2018년 8월 29일 18시,수요일,대구광역시 동구 효목동,경상사고,0,0,1,0,차대차 - 후진중충돌,안전운전불이행,건조,맑음,단일로 - 기타,승용,남,65세,상해없음,승용,여,49세,경상
2018082900100439,2018년 8월 29일 18시,수요일,대구광역시 수성구 만촌동,경상사고,0,0,1,0,차대사람 - 기타,기타,건조,맑음,단일로 - 기타,원동기,남,40세,상해없음,보행자,남,12세,경상
2018082900100440,2018년 8월 29일 18시,수요일,대구광역시 북구 침산동,부상신고사고,0,0,0,1,차대차 - 측면충돌,안전운전불이행,건조,맑음,교차로 - 교차로안,자전거,남,73세,부상신고,승합,남,52세,상해없음
2018082900100441,2018년 8월 29일 18시,수요일,대구광역시 달서구 장기동,중상사고,0,1,0,0,차대차 - 기타,안전운전불이행,건조,맑음,단일로 - 기타,화물,남,53세,상해없음,승합,남,54세,상해없음
2018082900100487,2018년 8월 29일 19시,수요일,대구광역시 수성구 범물동,경상사고,0,0,2,0,차대차 - 측면충돌,안전운전불이행,건조,맑음,단일로 - 기타,승용,남,53세,상해없음,승용,남,53세,경상
2018082900100488,2018년 8월 29일 19시,수요일,대구광역시 달서구 도원동,경상사고,0,0,1,0,차대차 - 추돌,안전운전불이행,건조,맑음,교차로 - 교차로부근,승용,남,57세,상해없음,승용,여,29세,경상
2018082900100489,2018년 8월 29일 19시,수요일,대구광역시 북구 고성동3가,경상사고,0,0,1,0,차대차 - 측면충돌,안전거리미확보,건조,맑음,단일로 - 기타,승용,여,25세,상해없음,이륜,남,42세,경상
2018082900100490,2018년 8월 29일 19시,수요일,대구광역시 달서구 두류동,경상사고,0,0,1,0,차대사람 - 기타,안전운전불이행,건조,흐림,교차로 - 교차로부근,승용,남,73세,상해없음,보행자,여,47세,경상
2018082900100491,2018년 8월 29일 19시,수요일,대구광역시 북구 팔달동,경상사고,0,0,1,0,차대차 - 추돌,안전운전불이행,건조,맑음,단일로 - 기타,승용,남,58세,상해없음,승용,남,55세,경상
2018082900100534,2018년 8월 29일 20시,수요일,대구광역시 달서구 용산동,경상사고,0,0,1,0,차대차 - 추돌,안전운전불이행,건조,맑음,기타 - 기타,승용,남,58세,상해없음,승용,남,28세,경상
2018082900100563,2018년 8월 29일 21시,수요일,대구광역시 달성군 옥포읍,중상사고,0,1,0,1,차대차 - 기타,중앙선침범,건조,맑음,단일로 - 기타,이륜,남,53세,중상,이륜,남,22세,부상신고
2018082900100594,2018년 8월 29일 22시,수요일,대구광역시 남구 대명동,경상사고,0,0,1,0,차대사람 - 횡단중,신호위반,건조,맑음,단일로 - 기타,승용,남,52세,상해없음,보행자,남,25세,경상
2018082900100595,2018년 8월 29일 22시,수요일,대구광역시 수성구 범어동,부상신고사고,0,0,0,1,차대차 - 측면충돌,안전운전불이행,건조,맑음,단일로 - 기타,이륜,남,16세,부상신고,승용,남,61세,상해없음
2018082900100596,2018년 8월 29일 22시,수요일,대구광역시 달서구 용산동,경상사고,0,0,1,0,차대차 - 기타,안전운전불이행,건조,맑음,교차로 - 교차로부근,승용,남,36세,상해없음,승용,남,51세,상해없음
2018083000100032,2018년 8월 30일 01시,목요일,대구광역시 남구 대명동,경상사고,0,0,1,0,차대차 - 기타,교차로운행방법위반,젖음/습기,비,교차로 - 교차로안,승용,남,58세,상해없음,이륜,남,27세,경상
2018083000100049,2018년 8월 30일 03시,목요일,대구광역시 서구 비산동,경상사고,0,0,1,0,차대차 - 추돌,안전운전불이행,건조,맑음,단일로 - 기타,승용,여,55세,상해없음,화물,남,45세,경상
2018083000100087,2018년 8월 30일 07시,목요일,대구광역시 북구 대현동,경상사고,0,0,1,0,차대사람 - 기타,안전운전불이행,건조,맑음,단일로 - 교량,기타불명,기타불명,미분류,기타불명,보행자,여,14세,경상
2018083000100127,2018년 8월 30일 08시,목요일,대구광역시 남구 이천동,중상사고,0,1,0,0,차대차 - 기타,교차로운행방법위반,건조,맑음,교차로 - 교차로안,승용,여,41세,상해없음,자전거,남,58세,중상
2018083000100128,2018년 8월 30일 08시,목요일,대구광역시 서구 원대동1가,중상사고,0,1,0,0,차대차 - 측면충돌,안전운전불이행,건조,맑음,교차로 - 교차로안,승용,남,37세,상해없음,이륜,남,32세,중상
2018083000100151,2018년 8월 30일 09시,목요일,대구광역시 달서구 송현동,중상사고,0,1,0,0,차대사람 - 횡단중,안전운전불이행,건조,맑음,교차로 - 교차로횡단보도내,이륜,남,31세,상해없음,보행자,여,70세,중상
2018083000100152,2018년 8월 30일 09시,목요일,대구광역시 북구 태전동,경상사고,0,0,1,0,차대차 - 기타,안전운전불이행,건조,맑음,단일로 - 기타,화물,남,65세,상해없음,승용,여,46세,경상
2018083000100181,2018년 8월 30일 10시,목요일,대구광역시 동구 신암동,경상사고,0,0,1,0,차대차 - 기타,안전운전불이행,건조,맑음,단일로 - 기타,승용,남,20세,상해없음,승용,남,34세,경상
2018083000100182,2018년 8월 30일 10시,목요일,대구광역시 북구 산격동,경상사고,0,0,2,0,차대차 - 측면충돌,안전거리미확보,건조,맑음,단일로 - 기타,승용,남,80세,상해없음,승용,여,28세,경상
2018083000100209,2018년 8월 30일 11시,목요일,대구광역시 남구 대명동,경상사고,0,0,1,0,차대차 - 측면충돌,안전운전불이행,건조,맑음,교차로 - 교차로부근,화물,남,60세,상해없음,자전거,남,68세,경상
2018083000100210,2018년 8월 30일 11시,목요일,대구광역시 서구 비산동,경상사고,0,0,1,0,차대차 - 측면충돌,교차로운행방법위반,건조,맑음,교차로 - 교차로안,승용,남,47세,상해없음,승용,남,41세,경상
2018083000100211,2018년 8월 30일 11시,목요일,대구광역시 서구 평리동,경상사고,0,0,1,0,차대차 - 측면충돌,기타,건조,맑음,교차로 - 교차로부근,승용,남,48세,상해없음,이륜,남,24세,경상
2018083000100234,2018년 8월 30일 12시,목요일,대구광역시 수성구 중동,중상사고,0,1,0,0,차대사람 - 길가장자리구역통행중,안전운전불이행,건조,맑음,교차로 - 교차로부근,승합,남,57세,상해없음,보행자,남,63세,중상
2018083000100235,2018년 8월 30일 12시,목요일,대구광역시 달서구 송현동,경상사고,0,0,1,0,차대차 - 추돌,안전거리미확보,건조,맑음,단일로 - 기타,승용,남,78세,상해없음,화물,남,75세,경상
2018083000100236,2018년 8월 30일 12시,목요일,대구광역시 북구 동천동,경상사고,0,0,1,0,차대차 - 측면충돌,불법유턴,건조,맑음,단일로 - 기타,승용,남,49세,상해없음,승용,여,38세,경상
2018083000100261,2018년 8월 30일 13시,목요일,대구광역시 달서구 이곡동,경상사고,0,0,1,0,차대차 - 기타,안전운전불이행,건조,맑음,기타 - 기타,자전거,여,49세,상해없음,자전거,여,54세,경상
2018083000100360,2018년 8월 30일 16시,목요일,대구광역시 중구 대신동,경상사고,0,0,1,0,차대사람 - 기타,기타,건조,맑음,단일로 - 기타,이륜,남,26세,상해없음,보행자,남,26세,경상
2018083000100402,2018년 8월 30일 17시,목요일,대구광역시 동구 신천동,중상사고,0,1,0,0,차대차 - 정면충돌,직진우회전진행방해,건조,맑음,교차로 - 교차로안,승용,남,27세,상해없음,이륜,남,39세,중상
2018083000100403,2018년 8월 30일 17시,목요일,대구광역시 수성구 사월동,경상사고,0,0,1,1,차대사람 - 횡단중,신호위반,건조,맑음,단일로 - 기타,이륜,남,44세,상해없음,보행자,여,10세,부상신고
2018083000100404,2018년 8월 30일 17시,목요일,대구광역시 북구 산격동,중상사고,0,1,0,0,차대차 - 측면충돌,안전운전불이행,건조,흐림,단일로 - 기타,원동기,여,38세,중상,승용,남,40세,상해없음
2018083000100445,2018년 8월 30일 18시,목요일,대구광역시 동구 신천동,경상사고,0,0,1,0,차대차 - 측면충돌,안전운전불이행,건조,맑음,교차로 - 교차로안,승용,남,47세,상해없음,승용,남,75세,상해없음
2018083000100446,2018년 8월 30일 18시,목요일,대구광역시 달서구 진천동,중상사고,0,1,0,0,차대차 - 기타,교차로운행방법위반,건조,맑음,교차로 - 교차로안,화물,남,54세,상해없음,자전거,여,61세,중상
2018083000100447,2018년 8월 30일 18시,목요일,대구광역시 달성군 현풍읍,경상사고,0,0,2,0,차대차 - 기타,안전운전불이행,건조,맑음,기타 - 기타,승용,남,44세,상해없음,승합,남,50세,경상
2018083000100448,2018년 8월 30일 18시,목요일,대구광역시 서구 비산동,경상사고,0,0,2,1,차대차 - 측면충돌,안전운전불이행,건조,맑음,단일로 - 기타,승용,남,68세,상해없음,승용,남,47세,경상
2018083000100480,2018년 8월 30일 19시,목요일,대구광역시 수성구 범어동,중상사고,0,1,0,0,차대차 - 측면충돌,안전운전불이행,건조,맑음,단일로 - 기타,승용,남,36세,상해없음,이륜,남,64세,중상
2018083000100481,2018년 8월 30일 19시,목요일,대구광역시 수성구 두산동,중상사고,0,1,1,0,차대차 - 측면충돌,안전거리미확보,건조,맑음,단일로 - 기타,화물,남,28세,상해없음,승용,여,57세,경상
2018083000100482,2018년 8월 30일 19시,목요일,대구광역시 서구 평리동,경상사고,0,0,1,0,차대차 - 기타,안전거리미확보,건조,맑음,교차로 - 교차로부근,승용,남,53세,상해없음,원동기,남,21세,경상
2018083000100483,2018년 8월 30일 19시,목요일,대구광역시 북구 서변동,경상사고,0,0,1,0,차대차 - 기타,안전거리미확보,건조,맑음,단일로 - 기타,승용,남,61세,상해없음,승용,남,60세,경상
2018083000100551,2018년 8월 30일 21시,목요일,대구광역시 수성구 두산동,중상사고,0,1,0,0,차대차 - 측면충돌,신호위반,건조,흐림,교차로 - 교차로안,승용,여,43세,상해없음,승용,남,49세,중상
2018083000100552,2018년 8월 30일 21시,목요일,대구광역시 북구 복현동,중상사고,0,1,0,0,차대차 - 측면충돌,기타,건조,맑음,단일로 - 기타,승용,남,66세,상해없음,원동기,남,32세,중상
2018083000100576,2018년 8월 30일 22시,목요일,대구광역시 수성구 지산동,경상사고,0,0,1,0,차대사람 - 횡단중,안전운전불이행,건조,맑음,교차로 - 교차로안,승용,여,44세,상해없음,보행자,남,52세,경상
2018083000100577,2018년 8월 30일 22시,목요일,대구광역시 달서구 진천동,경상사고,0,0,1,0,차대차 - 기타,안전거리미확보,건조,맑음,단일로 - 기타,원동기,남,22세,경상,승용,남,28세,상해없음
2018083000100578,2018년 8월 30일 22시,목요일,대구광역시 달성군 구지면,경상사고,0,0,1,0,차대차 - 기타,안전운전불이행,건조,맑음,교차로 - 교차로안,승용,여,52세,상해없음,승용,여,50세,경상
2018083000100579,2018년 8월 30일 22시,목요일,대구광역시 북구 산격동,중상사고,0,1,2,0,차대차 - 측면충돌,안전거리미확보,건조,맑음,단일로 - 기타,승용,남,22세,상해없음,승용,남,43세,중상
2018083000100580,2018년 8월 30일 22시,목요일,대구광역시 북구 매천동,경상사고,0,0,1,1,차대차 - 측면충돌,안전운전불이행,건조,맑음,단일로 - 기타,승용,남,49세,상해없음,승용,남,25세,경상
2018083000100602,2018년 8월 30일 23시,목요일,대구광역시 수성구 황금동,부상신고사고,0,0,0,1,차대차 - 추돌,안전운전불이행,건조,맑음,단일로 - 기타,승용,남,31세,상해없음,승용,여,28세,부상신고
2018083100100018,2018년 8월 31일 00시,금요일,대구광역시 달서구 송현동,경상사고,0,0,1,0,차대사람 - 횡단중,보행자보호의무위반,건조,맑음,교차로 - 교차로부근,승용,남,47세,상해없음,보행자,남,29세,경상
2018083100100031,2018년 8월 31일 01시,금요일,대구광역시 동구 신암동,부상신고사고,0,0,0,1,차대사람 - 횡단중,안전운전불이행,건조,맑음,단일로 - 기타,기타불명,기타불명,미분류,기타불명,보행자,남,38세,부상신고
2018083100100066,2018년 8월 31일 04시,금요일,대구광역시 중구 도원동,중상사고,0,1,0,0,차대사람 - 횡단중,안전운전불이행,건조,맑음,단일로 - 지하차도(도로)내,승용,남,56세,상해없음,보행자,남,59세,중상
2018083100100075,2018년 8월 31일 05시,금요일,대구광역시 동구 신천동,사망사고,1,0,0,0,차대사람 - 기타,안전운전불이행,건조,흐림,교차로 - 교차로횡단보도내,승용,남,43세,상해없음,보행자,여,67세,사망
2018083100100076,2018년 8월 31일 05시,금요일,대구광역시 북구 복현동,부상신고사고,0,0,0,1,차대차 - 추돌,안전운전불이행,젖음/습기,비,교차로 - 교차로부근,이륜,남,18세,부상신고,승용,남,51세,상해없음
2018083100100077,2018년 8월 31일 05시,금요일,대구광역시 북구 관음동,경상사고,0,0,1,0,차대차 - 기타,신호위반,젖음/습기,비,교차로 - 교차로안,승용,남,60세,상해없음,승용,여,50세,경상
2018083100100089,2018년 8월 31일 06시,금요일,대구광역시 중구 동인동1가,중상사고,0,1,0,0,차대차 - 측면충돌,신호위반,젖음/습기,맑음,교차로 - 교차로안,승용,남,66세,상해없음,승용,남,58세,중상
2018083100100104,2018년 8월 31일 07시,금요일,대구광역시 북구 관음동,경상사고,0,0,2,0,차대차 - 측면충돌,직진우회전진행방해,젖음/습기,비,교차로 - 교차로안,승용,여,46세,상해없음,승용,남,55세,경상
2018083100100133,2018년 8월 31일 08시,금요일,대구광역시 달서구 용산동,경상사고,0,0,1,0,차대차 - 기타,안전운전불이행,젖음/습기,비,단일로 - 기타,승합,남,63세,상해없음,승용,남,52세,경상
2018083100100171,2018년 8월 31일 09시,금요일,대구광역시 동구 불로동,경상사고,0,0,3,0,차대차 - 측면충돌,안전거리미확보,젖음/습기,비,단일로 - 기타,승용,남,45세,상해없음,승용,남,74세,상해없음
2018083100100172,2018년 8월 31일 09시,금요일,대구광역시 수성구 두산동,경상사고,0,0,1,0,차대차 - 측면충돌,안전거리미확보,젖음/습기,비,단일로 - 기타,승용,남,61세,상해없음,승용,남,56세,상해없음
2018083100100173,2018년 8월 31일 09시,금요일,대구광역시 달서구 대곡동,경상사고,0,0,1,0,차대사람 - 횡단중,보행자보호의무위반,젖음/습기,비,교차로 - 교차로횡단보도내,승용,여,28세,상해없음,보행자,남,66세,경상
2018083100100199,2018년 8월 31일 10시,금요일,대구광역시 남구 이천동,중상사고,0,1,0,0,차대사람 - 횡단중,안전운전불이행,젖음/습기,비,교차로 - 교차로안,승용,여,72세,상해없음,보행자,여,71세,중상
2018083100100200,2018년 8월 31일 10시,금요일,대구광역시 북구 태전동,경상사고,0,0,1,0,차대차 - 기타,안전거리미확보,젖음/습기,비,단일로 - 기타,승용,남,58세,상해없음,승용,여,37세,경상
2018083100100224,2018년 8월 31일 11시,금요일,대구광역시 동구 부동,경상사고,0,0,1,0,차대차 - 측면충돌,직진우회전진행방해,젖음/습기,비,교차로 - 교차로안,화물,남,57세,상해없음,원동기,여,56세,경상
2018083100100290,2018년 8월 31일 13시,금요일,대구광역시 서구 이현동,부상신고사고,0,0,0,1,차대차 - 기타,안전운전불이행,건조,맑음,단일로 - 기타,화물,남,61세,상해없음,이륜,남,48세,부상신고
2018083100100318,2018년 8월 31일 14시,금요일,대구광역시 중구 동산동,경상사고,0,0,1,0,차대사람 - 횡단중,보행자보호의무위반,건조,맑음,교차로 - 교차로횡단보도내,승용,여,46세,상해없음,보행자,여,79세,경상
2018083100100393,2018년 8월 31일 16시,금요일,대구광역시 중구 대신동,부상신고사고,0,0,0,1,차대차 - 측면충돌,차로위반,건조,맑음,단일로 - 기타,이륜,남,85세,부상신고,승용,남,34세,상해없음
2018083100100394,2018년 8월 31일 16시,금요일,대구광역시 달서구 장동,중상사고,0,1,0,0,차대차 - 측면충돌,안전거리미확보,건조,맑음,교차로 - 교차로부근,화물,남,37세,상해없음,이륜,남,53세,중상
2018083100100429,2018년 8월 31일 17시,금요일,대구광역시 동구 신암동,경상사고,0,0,1,0,차대차 - 측면충돌,안전거리미확보,건조,맑음,교차로 - 교차로안,승용,여,69세,상해없음,승용,남,71세,경상
2018083100100468,2018년 8월 31일 18시,금요일,대구광역시 달서구 진천동,경상사고,0,0,1,0,차대사람 - 기타,안전운전불이행,건조,맑음,단일로 - 기타,승용,여,61세,상해없음,보행자,남,19세,경상
2018083100100509,2018년 8월 31일 19시,금요일,대구광역시 동구 신암동,경상사고,0,0,3,0,차대차 - 측면충돌,안전거리미확보,건조,맑음,단일로 - 기타,승용,여,25세,상해없음,승용,남,29세,경상
2018083100100510,2018년 8월 31일 19시,금요일,대구광역시 북구 매천동,경상사고,0,0,1,0,차대차 - 추돌,안전거리미확보,젖음/습기,흐림,단일로 - 고가도로위,승용,남,50세,상해없음,승용,여,58세,경상
2018083100100541,2018년 8월 31일 20시,금요일,대구광역시 남구 봉덕동,중상사고,0,1,1,0,차대차 - 기타,안전운전불이행,건조,맑음,교차로 - 교차로부근,승용,남,46세,상해없음,승용,남,60세,경상
2018083100100542,2018년 8월 31일 20시,금요일,대구광역시 동구 신암동,경상사고,0,0,1,0,차대차 - 추돌,안전운전불이행,건조,맑음,단일로 - 기타,승용,남,48세,상해없음,화물,남,55세,상해없음
2018083100100543,2018년 8월 31일 20시,금요일,대구광역시 달성군 다사읍,중상사고,0,1,0,0,차대사람 - 기타,안전운전불이행,건조,맑음,단일로 - 기타,승용,남,32세,상해없음,보행자,남,18세,중상
2018083100100544,2018년 8월 31일 20시,금요일,대구광역시 서구 내당동,경상사고,0,0,1,0,차대차 - 측면충돌,교차로운행방법위반,건조,맑음,교차로 - 교차로안,승용,여,42세,상해없음,승용,남,65세,경상
2018083100100615,2018년 8월 31일 22시,금요일,대구광역시 수성구 황금동,중상사고,0,1,0,0,차대차 - 기타,교차로운행방법위반,젖음/습기,비,교차로 - 교차로안,승용,남,53세,상해없음,원동기,남,35세,중상
2018083100100616,2018년 8월 31일 22시,금요일,대구광역시 수성구 범어동,경상사고,0,0,1,0,차대차 - 측면충돌,안전운전불이행,젖음/습기,비,교차로 - 교차로부근,승용,남,41세,상해없음,이륜,남,43세,경상
2018083100100617,2018년 8월 31일 22시,금요일,대구광역시 달서구 도원동,경상사고,0,0,1,0,차대차 - 정면충돌,신호위반,건조,맑음,교차로 - 교차로안,승용,남,23세,상해없음,자전거,여,59세,경상
2018083100100618,2018년 8월 31일 22시,금요일,대구광역시 달서구 죽전동,경상사고,0,0,3,0,차대차 - 기타,교차로운행방법위반,건조,기타,교차로 - 교차로안,승용,여,27세,경상,승용,남,58세,경상
2018083100100619,2018년 8월 31일 22시,금요일,대구광역시 북구 구암동,경상사고,0,0,1,0,차대사람 - 보도통행중,기타,건조,맑음,기타 - 기타,자전거,남,56세,상해없음,보행자,여,16세,경상
2018083100100650,2018년 8월 31일 23시,금요일,대구광역시 북구 침산동,중상사고,0,1,0,0,차대사람 - 횡단중,신호위반,젖음/습기,흐림,단일로 - 기타,승용,여,56세,상해없음,보행자,남,55세,중상
2018090100100021,2018년 9월 1일 00시,토요일,대구광역시 달서구 대천동,경상사고,0,0,3,0,차대차 - 측면충돌,교차로운행방법위반,건조,맑음,교차로 - 교차로안,승용,남,55세,상해없음,승용,여,19세,경상
2018090100100038,2018년 9월 1일 01시,토요일,대구광역시 달서구 두류동,중상사고,0,1,0,0,차대사람 - 기타,안전운전불이행,건조,맑음,교차로 - 교차로안,승용,남,29세,상해없음,보행자,남,37세,중상
2018090100100051,2018년 9월 1일 02시,토요일,대구광역시 북구 대현동,부상신고사고,0,0,0,1,차대차 - 추돌,안전운전불이행,건조,맑음,단일로 - 기타,기타불명,기타불명,미분류,기타불명,승용,남,59세,부상신고