사고번호,사고일시,요일,시군구,사고내용,사망자수,중상자수,경상자수,부상신고자수,사고유형,법규위반,노면상태,기상상태,도로형태,가해운전자 차종,가해운전자 성별,가해운전자 연령,가해운전자 상해정도,피해운전자 차종,피해운전자 성별,피해운전자 연령,피해운전자 상해정도
2018091800100193,2018년 9월 18일 09시,화요일,대구광역시 남구 대명동,중상사고,0,1,0,0,차대차 - 측면충돌,안전운전불이행,건조,맑음,단일로 - 기타,승용,남,61세,상해없음,자전거,여,60세,중상
2018091800100195,2018년 9월 18일 09시,화요일,대구광역시 서구 평리동,경상사고,0,0,1,0,차대차 - 측면충돌,차로위반,건조,맑음,단일로 - 기타,이륜,남,54세,경상,승용,여,51세,기타불명
2018091800100196,2018년 9월 18일 09시,화요일,대구광역시 북구 읍내동,중상사고,0,2,0,0,차대차 - 추돌,안전운전불이행,건조,맑음,단일로 - 기타,승용,남,47세,상해없음,승용,여,57세,중상
2018091800100237,2018년 9월 18일 10시,화요일,대구광역시 달서구 상인동,경상사고,0,0,1,0,차대차 - 측면충돌,안전운전불이행,건조,맑음,단일로 - 기타,승용,여,45세,경상,건설기계,남,57세,상해없음
2018091800100238,2018년 9월 18일 10시,화요일,대구광역시 달서구 월암동,경상사고,0,0,1,0,차대차 - 기타,교차로운행방법위반,건조,맑음,교차로 - 교차로안,화물,남,31세,상해없음,승용,여,64세,경상
2018091800100239,2018년 9월 18일 10시,화요일,대구광역시 달성군 유가읍,중상사고,0,1,0,0,차대사람 - 차도통행중,안전운전불이행,건조,맑음,단일로 - 기타,승용,남,61세,상해없음,보행자,여,61세,중상
2018091800100324,2018년 9월 18일 13시,화요일,대구광역시 달성군 다사읍,경상사고,0,0,2,0,차대차 - 기타,안전운전불이행,건조,맑음,교차로 - 교차로부근,건설기계,남,57세,상해없음,승용,남,76세,경상
2018091800100325,2018년 9월 18일 13시,화요일,대구광역시 중구 동성로3가,중상사고,0,2,0,0,차대차 - 측면충돌,안전운전불이행,건조,맑음,단일로 - 기타,이륜,남,47세,중상,이륜,남,39세,중상
2018091800100364,2018년 9월 18일 14시,화요일,대구광역시 남구 대명동,경상사고,0,0,1,0,차대차 - 기타,안전운전불이행,건조,맑음,단일로 - 기타,자전거,남,22세,상해없음,이륜,남,19세,경상
2018091800100365,2018년 9월 18일 14시,화요일,대구광역시 동구 율암동,경상사고,0,0,1,0,차대차 - 추돌,안전거리미확보,건조,맑음,단일로 - 기타,승용,남,29세,상해없음,승용,여,41세,경상
2018091800100405,2018년 9월 18일 15시,화요일,대구광역시 남구 대명동,경상사고,0,0,1,0,차대차 - 측면충돌,교차로운행방법위반,건조,맑음,교차로 - 교차로안,승용,남,57세,상해없음,승용,여,37세,상해없음
2018091800100406,2018년 9월 18일 15시,화요일,대구광역시 달서구 본동,경상사고,0,0,1,0,차대차 - 측면충돌,안전운전불이행,건조,맑음,단일로 - 기타,승용,여,26세,상해없음,자전거,남,13세,경상
2018091800100407,2018년 9월 18일 15시,화요일,대구광역시 북구 태전동,경상사고,0,0,3,0,차대차 - 측면충돌,안전운전불이행,건조,맑음,교차로 - 교차로부근,승용,남,58세,경상,승용,여,45세,경상
2018091800100459,2018년 9월 18일 16시,화요일,대구광역시 동구 지묘동,경상사고,0,0,1,0,차대사람 - 기타,안전운전불이행,건조,맑음,단일로 - 기타,승용,남,38세,상해없음,보행자,남,57세,경상
2018091800100460,2018년 9월 18일 16시,화요일,대구광역시 수성구 범어동,경상사고,0,0,1,0,차대사람 - 횡단중,안전운전불이행,건조,맑음,단일로 - 기타,기타불명,기타불명,미분류,기타불명,보행자,남,11세,경상
2018091800100461,2018년 9월 18일 16시,화요일,대구광역시 달서구 본동,중상사고,0,1,0,0,차대사람 - 기타,기타,건조,맑음,단일로 - 기타,승합,남,56세,상해없음,보행자,여,61세,중상
2018091800100462,2018년 9월 18일 16시,화요일,대구광역시 달서구 감삼동,중상사고,0,1,1,0,차대차 - 측면충돌,안전거리미확보,건조,맑음,단일로 - 기타,승용,남,55세,경상,승용,남,51세,중상
2018091800100463,2018년 9월 18일 16시,화요일,대구광역시 북구 동천동,경상사고,0,0,1,0,차대사람 - 보도통행중,기타,건조,맑음,기타 - 기타,자전거,남,13세,상해없음,보행자,여,73세,경상
2018091800100502,2018년 9월 18일 17시,화요일,대구광역시 동구 신암동,경상사고,0,0,1,0,차량단독 - 기타,안전운전불이행,건조,맑음,단일로 - 기타,승합,남,55세,상해없음,,,,
2018091800100503,2018년 9월 18일 17시,화요일,대구광역시 달서구 용산동,중상사고,0,1,0,0,차대사람 - 횡단중,안전운전불이행,건조,맑음,단일로 - 기타,승용,여,51세,상해없음,보행자,남,17세,중상
2018091800100535,2018년 9월 18일 18시,화요일,대구광역시 남구 봉덕동,경상사고,0,0,1,0,차대차 - 측면충돌,기타,건조,맑음,단일로 - 기타,승용,남,52세,상해없음,이륜,남,24세,경상
2018091800100536,2018년 9월 18일 18시,화요일,대구광역시 북구 산격동,경상사고,0,0,3,0,차대차 - 추돌,안전운전불이행,건조,맑음,교차로 - 교차로횡단보도내,승용,남,61세,상해없음,승용,여,59세,경상
2018091800100537,2018년 9월 18일 18시,화요일,대구광역시 중구 남산동,경상사고,0,0,1,0,차대차 - 측면충돌,안전운전불이행,건조,맑음,교차로 - 교차로부근,승용,여,51세,상해없음,승용,남,58세,경상
2018091800100538,2018년 9월 18일 18시,화요일,대구광역시 달서구 갈산동,중상사고,0,1,0,0,차대차 - 측면충돌,안전운전불이행,건조,맑음,교차로 - 교차로안,승용,남,49세,상해없음,이륜,남,33세,중상
2018091800100539,2018년 9월 18일 18시,화요일,대구광역시 달서구 감삼동,경상사고,0,0,1,0,차대사람 - 횡단중,보행자보호의무위반,건조,맑음,교차로 - 교차로안,승합,남,56세,상해없음,보행자,남,15세,경상
2018091800100588,2018년 9월 18일 19시,화요일,대구광역시 달서구 장기동,경상사고,0,0,1,0,차대차 - 추돌,안전운전불이행,건조,맑음,기타 - 기타,승용,여,55세,상해없음,승용,남,54세,경상
2018091800100626,2018년 9월 18일 20시,화요일,대구광역시 수성구 두산동,경상사고,0,0,1,0,차대차 - 추돌,안전운전불이행,건조,맑음,단일로 - 기타,승용,남,36세,상해없음,승용,남,25세,경상
2018091800100627,2018년 9월 18일 20시,화요일,대구광역시 수성구 만촌동,경상사고,0,0,2,0,차대차 - 기타,안전거리미확보,건조,맑음,단일로 - 기타,승용,여,56세,경상,승용,남,42세,경상
2018091800100656,2018년 9월 18일 21시,화요일,대구광역시 중구 삼덕동1가,중상사고,0,1,0,0,차대사람 - 길가장자리구역통행중,안전운전불이행,건조,맑음,단일로 - 기타,승용,여,24세,상해없음,보행자,남,23세,중상
2018091800100657,2018년 9월 18일 21시,화요일,대구광역시 달서구 이곡동,경상사고,0,0,1,0,차대차 - 기타,직진우회전진행방해,건조,맑음,교차로 - 교차로안,승용,여,57세,상해없음,이륜,남,19세,경상
2018091800100658,2018년 9월 18일 21시,화요일,대구광역시 달서구 이곡동,중상사고,0,1,1,0,차대차 - 측면충돌,교차로운행방법위반,건조,맑음,교차로 - 교차로안,승용,남,24세,상해없음,이륜,남,22세,경상
2018091800100697,2018년 9월 18일 23시,화요일,대구광역시 수성구 욱수동,경상사고,0,0,1,0,차대차 - 측면충돌,신호위반,건조,맑음,교차로 - 교차로안,승용,여,41세,상해없음,승용,남,62세,경상
2018091900100012,2018년 9월 19일 00시,수요일,대구광역시 달서구 용산동,경상사고,0,0,1,0,차대차 - 측면충돌,안전운전불이행,건조,흐림,주차장 - 주차장,승용,남,24세,상해없음,승용,남,26세,경상
2018091900100037,2018년 9월 19일 03시,수요일,대구광역시 남구 대명동,중상사고,0,1,0,0,차대차 - 추돌,안전운전불이행,건조,맑음,단일로 - 기타,승용,남,59세,상해없음,승용,남,37세,중상
2018091900100101,2018년 9월 19일 07시,수요일,대구광역시 달성군 옥포읍,중상사고,0,1,0,0,차대차 - 기타,안전운전불이행,건조,맑음,단일로 - 기타,승용,남,48세,상해없음,자전거,남,33세,중상
2018091900100102,2018년 9월 19일 07시,수요일,대구광역시 달성군 유가읍,경상사고,0,0,1,0,차대차 - 기타,신호위반,건조,맑음,교차로 - 교차로안,화물,남,42세,상해없음,승용,남,32세,경상
2018091900100179,2018년 9월 19일 09시,수요일,대구광역시 수성구 상동,중상사고,0,1,0,0,차대차 - 측면충돌,안전운전불이행,건조,맑음,교차로 - 교차로부근,승용,남,31세,상해없음,승용,여,32세,중상
2018091900100180,2018년 9월 19일 09시,수요일,대구광역시 달서구 신당동,경상사고,0,0,2,2,차대차 - 측면충돌,안전거리미확보,건조,맑음,단일로 - 기타,승합,남,70세,경상,화물,남,26세,경상
2018091900100208,2018년 9월 19일 10시,수요일,대구광역시 달성군 유가읍,부상신고사고,0,0,0,1,차대차 - 측면충돌,차로위반,건조,맑음,교차로 - 교차로부근,승용,여,70세,상해없음,승용,여,37세,부상신고
2018091900100304,2018년 9월 19일 13시,수요일,대구광역시 달서구 상인동,경상사고,0,0,1,0,차대차 - 측면충돌,안전거리미확보,건조,맑음,단일로 - 기타,화물,남,57세,상해없음,승용,여,38세,경상
2018091900100305,2018년 9월 19일 13시,수요일,대구광역시 중구 대신동,경상사고,0,0,2,0,차대차 - 측면충돌,안전거리미확보,건조,맑음,단일로 - 기타,승합,남,54세,상해없음,승용,남,23세,경상
2018091900100306,2018년 9월 19일 13시,수요일,대구광역시 중구 종로1가,경상사고,0,0,1,0,차대차 - 기타,교차로운행방법위반,건조,맑음,교차로 - 교차로안,승용,남,65세,상해없음,이륜,남,23세,경상
2018091900100307,2018년 9월 19일 13시,수요일,대구광역시 달서구 이곡동,경상사고,0,0,1,0,차대차 - 측면충돌,차로위반,건조,맑음,단일로 - 기타,화물,남,65세,상해없음,승용,남,21세,경상
2018091900100337,2018년 9월 19일 14시,수요일,대구광역시 남구 대명동,중상사고,0,1,0,0,차대사람 - 기타,안전운전불이행,건조,맑음,교차로 - 교차로부근,건설기계,남,62세,상해없음,보행자,여,83세,중상
2018091900100370,2018년 9월 19일 15시,수요일,대구광역시 중구 대신동,부상신고사고,0,0,0,1,차대차 - 후진중충돌,안전운전불이행,건조,맑음,단일로 - 기타,승용,여,67세,상해없음,이륜,여,61세,부상신고
2018091900100371,2018년 9월 19일 15시,수요일,대구광역시 달서구 감삼동,경상사고,0,0,2,0,차대차 - 기타,안전거리미확보,건조,맑음,단일로 - 기타,승용,남,62세,상해없음,이륜,남,22세,경상
2018091900100404,2018년 9월 19일 16시,수요일,대구광역시 남구 대명동,중상사고,0,1,0,0,차대차 - 측면충돌,기타,건조,맑음,단일로 - 기타,승용,남,66세,상해없음,이륜,남,34세,중상
2018091900100405,2018년 9월 19일 16시,수요일,대구광역시 수성구 연호동,경상사고,0,0,2,0,차대차 - 추돌,안전운전불이행,건조,맑음,단일로 - 기타,화물,남,45세,상해없음,승용,여,44세,경상
2018091900100406,2018년 9월 19일 16시,수요일,대구광역시 서구 평리동,경상사고,0,0,2,0,차대차 - 측면충돌,안전운전불이행,건조,맑음,단일로 - 기타,화물,남,43세,상해없음,승용,남,62세,경상
2018091900100441,2018년 9월 19일 17시,수요일,대구광역시 북구 노곡동,중상사고,0,1,5,0,차대차 - 기타,안전운전불이행,건조,맑음,단일로 - 기타,건설기계,남,51세,상해없음,승용,남,57세,경상
2018091900100444,2018년 9월 19일 17시,수요일,대구광역시 동구 신암동,중상사고,0,1,0,0,차대사람 - 횡단중,안전운전불이행,건조,맑음,기타 - 기타,자전거,남,12세,상해없음,보행자,여,80세,중상
2018091900100445,2018년 9월 19일 17시,수요일,대구광역시 서구 평리동,경상사고,0,0,1,0,차대사람 - 길가장자리구역통행중,안전운전불이행,건조,맑음,교차로 - 교차로안,화물,남,54세,상해없음,보행자,여,11세,경상
2018091900100446,2018년 9월 19일 17시,수요일,대구광역시 달서구 용산동,경상사고,0,0,1,0,차대차 - 추돌,안전운전불이행,건조,맑음,교차로 - 교차로부근,화물,남,58세,상해없음,승용,남,37세,경상
2018091900100447,2018년 9월 19일 17시,수요일,대구광역시 북구 태전동,경상사고,0,0,2,0,차대차 - 측면충돌,직진우회전진행방해,건조,맑음,교차로 - 교차로안,승용,여,55세,상해없음,이륜,남,22세,경상
2018091900100513,2018년 9월 19일 18시,수요일,대구광역시 수성구 범어동,경상사고,0,0,1,0,차대차 - 측면충돌,안전운전불이행,건조,맑음,단일로 - 기타,승용,여,70세,상해없음,승용,여,45세,경상
2018091900100514,2018년 9월 19일 18시,수요일,대구광역시 달서구 상인동,경상사고,0,0,1,0,차대사람 - 기타,안전운전불이행,건조,맑음,단일로 - 기타,승용,남,59세,상해없음,보행자,여,31세,경상
2018091900100515,2018년 9월 19일 18시,수요일,대구광역시 북구 노원동1가,중상사고,0,1,0,0,차대차 - 측면충돌,안전운전불이행,건조,맑음,교차로 - 교차로횡단보도내,승용,여,59세,상해없음,자전거,남,11세,중상
2018091900100559,2018년 9월 19일 19시,수요일,대구광역시 달서구 대곡동,경상사고,0,0,1,0,차대차 - 측면충돌,차로위반,건조,맑음,단일로 - 기타,화물,남,60세,상해없음,화물,남,30세,경상
2018091900100560,2018년 9월 19일 19시,수요일,대구광역시 중구 동인동4가,경상사고,0,0,1,0,차대차 - 측면충돌,교차로운행방법위반,건조,맑음,교차로 - 교차로안,승용,여,51세,상해없음,승용,남,57세,경상
2018091900100561,2018년 9월 19일 19시,수요일,대구광역시 달서구 감삼동,부상신고사고,0,0,0,1,차대차 - 기타,안전운전불이행,건조,맑음,단일로 - 기타,이륜,남,55세,상해없음,이륜,남,24세,부상신고
2018091900100593,2018년 9월 19일 20시,수요일,대구광역시 북구 산격동,경상사고,0,0,1,0,차대차 - 측면충돌,차로위반,젖음/습기,비,단일로 - 기타,승용,여,59세,상해없음,승용,여,52세,경상
2018091900100633,2018년 9월 19일 21시,수요일,대구광역시 북구 태전동,경상사고,0,0,1,0,차대차 - 측면충돌,안전운전불이행,건조,맑음,단일로 - 기타,승용,남,69세,상해없음,승용,남,40세,경상
2018091900100666,2018년 9월 19일 22시,수요일,대구광역시 달성군 다사읍,경상사고,0,0,4,0,차대차 - 추돌,안전운전불이행,젖음/습기,비,단일로 - 기타,승용,남,52세,상해없음,승용,남,66세,경상
2018091900100667,2018년 9월 19일 22시,수요일,대구광역시 달서구 감삼동,부상신고사고,0,0,0,3,차대차 - 추돌,안전거리미확보,건조,흐림,단일로 - 기타,승용,남,29세,상해없음,승용,남,43세,부상신고
2018092000100037,2018년 9월 20일 01시,목요일,대구광역시 북구 침산동,경상사고,0,0,3,0,차대차 - 추돌,안전운전불이행,건조,맑음,단일로 - 기타,승용,남,23세,상해없음,승용,남,61세,경상
2018092000100042,2018년 9월 20일 02시,목요일,대구광역시 서구 평리동,중상사고,0,1,0,0,차대차 - 추돌,안전거리미확보,젖음/습기,흐림,단일로 - 기타,승용,남,55세,상해없음,승용,남,37세,중상
2018092000100089,2018년 9월 20일 06시,목요일,대구광역시 달서구 송현동,경상사고,0,0,1,0,차량단독 - 기타,안전운전불이행,젖음/습기,비,교차로 - 교차로부근,승용,여,58세,상해없음,,,,
2018092000100113,2018년 9월 20일 07시,목요일,대구광역시 달서구 장기동,경상사고,0,0,1,0,차대차 - 측면충돌,안전운전불이행,건조,맑음,단일로 - 기타,승용,남,51세,상해없음,화물,남,41세,경상
2018092000100163,2018년 9월 20일 08시,목요일,대구광역시 남구 대명동,경상사고,0,0,1,0,차대차 - 추돌,안전운전불이행,젖음/습기,비,기타 - 기타,승용,남,58세,상해없음,승용,남,36세,경상
2018092000100164,2018년 9월 20일 08시,목요일,대구광역시 동구 신암동,경상사고,0,0,1,0,차대차 - 추돌,안전거리미확보,건조,맑음,단일로 - 기타,승용,여,45세,상해없음,승용,남,39세,경상
2018092000100165,2018년 9월 20일 08시,목요일,대구광역시 북구 산격동,경상사고,0,0,2,0,차대차 - 측면충돌,교차로운행방법위반,건조,맑음,교차로 - 교차로안,승용,남,27세,경상,화물,남,30세,경상
2018092000100166,2018년 9월 20일 08시,목요일,대구광역시 북구 동천동,경상사고,0,0,1,0,차대사람 - 횡단중,보행자보호의무위반,건조,맑음,교차로 - 교차로횡단보도내,기타불명,기타불명,미분류,기타불명,보행자,여,21세,경상
2018092000100197,2018년 9월 20일 09시,목요일,대구광역시 서구 비산동,경상사고,0,0,2,0,차대차 - 측면충돌,불법유턴,건조,맑음,교차로 - 교차로안,이륜,남,57세,상해없음,승용,남,64세,경상
2018092000100198,2018년 9월 20일 09시,목요일,대구광역시 서구 평리동,경상사고,0,0,1,0,차대차 - 측면충돌,교차로운행방법위반,건조,맑음,교차로 - 교차로부근,승용,남,44세,상해없음,이륜,여,57세,경상
2018092000100220,2018년 9월 20일 10시,목요일,대구광역시 북구 노원동1가,중상사고,0,1,0,0,차대사람 - 차도통행중,안전운전불이행,젖음/습기,비,교차로 - 교차로안,건설기계,남,57세,상해없음,보행자,남,67세,중상
2018092000100258,2018년 9월 20일 11시,목요일,대구광역시 수성구 신매동,경상사고,0,0,1,0,차대사람 - 기타,기타,건조,맑음,기타 - 기타,승용,남,37세,상해없음,보행자,남,69세,경상
2018092000100259,2018년 9월 20일 11시,목요일,대구광역시 달서구 상인동,중상사고,0,1,0,0,차대차 - 측면충돌,직진우회전진행방해,건조,맑음,교차로 - 교차로안,승용,남,37세,상해없음,이륜,남,43세,중상
2018092000100328,2018년 9월 20일 13시,목요일,대구광역시 달서구 상인동,경상사고,0,0,1,1,차대차 - 추돌,안전거리미확보,건조,맑음,단일로 - 기타,이륜,남,22세,부상신고,승용,여,32세,경상
2018092000100329,2018년 9월 20일 13시,목요일,대구광역시 달성군 구지면,중상사고,0,1,0,0,차대차 - 측면충돌,교차로운행방법위반,건조,맑음,교차로 - 교차로부근,승용,남,35세,상해없음,승합,남,67세,중상
2018092000100360,2018년 9월 20일 14시,목요일,대구광역시 달성군 다사읍,중상사고,0,2,0,0,차대사람 - 기타,안전운전불이행,건조,맑음,교차로 - 교차로횡단보도내,승합,남,47세,상해없음,보행자,여,77세,중상
2018092000100361,2018년 9월 20일 14시,목요일,대구광역시 북구 칠성동2가,경상사고,0,0,1,0,차대차 - 추돌,안전운전불이행,건조,맑음,단일로 - 기타,승용,남,63세,상해없음,승용,남,32세,경상
2018092000100401,2018년 9월 20일 15시,목요일,대구광역시 달서구 호산동,경상사고,0,0,1,0,차대차 - 기타,안전거리미확보,건조,맑음,단일로 - 기타,승용,남,66세,상해없음,화물,남,34세,경상
2018092000100444,2018년 9월 20일 16시,목요일,대구광역시 남구 봉덕동,경상사고,0,0,1,0,차대사람 - 차도통행중,안전운전불이행,건조,맑음,기타 - 기타,화물,남,52세,상해없음,보행자,남,26세,경상
2018092000100445,2018년 9월 20일 16시,목요일,대구광역시 수성구 지산동,중상사고,0,1,0,0,차대차 - 측면충돌,안전운전불이행,건조,맑음,단일로 - 기타,자전거,남,13세,중상,화물,남,42세,상해없음
2018092000100490,2018년 9월 20일 17시,목요일,대구광역시 달서구 상인동,중상사고,0,1,1,0,차대사람 - 기타,신호위반,건조,맑음,교차로 - 교차로안,승용,남,50세,경상,보행자,남,32세,중상
2018092000100491,2018년 9월 20일 17시,목요일,대구광역시 중구 대봉동,경상사고,0,0,1,0,차대차 - 측면충돌,안전운전불이행,건조,맑음,단일로 - 기타,승용,여,55세,상해없음,승용,남,30세,경상
2018092000100492,2018년 9월 20일 17시,목요일,대구광역시 북구 태전동,경상사고,0,0,1,0,차대사람 - 길가장자리구역통행중,안전운전불이행,건조,맑음,단일로 - 기타,승용,남,31세,상해없음,보행자,남,23세,경상
2018092000100543,2018년 9월 20일 18시,목요일,대구광역시 남구 대명동,경상사고,0,0,1,0,차대사람 - 차도통행중,안전운전불이행,건조,맑음,단일로 - 기타,승용,여,59세,상해없음,보행자,여,18세,경상
2018092000100544,2018년 9월 20일 18시,목요일,대구광역시 동구 신암동,경상사고,0,0,1,0,차대사람 - 횡단중,안전운전불이행,건조,맑음,교차로 - 교차로안,승용,남,34세,상해없음,보행자,여,73세,경상
2018092000100545,2018년 9월 20일 18시,목요일,대구광역시 수성구 삼덕동,경상사고,0,0,1,0,차대차 - 측면충돌,안전거리미확보,건조,맑음,단일로 - 기타,화물,남,40세,상해없음,승용,여,36세,경상
2018092000100546,2018년 9월 20일 18시,목요일,대구광역시 수성구 매호동,경상사고,0,0,1,0,차량단독 - 기타,기타,건조,맑음,단일로 - 기타,승합,남,45세,상해없음,,,,
2018092000100547,2018년 9월 20일 18시,목요일,대구광역시 달서구 송현동,경상사고,0,0,1,0,차대차 - 측면충돌,안전운전불이행,건조,맑음,기타 - 기타,승용,남,50세,상해없음,승용,남,60세,경상
2018092000100548,2018년 9월 20일 18시,목요일,대구광역시 북구 산격동,경상사고,0,0,1,0,차대차 - 측면충돌,안전운전불이행,건조,맑음,단일로 - 기타,승용,여,47세,상해없음,승용,남,35세,경상
2018092000100606,2018년 9월 20일 19시,목요일,대구광역시 수성구 만촌동,경상사고,0,0,1,0,차대차 - 추돌,안전거리미확보,건조,맑음,단일로 - 기타,승용,남,18세,상해없음,승용,여,61세,경상
2018092000100607,2018년 9월 20일 19시,목요일,대구광역시 달서구 상인동,중상사고,0,1,0,0,차대사람 - 기타,보행자보호의무위반,건조,맑음,교차로 - 교차로부근,승용,여,38세,상해없음,보행자,남,8세,중상
2018092000100608,2018년 9월 20일 19시,목요일,대구광역시 북구 침산동,경상사고,0,0,2,0,차대차 - 측면충돌,안전거리미확보,건조,맑음,단일로 - 기타,승용,여,25세,상해없음,이륜,남,20세,경상
2018092000100609,2018년 9월 20일 19시,목요일,대구광역시 중구 봉산동,중상사고,0,1,0,0,차대사람 - 횡단중,신호위반,건조,맑음,단일로 - 기타,승용,남,31세,상해없음,보행자,남,66세,중상
2018092000100610,2018년 9월 20일 19시,목요일,대구광역시 달서구 용산동,경상사고,0,0,1,0,차대사람 - 차도통행중,안전운전불이행,건조,맑음,교차로 - 교차로부근,승용,남,29세,상해없음,보행자,남,43세,경상
2018092000100611,2018년 9월 20일 19시,목요일,대구광역시 북구 읍내동,중상사고,0,1,0,0,차대차 - 측면충돌,안전거리미확보,건조,맑음,단일로 - 기타,승용,남,40세,상해없음,이륜,남,41세,중상
2018092000100659,2018년 9월 20일 20시,목요일,대구광역시 동구 신천동,중상사고,0,1,3,0,차대사람 - 차도통행중,보행자보호의무위반,건조,맑음,교차로 - 교차로횡단보도내,승용,여,53세,상해없음,보행자,여,18세,중상
2018092000100660,2018년 9월 20일 20시,목요일,대구광역시 달서구 월성동,경상사고,0,0,1,0,차대사람 - 횡단중,보행자보호의무위반,건조,맑음,교차로 - 교차로횡단보도내,승용,남,57세,상해없음,보행자,남,61세,경상
2018092000100661,2018년 9월 20일 20시,목요일,대구광역시 달성군 현풍읍,경상사고,0,0,1,0,차대차 - 기타,안전운전불이행,건조,맑음,교차로 - 교차로부근,이륜,남,18세,상해없음,승용,여,31세,경상
2018092000100662,2018년 9월 20일 20시,목요일,대구광역시 북구 구암동,경상사고,0,0,1,0,차대차 - 추돌,안전운전불이행,건조,맑음,교차로 - 교차로부근,승용,여,48세,상해없음,승용,여,39세,경상
2018092000100691,2018년 9월 20일 21시,목요일,대구광역시 달서구 상인동,경상사고,0,0,1,0,차대차 - 측면충돌,신호위반,건조,맑음,교차로 - 교차로안,이륜,남,16세,상해없음,승용,남,45세,경상
2018092000100692,2018년 9월 20일 21시,목요일,대구광역시 북구 침산동,경상사고,0,0,1,0,차대사람 - 기타,안전운전불이행,건조,맑음,단일로 - 기타,승용,남,57세,상해없음,보행자,여,69세,경상
2018092000100693,2018년 9월 20일 21시,목요일,대구광역시 북구 동천동,중상사고,0,1,0,1,차대차 - 기타,차로위반,건조,맑음,단일로 - 기타,승용,남,64세,부상신고,이륜,남,23세,중상
2018092000100721,2018년 9월 20일 22시,목요일,대구광역시 수성구 범물동,경상사고,0,0,1,0,차대차 - 추돌,안전운전불이행,건조,맑음,교차로 - 교차로부근,승용,남,46세,상해없음,승용,남,38세,경상
2018092000100722,2018년 9월 20일 22시,목요일,대구광역시 수성구 범물동,경상사고,0,0,2,0,차대차 - 추돌,안전운전불이행,건조,맑음,교차로 - 교차로안,승용,남,34세,상해없음,승용,남,43세,경상
2018092000100723,2018년 9월 20일 22시,목요일,대구광역시 달서구 감삼동,경상사고,0,0,5,0,차대차 - 추돌,안전운전불이행,건조,맑음,단일로 - 기타,승용,남,54세,상해없음,승용,여,44세,경상
2018092000100756,2018년 9월 20일 23시,목요일,대구광역시 수성구 상동,경상사고,0,0,1,0,차대차 - 측면충돌,차로위반,건조,맑음,교차로 - 교차로안,승용,남,52세,상해없음,승용,남,63세,경상
2018092000100757,2018년 9월 20일 23시,목요일,대구광역시 서구 평리동,경상사고,0,0,2,0,차대차 - 측면충돌,안전거리미확보,건조,맑음,교차로 - 교차로부근,승용,남,51세,상해없음,이륜,남,18세,경상
2018092100100018,2018년 9월 21일 00시,금요일,대구광역시 서구 평리동,경상사고,0,0,1,0,차량단독 - 공작물충돌,안전운전불이행,건조,맑음,교차로 - 교차로부근,승용,남,65세,상해없음,,,,
2018092100100019,2018년 9월 21일 00시,금요일,대구광역시 북구 관음동,경상사고,0,0,1,0,차대차 - 측면충돌,안전운전불이행,건조,맑음,단일로 - 기타,승용,남,45세,상해없음,승용,남,58세,경상
2018092100100050,2018년 9월 21일 02시,금요일,대구광역시 동구 신천동,경상사고,0,0,1,0,차대차 - 기타,안전운전불이행,건조,맑음,단일로 - 기타,승용,남,32세,상해없음,승용,남,37세,경상
2018092100100090,2018년 9월 21일 05시,금요일,대구광역시 동구 신암동,중상사고,0,1,0,0,차대사람 - 기타,안전운전불이행,건조,흐림,교차로 - 교차로안,승용,남,64세,상해없음,보행자,남,59세,중상
2018092100100171,2018년 9월 21일 08시,금요일,대구광역시 남구 대명동,경상사고,0,0,1,0,차대차 - 측면충돌,교차로운행방법위반,젖음/습기,비,교차로 - 교차로안,승용,여,38세,상해없음,승용,남,76세,경상
2018092100100172,2018년 9월 21일 08시,금요일,대구광역시 동구 율하동,중상사고,0,1,2,0,차대차 - 측면충돌,안전운전불이행,건조,맑음,단일로 - 기타,화물,남,61세,상해없음,승용,여,52세,경상
2018092100100216,2018년 9월 21일 09시,금요일,대구광역시 중구 태평로3가,경상사고,0,0,1,0,차대차 - 측면충돌,안전운전불이행,젖음/습기,비,교차로 - 교차로안,승합,남,73세,상해없음,화물,남,38세,경상
2018092100100217,2018년 9월 21일 09시,금요일,대구광역시 북구 태전동,중상사고,0,1,1,0,차대차 - 기타,교차로운행방법위반,젖음/습기,비,단일로 - 기타,승용,여,38세,경상,승용,남,71세,중상
2018092100100262,2018년 9월 21일 10시,금요일,대구광역시 동구 봉무동,부상신고사고,0,0,0,1,차량단독 - 기타,안전운전불이행,젖음/습기,비,단일로 - 기타,승용,여,51세,부상신고,,,,
2018092100100263,2018년 9월 21일 10시,금요일,대구광역시 동구 신천동,경상사고,0,0,1,0,차대차 - 측면충돌,안전운전불이행,건조,맑음,단일로 - 기타,승용,여,44세,상해없음,승용,여,54세,경상
2018092100100264,2018년 9월 21일 10시,금요일,대구광역시 수성구 대흥동,중상사고,0,2,0,0,차대차 - 측면충돌,중앙선침범,젖음/습기,비,단일로 - 기타,승용,남,44세,중상,승용,남,40세,중상
2018092100100265,2018년 9월 21일 10시,금요일,대구광역시 달서구 월성동,중상사고,0,1,0,0,차대차 - 기타,안전운전불이행,젖음/습기,비,단일로 - 기타,이륜,남,58세,상해없음,승용,남,40세,기타불명
2018092100100266,2018년 9월 21일 10시,금요일,대구광역시 달서구 죽전동,경상사고,0,0,1,0,차대차 - 측면충돌,교차로운행방법위반,건조,맑음,기타 - 기타,승용,여,34세,상해없음,승용,남,51세,경상