사고번호,사고일시,요일,시군구,사고내용,사망자수,중상자수,경상자수,부상신고자수,사고유형,법규위반,노면상태,기상상태,도로형태,가해운전자 차종,가해운전자 성별,가해운전자 연령,가해운전자 상해정도,피해운전자 차종,피해운전자 성별,피해운전자 연령,피해운전자 상해정도
2018092100100295,2018년 9월 21일 11시,금요일,대구광역시 북구 칠성동1가,중상사고,0,1,0,0,차대차 - 기타,안전거리미확보,젖음/습기,비,단일로 - 기타,승용,여,49세,상해없음,승합,여,65세,상해없음
2018092100100296,2018년 9월 21일 11시,금요일,대구광역시 서구 비산동,경상사고,0,0,1,0,차대사람 - 기타,안전운전불이행,젖음/습기,비,단일로 - 기타,승용,남,73세,상해없음,보행자,남,70세,경상
2018092100100297,2018년 9월 21일 11시,금요일,대구광역시 달서구 신당동,경상사고,0,0,4,0,차대차 - 추돌,안전운전불이행,건조,맑음,교차로 - 교차로부근,승용,남,30세,기타불명,승용,여,36세,경상
2018092100100334,2018년 9월 21일 12시,금요일,대구광역시 동구 신암동,경상사고,0,0,1,0,차대차 - 기타,안전운전불이행,젖음/습기,비,교차로 - 교차로안,승용,남,67세,상해없음,승용,여,40세,경상
2018092100100335,2018년 9월 21일 12시,금요일,대구광역시 달서구 감삼동,중상사고,0,1,0,0,차대사람 - 보도통행중,기타,젖음/습기,비,기타 - 기타,화물,남,68세,상해없음,보행자,여,42세,중상
2018092100100336,2018년 9월 21일 12시,금요일,대구광역시 달서구 감삼동,경상사고,0,0,2,0,차대차 - 추돌,안전거리미확보,젖음/습기,비,교차로 - 교차로부근,승용,여,29세,상해없음,승용,여,50세,경상
2018092100100374,2018년 9월 21일 13시,금요일,대구광역시 서구 원대동1가,경상사고,0,0,1,0,차대차 - 측면충돌,차로위반,젖음/습기,비,단일로 - 기타,화물,남,54세,상해없음,승용,남,26세,경상
2018092100100423,2018년 9월 21일 14시,금요일,대구광역시 북구 대현동,경상사고,0,0,1,0,차대차 - 기타,안전운전불이행,젖음/습기,맑음,단일로 - 기타,건설기계,남,45세,상해없음,화물,남,29세,경상
2018092100100424,2018년 9월 21일 14시,금요일,대구광역시 북구 대현동,경상사고,0,0,1,0,차대사람 - 기타,안전운전불이행,젖음/습기,비,교차로 - 교차로안,승용,남,42세,상해없음,보행자,여,65세,경상
2018092100100475,2018년 9월 21일 15시,금요일,대구광역시 남구 대명동,중상사고,0,1,0,0,차대차 - 후진중충돌,안전운전불이행,건조,맑음,단일로 - 기타,승용,여,58세,상해없음,이륜,남,41세,중상
2018092100100476,2018년 9월 21일 15시,금요일,대구광역시 동구 신암동,중상사고,0,1,0,0,차대차 - 기타,안전거리미확보,젖음/습기,비,단일로 - 기타,승용,여,60세,상해없음,승합,남,50세,상해없음
2018092100100477,2018년 9월 21일 15시,금요일,대구광역시 달서구 이곡동,중상사고,0,1,0,0,차대차 - 측면충돌,안전운전불이행,젖음/습기,비,단일로 - 기타,승용,여,42세,상해없음,이륜,남,66세,중상
2018092100100528,2018년 9월 21일 16시,금요일,대구광역시 동구 신기동,경상사고,0,0,2,0,차대차 - 기타,안전거리미확보,젖음/습기,흐림,교차로 - 교차로안,승용,남,38세,경상,승용,남,63세,상해없음
2018092100100529,2018년 9월 21일 16시,금요일,대구광역시 수성구 만촌동,경상사고,0,0,1,0,차대사람 - 기타,기타,건조,맑음,단일로 - 기타,승용,남,42세,상해없음,보행자,여,2세,경상
2018092100100530,2018년 9월 21일 16시,금요일,대구광역시 수성구 범어동,경상사고,0,0,1,0,차대차 - 측면충돌,안전운전불이행,건조,맑음,교차로 - 교차로안,승용,남,54세,기타불명,승용,여,45세,경상
2018092100100531,2018년 9월 21일 16시,금요일,대구광역시 서구 비산동,경상사고,0,0,1,0,차대차 - 측면충돌,교차로운행방법위반,건조,맑음,교차로 - 교차로안,승용,남,61세,상해없음,화물,남,55세,경상
2018092100100532,2018년 9월 21일 16시,금요일,대구광역시 북구 동천동,경상사고,0,0,4,0,차대차 - 측면충돌,안전운전불이행,건조,맑음,단일로 - 기타,승용,남,53세,상해없음,승합,여,46세,경상
2018092100100533,2018년 9월 21일 16시,금요일,대구광역시 북구 동천동,중상사고,0,1,2,0,차대차 - 추돌,안전운전불이행,건조,맑음,단일로 - 기타,승용,남,25세,상해없음,승용,남,27세,중상
2018092100100581,2018년 9월 21일 17시,금요일,대구광역시 동구 입석동,경상사고,0,0,1,0,차대차 - 측면충돌,교차로운행방법위반,건조,맑음,교차로 - 교차로안,승용,남,55세,기타불명,승용,남,42세,경상
2018092100100582,2018년 9월 21일 17시,금요일,대구광역시 동구 효목동,경상사고,0,0,4,0,차대차 - 추돌,안전운전불이행,젖음/습기,비,단일로 - 기타,승용,남,46세,상해없음,승용,남,64세,경상
2018092100100583,2018년 9월 21일 17시,금요일,대구광역시 수성구 지산동,부상신고사고,0,0,0,1,차대차 - 기타,안전운전불이행,젖음/습기,맑음,교차로 - 교차로부근,기타불명,기타불명,미분류,기타불명,이륜,남,24세,부상신고
2018092100100584,2018년 9월 21일 17시,금요일,대구광역시 달성군 구지면,경상사고,0,0,1,0,차대차 - 측면충돌,안전운전불이행,건조,맑음,교차로 - 교차로부근,화물,남,62세,상해없음,승용,남,23세,경상
2018092100100585,2018년 9월 21일 17시,금요일,대구광역시 중구 서문로1가,경상사고,0,0,1,0,차대차 - 측면충돌,안전운전불이행,젖음/습기,비,교차로 - 교차로부근,승용,남,64세,상해없음,화물,남,34세,경상
2018092100100586,2018년 9월 21일 17시,금요일,대구광역시 북구 동천동,부상신고사고,0,0,0,1,차대차 - 기타,안전운전불이행,건조,맑음,기타 - 기타,이륜,남,33세,부상신고,화물,남,56세,상해없음
2018092100100637,2018년 9월 21일 18시,금요일,대구광역시 달서구 대천동,경상사고,0,0,2,0,차대차 - 기타,안전운전불이행,건조,맑음,단일로 - 기타,승용,남,48세,상해없음,승용,남,35세,경상
2018092100100639,2018년 9월 21일 18시,금요일,대구광역시 동구 신천동,경상사고,0,0,1,0,차대사람 - 횡단중,보행자보호의무위반,젖음/습기,비,교차로 - 교차로횡단보도내,승용,여,60세,상해없음,보행자,여,27세,경상
2018092100100640,2018년 9월 21일 18시,금요일,대구광역시 동구 용계동,중상사고,0,1,0,0,차대차 - 측면충돌,신호위반,건조,맑음,교차로 - 교차로안,승용,남,62세,상해없음,승용,남,32세,중상
2018092100100641,2018년 9월 21일 18시,금요일,대구광역시 달서구 상인동,중상사고,0,1,1,0,차대차 - 측면충돌,신호위반,젖음/습기,흐림,교차로 - 교차로안,승용,남,55세,상해없음,승용,여,48세,중상
2018092100100642,2018년 9월 21일 18시,금요일,대구광역시 서구 비산동,경상사고,0,0,2,0,차대차 - 측면충돌,안전운전불이행,젖음/습기,비,단일로 - 기타,승용,남,62세,상해없음,승용,남,51세,경상
2018092100100643,2018년 9월 21일 18시,금요일,대구광역시 북구 동천동,경상사고,0,0,2,0,차대차 - 기타,안전운전불이행,건조,맑음,기타 - 기타,승용,여,28세,상해없음,승용,남,54세,경상
2018092100100693,2018년 9월 21일 19시,금요일,대구광역시 동구 각산동,경상사고,0,0,1,0,차대차 - 측면충돌,안전운전불이행,젖음/습기,비,단일로 - 기타,승용,여,41세,상해없음,이륜,남,33세,경상
2018092100100694,2018년 9월 21일 19시,금요일,대구광역시 동구 서호동,경상사고,0,0,1,0,차대차 - 측면충돌,안전거리미확보,건조,맑음,단일로 - 기타,승용,남,46세,상해없음,이륜,남,23세,경상
2018092100100695,2018년 9월 21일 19시,금요일,대구광역시 동구 효목동,경상사고,0,0,2,0,차대차 - 측면충돌,차로위반,건조,맑음,교차로 - 교차로안,승용,여,64세,상해없음,승용,남,61세,경상
2018092100100696,2018년 9월 21일 19시,금요일,대구광역시 달서구 월성동,경상사고,0,0,2,0,차대차 - 측면충돌,안전거리미확보,건조,맑음,단일로 - 기타,승용,남,51세,상해없음,승용,남,24세,경상
2018092100100697,2018년 9월 21일 19시,금요일,대구광역시 달서구 송현동,경상사고,0,0,2,0,차대차 - 추돌,안전운전불이행,젖음/습기,비,교차로 - 교차로부근,승합,남,47세,상해없음,승용,남,68세,경상
2018092100100698,2018년 9월 21일 19시,금요일,대구광역시 북구 노원동1가,중상사고,0,1,0,0,차대사람 - 횡단중,보행자보호의무위반,젖음/습기,비,교차로 - 교차로횡단보도내,승용,여,59세,상해없음,보행자,여,57세,중상
2018092100100699,2018년 9월 21일 19시,금요일,대구광역시 북구 관음동,중상사고,0,1,0,0,차대차 - 측면충돌,안전운전불이행,건조,맑음,교차로 - 교차로안,이륜,남,22세,중상,승용,남,57세,상해없음
2018092100100745,2018년 9월 21일 20시,금요일,대구광역시 동구 효목동,경상사고,0,0,1,0,차대차 - 추돌,안전운전불이행,젖음/습기,비,교차로 - 교차로안,승용,남,43세,상해없음,승용,남,51세,경상
2018092100100746,2018년 9월 21일 20시,금요일,대구광역시 북구 태전동,경상사고,0,0,1,0,차대사람 - 횡단중,보행자보호의무위반,젖음/습기,비,교차로 - 교차로횡단보도내,승용,여,41세,상해없음,보행자,여,55세,경상
2018092100100800,2018년 9월 21일 21시,금요일,대구광역시 북구 산격동,경상사고,0,0,2,0,차대차 - 측면충돌,교차로운행방법위반,건조,맑음,교차로 - 교차로안,화물,남,24세,상해없음,승용,남,50세,경상
2018092100100825,2018년 9월 21일 22시,금요일,대구광역시 수성구 범어동,경상사고,0,0,1,0,차대차 - 추돌,직진우회전진행방해,건조,맑음,교차로 - 교차로안,승용,남,52세,상해없음,승용,여,47세,경상
2018092100100826,2018년 9월 21일 22시,금요일,대구광역시 서구 비산동,중상사고,0,1,0,0,차대차 - 기타,중앙선침범,건조,맑음,교차로 - 교차로부근,원동기,남,18세,중상,승용,남,32세,상해없음
2018092100100827,2018년 9월 21일 22시,금요일,대구광역시 북구 구암동,중상사고,0,1,0,0,차대사람 - 횡단중,보행자보호의무위반,건조,맑음,단일로 - 기타,승용,남,40세,상해없음,보행자,남,52세,중상
2018092100100857,2018년 9월 21일 23시,금요일,대구광역시 달성군 다사읍,경상사고,0,0,1,0,차량단독 - 기타,기타,건조,맑음,단일로 - 기타,승용,남,42세,상해없음,,,,
2018092200100020,2018년 9월 22일 00시,토요일,대구광역시 북구 침산동,중상사고,0,1,0,0,차대차 - 측면충돌,안전운전불이행,건조,맑음,단일로 - 기타,승용,남,57세,상해없음,자전거,남,42세,중상
2018092200100021,2018년 9월 22일 00시,토요일,대구광역시 서구 내당동,사망사고,1,0,0,0,차대사람 - 차도통행중,안전운전불이행,건조,맑음,단일로 - 기타,승용,남,51세,상해없음,보행자,여,78세,사망
2018092200100039,2018년 9월 22일 01시,토요일,대구광역시 수성구 만촌동,경상사고,0,0,1,0,차대사람 - 횡단중,안전운전불이행,건조,맑음,교차로 - 교차로횡단보도내,승용,여,40세,상해없음,보행자,남,28세,경상
2018092200100052,2018년 9월 22일 02시,토요일,대구광역시 동구 효목동,경상사고,0,0,1,0,차대차 - 추돌,안전운전불이행,건조,맑음,교차로 - 교차로부근,승용,남,20세,상해없음,승용,남,64세,경상
2018092200100053,2018년 9월 22일 02시,토요일,대구광역시 중구 남산동,중상사고,0,1,0,0,차대차 - 측면충돌,신호위반,건조,맑음,교차로 - 교차로안,승용,남,48세,상해없음,이륜,남,27세,중상
2018092200100066,2018년 9월 22일 03시,토요일,대구광역시 중구 달성동,중상사고,0,1,0,0,차대사람 - 횡단중,안전운전불이행,건조,맑음,교차로 - 교차로부근,승용,남,36세,상해없음,보행자,남,56세,중상
2018092200100067,2018년 9월 22일 03시,토요일,대구광역시 달서구 두류동,경상사고,0,0,1,0,차대차 - 측면충돌,신호위반,젖음/습기,흐림,교차로 - 교차로안,승용,남,38세,상해없음,승용,남,57세,경상
2018092200100086,2018년 9월 22일 04시,토요일,대구광역시 달서구 본리동,부상신고사고,0,0,0,1,차대차 - 측면충돌,안전운전불이행,건조,맑음,단일로 - 기타,원동기,남,17세,부상신고,승용,남,67세,상해없음
2018092200100119,2018년 9월 22일 06시,토요일,대구광역시 수성구 가천동,중상사고,0,1,1,0,차대차 - 측면충돌,안전운전불이행,건조,맑음,단일로 - 기타,승용,남,19세,상해없음,이륜,남,68세,경상
2018092200100130,2018년 9월 22일 07시,토요일,대구광역시 북구 복현동,중상사고,0,1,0,0,차대사람 - 보도통행중,안전운전불이행,건조,맑음,단일로 - 기타,승용,남,50세,상해없음,보행자,남,21세,중상
2018092200100151,2018년 9월 22일 08시,토요일,대구광역시 달서구 갈산동,경상사고,0,0,1,1,차대차 - 기타,교차로운행방법위반,건조,맑음,교차로 - 교차로안,승용,남,75세,상해없음,승용,남,56세,부상신고
2018092200100171,2018년 9월 22일 09시,토요일,대구광역시 달서구 상인동,경상사고,0,0,1,0,차대사람 - 기타,안전운전불이행,건조,맑음,단일로 - 기타,자전거,남,16세,기타불명,보행자,여,37세,경상
2018092200100172,2018년 9월 22일 09시,토요일,대구광역시 북구 복현동,경상사고,0,0,2,0,차대차 - 측면충돌,신호위반,건조,흐림,교차로 - 교차로안,승용,남,39세,상해없음,승용,남,64세,경상
2018092200100173,2018년 9월 22일 09시,토요일,대구광역시 서구 비산동,경상사고,0,0,1,0,차대차 - 측면충돌,안전거리미확보,건조,맑음,단일로 - 기타,승용,여,24세,상해없음,화물,남,58세,경상
2018092200100205,2018년 9월 22일 10시,토요일,대구광역시 남구 봉덕동,경상사고,0,0,1,0,차대사람 - 보도통행중,기타,건조,맑음,기타 - 기타,승용,남,80세,상해없음,보행자,남,82세,경상
2018092200100206,2018년 9월 22일 10시,토요일,대구광역시 수성구 지산동,경상사고,0,0,1,0,차대사람 - 차도통행중,안전운전불이행,건조,맑음,교차로 - 교차로부근,승용,남,65세,상해없음,보행자,여,85세,경상
2018092200100207,2018년 9월 22일 10시,토요일,대구광역시 서구 이현동,중상사고,0,1,0,0,차대차 - 측면충돌,직진우회전진행방해,건조,맑음,교차로 - 교차로안,이륜,남,44세,중상,화물,남,52세,상해없음
2018092200100208,2018년 9월 22일 10시,토요일,대구광역시 달서구 성당동,경상사고,0,0,1,0,차대차 - 기타,안전운전불이행,건조,맑음,단일로 - 기타,승용,여,40세,상해없음,이륜,남,59세,경상
2018092200100209,2018년 9월 22일 10시,토요일,대구광역시 달서구 본리동,중상사고,0,1,0,0,차대차 - 측면충돌,안전운전불이행,건조,맑음,단일로 - 기타,승용,남,61세,상해없음,승용,남,51세,중상
2018092200100251,2018년 9월 22일 11시,토요일,대구광역시 수성구 상동,경상사고,0,0,1,0,차대차 - 측면충돌,안전운전불이행,건조,맑음,교차로 - 교차로부근,승용,남,31세,기타불명,자전거,여,66세,경상
2018092200100252,2018년 9월 22일 11시,토요일,대구광역시 달서구 본동,경상사고,0,0,1,0,차대차 - 측면충돌,신호위반,건조,맑음,교차로 - 교차로안,승용,남,71세,상해없음,승용,남,50세,경상
2018092200100253,2018년 9월 22일 11시,토요일,대구광역시 달서구 상인동,중상사고,0,1,0,0,차대사람 - 차도통행중,보행자보호의무위반,건조,맑음,교차로 - 교차로횡단보도내,승용,여,67세,상해없음,보행자,남,77세,중상
2018092200100254,2018년 9월 22일 11시,토요일,대구광역시 달성군 논공읍,중상사고,0,1,0,0,차량단독 - 기타,안전운전불이행,건조,맑음,단일로 - 기타,자전거,남,50세,중상,,,,
2018092200100284,2018년 9월 22일 12시,토요일,대구광역시 달서구 도원동,부상신고사고,0,0,0,1,차대차 - 측면충돌,안전운전불이행,건조,맑음,교차로 - 교차로부근,자전거,남,76세,부상신고,승용,여,61세,상해없음
2018092200100285,2018년 9월 22일 12시,토요일,대구광역시 달서구 송현동,경상사고,0,0,1,0,차대사람 - 횡단중,안전운전불이행,건조,맑음,단일로 - 기타,승용,남,24세,상해없음,보행자,여,66세,경상
2018092200100286,2018년 9월 22일 12시,토요일,대구광역시 북구 노원동1가,부상신고사고,0,0,0,1,차대차 - 기타,신호위반,건조,맑음,교차로 - 교차로안,이륜,남,70세,부상신고,승용,남,46세,상해없음
2018092200100333,2018년 9월 22일 13시,토요일,대구광역시 동구 서호동,경상사고,0,0,3,0,차대차 - 기타,안전운전불이행,건조,맑음,교차로 - 교차로안,승용,남,44세,상해없음,화물,남,30세,경상
2018092200100334,2018년 9월 22일 13시,토요일,대구광역시 북구 복현동,경상사고,0,0,1,0,차대사람 - 횡단중,안전운전불이행,건조,맑음,단일로 - 기타,승용,남,58세,상해없음,보행자,남,62세,경상
2018092200100335,2018년 9월 22일 13시,토요일,대구광역시 중구 수창동,중상사고,0,1,0,0,차대사람 - 기타,보행자보호의무위반,건조,맑음,교차로 - 교차로횡단보도내,승용,여,65세,상해없음,보행자,남,61세,중상
2018092200100336,2018년 9월 22일 13시,토요일,대구광역시 북구 동천동,경상사고,0,0,1,1,차대차 - 측면충돌,안전운전불이행,건조,맑음,교차로 - 교차로부근,화물,남,55세,상해없음,이륜,남,17세,부상신고
2018092200100375,2018년 9월 22일 14시,토요일,대구광역시 서구 평리동,부상신고사고,0,0,0,1,차대차 - 측면충돌,안전거리미확보,건조,맑음,단일로 - 기타,승용,남,32세,상해없음,승용,남,50세,부상신고
2018092200100413,2018년 9월 22일 15시,토요일,대구광역시 서구 평리동,경상사고,0,0,1,0,차대차 - 측면충돌,안전운전불이행,건조,맑음,단일로 - 기타,승용,여,54세,상해없음,승용,여,41세,경상
2018092200100464,2018년 9월 22일 16시,토요일,대구광역시 수성구 중동,경상사고,0,0,2,0,차대차 - 측면충돌,안전운전불이행,건조,맑음,단일로 - 기타,승용,여,47세,기타불명,승용,여,42세,경상
2018092200100465,2018년 9월 22일 16시,토요일,대구광역시 달성군 다사읍,중상사고,0,1,0,0,차대차 - 기타,안전거리미확보,건조,맑음,교차로 - 교차로부근,승용,남,35세,상해없음,승용,남,43세,중상
2018092200100466,2018년 9월 22일 16시,토요일,대구광역시 달성군 논공읍,부상신고사고,0,0,0,1,차대차 - 기타,안전운전불이행,건조,맑음,교차로 - 교차로안,농기계,남,74세,부상신고,승용,남,56세,상해없음
2018092200100467,2018년 9월 22일 16시,토요일,대구광역시 북구 침산동,경상사고,0,0,1,0,차대차 - 측면충돌,안전운전불이행,건조,맑음,교차로 - 교차로횡단보도내,자전거,남,13세,경상,승용,남,35세,상해없음
2018092200100468,2018년 9월 22일 16시,토요일,대구광역시 서구 내당동,중상사고,0,1,1,1,차대차 - 추돌,교차로운행방법위반,건조,맑음,교차로 - 교차로안,승합,남,50세,상해없음,화물,남,26세,경상
2018092200100469,2018년 9월 22일 16시,토요일,대구광역시 서구 내당동,경상사고,0,0,3,0,차대차 - 정면충돌,중앙선침범,건조,맑음,교차로 - 교차로부근,이륜,남,35세,상해없음,승용,남,38세,경상
2018092200100470,2018년 9월 22일 16시,토요일,대구광역시 달서구 본리동,경상사고,0,0,2,0,차대차 - 측면충돌,중앙선침범,건조,맑음,교차로 - 교차로부근,승용,남,55세,상해없음,승용,여,42세,경상
2018092200100516,2018년 9월 22일 17시,토요일,대구광역시 동구 지묘동,경상사고,0,0,3,0,차대차 - 정면충돌,중앙선침범,건조,맑음,단일로 - 기타,승용,남,23세,상해없음,승용,여,39세,경상
2018092200100517,2018년 9월 22일 17시,토요일,대구광역시 달서구 월성동,중상사고,0,1,0,0,차대사람 - 기타,안전운전불이행,건조,맑음,교차로 - 교차로부근,승용,남,42세,상해없음,보행자,남,78세,중상
2018092200100518,2018년 9월 22일 17시,토요일,대구광역시 북구 복현동,부상신고사고,0,0,0,1,차대차 - 측면충돌,안전운전불이행,건조,맑음,교차로 - 교차로부근,이륜,남,60세,부상신고,승용,남,39세,상해없음
2018092200100519,2018년 9월 22일 17시,토요일,대구광역시 북구 산격동,경상사고,0,0,1,0,차대차 - 측면충돌,교차로운행방법위반,건조,맑음,교차로 - 교차로횡단보도내,승용,남,73세,상해없음,이륜,남,71세,경상
2018092200100520,2018년 9월 22일 17시,토요일,대구광역시 북구 복현동,중상사고,0,1,0,0,차량단독 - 기타,안전운전불이행,건조,맑음,단일로 - 기타,기타불명,기타불명,기타불명,기타불명,,,,
2018092200100521,2018년 9월 22일 17시,토요일,대구광역시 중구 공평동,부상신고사고,0,0,0,2,차대차 - 측면충돌,안전거리미확보,건조,맑음,단일로 - 기타,승용,남,60세,상해없음,화물,남,63세,상해없음
2018092200100522,2018년 9월 22일 17시,토요일,대구광역시 북구 구암동,경상사고,0,0,2,0,차대차 - 측면충돌,안전운전불이행,건조,맑음,교차로 - 교차로안,승합,여,65세,경상,승용,남,41세,경상
2018092200100561,2018년 9월 22일 18시,토요일,대구광역시 달서구 본동,경상사고,0,0,1,0,차대사람 - 횡단중,안전운전불이행,건조,맑음,교차로 - 교차로안,기타불명,기타불명,미분류,기타불명,보행자,남,65세,경상
2018092200100618,2018년 9월 22일 19시,토요일,대구광역시 수성구 신매동,경상사고,0,0,1,0,차대차 - 기타,안전운전불이행,건조,맑음,단일로 - 기타,승용,여,40세,상해없음,이륜,남,19세,경상
2018092200100619,2018년 9월 22일 19시,토요일,대구광역시 북구 침산동,중상사고,0,1,1,1,차대차 - 측면충돌,신호위반,건조,맑음,교차로 - 교차로안,승용,여,63세,부상신고,화물,남,50세,중상
2018092200100620,2018년 9월 22일 19시,토요일,대구광역시 달서구 이곡동,경상사고,0,0,1,0,차대차 - 정면충돌,교차로운행방법위반,건조,맑음,교차로 - 교차로안,기타불명,기타불명,미분류,기타불명,이륜,남,42세,경상
2018092200100621,2018년 9월 22일 19시,토요일,대구광역시 달서구 두류동,중상사고,0,1,1,0,차대차 - 측면충돌,안전운전불이행,건조,맑음,단일로 - 기타,승용,남,53세,상해없음,이륜,남,19세,경상
2018092200100622,2018년 9월 22일 19시,토요일,대구광역시 달서구 신당동,경상사고,0,0,1,0,차대사람 - 기타,안전운전불이행,건조,맑음,단일로 - 기타,승용,남,29세,상해없음,보행자,여,37세,경상
2018092200100623,2018년 9월 22일 19시,토요일,대구광역시 북구 관음동,중상사고,0,1,0,0,차대차 - 측면충돌,불법유턴,건조,맑음,단일로 - 기타,승용,여,54세,상해없음,이륜,남,34세,중상
2018092200100702,2018년 9월 22일 22시,토요일,대구광역시 수성구 범어동,중상사고,0,1,0,0,차대사람 - 기타,안전운전불이행,건조,맑음,단일로 - 기타,승용,남,52세,상해없음,보행자,남,50세,중상
2018092200100703,2018년 9월 22일 22시,토요일,대구광역시 달서구 진천동,중상사고,0,1,0,0,차대사람 - 기타,안전운전불이행,건조,맑음,기타 - 기타,승용,남,49세,상해없음,보행자,여,41세,중상
2018092200100704,2018년 9월 22일 22시,토요일,대구광역시 달서구 죽전동,경상사고,0,0,2,0,차대차 - 기타,교차로운행방법위반,건조,맑음,교차로 - 교차로안,승용,남,58세,상해없음,승용,여,49세,경상
2018092200100725,2018년 9월 22일 23시,토요일,대구광역시 북구 동천동,중상사고,0,1,0,0,차대차 - 측면충돌,안전운전불이행,건조,맑음,단일로 - 기타,승용,남,44세,상해없음,이륜,남,34세,중상
2018092300100010,2018년 9월 23일 00시,일요일,대구광역시 수성구 범물동,부상신고사고,0,0,0,1,차대차 - 측면충돌,신호위반,건조,맑음,교차로 - 교차로안,승용,여,40세,상해없음,승용,남,64세,부상신고
2018092300100011,2018년 9월 23일 00시,일요일,대구광역시 달성군 유가읍,경상사고,0,0,2,0,차대차 - 기타,안전운전불이행,건조,맑음,교차로 - 교차로부근,화물,남,32세,상해없음,승용,남,31세,경상
2018092300100020,2018년 9월 23일 01시,일요일,대구광역시 수성구 두산동,경상사고,0,0,1,0,차대차 - 측면충돌,신호위반,건조,맑음,교차로 - 교차로안,승용,여,44세,상해없음,승용,남,59세,경상
2018092300100021,2018년 9월 23일 01시,일요일,대구광역시 달서구 상인동,부상신고사고,0,0,0,1,차대사람 - 기타,안전운전불이행,건조,맑음,단일로 - 기타,승용,남,28세,상해없음,보행자,남,23세,부상신고
2018092300100029,2018년 9월 23일 02시,일요일,대구광역시 수성구 범어동,중상사고,0,1,1,0,차대차 - 측면충돌,안전거리미확보,건조,맑음,단일로 - 기타,승용,남,58세,상해없음,승용,남,31세,중상
2018092300100050,2018년 9월 23일 04시,일요일,대구광역시 중구 남산동,중상사고,0,2,0,0,차대차 - 추돌,안전거리미확보,건조,맑음,단일로 - 기타,승용,남,63세,상해없음,승용,남,69세,중상
2018092300100061,2018년 9월 23일 05시,일요일,대구광역시 남구 대명동,경상사고,0,0,2,0,차대차 - 추돌,안전운전불이행,건조,맑음,교차로 - 교차로부근,승용,여,22세,상해없음,승용,남,27세,경상
2018092300100062,2018년 9월 23일 05시,일요일,대구광역시 달서구 상인동,중상사고,0,1,0,0,차대차 - 추돌,안전운전불이행,건조,맑음,단일로 - 기타,이륜,남,18세,상해없음,승용,남,64세,상해없음
2018092300100073,2018년 9월 23일 06시,일요일,대구광역시 동구 신암동,중상사고,0,1,0,0,차대사람 - 기타,기타,건조,맑음,단일로 - 기타,승합,여,55세,상해없음,보행자,여,57세,중상
2018092300100074,2018년 9월 23일 06시,일요일,대구광역시 달성군 다사읍,중상사고,0,1,0,0,차대사람 - 보도통행중,안전운전불이행,건조,맑음,교차로 - 교차로부근,승용,남,30세,상해없음,보행자,여,23세,중상
2018092300100075,2018년 9월 23일 06시,일요일,대구광역시 서구 평리동,경상사고,0,0,1,0,차대차 - 측면충돌,교차로운행방법위반,건조,맑음,교차로 - 교차로안,승용,남,51세,상해없음,승용,여,36세,경상
2018092300100088,2018년 9월 23일 08시,일요일,대구광역시 동구 신암동,경상사고,0,0,4,0,차대차 - 측면충돌,안전운전불이행,건조,맑음,기타 - 기타,승용,남,62세,상해없음,승용,남,23세,경상
2018092300100089,2018년 9월 23일 08시,일요일,대구광역시 북구 칠성동1가,경상사고,0,0,1,0,차대사람 - 차도통행중,안전운전불이행,건조,맑음,단일로 - 기타,승용,남,49세,상해없음,보행자,남,83세,경상
2018092300100121,2018년 9월 23일 10시,일요일,대구광역시 동구 동호동,중상사고,0,1,0,0,차대차 - 측면충돌,안전운전불이행,건조,맑음,교차로 - 교차로안,승용,남,62세,상해없음,승합,남,53세,중상
2018092300100146,2018년 9월 23일 11시,일요일,대구광역시 달서구 이곡동,경상사고,0,0,2,0,차대차 - 측면충돌,안전운전불이행,건조,맑음,교차로 - 교차로부근,승용,남,59세,상해없음,승용,남,62세,경상
2018092300100147,2018년 9월 23일 11시,일요일,대구광역시 북구 태전동,중상사고,0,1,0,0,차대사람 - 기타,안전운전불이행,건조,맑음,교차로 - 교차로횡단보도내,승용,남,64세,상해없음,보행자,여,70세,중상
2018092300100184,2018년 9월 23일 13시,일요일,대구광역시 북구 고성동2가,중상사고,0,1,0,0,차량단독 - 기타,안전운전불이행,건조,맑음,교차로 - 교차로부근,승합,남,71세,상해없음,,,,
2018092300100185,2018년 9월 23일 13시,일요일,대구광역시 북구 태전동,중상사고,0,1,0,0,차대사람 - 기타,기타,건조,맑음,단일로 - 기타,승합,남,47세,상해없음,보행자,여,75세,중상
2018092300100218,2018년 9월 23일 14시,일요일,대구광역시 동구 신암동,경상사고,0,0,1,0,차대차 - 측면충돌,안전운전불이행,건조,맑음,기타 - 기타,자전거,남,23세,경상,승용,여,50세,상해없음
2018092300100219,2018년 9월 23일 14시,일요일,대구광역시 동구 방촌동,중상사고,0,1,0,0,차대차 - 측면충돌,안전운전불이행,건조,맑음,단일로 - 기타,승용,남,28세,상해없음,이륜,남,18세,중상
2018092300100255,2018년 9월 23일 15시,일요일,대구광역시 수성구 수성동2가,경상사고,0,0,1,1,차대차 - 측면충돌,안전운전불이행,건조,맑음,교차로 - 교차로부근,승용,여,57세,부상신고,승용,여,56세,경상