사고번호,사고일시,요일,시군구,사고내용,사망자수,중상자수,경상자수,부상신고자수,사고유형,법규위반,노면상태,기상상태,도로형태,가해운전자 차종,가해운전자 성별,가해운전자 연령,가해운전자 상해정도,피해운전자 차종,피해운전자 성별,피해운전자 연령,피해운전자 상해정도
2018092300100291,2018년 9월 23일 16시,일요일,대구광역시 동구 신암동,중상사고,0,1,0,0,차대차 - 측면충돌,안전운전불이행,건조,맑음,단일로 - 기타,승용,남,65세,상해없음,승용,남,61세,중상
2018092300100292,2018년 9월 23일 16시,일요일,대구광역시 달서구 상인동,경상사고,0,0,3,0,차대차 - 측면충돌,안전운전불이행,건조,맑음,단일로 - 기타,승용,남,44세,상해없음,승용,남,26세,경상
2018092300100293,2018년 9월 23일 16시,일요일,대구광역시 북구 태전동,경상사고,0,0,1,0,차대차 - 측면충돌,안전운전불이행,건조,맑음,교차로 - 교차로부근,승용,남,23세,상해없음,이륜,남,19세,경상
2018092300100389,2018년 9월 23일 19시,일요일,대구광역시 달성군 현풍읍,부상신고사고,0,0,0,1,차량단독 - 전도전복 - 전도,안전운전불이행,건조,맑음,단일로 - 기타,자전거,남,12세,부상신고,미분류,미분류,미분류,미분류
2018092300100406,2018년 9월 23일 20시,일요일,대구광역시 남구 대명동,경상사고,0,0,1,0,차대사람 - 기타,안전운전불이행,건조,맑음,단일로 - 기타,승용,남,34세,상해없음,보행자,남,42세,경상
2018092300100431,2018년 9월 23일 21시,일요일,대구광역시 남구 대명동,경상사고,0,0,3,0,차대차 - 측면충돌,교차로운행방법위반,건조,맑음,교차로 - 교차로안,승용,남,45세,상해없음,승용,남,62세,경상
2018092300100432,2018년 9월 23일 21시,일요일,대구광역시 중구 서문로2가,중상사고,0,1,0,0,차대차 - 측면충돌,안전운전불이행,건조,맑음,단일로 - 기타,승용,남,56세,상해없음,자전거,남,30세,중상
2018092300100433,2018년 9월 23일 21시,일요일,대구광역시 달서구 신당동,경상사고,0,0,1,0,차대차 - 추돌,안전운전불이행,건조,맑음,단일로 - 기타,승용,남,31세,상해없음,승용,여,57세,경상
2018092300100445,2018년 9월 23일 22시,일요일,대구광역시 남구 대명동,중상사고,0,1,1,0,차대차 - 측면충돌,안전운전불이행,건조,맑음,단일로 - 기타,승용,여,56세,상해없음,승용,남,59세,중상
2018092300100459,2018년 9월 23일 23시,일요일,대구광역시 수성구 만촌동,경상사고,0,0,2,0,차대차 - 측면충돌,안전운전불이행,건조,맑음,단일로 - 기타,승용,남,66세,상해없음,승용,남,51세,경상
2018092300100460,2018년 9월 23일 23시,일요일,대구광역시 서구 비산동,경상사고,0,0,4,0,차대차 - 추돌,안전거리미확보,건조,맑음,단일로 - 기타,승용,남,39세,상해없음,승용,남,48세,경상
2018092400100012,2018년 9월 24일 01시,월요일,대구광역시 남구 대명동,중상사고,0,1,0,0,차대사람 - 기타,기타,건조,맑음,교차로 - 교차로부근,승용,남,63세,상해없음,보행자,남,45세,중상
2018092400100013,2018년 9월 24일 01시,월요일,대구광역시 수성구 파동,경상사고,0,0,2,0,차대차 - 측면충돌,교차로운행방법위반,건조,맑음,교차로 - 교차로부근,승용,남,55세,상해없음,승용,남,28세,경상
2018092400100014,2018년 9월 24일 01시,월요일,대구광역시 수성구 범어동,경상사고,0,0,1,0,차대차 - 측면충돌,안전운전불이행,건조,맑음,교차로 - 교차로횡단보도내,승용,남,63세,상해없음,자전거,남,22세,경상
2018092400100015,2018년 9월 24일 01시,월요일,대구광역시 북구 노원동3가,경상사고,0,0,1,0,차대차 - 추돌,안전운전불이행,건조,맑음,단일로 - 기타,승용,남,46세,상해없음,승용,남,55세,경상
2018092400100025,2018년 9월 24일 02시,월요일,대구광역시 중구 삼덕동1가,경상사고,0,0,1,0,차대사람 - 길가장자리구역통행중,안전운전불이행,건조,맑음,단일로 - 기타,승용,남,33세,상해없음,보행자,남,24세,경상
2018092400100031,2018년 9월 24일 03시,월요일,대구광역시 북구 국우동,중상사고,0,3,0,0,차량단독 - 공작물충돌,안전운전불이행,건조,맑음,교차로 - 교차로부근,승용,남,28세,중상,,,,
2018092400100052,2018년 9월 24일 07시,월요일,대구광역시 수성구 신매동,경상사고,0,0,3,0,차대차 - 추돌,안전운전불이행,건조,맑음,교차로 - 교차로부근,승용,남,49세,상해없음,승용,남,37세,경상
2018092400100053,2018년 9월 24일 07시,월요일,대구광역시 서구 비산동,경상사고,0,0,1,0,차대차 - 후진중충돌,안전운전불이행,건조,맑음,교차로 - 교차로안,승용,남,65세,상해없음,승용,여,30세,상해없음
2018092400100058,2018년 9월 24일 08시,월요일,대구광역시 남구 봉덕동,경상사고,0,0,1,0,차대사람 - 길가장자리구역통행중,안전운전불이행,건조,맑음,단일로 - 기타,승용,남,35세,상해없음,보행자,남,50세,경상
2018092400100087,2018년 9월 24일 10시,월요일,대구광역시 달서구 상인동,경상사고,0,0,1,0,차대차 - 측면충돌,신호위반,건조,맑음,교차로 - 교차로안,승용,여,70세,상해없음,승용,남,40세,경상
2018092400100088,2018년 9월 24일 10시,월요일,대구광역시 북구 노원동2가,중상사고,0,1,0,0,차대차 - 측면충돌,안전운전불이행,건조,맑음,교차로 - 교차로안,승용,남,58세,상해없음,승용,남,61세,중상
2018092400100113,2018년 9월 24일 11시,월요일,대구광역시 서구 평리동,경상사고,0,0,2,0,차대차 - 후진중충돌,안전운전불이행,건조,맑음,단일로 - 기타,화물,여,60세,상해없음,승용,남,28세,경상
2018092400100145,2018년 9월 24일 12시,월요일,대구광역시 동구 신암동,경상사고,0,0,4,0,차대차 - 측면충돌,교차로운행방법위반,건조,맑음,교차로 - 교차로부근,승용,남,42세,상해없음,승용,남,63세,경상
2018092400100146,2018년 9월 24일 12시,월요일,대구광역시 수성구 상동,경상사고,0,0,6,0,차대차 - 측면충돌,교차로운행방법위반,건조,맑음,교차로 - 교차로안,승용,여,61세,경상,승용,남,49세,경상
2018092400100147,2018년 9월 24일 12시,월요일,대구광역시 달성군 화원읍,경상사고,0,0,9,0,차대차 - 정면충돌,안전운전불이행,건조,맑음,교차로 - 교차로안,승용,남,63세,상해없음,승합,남,47세,경상
2018092400100148,2018년 9월 24일 12시,월요일,대구광역시 북구 읍내동,경상사고,0,0,3,0,차대차 - 측면충돌,교차로운행방법위반,건조,맑음,교차로 - 교차로안,승용,남,77세,상해없음,승용,여,33세,경상
2018092400100177,2018년 9월 24일 13시,월요일,대구광역시 수성구 시지동,경상사고,0,0,3,0,차대차 - 추돌,안전거리미확보,건조,맑음,단일로 - 기타,승용,남,26세,상해없음,승용,남,36세,경상
2018092400100178,2018년 9월 24일 13시,월요일,대구광역시 달서구 두류동,경상사고,0,0,1,0,차대사람 - 기타,불법유턴,건조,맑음,교차로 - 교차로부근,승용,남,44세,상해없음,보행자,여,62세,경상
2018092400100206,2018년 9월 24일 14시,월요일,대구광역시 달성군 옥포읍,경상사고,0,0,1,0,차대사람 - 기타,안전운전불이행,건조,맑음,단일로 - 기타,화물,남,23세,상해없음,보행자,남,23세,경상
2018092400100207,2018년 9월 24일 14시,월요일,대구광역시 북구 복현동,경상사고,0,0,3,0,차대차 - 측면충돌,안전운전불이행,건조,맑음,단일로 - 기타,승용,여,49세,상해없음,승용,남,34세,상해없음
2018092400100208,2018년 9월 24일 14시,월요일,대구광역시 서구 비산동,중상사고,0,1,0,0,차대차 - 기타,신호위반,건조,맑음,단일로 - 기타,승용,남,33세,상해없음,이륜,남,34세,중상
2018092400100209,2018년 9월 24일 14시,월요일,대구광역시 북구 태전동,경상사고,0,0,2,0,차대차 - 추돌,안전운전불이행,건조,맑음,단일로 - 기타,승용,남,62세,상해없음,승용,남,37세,경상
2018092400100244,2018년 9월 24일 15시,월요일,대구광역시 동구 방촌동,경상사고,0,0,5,0,차대차 - 기타,교차로운행방법위반,건조,맑음,교차로 - 교차로안,승용,남,45세,상해없음,승합,남,38세,상해없음
2018092400100273,2018년 9월 24일 16시,월요일,대구광역시 남구 이천동,경상사고,0,0,1,0,차대차 - 측면충돌,안전운전불이행,건조,맑음,교차로 - 교차로부근,승용,여,29세,상해없음,자전거,남,71세,경상
2018092400100274,2018년 9월 24일 16시,월요일,대구광역시 동구 지저동,경상사고,0,0,3,0,차대차 - 추돌,안전운전불이행,건조,맑음,기타 - 기타,승용,남,61세,상해없음,승용,여,22세,경상
2018092400100275,2018년 9월 24일 16시,월요일,대구광역시 북구 침산동,경상사고,0,0,1,0,차대차 - 측면충돌,안전운전불이행,건조,맑음,기타 - 기타,승용,남,47세,상해없음,승용,여,43세,경상
2018092400100276,2018년 9월 24일 16시,월요일,대구광역시 중구 대봉동,중상사고,0,1,0,0,차대사람 - 보도통행중,기타,건조,맑음,단일로 - 기타,자전거,남,21세,상해없음,보행자,여,75세,중상
2018092400100309,2018년 9월 24일 17시,월요일,대구광역시 남구 봉덕동,부상신고사고,0,0,0,1,차대차 - 측면충돌,교차로운행방법위반,건조,맑음,교차로 - 교차로부근,승용,남,58세,상해없음,자전거,남,29세,부상신고
2018092400100333,2018년 9월 24일 18시,월요일,대구광역시 수성구 상동,경상사고,0,0,1,0,차대차 - 측면충돌,안전거리미확보,건조,맑음,교차로 - 교차로부근,승용,여,52세,상해없음,승용,남,69세,상해없음
2018092400100397,2018년 9월 24일 21시,월요일,대구광역시 수성구 만촌동,경상사고,0,0,1,0,차대차 - 추돌,안전거리미확보,건조,맑음,단일로 - 기타,승용,남,38세,상해없음,승용,남,42세,경상
2018092400100398,2018년 9월 24일 21시,월요일,대구광역시 중구 남산동,경상사고,0,0,1,3,차대차 - 추돌,안전거리미확보,건조,맑음,단일로 - 기타,승용,남,32세,기타불명,승용,남,44세,경상
2018092400100411,2018년 9월 24일 22시,월요일,대구광역시 북구 침산동,경상사고,0,0,5,0,차대차 - 추돌,안전운전불이행,건조,맑음,단일로 - 기타,승용,남,19세,상해없음,승용,남,57세,경상
2018092400100412,2018년 9월 24일 22시,월요일,대구광역시 서구 내당동,중상사고,0,1,0,0,차대사람 - 횡단중,안전운전불이행,건조,맑음,교차로 - 교차로횡단보도내,승용,남,68세,상해없음,보행자,남,53세,중상
2018092400100413,2018년 9월 24일 22시,월요일,대구광역시 북구 서변동,경상사고,0,0,2,0,차대차 - 추돌,안전거리미확보,건조,맑음,교차로 - 교차로부근,승합,남,50세,상해없음,승용,남,68세,경상
2018092400100438,2018년 9월 24일 23시,월요일,대구광역시 남구 대명동,경상사고,0,0,1,0,차대차 - 측면충돌,기타,건조,맑음,교차로 - 교차로부근,승용,남,61세,상해없음,자전거,남,41세,경상
2018092400100439,2018년 9월 24일 23시,월요일,대구광역시 동구 신암동,경상사고,0,0,1,0,차대차 - 측면충돌,안전운전불이행,건조,맑음,교차로 - 교차로안,승용,남,38세,상해없음,승용,여,56세,경상
2018092500100038,2018년 9월 25일 05시,화요일,대구광역시 북구 침산동,중상사고,0,2,0,1,차대차 - 측면충돌,신호위반,건조,맑음,교차로 - 교차로안,승용,남,48세,부상신고,승용,남,45세,중상
2018092500100055,2018년 9월 25일 07시,화요일,대구광역시 북구 동호동,부상신고사고,0,0,0,1,차대차 - 기타,안전운전불이행,건조,맑음,단일로 - 기타,원동기,남,76세,부상신고,특수,남,47세,기타불명
2018092500100071,2018년 9월 25일 08시,화요일,대구광역시 달서구 상인동,경상사고,0,0,1,0,차대사람 - 기타,안전운전불이행,건조,맑음,단일로 - 기타,승용,남,39세,상해없음,보행자,남,66세,경상
2018092500100072,2018년 9월 25일 08시,화요일,대구광역시 북구 국우동,중상사고,0,4,0,0,차대차 - 기타,안전운전불이행,건조,맑음,기타 - 기타,승용,남,52세,상해없음,승용,남,65세,중상
2018092500100088,2018년 9월 25일 09시,화요일,대구광역시 달성군 가창면,경상사고,0,0,1,0,차대차 - 기타,신호위반,건조,맑음,단일로 - 기타,승용,여,48세,상해없음,승용,남,36세,경상
2018092500100089,2018년 9월 25일 09시,화요일,대구광역시 중구 대신동,중상사고,0,1,0,0,차대차 - 측면충돌,중앙선침범,건조,맑음,교차로 - 교차로부근,승용,남,73세,상해없음,이륜,남,49세,중상
2018092500100090,2018년 9월 25일 09시,화요일,대구광역시 북구 읍내동,경상사고,0,0,2,0,차대차 - 측면충돌,안전운전불이행,건조,맑음,교차로 - 교차로안,승용,남,38세,경상,승용,남,70세,경상
2018092500100109,2018년 9월 25일 10시,화요일,대구광역시 중구 대신동,경상사고,0,0,1,0,차대사람 - 길가장자리구역통행중,안전운전불이행,건조,맑음,단일로 - 기타,승용,남,61세,상해없음,보행자,여,49세,경상
2018092500100110,2018년 9월 25일 10시,화요일,대구광역시 북구 태전동,중상사고,0,1,3,0,차대차 - 측면충돌,안전운전불이행,건조,맑음,단일로 - 기타,승용,여,51세,상해없음,승용,남,77세,경상
2018092500100111,2018년 9월 25일 10시,화요일,대구광역시 북구 서변동,중상사고,0,1,2,0,차대차 - 측면충돌,신호위반,건조,맑음,교차로 - 교차로안,승용,여,47세,경상,승용,남,69세,경상
2018092500100136,2018년 9월 25일 11시,화요일,대구광역시 동구 각산동,부상신고사고,0,0,0,1,차량단독 - 전도전복 - 전도,안전운전불이행,건조,맑음,단일로 - 기타,사륜오토바이(ATV),남,59세,상해없음,미분류,미분류,미분류,미분류
2018092500100137,2018년 9월 25일 11시,화요일,대구광역시 북구 침산동,경상사고,0,0,4,0,차대차 - 측면충돌,신호위반,건조,맑음,교차로 - 교차로안,승용,남,51세,상해없음,승용,남,68세,경상
2018092500100138,2018년 9월 25일 11시,화요일,대구광역시 서구 비산동,경상사고,0,0,1,0,차량단독 - 기타,안전운전불이행,건조,맑음,단일로 - 기타,승용,남,62세,상해없음,,,,
2018092500100194,2018년 9월 25일 13시,화요일,대구광역시 달성군 다사읍,경상사고,0,0,3,0,차대차 - 측면충돌,안전운전불이행,건조,맑음,단일로 - 기타,승용,남,42세,경상,승용,여,52세,경상
2018092500100215,2018년 9월 25일 14시,화요일,대구광역시 동구 대림동,중상사고,0,1,1,3,차대차 - 측면충돌,신호위반,건조,맑음,교차로 - 교차로안,화물,남,70세,상해없음,승용,남,49세,경상
2018092500100216,2018년 9월 25일 14시,화요일,대구광역시 동구 미대동,경상사고,0,0,1,0,차대차 - 측면충돌,신호위반,건조,맑음,교차로 - 교차로안,이륜,남,27세,상해없음,승용,남,57세,경상
2018092500100217,2018년 9월 25일 14시,화요일,대구광역시 달성군 다사읍,경상사고,0,0,2,0,차대차 - 기타,안전운전불이행,건조,맑음,단일로 - 기타,승용,남,18세,상해없음,승용,남,29세,경상
2018092500100250,2018년 9월 25일 15시,화요일,대구광역시 동구 중대동,중상사고,0,4,3,0,차대차 - 측면충돌,안전거리미확보,건조,맑음,교차로 - 교차로안,승용,여,66세,상해없음,승용,남,57세,중상
2018092500100251,2018년 9월 25일 15시,화요일,대구광역시 수성구 수성동1가,경상사고,0,0,1,0,차대차 - 측면충돌,안전운전불이행,건조,맑음,단일로 - 기타,승용,남,67세,상해없음,승용,남,24세,경상
2018092500100286,2018년 9월 25일 16시,화요일,대구광역시 달서구 상인동,중상사고,0,1,0,0,차대차 - 측면충돌,기타,건조,맑음,단일로 - 기타,승용,여,45세,상해없음,자전거,남,17세,중상
2018092500100287,2018년 9월 25일 16시,화요일,대구광역시 달서구 두류동,경상사고,0,0,1,0,차대차 - 측면충돌,차로위반,건조,맑음,기타 - 기타,승용,남,22세,상해없음,이륜,남,31세,경상
2018092500100321,2018년 9월 25일 17시,화요일,대구광역시 동구 지저동,경상사고,0,0,3,0,차대차 - 측면충돌,안전운전불이행,건조,맑음,단일로 - 기타,승용,남,54세,상해없음,승용,남,32세,경상
2018092500100322,2018년 9월 25일 17시,화요일,대구광역시 달서구 상인동,경상사고,0,0,1,0,차대사람 - 보도통행중,기타,건조,맑음,단일로 - 기타,자전거,남,19세,상해없음,보행자,여,34세,경상
2018092500100323,2018년 9월 25일 17시,화요일,대구광역시 북구 산격동,경상사고,0,0,1,0,차대차 - 추돌,안전운전불이행,건조,맑음,단일로 - 기타,승용,남,37세,상해없음,승용,남,52세,경상
2018092500100350,2018년 9월 25일 18시,화요일,대구광역시 수성구 수성동3가,경상사고,0,0,5,0,차대차 - 측면충돌,교차로운행방법위반,건조,맑음,교차로 - 교차로부근,승용,남,64세,상해없음,승용,남,64세,경상
2018092500100351,2018년 9월 25일 18시,화요일,대구광역시 달서구 성당동,경상사고,0,0,1,0,차대사람 - 기타,안전운전불이행,건조,맑음,단일로 - 기타,승용,남,58세,상해없음,보행자,남,68세,경상
2018092500100388,2018년 9월 25일 19시,화요일,대구광역시 수성구 성동,경상사고,0,0,6,0,차대차 - 측면충돌,안전운전불이행,건조,맑음,교차로 - 교차로부근,승용,남,54세,상해없음,승용,남,42세,경상
2018092500100424,2018년 9월 25일 20시,화요일,대구광역시 동구 신암동,경상사고,0,0,1,0,차대사람 - 차도통행중,안전운전불이행,건조,맑음,단일로 - 기타,승용,남,62세,상해없음,보행자,남,61세,경상
2018092500100425,2018년 9월 25일 20시,화요일,대구광역시 북구 침산동,경상사고,0,0,4,0,차대차 - 추돌,안전운전불이행,건조,맑음,교차로 - 교차로부근,승용,남,22세,상해없음,승용,남,44세,경상
2018092500100426,2018년 9월 25일 20시,화요일,대구광역시 북구 침산동,경상사고,0,0,1,0,차대차 - 기타,안전운전불이행,건조,맑음,교차로 - 교차로부근,승용,남,55세,상해없음,자전거,남,22세,경상
2018092500100444,2018년 9월 25일 21시,화요일,대구광역시 동구 용계동,경상사고,0,0,1,0,차대차 - 추돌,안전거리미확보,건조,맑음,단일로 - 기타,승용,남,36세,상해없음,이륜,남,34세,상해없음
2018092500100445,2018년 9월 25일 21시,화요일,대구광역시 중구 삼덕동1가,경상사고,0,0,1,0,차대사람 - 길가장자리구역통행중,안전운전불이행,건조,맑음,단일로 - 기타,승용,남,23세,상해없음,보행자,남,24세,경상
2018092500100446,2018년 9월 25일 21시,화요일,대구광역시 달서구 성당동,경상사고,0,0,1,0,차대차 - 측면충돌,안전거리미확보,건조,맑음,단일로 - 기타,승용,남,27세,상해없음,이륜,남,24세,경상
2018092600100018,2018년 9월 26일 00시,수요일,대구광역시 동구 방촌동,중상사고,0,3,1,0,차대차 - 측면충돌,신호위반,건조,맑음,교차로 - 교차로안,승용,여,37세,중상,승용,남,64세,중상
2018092600100043,2018년 9월 26일 02시,수요일,대구광역시 달서구 송현동,경상사고,0,0,1,0,차대사람 - 횡단중,보행자보호의무위반,건조,맑음,교차로 - 교차로횡단보도내,승용,여,56세,상해없음,보행자,남,27세,경상
2018092600100053,2018년 9월 26일 03시,수요일,대구광역시 수성구 두산동,중상사고,0,1,1,0,차대차 - 측면충돌,안전운전불이행,건조,맑음,단일로 - 기타,승용,남,36세,상해없음,이륜,남,29세,중상
2018092600100066,2018년 9월 26일 05시,수요일,대구광역시 수성구 욱수동,부상신고사고,0,0,0,1,차대사람 - 횡단중,안전운전불이행,건조,맑음,교차로 - 교차로부근,승용,남,62세,상해없음,보행자,여,85세,부상신고
2018092600100067,2018년 9월 26일 05시,수요일,대구광역시 북구 대현동,경상사고,0,0,1,0,차대차 - 추돌,안전운전불이행,건조,맑음,단일로 - 기타,승용,남,59세,상해없음,화물,남,26세,경상
2018092600100075,2018년 9월 26일 06시,수요일,대구광역시 동구 신천동,경상사고,0,0,1,0,차대차 - 추돌,안전운전불이행,건조,맑음,단일로 - 기타,승용,남,28세,상해없음,승용,여,27세,경상
2018092600100091,2018년 9월 26일 08시,수요일,대구광역시 동구 효목동,부상신고사고,0,0,0,1,차대차 - 기타,안전운전불이행,건조,맑음,교차로 - 교차로부근,자전거,남,64세,부상신고,승용,여,51세,상해없음
2018092600100107,2018년 9월 26일 10시,수요일,대구광역시 달서구 송현동,부상신고사고,0,0,0,2,차대차 - 측면충돌,차로위반,건조,맑음,교차로 - 교차로안,승용,남,66세,부상신고,승용,남,61세,부상신고
2018092600100133,2018년 9월 26일 11시,수요일,대구광역시 달서구 용산동,경상사고,0,0,1,1,차대차 - 측면충돌,교차로운행방법위반,건조,맑음,교차로 - 교차로안,승용,남,32세,상해없음,승용,남,51세,경상
2018092600100166,2018년 9월 26일 12시,수요일,대구광역시 수성구 범물동,중상사고,0,1,3,0,차대차 - 추돌,안전운전불이행,건조,맑음,단일로 - 기타,승용,여,63세,상해없음,승용,남,40세,경상
2018092600100167,2018년 9월 26일 12시,수요일,대구광역시 달서구 상인동,경상사고,0,0,1,0,차대차 - 측면충돌,안전거리미확보,건조,맑음,단일로 - 기타,승용,남,34세,상해없음,이륜,남,22세,경상
2018092600100190,2018년 9월 26일 13시,수요일,대구광역시 남구 이천동,경상사고,0,0,1,0,차대차 - 기타,안전운전불이행,건조,맑음,단일로 - 기타,승용,남,60세,상해없음,승합,남,24세,경상
2018092600100191,2018년 9월 26일 13시,수요일,대구광역시 달서구 상인동,경상사고,0,0,1,0,차대차 - 추돌,안전거리미확보,건조,맑음,단일로 - 기타,승용,남,61세,상해없음,승용,남,58세,경상
2018092600100192,2018년 9월 26일 13시,수요일,대구광역시 서구 비산동,부상신고사고,0,0,0,1,차량단독 - 전도전복 - 전도,안전운전불이행,건조,맑음,단일로 - 기타,이륜,남,57세,부상신고,미분류,미분류,미분류,미분류
2018092600100193,2018년 9월 26일 13시,수요일,대구광역시 북구 동천동,중상사고,0,1,0,0,차대차 - 측면충돌,안전운전불이행,건조,맑음,교차로 - 교차로횡단보도내,자전거,남,63세,중상,승용,여,38세,상해없음
2018092600100247,2018년 9월 26일 15시,수요일,대구광역시 남구 대명동,경상사고,0,0,1,0,차대차 - 측면충돌,차로위반,건조,맑음,단일로 - 고가도로위,승용,여,57세,상해없음,승용,여,42세,경상
2018092600100275,2018년 9월 26일 16시,수요일,대구광역시 수성구 범어동,부상신고사고,0,0,0,1,차대차 - 측면충돌,교차로운행방법위반,건조,맑음,교차로 - 교차로안,이륜,남,52세,부상신고,승용,남,37세,상해없음
2018092600100276,2018년 9월 26일 16시,수요일,대구광역시 달서구 죽전동,경상사고,0,0,2,0,차대차 - 기타,교차로운행방법위반,건조,맑음,교차로 - 교차로부근,승용,남,61세,상해없음,이륜,남,21세,경상
2018092600100304,2018년 9월 26일 17시,수요일,대구광역시 동구 신천동,중상사고,0,1,0,0,차량단독 - 기타,기타,건조,맑음,기타 - 기타,승합,남,55세,기타불명,,,,
2018092600100305,2018년 9월 26일 17시,수요일,대구광역시 중구 대신동,경상사고,0,0,1,0,차대사람 - 횡단중,안전운전불이행,건조,맑음,단일로 - 기타,승용,여,30세,상해없음,보행자,남,41세,경상
2018092600100371,2018년 9월 26일 19시,수요일,대구광역시 남구 대명동,경상사고,0,0,3,0,차대차 - 측면충돌,안전운전불이행,건조,맑음,기타 - 기타,승용,남,53세,상해없음,승용,여,23세,경상
2018092600100372,2018년 9월 26일 19시,수요일,대구광역시 수성구 지산동,경상사고,0,0,3,0,차대차 - 기타,안전거리미확보,건조,맑음,교차로 - 교차로부근,승용,여,62세,상해없음,승용,남,34세,상해없음
2018092600100373,2018년 9월 26일 19시,수요일,대구광역시 달성군 현풍읍,중상사고,0,1,0,0,차대차 - 기타,안전운전불이행,건조,맑음,단일로 - 기타,승용,남,74세,상해없음,농기계,남,66세,중상
2018092600100399,2018년 9월 26일 20시,수요일,대구광역시 수성구 신매동,중상사고,0,1,4,0,차대차 - 측면충돌,안전운전불이행,건조,맑음,교차로 - 교차로부근,화물,남,23세,상해없음,승용,여,47세,중상
2018092600100400,2018년 9월 26일 20시,수요일,대구광역시 달서구 상인동,경상사고,0,0,1,0,차대사람 - 횡단중,보행자보호의무위반,건조,맑음,교차로 - 교차로안,승용,여,41세,상해없음,보행자,남,51세,경상
2018092600100401,2018년 9월 26일 20시,수요일,대구광역시 서구 내당동,부상신고사고,0,0,0,1,차대차 - 기타,안전운전불이행,건조,맑음,단일로 - 기타,이륜,남,26세,부상신고,승용,남,56세,상해없음
2018092600100402,2018년 9월 26일 20시,수요일,대구광역시 북구 태전동,중상사고,0,1,0,0,차대차 - 측면충돌,안전거리미확보,건조,맑음,단일로 - 기타,승용,여,56세,상해없음,이륜,남,22세,중상
2018092600100403,2018년 9월 26일 20시,수요일,대구광역시 북구 태전동,경상사고,0,0,1,0,차대차 - 측면충돌,직진우회전진행방해,건조,맑음,교차로 - 교차로안,승용,여,56세,상해없음,이륜,남,25세,경상
2018092600100404,2018년 9월 26일 20시,수요일,대구광역시 북구 구암동,경상사고,0,0,1,0,차대차 - 기타,안전운전불이행,건조,맑음,교차로 - 교차로안,승용,여,57세,상해없음,이륜,남,34세,경상
2018092600100429,2018년 9월 26일 21시,수요일,대구광역시 달서구 본동,경상사고,0,0,1,0,차대차 - 추돌,안전거리미확보,건조,맑음,단일로 - 기타,이륜,남,33세,상해없음,승용,남,31세,경상
2018092700100005,2018년 9월 27일 00시,목요일,대구광역시 달서구 진천동,중상사고,0,1,0,0,차대사람 - 횡단중,안전운전불이행,건조,맑음,교차로 - 교차로횡단보도내,승용,남,64세,상해없음,보행자,남,63세,중상
2018092700100030,2018년 9월 27일 05시,목요일,대구광역시 서구 비산동,경상사고,0,0,1,0,차대차 - 측면충돌,안전운전불이행,건조,맑음,교차로 - 교차로안,화물,남,45세,상해없음,자전거,여,65세,경상
2018092700100074,2018년 9월 27일 07시,목요일,대구광역시 달서구 장기동,경상사고,0,0,1,0,차대차 - 추돌,안전운전불이행,건조,맑음,기타 - 기타,승용,남,55세,상해없음,승용,남,50세,경상
2018092700100120,2018년 9월 27일 08시,목요일,대구광역시 동구 지저동,경상사고,0,0,1,0,차대차 - 측면충돌,안전거리미확보,건조,맑음,단일로 - 기타,화물,남,33세,상해없음,건설기계,남,56세,경상
2018092700100121,2018년 9월 27일 08시,목요일,대구광역시 달서구 송현동,경상사고,0,0,1,0,차대사람 - 보도통행중,안전운전불이행,건조,맑음,단일로 - 기타,승용,남,57세,상해없음,보행자,여,45세,경상
2018092700100122,2018년 9월 27일 08시,목요일,대구광역시 달서구 죽전동,경상사고,0,0,1,0,차대차 - 측면충돌,안전운전불이행,건조,맑음,단일로 - 기타,승용,여,45세,상해없음,자전거,여,50세,경상
2018092700100159,2018년 9월 27일 09시,목요일,대구광역시 달서구 월성동,경상사고,0,0,1,0,차대사람 - 횡단중,보행자보호의무위반,건조,맑음,교차로 - 교차로횡단보도내,승용,남,60세,상해없음,보행자,남,74세,경상
2018092700100183,2018년 9월 27일 10시,목요일,대구광역시 남구 대명동,경상사고,0,0,1,0,차대차 - 측면충돌,차로위반,건조,맑음,단일로 - 기타,승용,남,51세,상해없음,이륜,남,44세,경상
2018092700100216,2018년 9월 27일 11시,목요일,대구광역시 달성군 가창면,중상사고,0,1,0,0,차대차 - 추돌,안전운전불이행,건조,맑음,교차로 - 교차로부근,화물,남,59세,상해없음,승용,여,42세,중상
2018092700100251,2018년 9월 27일 12시,목요일,대구광역시 서구 비산동,경상사고,0,0,1,0,차대차 - 추돌,안전운전불이행,건조,맑음,단일로 - 교량,승용,남,63세,상해없음,승용,남,27세,경상
2018092700100283,2018년 9월 27일 13시,목요일,대구광역시 남구 대명동,중상사고,0,1,0,0,차대차 - 기타,차로위반,건조,맑음,교차로 - 교차로부근,승용,여,51세,상해없음,이륜,남,27세,중상
2018092700100284,2018년 9월 27일 13시,목요일,대구광역시 수성구 시지동,경상사고,0,0,1,0,차대차 - 측면충돌,신호위반,건조,맑음,교차로 - 교차로안,승용,여,60세,상해없음,승용,여,44세,경상
2018092700100285,2018년 9월 27일 13시,목요일,대구광역시 서구 비산동,경상사고,0,0,1,0,차대사람 - 기타,안전운전불이행,건조,맑음,단일로 - 기타,승합,남,47세,상해없음,보행자,남,60세,경상