사고번호,사고일시,요일,시군구,사고내용,사망자수,중상자수,경상자수,부상신고자수,사고유형,법규위반,노면상태,기상상태,도로형태,가해운전자 차종,가해운전자 성별,가해운전자 연령,가해운전자 상해정도,피해운전자 차종,피해운전자 성별,피해운전자 연령,피해운전자 상해정도
2018092700100333,2018년 9월 27일 14시,목요일,대구광역시 동구 율하동,중상사고,0,1,0,1,차대차 - 기타,안전운전불이행,건조,맑음,교차로 - 교차로안,승용,남,26세,부상신고,승용,여,30세,중상
2018092700100423,2018년 9월 27일 16시,목요일,대구광역시 중구 대봉동,경상사고,0,0,1,0,차대차 - 측면충돌,안전운전불이행,건조,맑음,단일로 - 기타,승용,여,62세,상해없음,승용,여,26세,경상
2018092700100424,2018년 9월 27일 16시,목요일,대구광역시 달서구 용산동,경상사고,0,0,1,0,차대사람 - 기타,안전운전불이행,건조,맑음,단일로 - 기타,화물,남,40세,상해없음,보행자,남,36세,경상
2018092700100464,2018년 9월 27일 17시,목요일,대구광역시 남구 대명동,경상사고,0,0,1,0,차대사람 - 보도통행중,기타,건조,맑음,기타 - 기타,자전거,남,74세,경상,보행자,남,46세,상해없음
2018092700100465,2018년 9월 27일 17시,목요일,대구광역시 남구 대명동,경상사고,0,0,1,0,차대차 - 측면충돌,안전거리미확보,건조,맑음,교차로 - 교차로안,승용,여,27세,상해없음,승용,남,30세,경상
2018092700100466,2018년 9월 27일 17시,목요일,대구광역시 달서구 감삼동,경상사고,0,0,1,0,차대차 - 정면충돌,교차로운행방법위반,건조,맑음,교차로 - 교차로안,이륜,남,19세,상해없음,승합,남,35세,경상
2018092700100562,2018년 9월 27일 19시,목요일,대구광역시 수성구 시지동,중상사고,0,1,0,0,차대사람 - 길가장자리구역통행중,보행자보호의무위반,건조,맑음,교차로 - 교차로부근,승용,남,52세,상해없음,보행자,여,82세,중상
2018092700100563,2018년 9월 27일 19시,목요일,대구광역시 북구 노원동2가,경상사고,0,0,2,0,차대차 - 측면충돌,직진우회전진행방해,건조,맑음,교차로 - 교차로안,승용,남,44세,경상,승용,남,60세,경상
2018092700100564,2018년 9월 27일 19시,목요일,대구광역시 북구 대현동,사망사고,1,0,0,0,차대차 - 기타,안전운전불이행,건조,맑음,교차로 - 교차로안,자전거,남,80세,사망,승용,남,48세,상해없음
2018092700100598,2018년 9월 27일 20시,목요일,대구광역시 수성구 황금동,중상사고,0,1,0,0,차대차 - 추돌,안전운전불이행,건조,맑음,단일로 - 기타,승용,여,45세,상해없음,이륜,남,53세,중상
2018092700100616,2018년 9월 27일 21시,목요일,대구광역시 동구 용계동,경상사고,0,0,1,0,차대차 - 기타,안전운전불이행,건조,맑음,교차로 - 교차로부근,승용,여,24세,경상,화물,남,27세,상해없음
2018092700100617,2018년 9월 27일 21시,목요일,대구광역시 달서구 두류동,중상사고,0,1,0,0,차대차 - 기타,안전운전불이행,건조,맑음,단일로 - 기타,승용,남,33세,상해없음,자전거,여,63세,중상
2018092700100618,2018년 9월 27일 21시,목요일,대구광역시 북구 학정동,부상신고사고,0,0,0,1,차대차 - 기타,안전운전불이행,건조,맑음,단일로 - 기타,승용,남,41세,상해없음,이륜,남,22세,부상신고
2018092700100619,2018년 9월 27일 21시,목요일,대구광역시 북구 읍내동,부상신고사고,0,0,0,1,차대차 - 기타,안전운전불이행,건조,맑음,교차로 - 교차로안,자전거,남,17세,부상신고,승용,남,24세,상해없음
2018092700100638,2018년 9월 27일 22시,목요일,대구광역시 남구 대명동,경상사고,0,0,1,0,차대차 - 기타,안전운전불이행,건조,맑음,기타 - 기타,기타불명,기타불명,미분류,기타불명,자전거,남,58세,경상
2018092700100639,2018년 9월 27일 22시,목요일,대구광역시 북구 태전동,경상사고,0,0,2,0,차대차 - 측면충돌,직진우회전진행방해,건조,맑음,교차로 - 교차로안,승용,남,50세,상해없음,이륜,남,18세,경상
2018092700100658,2018년 9월 27일 23시,목요일,대구광역시 중구 동인동1가,경상사고,0,0,2,0,차대차 - 추돌,안전운전불이행,건조,맑음,교차로 - 교차로부근,승용,남,30세,상해없음,승용,남,25세,경상
2018092800100051,2018년 9월 28일 06시,금요일,대구광역시 달성군 구지면,중상사고,0,1,0,0,차대차 - 측면충돌,신호위반,건조,맑음,교차로 - 교차로부근,특수,남,56세,상해없음,승용,남,59세,중상
2018092800100103,2018년 9월 28일 08시,금요일,대구광역시 동구 신암동,중상사고,0,1,0,0,차대차 - 측면충돌,안전거리미확보,건조,맑음,단일로 - 기타,승용,남,65세,상해없음,이륜,남,62세,중상
2018092800100104,2018년 9월 28일 08시,금요일,대구광역시 달성군 다사읍,경상사고,0,0,1,0,차대차 - 측면충돌,중앙선침범,건조,맑음,교차로 - 교차로부근,승용,여,64세,상해없음,원동기,남,26세,경상
2018092800100105,2018년 9월 28일 08시,금요일,대구광역시 서구 이현동,경상사고,0,0,2,1,차대차 - 측면충돌,차로위반,건조,맑음,단일로 - 기타,승용,남,61세,부상신고,화물,남,30세,경상
2018092800100139,2018년 9월 28일 09시,금요일,대구광역시 달서구 상인동,경상사고,0,0,1,0,차대차 - 측면충돌,안전운전불이행,건조,맑음,기타 - 기타,승용,여,33세,상해없음,자전거,여,55세,경상
2018092800100140,2018년 9월 28일 09시,금요일,대구광역시 중구 동인동1가,부상신고사고,0,0,0,1,차대차 - 측면충돌,신호위반,건조,맑음,교차로 - 교차로안,이륜,남,82세,부상신고,승용,여,62세,상해없음
2018092800100141,2018년 9월 28일 09시,금요일,대구광역시 달서구 이곡동,중상사고,0,1,0,0,차대차 - 기타,신호위반,건조,맑음,교차로 - 교차로안,화물,남,55세,상해없음,이륜,남,44세,중상
2018092800100172,2018년 9월 28일 10시,금요일,대구광역시 수성구 범어동,경상사고,0,0,1,0,차대차 - 추돌,안전운전불이행,건조,맑음,단일로 - 기타,승용,남,24세,상해없음,승용,여,47세,경상
2018092800100173,2018년 9월 28일 10시,금요일,대구광역시 북구 칠성동1가,경상사고,0,0,1,0,차대사람 - 차도통행중,안전운전불이행,건조,맑음,단일로 - 기타,승용,여,67세,상해없음,보행자,여,63세,경상
2018092800100200,2018년 9월 28일 11시,금요일,대구광역시 중구 동성로3가,중상사고,0,1,0,0,차대차 - 측면충돌,안전운전불이행,건조,맑음,단일로 - 기타,자전거,여,21세,상해없음,이륜,남,86세,중상
2018092800100201,2018년 9월 28일 11시,금요일,대구광역시 북구 사수동,경상사고,0,0,1,0,차대차 - 측면충돌,안전운전불이행,건조,맑음,단일로 - 기타,승용,여,44세,상해없음,이륜,남,18세,경상
2018092800100225,2018년 9월 28일 12시,금요일,대구광역시 동구 용계동,중상사고,0,1,2,0,차대차 - 측면충돌,신호위반,건조,맑음,교차로 - 교차로안,승용,여,60세,상해없음,승용,남,48세,경상
2018092800100226,2018년 9월 28일 12시,금요일,대구광역시 동구 지저동,경상사고,0,0,1,0,차대사람 - 횡단중,안전운전불이행,건조,맑음,단일로 - 기타,승용,남,65세,상해없음,보행자,여,66세,경상
2018092800100257,2018년 9월 28일 13시,금요일,대구광역시 수성구 시지동,경상사고,0,0,2,0,차대차 - 측면충돌,안전운전불이행,건조,맑음,단일로 - 기타,승용,여,21세,상해없음,승용,남,38세,경상
2018092800100258,2018년 9월 28일 13시,금요일,대구광역시 서구 평리동,중상사고,0,1,2,0,차대차 - 추돌,안전운전불이행,건조,맑음,단일로 - 기타,승용,남,63세,상해없음,승용,남,24세,경상
2018092800100259,2018년 9월 28일 13시,금요일,대구광역시 북구 읍내동,경상사고,0,0,1,0,차대차 - 측면충돌,안전운전불이행,건조,맑음,단일로 - 기타,승용,남,55세,상해없음,승용,여,26세,경상
2018092800100260,2018년 9월 28일 13시,금요일,대구광역시 북구 읍내동,경상사고,0,0,1,0,차대차 - 기타,교차로운행방법위반,건조,맑음,교차로 - 교차로안,승용,여,26세,상해없음,이륜,남,52세,경상
2018092800100283,2018년 9월 28일 14시,금요일,대구광역시 수성구 지산동,중상사고,0,1,0,0,차대차 - 측면충돌,안전운전불이행,건조,맑음,교차로 - 교차로부근,승용,여,22세,상해없음,이륜,남,49세,중상
2018092800100309,2018년 9월 28일 15시,금요일,대구광역시 남구 이천동,부상신고사고,0,0,0,1,차대차 - 기타,안전운전불이행,건조,맑음,교차로 - 교차로횡단보도내,자전거,여,78세,부상신고,승용,여,39세,상해없음
2018092800100310,2018년 9월 28일 15시,금요일,대구광역시 달서구 대곡동,중상사고,0,1,0,0,차량단독 - 기타,안전운전불이행,건조,맑음,단일로 - 기타,승합,남,46세,상해없음,,,,
2018092800100342,2018년 9월 28일 16시,금요일,대구광역시 동구 미곡동,경상사고,0,0,1,0,차량단독 - 공작물충돌,안전운전불이행,건조,맑음,단일로 - 기타,승합,남,66세,상해없음,,,,
2018092800100343,2018년 9월 28일 16시,금요일,대구광역시 수성구 범어동,경상사고,0,0,1,0,차대차 - 측면충돌,교차로운행방법위반,건조,맑음,교차로 - 교차로안,승용,여,40세,상해없음,원동기,남,43세,경상
2018092800100344,2018년 9월 28일 16시,금요일,대구광역시 북구 노원동3가,경상사고,0,0,1,0,차대차 - 추돌,안전운전불이행,건조,맑음,단일로 - 기타,화물,남,28세,기타불명,승용,남,41세,상해없음
2018092800100345,2018년 9월 28일 16시,금요일,대구광역시 북구 대현동,경상사고,0,0,1,0,차대차 - 측면충돌,직진우회전진행방해,건조,맑음,교차로 - 교차로안,자전거,남,17세,경상,승용,남,29세,상해없음
2018092800100346,2018년 9월 28일 16시,금요일,대구광역시 중구 동인동3가,중상사고,0,1,0,0,차대차 - 측면충돌,신호위반,건조,맑음,단일로 - 기타,화물,남,60세,상해없음,이륜,남,42세,중상
2018092800100382,2018년 9월 28일 17시,금요일,대구광역시 수성구 사월동,경상사고,0,0,1,0,차대차 - 측면충돌,안전운전불이행,건조,맑음,단일로 - 기타,화물,남,40세,상해없음,승용,여,53세,경상
2018092800100383,2018년 9월 28일 17시,금요일,대구광역시 달성군 화원읍,경상사고,0,0,1,0,차대차 - 기타,안전운전불이행,건조,맑음,교차로 - 교차로안,원동기,남,22세,상해없음,승용,여,55세,상해없음
2018092800100384,2018년 9월 28일 17시,금요일,대구광역시 북구 구암동,중상사고,0,1,0,0,차대사람 - 횡단중,보행자보호의무위반,건조,맑음,교차로 - 교차로안,승용,남,47세,상해없음,보행자,남,6세,중상
2018092800100450,2018년 9월 28일 19시,금요일,대구광역시 북구 사수동,경상사고,0,0,1,0,차대차 - 기타,중앙선침범,건조,맑음,단일로 - 기타,이륜,남,36세,상해없음,이륜,남,40세,경상
2018092800100509,2018년 9월 28일 21시,금요일,대구광역시 수성구 황금동,부상신고사고,0,0,0,1,차대차 - 추돌,안전운전불이행,건조,맑음,교차로 - 교차로안,원동기,남,24세,부상신고,화물,남,57세,상해없음
2018092800100510,2018년 9월 28일 21시,금요일,대구광역시 서구 내당동,경상사고,0,0,4,0,차대차 - 추돌,안전운전불이행,건조,맑음,단일로 - 기타,승용,남,39세,상해없음,승용,남,25세,경상
2018092800100511,2018년 9월 28일 21시,금요일,대구광역시 중구 태평로3가,경상사고,0,0,1,0,차대차 - 측면충돌,신호위반,건조,맑음,교차로 - 교차로안,승용,여,48세,상해없음,승용,여,46세,경상
2018092800100512,2018년 9월 28일 21시,금요일,대구광역시 북구 동천동,경상사고,0,0,1,0,차대차 - 기타,신호위반,건조,맑음,교차로 - 교차로안,승용,남,34세,상해없음,자전거,남,14세,경상
2018092800100534,2018년 9월 28일 22시,금요일,대구광역시 남구 대명동,경상사고,0,0,1,0,차대차 - 기타,차로위반,건조,맑음,단일로 - 기타,승용,여,54세,상해없음,승용,남,59세,경상
2018092800100560,2018년 9월 28일 23시,금요일,대구광역시 달서구 신당동,경상사고,0,0,2,0,차대차 - 추돌,안전운전불이행,건조,맑음,단일로 - 기타,승용,남,40세,상해없음,승용,남,73세,경상
2018092800100561,2018년 9월 28일 23시,금요일,대구광역시 달서구 감삼동,중상사고,0,2,0,0,차대사람 - 횡단중,보행자보호의무위반,건조,기타,교차로 - 교차로횡단보도내,승용,남,69세,상해없음,보행자,남,54세,중상
2018092900100021,2018년 9월 29일 00시,토요일,대구광역시 동구 신암동,경상사고,0,0,1,0,차대차 - 측면충돌,불법유턴,건조,맑음,교차로 - 교차로횡단보도내,이륜,남,19세,상해없음,승용,여,23세,상해없음
2018092900100022,2018년 9월 29일 00시,토요일,대구광역시 달서구 장기동,경상사고,0,0,1,0,차대차 - 측면충돌,안전운전불이행,건조,맑음,교차로 - 교차로안,승용,남,40세,상해없음,승용,남,66세,경상
2018092900100037,2018년 9월 29일 01시,토요일,대구광역시 달서구 호산동,경상사고,0,0,1,0,차대차 - 측면충돌,교차로운행방법위반,건조,맑음,교차로 - 교차로안,승합,남,46세,상해없음,이륜,남,44세,경상
2018092900100051,2018년 9월 29일 02시,토요일,대구광역시 동구 효목동,중상사고,0,1,0,0,차대차 - 기타,안전운전불이행,건조,흐림,단일로 - 기타,승용,남,37세,상해없음,승용,남,28세,기타불명
2018092900100052,2018년 9월 29일 02시,토요일,대구광역시 동구 효목동,중상사고,0,1,1,0,차대차 - 측면충돌,안전운전불이행,건조,맑음,교차로 - 교차로안,승용,남,24세,상해없음,승용,남,60세,경상
2018092900100076,2018년 9월 29일 04시,토요일,대구광역시 수성구 범어동,경상사고,0,0,1,0,차대차 - 추돌,신호위반,건조,맑음,교차로 - 교차로안,이륜,남,40세,기타불명,승용,남,37세,경상
2018092900100077,2018년 9월 29일 04시,토요일,대구광역시 중구 삼덕동1가,경상사고,0,0,1,0,차대사람 - 길가장자리구역통행중,안전운전불이행,건조,맑음,단일로 - 기타,승용,남,58세,상해없음,보행자,남,21세,경상
2018092900100078,2018년 9월 29일 04시,토요일,대구광역시 달서구 본리동,경상사고,0,0,1,1,차대차 - 추돌,안전운전불이행,건조,맑음,교차로 - 교차로부근,승용,여,44세,상해없음,승용,남,58세,경상
2018092900100095,2018년 9월 29일 05시,토요일,대구광역시 동구 율하동,중상사고,0,1,0,0,차대차 - 추돌,안전운전불이행,건조,맑음,교차로 - 교차로부근,승용,남,60세,상해없음,승용,남,56세,중상
2018092900100106,2018년 9월 29일 06시,토요일,대구광역시 중구 삼덕동1가,부상신고사고,0,0,0,2,차대사람 - 길가장자리구역통행중,안전운전불이행,건조,맑음,단일로 - 기타,승용,남,30세,상해없음,보행자,여,24세,부상신고
2018092900100107,2018년 9월 29일 06시,토요일,대구광역시 북구 관음동,경상사고,0,0,1,0,차대차 - 기타,중앙선침범,건조,맑음,단일로 - 기타,승용,남,25세,상해없음,화물,남,53세,경상
2018092900100120,2018년 9월 29일 07시,토요일,대구광역시 달서구 이곡동,중상사고,0,1,0,0,차대차 - 추돌,안전운전불이행,건조,맑음,교차로 - 교차로부근,화물,남,45세,상해없음,승용,남,56세,중상
2018092900100158,2018년 9월 29일 09시,토요일,대구광역시 달성군 다사읍,경상사고,0,0,1,0,차대차 - 추돌,안전운전불이행,건조,맑음,단일로 - 기타,이륜,남,18세,경상,화물,남,53세,상해없음
2018092900100159,2018년 9월 29일 09시,토요일,대구광역시 북구 고성동2가,중상사고,0,1,0,0,차량단독 - 공작물충돌,안전운전불이행,건조,맑음,교차로 - 교차로부근,이륜,남,29세,중상,,,,
2018092900100202,2018년 9월 29일 10시,토요일,대구광역시 서구 상리동,중상사고,0,1,0,0,차대차 - 측면충돌,안전운전불이행,건조,맑음,단일로 - 기타,승용,남,69세,상해없음,승용,여,31세,중상
2018092900100204,2018년 9월 29일 10시,토요일,대구광역시 수성구 수성동3가,중상사고,0,1,0,0,차대차 - 측면충돌,신호위반,건조,맑음,교차로 - 교차로안,승용,남,57세,상해없음,이륜,남,57세,중상
2018092900100205,2018년 9월 29일 10시,토요일,대구광역시 중구 남산동,중상사고,0,1,0,0,차대사람 - 횡단중,보행자보호의무위반,건조,맑음,단일로 - 기타,승용,남,21세,상해없음,보행자,여,69세,중상
2018092900100206,2018년 9월 29일 10시,토요일,대구광역시 중구 전동,경상사고,0,0,1,0,차대차 - 측면충돌,안전거리미확보,건조,맑음,단일로 - 기타,승용,남,60세,상해없음,이륜,남,19세,경상
2018092900100207,2018년 9월 29일 10시,토요일,대구광역시 북구 동천동,부상신고사고,0,0,0,1,차대차 - 기타,안전거리미확보,건조,맑음,단일로 - 기타,승용,남,51세,상해없음,승용,남,37세,상해없음
2018092900100237,2018년 9월 29일 11시,토요일,대구광역시 수성구 가천동,경상사고,0,0,2,0,차대차 - 추돌,안전운전불이행,건조,맑음,단일로 - 기타,승용,여,31세,상해없음,승용,남,42세,경상
2018092900100238,2018년 9월 29일 11시,토요일,대구광역시 달서구 감삼동,중상사고,0,1,0,0,차대차 - 측면충돌,신호위반,건조,맑음,기타 - 기타,승용,여,29세,상해없음,이륜,남,19세,중상
2018092900100274,2018년 9월 29일 12시,토요일,대구광역시 북구 복현동,중상사고,0,1,0,0,차대사람 - 횡단중,안전운전불이행,건조,맑음,단일로 - 기타,승용,남,22세,상해없음,보행자,여,82세,중상
2018092900100275,2018년 9월 29일 12시,토요일,대구광역시 서구 비산동,경상사고,0,0,3,0,차대차 - 기타,안전거리미확보,건조,맑음,단일로 - 기타,화물,남,64세,상해없음,화물,남,45세,경상
2018092900100309,2018년 9월 29일 13시,토요일,대구광역시 동구 동호동,경상사고,0,0,3,0,차대차 - 추돌,안전운전불이행,건조,맑음,교차로 - 교차로부근,승용,여,30세,상해없음,승용,남,27세,경상
2018092900100310,2018년 9월 29일 13시,토요일,대구광역시 수성구 연호동,경상사고,0,0,1,0,차대차 - 측면충돌,안전운전불이행,건조,맑음,단일로 - 기타,승용,남,47세,상해없음,화물,남,61세,경상
2018092900100311,2018년 9월 29일 13시,토요일,대구광역시 북구 고성동2가,경상사고,0,0,1,0,차대사람 - 횡단중,보행자보호의무위반,건조,맑음,교차로 - 교차로횡단보도내,승용,남,74세,상해없음,보행자,남,57세,경상
2018092900100312,2018년 9월 29일 13시,토요일,대구광역시 북구 읍내동,경상사고,0,0,1,0,차대차 - 측면충돌,신호위반,건조,맑음,교차로 - 교차로부근,이륜,남,71세,상해없음,승용,여,56세,경상
2018092900100340,2018년 9월 29일 14시,토요일,대구광역시 달서구 상인동,경상사고,0,0,1,0,차대차 - 측면충돌,안전거리미확보,건조,맑음,교차로 - 교차로안,승용,여,39세,상해없음,이륜,남,24세,경상
2018092900100341,2018년 9월 29일 14시,토요일,대구광역시 북구 읍내동,경상사고,0,0,1,0,차대차 - 기타,안전거리미확보,건조,맑음,단일로 - 기타,승용,여,35세,상해없음,이륜,남,22세,경상
2018092900100362,2018년 9월 29일 15시,토요일,대구광역시 북구 관음동,중상사고,0,3,0,0,차대차 - 기타,안전운전불이행,건조,맑음,단일로 - 기타,승용,남,57세,상해없음,승용,여,62세,중상
2018092900100367,2018년 9월 29일 15시,토요일,대구광역시 남구 대명동,경상사고,0,0,1,0,차대사람 - 기타,안전운전불이행,건조,맑음,단일로 - 기타,화물,남,29세,상해없음,보행자,남,44세,경상
2018092900100368,2018년 9월 29일 15시,토요일,대구광역시 달서구 본리동,경상사고,0,0,1,0,차대차 - 측면충돌,안전거리미확보,건조,맑음,교차로 - 교차로안,화물,남,53세,상해없음,승용,남,57세,경상
2018092900100399,2018년 9월 29일 16시,토요일,대구광역시 남구 대명동,경상사고,0,0,1,0,차대차 - 측면충돌,안전운전불이행,건조,맑음,교차로 - 교차로안,이륜,남,19세,상해없음,자전거,남,58세,경상
2018092900100400,2018년 9월 29일 16시,토요일,대구광역시 수성구 범어동,부상신고사고,0,0,0,1,차량단독 - 공작물충돌,안전운전불이행,건조,맑음,단일로 - 기타,이륜,남,50세,부상신고,,,,
2018092900100401,2018년 9월 29일 16시,토요일,대구광역시 달성군 다사읍,경상사고,0,0,1,0,차대차 - 기타,신호위반,건조,맑음,교차로 - 교차로안,승용,여,59세,상해없음,승용,여,52세,경상
2018092900100444,2018년 9월 29일 17시,토요일,대구광역시 동구 효목동,경상사고,0,0,1,0,차대차 - 측면충돌,교차로운행방법위반,건조,맑음,교차로 - 교차로안,승용,남,32세,상해없음,자전거,여,21세,경상
2018092900100445,2018년 9월 29일 17시,토요일,대구광역시 중구 태평로1가,중상사고,0,1,0,0,차대차 - 측면충돌,안전운전불이행,건조,맑음,단일로 - 기타,화물,남,60세,기타불명,승용,남,32세,상해없음
2018092900100478,2018년 9월 29일 18시,토요일,대구광역시 남구 봉덕동,중상사고,0,1,0,0,차대차 - 측면충돌,안전운전불이행,건조,맑음,단일로 - 기타,이륜,여,61세,중상,승용,남,49세,상해없음
2018092900100514,2018년 9월 29일 19시,토요일,대구광역시 동구 방촌동,중상사고,0,1,0,0,차대차 - 기타,안전운전불이행,건조,맑음,기타 - 기타,승용,남,64세,상해없음,자전거,여,71세,중상
2018092900100515,2018년 9월 29일 19시,토요일,대구광역시 수성구 시지동,경상사고,0,0,1,0,차대사람 - 횡단중,보행자보호의무위반,건조,맑음,교차로 - 교차로횡단보도내,승용,남,61세,상해없음,보행자,남,70세,경상
2018092900100517,2018년 9월 29일 19시,토요일,대구광역시 달서구 신당동,경상사고,0,0,4,0,차대차 - 측면충돌,안전운전불이행,건조,맑음,기타 - 기타,이륜,남,28세,상해없음,승용,남,38세,경상
2018092900100543,2018년 9월 29일 20시,토요일,대구광역시 수성구 범어동,경상사고,0,0,3,0,차대차 - 측면충돌,안전운전불이행,건조,맑음,단일로 - 기타,승용,남,42세,상해없음,승용,남,40세,경상
2018092900100545,2018년 9월 29일 20시,토요일,대구광역시 중구 동인동3가,경상사고,0,0,1,0,차대사람 - 기타,기타,건조,맑음,단일로 - 기타,승용,남,59세,상해없음,보행자,여,29세,경상
2018092900100597,2018년 9월 29일 22시,토요일,대구광역시 남구 봉덕동,경상사고,0,0,1,0,차대차 - 기타,안전운전불이행,건조,맑음,단일로 - 기타,승용,남,58세,상해없음,승용,남,28세,경상
2018092900100598,2018년 9월 29일 22시,토요일,대구광역시 북구 매천동,경상사고,0,0,1,1,차대사람 - 보도통행중,기타,건조,맑음,단일로 - 기타,자전거,여,37세,부상신고,보행자,남,19세,경상
2018092900100615,2018년 9월 29일 23시,토요일,대구광역시 동구 각산동,경상사고,0,0,1,0,차대차 - 기타,중앙선침범,건조,맑음,교차로 - 교차로안,이륜,남,28세,상해없음,개인형이동수단(PM),남,27세,경상
2018093000100014,2018년 9월 30일 00시,일요일,대구광역시 수성구 지산동,경상사고,0,0,1,0,차대사람 - 기타,기타,건조,맑음,단일로 - 기타,승용,남,47세,상해없음,보행자,여,19세,경상
2018093000100039,2018년 9월 30일 02시,일요일,대구광역시 달서구 월성동,중상사고,0,1,0,0,차대사람 - 횡단중,안전운전불이행,건조,맑음,단일로 - 기타,승용,남,60세,상해없음,보행자,여,31세,중상
2018093000100040,2018년 9월 30일 02시,일요일,대구광역시 중구 삼덕동1가,부상신고사고,0,0,0,1,차대사람 - 길가장자리구역통행중,안전운전불이행,건조,맑음,단일로 - 기타,승용,남,22세,상해없음,보행자,남,26세,부상신고
2018093000100048,2018년 9월 30일 03시,일요일,대구광역시 달서구 이곡동,경상사고,0,0,1,0,차대차 - 측면충돌,교차로운행방법위반,건조,맑음,교차로 - 교차로안,승용,남,42세,상해없음,이륜,남,32세,경상
2018093000100068,2018년 9월 30일 06시,일요일,대구광역시 북구 대현동,중상사고,0,1,0,0,차대사람 - 횡단중,안전운전불이행,건조,맑음,교차로 - 교차로횡단보도내,승용,남,57세,상해없음,보행자,여,69세,중상
2018093000100069,2018년 9월 30일 06시,일요일,대구광역시 중구 달성동,경상사고,0,0,1,0,차대사람 - 길가장자리구역통행중,안전운전불이행,건조,맑음,단일로 - 기타,승용,남,67세,상해없음,보행자,남,56세,경상
2018093000100070,2018년 9월 30일 06시,일요일,대구광역시 달서구 본리동,중상사고,0,1,0,0,차대사람 - 횡단중,신호위반,건조,맑음,교차로 - 교차로횡단보도내,승용,남,49세,상해없음,보행자,남,85세,중상
2018093000100101,2018년 9월 30일 08시,일요일,대구광역시 남구 봉덕동,경상사고,0,0,4,0,차대차 - 측면충돌,교차로운행방법위반,건조,맑음,교차로 - 교차로안,승용,남,27세,경상,승용,남,47세,경상
2018093000100102,2018년 9월 30일 08시,일요일,대구광역시 동구 불로동,경상사고,0,0,1,0,차대차 - 측면충돌,직진우회전진행방해,건조,맑음,교차로 - 교차로안,승용,여,28세,상해없음,자전거,남,77세,경상
2018093000100120,2018년 9월 30일 09시,일요일,대구광역시 달서구 대천동,경상사고,0,0,1,0,차대차 - 추돌,안전거리미확보,건조,맑음,단일로 - 기타,승용,남,69세,상해없음,승용,여,44세,경상
2018093000100184,2018년 9월 30일 12시,일요일,대구광역시 동구 신암동,경상사고,0,0,1,0,차대차 - 측면충돌,교차로운행방법위반,건조,맑음,교차로 - 교차로안,이륜,남,41세,경상,승용,남,45세,상해없음
2018093000100185,2018년 9월 30일 12시,일요일,대구광역시 달성군 옥포읍,경상사고,0,0,1,0,차대차 - 측면충돌,교차로운행방법위반,건조,맑음,교차로 - 교차로안,승용,남,43세,상해없음,이륜,남,22세,경상
2018093000100186,2018년 9월 30일 12시,일요일,대구광역시 북구 칠성동2가,부상신고사고,0,0,0,1,차량단독 - 공작물충돌,안전운전불이행,건조,맑음,단일로 - 기타,자전거,남,69세,부상신고,,,,
2018093000100216,2018년 9월 30일 13시,일요일,대구광역시 동구 불로동,경상사고,0,0,1,0,차대차 - 추돌,안전운전불이행,건조,맑음,단일로 - 기타,승용,남,71세,상해없음,승용,남,39세,경상
2018093000100217,2018년 9월 30일 13시,일요일,대구광역시 달서구 죽전동,중상사고,0,1,0,0,차대사람 - 횡단중,보행자보호의무위반,건조,맑음,단일로 - 기타,승용,남,25세,상해없음,보행자,여,79세,중상
2018093000100218,2018년 9월 30일 13시,일요일,대구광역시 달서구 장기동,경상사고,0,0,1,0,차대사람 - 기타,안전운전불이행,건조,맑음,단일로 - 기타,승용,여,24세,상해없음,보행자,남,29세,경상
2018093000100219,2018년 9월 30일 13시,일요일,대구광역시 달서구 용산동,경상사고,0,0,1,0,차대사람 - 기타,안전운전불이행,건조,맑음,기타 - 기타,승용,여,45세,상해없음,보행자,여,5세,경상
2018093000100253,2018년 9월 30일 14시,일요일,대구광역시 남구 대명동,경상사고,0,0,2,0,차대차 - 측면충돌,안전운전불이행,건조,맑음,단일로 - 기타,승용,남,39세,상해없음,승용,남,60세,경상
2018093000100254,2018년 9월 30일 14시,일요일,대구광역시 서구 평리동,중상사고,0,1,0,0,차대사람 - 기타,안전운전불이행,건조,맑음,단일로 - 기타,승용,남,69세,상해없음,보행자,여,68세,중상
2018093000100255,2018년 9월 30일 14시,일요일,대구광역시 서구 이현동,경상사고,0,0,3,0,차대차 - 추돌,안전운전불이행,건조,맑음,기타 - 기타,승용,남,44세,상해없음,승용,남,33세,경상
2018093000100288,2018년 9월 30일 15시,일요일,대구광역시 수성구 두산동,경상사고,0,0,1,0,차대차 - 추돌,안전운전불이행,건조,맑음,단일로 - 기타,승용,남,49세,상해없음,승용,여,63세,경상
2018093000100289,2018년 9월 30일 15시,일요일,대구광역시 북구 산격동,중상사고,0,1,0,0,차대사람 - 기타,안전운전불이행,건조,맑음,교차로 - 교차로부근,승용,남,40세,상해없음,보행자,남,17세,중상
2018093000100290,2018년 9월 30일 15시,일요일,대구광역시 북구 동천동,중상사고,0,1,0,0,차대차 - 측면충돌,안전운전불이행,건조,맑음,교차로 - 교차로부근,승용,여,37세,상해없음,이륜,남,24세,중상
2018093000100324,2018년 9월 30일 16시,일요일,대구광역시 수성구 범어동,경상사고,0,0,2,0,차대차 - 측면충돌,교차로운행방법위반,건조,맑음,교차로 - 교차로안,화물,남,69세,상해없음,승용,남,34세,경상
2018093000100325,2018년 9월 30일 16시,일요일,대구광역시 달서구 도원동,중상사고,0,1,0,0,차대차 - 측면충돌,기타,건조,맑음,단일로 - 기타,승용,남,65세,상해없음,이륜,남,40세,중상