사고번호,사고일시,요일,시군구,사고내용,사망자수,중상자수,경상자수,부상신고자수,사고유형,법규위반,노면상태,기상상태,도로형태,가해운전자 차종,가해운전자 성별,가해운전자 연령,가해운전자 상해정도,피해운전자 차종,피해운전자 성별,피해운전자 연령,피해운전자 상해정도
2018093000100326,2018년 9월 30일 16시,일요일,대구광역시 서구 내당동,중상사고,0,3,0,0,차대사람 - 횡단중,신호위반,건조,맑음,단일로 - 기타,승용,남,23세,상해없음,보행자,여,20세,중상
2018093000100399,2018년 9월 30일 18시,일요일,대구광역시 수성구 황금동,경상사고,0,0,1,1,차대차 - 측면충돌,안전운전불이행,건조,맑음,교차로 - 교차로안,승용,여,32세,부상신고,승용,여,55세,경상
2018093000100400,2018년 9월 30일 18시,일요일,대구광역시 달서구 상인동,중상사고,0,1,0,0,차대차 - 추돌,안전운전불이행,건조,맑음,단일로 - 기타,승용,여,60세,중상,승용,남,63세,상해없음
2018093000100401,2018년 9월 30일 18시,일요일,대구광역시 달서구 상인동,경상사고,0,0,4,0,차대차 - 추돌,안전운전불이행,건조,맑음,단일로 - 기타,승용,남,67세,상해없음,승용,남,41세,경상
2018093000100402,2018년 9월 30일 18시,일요일,대구광역시 달성군 구지면,경상사고,0,0,3,0,차대차 - 기타,안전거리미확보,건조,맑음,교차로 - 교차로부근,승용,여,22세,상해없음,승용,남,49세,경상
2018093000100459,2018년 9월 30일 20시,일요일,대구광역시 남구 대명동,경상사고,0,0,1,0,차대사람 - 차도통행중,안전운전불이행,건조,맑음,단일로 - 기타,승용,여,49세,상해없음,보행자,여,52세,경상
2018093000100460,2018년 9월 30일 20시,일요일,대구광역시 동구 신암동,중상사고,0,1,0,0,차대차 - 측면충돌,신호위반,건조,맑음,단일로 - 기타,승용,남,28세,상해없음,이륜,남,29세,중상
2018100100100007,2018년 10월 1일 00시,월요일,대구광역시 남구 봉덕동,중상사고,0,1,0,0,차대차 - 측면충돌,안전운전불이행,건조,맑음,교차로 - 교차로횡단보도내,승용,남,62세,상해없음,개인형이동수단(PM),남,46세,중상
2018100100100022,2018년 10월 1일 02시,월요일,대구광역시 서구 비산동,경상사고,0,0,2,0,차대차 - 추돌,안전운전불이행,건조,맑음,단일로 - 기타,승합,남,56세,경상,승용,남,60세,경상
2018100100100034,2018년 10월 1일 04시,월요일,대구광역시 달서구 도원동,중상사고,0,1,0,0,차대사람 - 횡단중,신호위반,건조,맑음,기타 - 기타,승용,여,55세,상해없음,보행자,남,33세,중상
2018100100100115,2018년 10월 1일 08시,월요일,대구광역시 달서구 송현동,경상사고,0,0,1,0,차대차 - 추돌,안전운전불이행,건조,맑음,단일로 - 기타,승용,여,63세,상해없음,승용,여,47세,경상
2018100100100116,2018년 10월 1일 08시,월요일,대구광역시 달서구 대곡동,경상사고,0,0,2,0,차대차 - 측면충돌,안전거리미확보,건조,맑음,교차로 - 교차로부근,승용,여,48세,상해없음,이륜,남,53세,경상
2018100100100117,2018년 10월 1일 08시,월요일,대구광역시 서구 평리동,부상신고사고,0,0,0,1,차대차 - 측면충돌,중앙선침범,건조,맑음,교차로 - 교차로부근,자전거,남,41세,부상신고,승용,여,28세,상해없음
2018100100100118,2018년 10월 1일 08시,월요일,대구광역시 중구 남산동,경상사고,0,0,1,0,차대차 - 측면충돌,안전운전불이행,젖음/습기,흐림,교차로 - 교차로안,승용,남,51세,상해없음,승용,남,57세,경상
2018100100100119,2018년 10월 1일 08시,월요일,대구광역시 달서구 용산동,중상사고,0,1,0,0,차대차 - 기타,안전운전불이행,건조,맑음,교차로 - 교차로안,승용,남,47세,상해없음,자전거,여,57세,중상
2018100100100193,2018년 10월 1일 10시,월요일,대구광역시 중구 남산동,경상사고,0,0,1,0,차대차 - 측면충돌,차로위반,건조,맑음,단일로 - 기타,승합,남,68세,상해없음,승용,여,31세,경상
2018100100100194,2018년 10월 1일 10시,월요일,대구광역시 남구 대명동,경상사고,0,0,1,0,차량단독 - 기타,안전운전불이행,건조,맑음,단일로 - 기타,승합,남,60세,상해없음,,,,
2018100100100291,2018년 10월 1일 13시,월요일,대구광역시 수성구 두산동,중상사고,0,2,0,0,차대사람 - 횡단중,안전운전불이행,건조,맑음,교차로 - 교차로안,승용,남,52세,상해없음,보행자,여,74세,중상
2018100100100327,2018년 10월 1일 14시,월요일,대구광역시 동구 신암동,경상사고,0,0,5,0,차대차 - 추돌,안전거리미확보,건조,맑음,단일로 - 기타,승용,남,66세,상해없음,승용,남,40세,경상
2018100100100328,2018년 10월 1일 14시,월요일,대구광역시 수성구 만촌동,경상사고,0,0,3,0,차대차 - 추돌,안전거리미확보,건조,맑음,교차로 - 교차로부근,건설기계,남,63세,상해없음,화물,남,56세,경상
2018100100100329,2018년 10월 1일 14시,월요일,대구광역시 수성구 시지동,경상사고,0,0,1,0,차량단독 - 기타,기타,건조,맑음,단일로 - 기타,승합,남,46세,상해없음,,,,
2018100100100330,2018년 10월 1일 14시,월요일,대구광역시 달서구 진천동,경상사고,0,0,2,0,차대차 - 추돌,안전운전불이행,건조,맑음,단일로 - 기타,승용,남,57세,상해없음,승용,남,80세,상해없음
2018100100100331,2018년 10월 1일 14시,월요일,대구광역시 북구 산격동,중상사고,0,1,4,1,차대차 - 추돌,안전운전불이행,건조,맑음,단일로 - 교량,승용,남,70세,부상신고,승용,여,64세,중상
2018100100100332,2018년 10월 1일 14시,월요일,대구광역시 북구 산격동,경상사고,0,0,1,0,차대사람 - 횡단중,보행자보호의무위반,건조,맑음,단일로 - 기타,기타불명,기타불명,미분류,기타불명,보행자,남,61세,경상
2018100100100333,2018년 10월 1일 14시,월요일,대구광역시 서구 중리동,중상사고,0,1,0,0,차대사람 - 기타,안전운전불이행,건조,맑음,교차로 - 교차로부근,화물,남,53세,상해없음,보행자,남,45세,중상
2018100100100334,2018년 10월 1일 14시,월요일,대구광역시 북구 구암동,경상사고,0,0,2,0,차대차 - 기타,안전운전불이행,건조,맑음,단일로 - 기타,승용,여,48세,상해없음,승용,남,35세,기타불명
2018100100100360,2018년 10월 1일 15시,월요일,대구광역시 남구 이천동,부상신고사고,0,0,0,1,차대차 - 측면충돌,안전거리미확보,건조,맑음,단일로 - 기타,이륜,남,67세,부상신고,승용,남,24세,상해없음
2018100100100362,2018년 10월 1일 15시,월요일,대구광역시 북구 구암동,경상사고,0,0,1,0,차대차 - 측면충돌,교차로운행방법위반,건조,맑음,교차로 - 교차로안,승용,남,47세,상해없음,이륜,남,17세,경상
2018100100100401,2018년 10월 1일 16시,월요일,대구광역시 수성구 만촌동,경상사고,0,0,3,0,차대차 - 측면충돌,교차로운행방법위반,건조,맑음,교차로 - 교차로안,승용,남,82세,경상,승용,남,59세,경상
2018100100100402,2018년 10월 1일 16시,월요일,대구광역시 달서구 본동,중상사고,0,1,0,0,차대차 - 측면충돌,안전운전불이행,건조,맑음,단일로 - 기타,승용,남,80세,상해없음,이륜,남,81세,중상
2018100100100403,2018년 10월 1일 16시,월요일,대구광역시 서구 비산동,경상사고,0,0,1,0,차대차 - 측면충돌,안전운전불이행,건조,맑음,교차로 - 교차로안,이륜,남,65세,경상,화물,남,24세,상해없음
2018100100100404,2018년 10월 1일 16시,월요일,대구광역시 서구 평리동,중상사고,0,1,1,0,차대차 - 측면충돌,직진우회전진행방해,건조,맑음,교차로 - 교차로안,승합,남,63세,상해없음,승용,남,29세,경상
2018100100100405,2018년 10월 1일 16시,월요일,대구광역시 북구 관음동,중상사고,0,1,0,0,차대차 - 기타,안전운전불이행,건조,맑음,교차로 - 교차로부근,승합,남,52세,상해없음,승용,남,64세,상해없음
2018100100100449,2018년 10월 1일 17시,월요일,대구광역시 수성구 만촌동,경상사고,0,0,1,0,차대사람 - 기타,안전운전불이행,건조,맑음,교차로 - 교차로안,승용,남,35세,상해없음,보행자,여,1세,경상
2018100100100450,2018년 10월 1일 17시,월요일,대구광역시 달성군 화원읍,중상사고,0,3,0,0,차대차 - 기타,교차로운행방법위반,건조,맑음,교차로 - 교차로안,승용,남,45세,상해없음,승용,여,62세,중상
2018100100100451,2018년 10월 1일 17시,월요일,대구광역시 북구 노원동3가,경상사고,0,0,1,0,차대차 - 추돌,안전운전불이행,건조,맑음,단일로 - 기타,승합,남,57세,상해없음,승용,남,29세,경상
2018100100100452,2018년 10월 1일 17시,월요일,대구광역시 북구 산격동,경상사고,0,0,1,0,차대차 - 측면충돌,신호위반,건조,맑음,단일로 - 기타,화물,남,57세,상해없음,승용,남,51세,경상
2018100100100495,2018년 10월 1일 18시,월요일,대구광역시 수성구 수성동1가,경상사고,0,0,1,0,차대차 - 측면충돌,신호위반,건조,맑음,교차로 - 교차로안,승용,남,76세,상해없음,화물,남,56세,경상
2018100100100496,2018년 10월 1일 18시,월요일,대구광역시 달서구 두류동,중상사고,0,1,0,0,차대차 - 기타,교차로운행방법위반,건조,기타,교차로 - 교차로안,승용,여,30세,상해없음,이륜,남,61세,중상
2018100100100534,2018년 10월 1일 19시,월요일,대구광역시 동구 신암동,부상신고사고,0,0,0,1,차대사람 - 길가장자리구역통행중,안전운전불이행,건조,맑음,단일로 - 기타,승용,남,45세,상해없음,보행자,남,44세,부상신고
2018100100100535,2018년 10월 1일 19시,월요일,대구광역시 수성구 지산동,경상사고,0,0,1,0,차대사람 - 기타,안전운전불이행,건조,맑음,단일로 - 기타,승용,남,61세,상해없음,보행자,여,31세,경상
2018100100100536,2018년 10월 1일 19시,월요일,대구광역시 달서구 상인동,부상신고사고,0,0,0,1,차대차 - 측면충돌,안전운전불이행,건조,맑음,단일로 - 기타,이륜,남,25세,부상신고,승용,남,56세,상해없음
2018100100100537,2018년 10월 1일 19시,월요일,대구광역시 북구 읍내동,경상사고,0,0,1,0,차대차 - 기타,안전운전불이행,건조,맑음,단일로 - 기타,화물,남,48세,상해없음,승용,남,43세,경상
2018100100100561,2018년 10월 1일 20시,월요일,대구광역시 달성군 현풍읍,중상사고,0,1,0,0,차대차 - 기타,안전운전불이행,건조,맑음,단일로 - 기타,승용,남,35세,상해없음,이륜,남,36세,중상
2018100100100562,2018년 10월 1일 20시,월요일,대구광역시 달서구 용산동,경상사고,0,0,1,0,차대사람 - 횡단중,안전운전불이행,건조,맑음,단일로 - 기타,승용,남,26세,상해없음,보행자,여,39세,경상
2018100100100587,2018년 10월 1일 21시,월요일,대구광역시 동구 신암동,중상사고,0,1,0,0,차대사람 - 횡단중,안전운전불이행,건조,맑음,단일로 - 기타,승용,여,58세,상해없음,보행자,여,82세,중상
2018100100100588,2018년 10월 1일 21시,월요일,대구광역시 달서구 상인동,경상사고,0,0,1,0,차대차 - 측면충돌,불법유턴,건조,맑음,교차로 - 교차로안,승용,여,41세,상해없음,승용,여,38세,경상
2018100100100589,2018년 10월 1일 21시,월요일,대구광역시 중구 남일동,경상사고,0,0,1,0,차대차 - 측면충돌,안전거리미확보,건조,맑음,단일로 - 기타,승용,여,51세,상해없음,승용,남,57세,경상
2018100100100603,2018년 10월 1일 22시,월요일,대구광역시 달성군 현풍읍,경상사고,0,0,3,0,차대차 - 측면충돌,안전운전불이행,건조,맑음,교차로 - 교차로안,이륜,남,16세,상해없음,승용,남,19세,경상
2018100200100006,2018년 10월 2일 00시,화요일,대구광역시 서구 비산동,경상사고,0,0,1,0,차대차 - 측면충돌,교차로운행방법위반,건조,맑음,교차로 - 교차로안,이륜,남,53세,상해없음,이륜,남,50세,경상
2018100200100017,2018년 10월 2일 01시,화요일,대구광역시 서구 평리동,경상사고,0,0,1,0,차대차 - 추돌,안전운전불이행,건조,맑음,단일로 - 기타,이륜,남,33세,경상,승용,남,70세,상해없음
2018100200100024,2018년 10월 2일 02시,화요일,대구광역시 수성구 수성동2가,경상사고,0,0,1,0,차대차 - 추돌,안전운전불이행,건조,맑음,단일로 - 기타,승용,남,49세,상해없음,승용,남,25세,경상
2018100200100060,2018년 10월 2일 06시,화요일,대구광역시 북구 국우동,중상사고,0,1,0,0,차량단독 - 공작물충돌,안전운전불이행,건조,맑음,단일로 - 기타,승용,여,57세,중상,,,,
2018100200100128,2018년 10월 2일 08시,화요일,대구광역시 남구 봉덕동,중상사고,0,1,2,0,차대차 - 추돌,안전거리미확보,건조,맑음,단일로 - 기타,승용,남,39세,상해없음,승용,남,37세,경상
2018100200100129,2018년 10월 2일 08시,화요일,대구광역시 수성구 범물동,중상사고,0,2,0,0,차대차 - 추돌,안전운전불이행,건조,맑음,교차로 - 교차로부근,승합,남,65세,상해없음,승용,남,58세,중상
2018100200100130,2018년 10월 2일 08시,화요일,대구광역시 서구 평리동,중상사고,0,2,1,0,차대차 - 추돌,안전운전불이행,건조,맑음,단일로 - 기타,승용,여,42세,상해없음,승용,남,46세,중상
2018100200100131,2018년 10월 2일 08시,화요일,대구광역시 달서구 용산동,경상사고,0,0,3,0,차대차 - 추돌,안전운전불이행,건조,맑음,교차로 - 교차로안,승합,남,47세,상해없음,승용,남,60세,경상
2018100200100243,2018년 10월 2일 11시,화요일,대구광역시 달서구 장동,경상사고,0,0,1,0,차대차 - 측면충돌,차로위반,건조,맑음,단일로 - 기타,승용,남,40세,상해없음,승용,남,48세,경상
2018100200100275,2018년 10월 2일 12시,화요일,대구광역시 동구 신암동,경상사고,0,0,1,0,차대사람 - 기타,안전운전불이행,건조,맑음,단일로 - 기타,승용,남,46세,상해없음,보행자,남,49세,경상
2018100200100276,2018년 10월 2일 12시,화요일,대구광역시 중구 동인동2가,경상사고,0,0,2,0,차대차 - 추돌,안전운전불이행,건조,맑음,단일로 - 기타,승용,남,24세,상해없음,승용,여,26세,경상
2018100200100277,2018년 10월 2일 12시,화요일,대구광역시 북구 읍내동,경상사고,0,0,1,0,차대차 - 추돌,안전운전불이행,건조,맑음,단일로 - 기타,승용,남,58세,상해없음,승용,남,24세,경상
2018100200100306,2018년 10월 2일 13시,화요일,대구광역시 남구 봉덕동,경상사고,0,0,4,0,차대차 - 측면충돌,안전거리미확보,건조,맑음,교차로 - 교차로부근,승용,남,21세,경상,승용,남,68세,경상
2018100200100346,2018년 10월 2일 14시,화요일,대구광역시 수성구 만촌동,경상사고,0,0,2,0,차대차 - 측면충돌,신호위반,건조,맑음,교차로 - 교차로안,승용,남,44세,상해없음,승용,남,61세,경상
2018100200100373,2018년 10월 2일 15시,화요일,대구광역시 동구 도동,사망사고,1,0,0,0,차대사람 - 기타,안전운전불이행,건조,맑음,교차로 - 교차로횡단보도내,승용,여,43세,상해없음,보행자,남,45세,사망
2018100200100374,2018년 10월 2일 15시,화요일,대구광역시 달성군 다사읍,중상사고,0,1,1,0,차대차 - 측면충돌,안전운전불이행,건조,맑음,교차로 - 교차로부근,이륜,남,18세,중상,승용,남,55세,경상
2018100200100375,2018년 10월 2일 15시,화요일,대구광역시 북구 태전동,중상사고,0,3,1,1,차대차 - 측면충돌,안전운전불이행,건조,맑음,단일로 - 기타,승용,남,68세,부상신고,승용,남,64세,중상
2018100200100416,2018년 10월 2일 16시,화요일,대구광역시 중구 삼덕동1가,경상사고,0,0,1,0,차대차 - 측면충돌,안전거리미확보,건조,맑음,단일로 - 기타,승용,남,23세,상해없음,승용,남,55세,경상
2018100200100507,2018년 10월 2일 18시,화요일,대구광역시 수성구 황금동,경상사고,0,0,1,0,차대차 - 정면충돌,불법유턴,건조,맑음,단일로 - 기타,승용,여,49세,상해없음,승용,남,54세,경상
2018100200100508,2018년 10월 2일 18시,화요일,대구광역시 북구 산격동,경상사고,0,0,1,0,차대사람 - 기타,안전운전불이행,건조,맑음,단일로 - 기타,승용,남,40세,상해없음,보행자,남,34세,경상
2018100200100509,2018년 10월 2일 18시,화요일,대구광역시 서구 평리동,중상사고,0,1,0,0,차대사람 - 기타,안전운전불이행,건조,맑음,단일로 - 기타,승용,남,22세,상해없음,보행자,여,68세,중상
2018100200100510,2018년 10월 2일 18시,화요일,대구광역시 서구 비산동,경상사고,0,0,1,0,차대차 - 측면충돌,안전운전불이행,건조,맑음,교차로 - 교차로부근,승용,여,51세,상해없음,승용,남,24세,경상
2018100200100511,2018년 10월 2일 18시,화요일,대구광역시 북구 태전동,경상사고,0,0,1,0,차대차 - 기타,안전운전불이행,건조,맑음,단일로 - 기타,이륜,남,48세,상해없음,승합,남,57세,상해없음
2018100200100556,2018년 10월 2일 19시,화요일,대구광역시 달서구 대천동,경상사고,0,0,1,0,차대차 - 측면충돌,신호위반,건조,맑음,교차로 - 교차로안,승용,남,30세,상해없음,승용,남,43세,경상
2018100200100557,2018년 10월 2일 19시,화요일,대구광역시 달성군 유가읍,중상사고,0,1,0,0,차대차 - 측면충돌,안전운전불이행,건조,맑음,단일로 - 기타,승용,여,42세,상해없음,자전거,여,64세,중상
2018100200100558,2018년 10월 2일 19시,화요일,대구광역시 달성군 다사읍,중상사고,0,1,0,0,차대차 - 기타,안전운전불이행,건조,맑음,교차로 - 교차로안,승용,남,37세,상해없음,이륜,남,26세,중상
2018100200100559,2018년 10월 2일 19시,화요일,대구광역시 중구 공평동,경상사고,0,0,1,0,차대사람 - 길가장자리구역통행중,안전운전불이행,건조,맑음,단일로 - 기타,승용,여,57세,상해없음,보행자,여,28세,경상
2018100200100560,2018년 10월 2일 19시,화요일,대구광역시 북구 태전동,경상사고,0,0,1,0,차대차 - 측면충돌,안전운전불이행,건조,맑음,교차로 - 교차로안,승합,여,37세,상해없음,승용,남,26세,경상
2018100200100600,2018년 10월 2일 20시,화요일,대구광역시 북구 태전동,중상사고,0,1,0,0,차대차 - 기타,교차로운행방법위반,건조,맑음,교차로 - 교차로안,승용,여,55세,상해없음,이륜,남,25세,중상
2018100200100630,2018년 10월 2일 21시,화요일,대구광역시 달성군 가창면,경상사고,0,0,1,0,차량단독 - 전도전복 - 전도,안전운전불이행,건조,맑음,단일로 - 기타,자전거,남,33세,경상,미분류,미분류,미분류,미분류
2018100200100659,2018년 10월 2일 22시,화요일,대구광역시 남구 대명동,중상사고,0,4,0,1,차대차 - 측면충돌,신호위반,건조,맑음,교차로 - 교차로안,승용,남,66세,부상신고,승용,여,49세,중상
2018100200100683,2018년 10월 2일 23시,화요일,대구광역시 중구 태평로1가,중상사고,0,1,0,0,차대사람 - 횡단중,안전운전불이행,건조,맑음,단일로 - 기타,승용,남,68세,상해없음,보행자,남,78세,중상
2018100200100684,2018년 10월 2일 23시,화요일,대구광역시 중구 대봉동,부상신고사고,0,0,0,1,차대차 - 정면충돌,안전운전불이행,건조,맑음,교차로 - 교차로안,이륜,남,43세,부상신고,승용,남,65세,상해없음
2018100200100685,2018년 10월 2일 23시,화요일,대구광역시 중구 시장북로,중상사고,0,2,2,0,차대차 - 측면충돌,신호위반,건조,맑음,교차로 - 교차로안,승용,남,64세,상해없음,승용,남,50세,경상
2018100300100033,2018년 10월 3일 01시,수요일,대구광역시 달서구 파호동,중상사고,0,2,0,0,차대차 - 정면충돌,교차로운행방법위반,건조,맑음,교차로 - 교차로안,승용,남,45세,상해없음,승용,남,52세,중상
2018100300100052,2018년 10월 3일 02시,수요일,대구광역시 중구 태평로1가,중상사고,0,1,0,0,차대차 - 측면충돌,신호위반,건조,맑음,단일로 - 기타,승용,남,33세,상해없음,이륜,남,29세,중상
2018100300100123,2018년 10월 3일 07시,수요일,대구광역시 동구 미곡동,부상신고사고,0,0,0,1,차대차 - 측면충돌,불법유턴,건조,맑음,교차로 - 교차로횡단보도내,이륜,남,79세,부상신고,화물,여,70세,상해없음
2018100300100192,2018년 10월 3일 10시,수요일,대구광역시 서구 비산동,경상사고,0,0,2,0,차대차 - 추돌,안전거리미확보,건조,맑음,단일로 - 기타,화물,남,35세,상해없음,승용,남,63세,경상
2018100300100193,2018년 10월 3일 10시,수요일,대구광역시 달서구 두류동,경상사고,0,0,1,0,차대차 - 측면충돌,안전운전불이행,건조,맑음,기타 - 기타,승용,남,56세,상해없음,자전거,남,71세,경상
2018100300100214,2018년 10월 3일 11시,수요일,대구광역시 수성구 고모동,경상사고,0,0,1,0,차량단독 - 공작물충돌,안전운전불이행,건조,맑음,단일로 - 기타,승용,여,69세,경상,,,,
2018100300100236,2018년 10월 3일 12시,수요일,대구광역시 동구 지묘동,경상사고,0,0,1,0,차대차 - 측면충돌,안전운전불이행,건조,맑음,단일로 - 기타,승용,남,56세,상해없음,자전거,남,33세,경상
2018100300100237,2018년 10월 3일 12시,수요일,대구광역시 수성구 황금동,중상사고,0,1,0,0,차대차 - 측면충돌,안전운전불이행,건조,맑음,교차로 - 교차로횡단보도내,화물,남,61세,상해없음,자전거,남,90세 이상,중상
2018100300100238,2018년 10월 3일 12시,수요일,대구광역시 수성구 지산동,경상사고,0,0,1,0,차대사람 - 기타,안전운전불이행,건조,맑음,단일로 - 기타,승용,남,38세,상해없음,보행자,여,35세,경상
2018100300100279,2018년 10월 3일 13시,수요일,대구광역시 달서구 송현동,경상사고,0,0,1,0,차대차 - 측면충돌,안전거리미확보,건조,맑음,단일로 - 기타,승용,남,63세,상해없음,이륜,남,17세,경상
2018100300100312,2018년 10월 3일 14시,수요일,대구광역시 수성구 상동,중상사고,0,1,0,0,차대차 - 기타,안전운전불이행,건조,맑음,단일로 - 기타,승용,남,32세,상해없음,자전거,여,48세,중상
2018100300100313,2018년 10월 3일 14시,수요일,대구광역시 달서구 성당동,부상신고사고,0,0,0,1,차대사람 - 횡단중,안전운전불이행,건조,맑음,교차로 - 교차로횡단보도내,승용,남,46세,상해없음,보행자,남,48세,부상신고
2018100300100314,2018년 10월 3일 14시,수요일,대구광역시 달서구 용산동,중상사고,0,1,1,0,차대차 - 측면충돌,안전운전불이행,건조,맑음,기타 - 기타,승용,여,61세,상해없음,이륜,남,22세,중상
2018100300100430,2018년 10월 3일 17시,수요일,대구광역시 중구 종로1가,경상사고,0,0,1,0,차대사람 - 기타,안전운전불이행,건조,맑음,단일로 - 기타,승용,남,52세,상해없음,보행자,남,58세,경상
2018100300100470,2018년 10월 3일 18시,수요일,대구광역시 동구 신천동,경상사고,0,0,2,0,차대차 - 측면충돌,안전운전불이행,건조,맑음,단일로 - 기타,이륜,남,45세,경상,승용,여,44세,경상
2018100300100471,2018년 10월 3일 18시,수요일,대구광역시 달서구 상인동,중상사고,0,1,0,0,차량단독 - 기타,기타,건조,맑음,단일로 - 기타,승합,남,39세,상해없음,,,,
2018100300100472,2018년 10월 3일 18시,수요일,대구광역시 달서구 두류동,중상사고,0,1,0,0,차대차 - 측면충돌,안전운전불이행,건조,맑음,단일로 - 기타,승용,남,33세,상해없음,자전거,남,53세,중상
2018100300100506,2018년 10월 3일 19시,수요일,대구광역시 동구 방촌동,경상사고,0,0,1,0,차대차 - 측면충돌,안전거리미확보,건조,맑음,단일로 - 기타,승용,여,44세,기타불명,승합,남,40세,상해없음
2018100300100507,2018년 10월 3일 19시,수요일,대구광역시 달성군 유가읍,경상사고,0,0,1,0,차대차 - 추돌,안전운전불이행,건조,맑음,교차로 - 교차로부근,승용,남,51세,상해없음,승용,여,43세,경상
2018100300100526,2018년 10월 3일 20시,수요일,대구광역시 수성구 만촌동,중상사고,0,1,0,0,차대차 - 추돌,안전운전불이행,건조,맑음,교차로 - 교차로부근,승용,여,70세,상해없음,승용,여,29세,중상
2018100300100527,2018년 10월 3일 20시,수요일,대구광역시 수성구 사월동,부상신고사고,0,0,0,1,차대차 - 측면충돌,신호위반,건조,맑음,교차로 - 교차로안,원동기,남,21세,부상신고,승용,여,34세,상해없음
2018100300100528,2018년 10월 3일 20시,수요일,대구광역시 달서구 유천동,경상사고,0,0,1,0,차대차 - 측면충돌,신호위반,건조,맑음,교차로 - 교차로안,승용,남,60세,기타불명,이륜,남,23세,경상
2018100300100545,2018년 10월 3일 21시,수요일,대구광역시 수성구 두산동,중상사고,0,1,0,0,차대사람 - 기타,안전운전불이행,건조,맑음,단일로 - 기타,승용,여,56세,상해없음,보행자,여,54세,중상
2018100300100560,2018년 10월 3일 22시,수요일,대구광역시 수성구 매호동,경상사고,0,0,1,0,차대차 - 기타,기타,건조,맑음,단일로 - 기타,자전거,남,73세,경상,승용,남,52세,상해없음
2018100300100561,2018년 10월 3일 22시,수요일,대구광역시 달서구 용산동,경상사고,0,0,2,0,차대차 - 후진중충돌,안전운전불이행,건조,맑음,단일로 - 기타,승용,남,55세,상해없음,승용,남,33세,경상
2018100300100571,2018년 10월 3일 23시,수요일,대구광역시 북구 동천동,중상사고,0,1,0,0,차대차 - 측면충돌,안전운전불이행,건조,맑음,단일로 - 기타,승용,남,48세,상해없음,이륜,남,17세,중상
2018100400100011,2018년 10월 4일 00시,목요일,대구광역시 동구 지저동,경상사고,0,0,1,0,차대차 - 측면충돌,안전거리미확보,건조,맑음,단일로 - 기타,승합,남,64세,상해없음,승용,여,49세,경상
2018100400100012,2018년 10월 4일 00시,목요일,대구광역시 달서구 상인동,경상사고,0,0,4,0,차대차 - 측면충돌,직진우회전진행방해,건조,맑음,교차로 - 교차로안,승용,여,21세,상해없음,승용,남,18세,경상
2018100400100013,2018년 10월 4일 00시,목요일,대구광역시 달서구 용산동,경상사고,0,0,1,0,차대사람 - 횡단중,보행자보호의무위반,건조,맑음,교차로 - 교차로안,승용,여,48세,상해없음,보행자,남,26세,경상
2018100400100033,2018년 10월 4일 03시,목요일,대구광역시 중구 대봉동,중상사고,0,1,0,0,차대차 - 정면충돌,신호위반,건조,맑음,교차로 - 교차로안,승용,여,45세,상해없음,승용,남,66세,중상
2018100400100065,2018년 10월 4일 06시,목요일,대구광역시 남구 대명동,경상사고,0,0,2,0,차대차 - 측면충돌,안전거리미확보,건조,맑음,단일로 - 기타,화물,남,23세,상해없음,승용,여,58세,경상
2018100400100088,2018년 10월 4일 07시,목요일,대구광역시 수성구 시지동,경상사고,0,0,1,0,차대차 - 추돌,안전운전불이행,건조,맑음,단일로 - 기타,승용,남,79세,상해없음,승용,여,45세,경상
2018100400100089,2018년 10월 4일 07시,목요일,대구광역시 북구 침산동,경상사고,0,0,2,0,차대차 - 측면충돌,안전운전불이행,건조,맑음,교차로 - 교차로횡단보도내,승용,남,48세,상해없음,자전거,남,47세,경상
2018100400100140,2018년 10월 4일 08시,목요일,대구광역시 동구 용계동,중상사고,0,1,0,0,차대차 - 측면충돌,안전운전불이행,건조,맑음,교차로 - 교차로부근,자전거,남,75세,중상,승용,남,34세,상해없음
2018100400100141,2018년 10월 4일 08시,목요일,대구광역시 북구 검단동,경상사고,0,0,1,0,차대차 - 측면충돌,안전운전불이행,건조,맑음,교차로 - 교차로안,자전거,남,22세,경상,승용,여,46세,상해없음
2018100400100142,2018년 10월 4일 08시,목요일,대구광역시 북구 산격동,중상사고,0,1,0,0,차대사람 - 횡단중,신호위반,건조,맑음,교차로 - 교차로안,화물,남,63세,상해없음,보행자,남,70세,중상
2018100400100187,2018년 10월 4일 09시,목요일,대구광역시 북구 칠성동1가,중상사고,0,1,0,0,차대사람 - 기타,기타,건조,맑음,단일로 - 기타,승합,남,47세,상해없음,보행자,여,64세,중상
2018100400100232,2018년 10월 4일 10시,목요일,대구광역시 서구 원대동1가,경상사고,0,0,1,0,차대사람 - 길가장자리구역통행중,기타,건조,맑음,단일로 - 기타,화물,남,60세,상해없음,보행자,남,21세,경상
2018100400100264,2018년 10월 4일 11시,목요일,대구광역시 수성구 범물동,경상사고,0,0,2,0,차대차 - 추돌,안전거리미확보,건조,맑음,교차로 - 교차로안,승용,남,28세,상해없음,승용,남,76세,경상
2018100400100297,2018년 10월 4일 12시,목요일,대구광역시 수성구 만촌동,경상사고,0,0,4,0,차대차 - 추돌,안전운전불이행,건조,맑음,단일로 - 기타,승용,남,48세,경상,승용,여,48세,경상