사고번호,사고일시,요일,시군구,사고내용,사망자수,중상자수,경상자수,부상신고자수,사고유형,법규위반,노면상태,기상상태,도로형태,가해운전자 차종,가해운전자 성별,가해운전자 연령,가해운전자 상해정도,피해운전자 차종,피해운전자 성별,피해운전자 연령,피해운전자 상해정도
2018100400100298,2018년 10월 4일 12시,목요일,대구광역시 서구 내당동,중상사고,0,1,2,0,차대차 - 추돌,안전거리미확보,건조,맑음,단일로 - 기타,승용,여,49세,상해없음,승용,남,53세,경상
2018100400100328,2018년 10월 4일 13시,목요일,대구광역시 남구 대명동,중상사고,0,1,0,0,차대사람 - 횡단중,신호위반,건조,맑음,단일로 - 기타,승용,여,57세,상해없음,보행자,여,18세,중상
2018100400100329,2018년 10월 4일 13시,목요일,대구광역시 달서구 진천동,중상사고,0,1,0,0,차대차 - 측면충돌,직진우회전진행방해,건조,맑음,교차로 - 교차로안,승용,남,33세,상해없음,이륜,남,21세,중상
2018100400100330,2018년 10월 4일 13시,목요일,대구광역시 중구 동인동1가,경상사고,0,0,2,0,차대차 - 추돌,안전운전불이행,건조,맑음,단일로 - 기타,승용,남,49세,상해없음,승용,남,46세,경상
2018100400100369,2018년 10월 4일 14시,목요일,대구광역시 남구 대명동,사망사고,1,0,0,0,차대차 - 측면충돌,안전운전불이행,건조,맑음,교차로 - 교차로횡단보도내,승용,남,57세,상해없음,자전거,남,73세,사망
2018100400100370,2018년 10월 4일 14시,목요일,대구광역시 남구 대명동,경상사고,0,0,2,0,차대차 - 측면충돌,안전거리미확보,건조,맑음,단일로 - 기타,승용,여,25세,경상,승용,여,42세,경상
2018100400100371,2018년 10월 4일 14시,목요일,대구광역시 달서구 본리동,경상사고,0,0,1,0,차대차 - 측면충돌,차로위반,건조,맑음,단일로 - 기타,승용,남,59세,상해없음,이륜,남,27세,경상
2018100400100402,2018년 10월 4일 15시,목요일,대구광역시 동구 신암동,경상사고,0,0,1,0,차대사람 - 횡단중,기타,건조,맑음,기타 - 기타,화물,남,40세,상해없음,보행자,남,87세,경상
2018100400100403,2018년 10월 4일 15시,목요일,대구광역시 달서구 용산동,중상사고,0,1,0,0,차대차 - 기타,안전운전불이행,건조,맑음,교차로 - 교차로부근,승용,남,71세,상해없음,이륜,남,25세,중상
2018100400100432,2018년 10월 4일 16시,목요일,대구광역시 남구 봉덕동,중상사고,0,1,0,0,차대사람 - 횡단중,보행자보호의무위반,건조,맑음,교차로 - 교차로횡단보도내,승용,여,60세,상해없음,보행자,남,66세,중상
2018100400100433,2018년 10월 4일 16시,목요일,대구광역시 수성구 수성동4가,경상사고,0,0,1,0,차대차 - 측면충돌,안전운전불이행,건조,맑음,단일로 - 기타,화물,남,24세,상해없음,이륜,남,25세,경상
2018100400100434,2018년 10월 4일 16시,목요일,대구광역시 북구 침산동,경상사고,0,0,1,0,차대차 - 측면충돌,직진우회전진행방해,건조,맑음,교차로 - 교차로안,이륜,남,37세,경상,승용,남,53세,상해없음
2018100400100470,2018년 10월 4일 17시,목요일,대구광역시 동구 괴전동,부상신고사고,0,0,0,1,차대사람 - 기타,안전운전불이행,건조,맑음,단일로 - 기타,승합,남,45세,상해없음,보행자,남,89세,부상신고
2018100400100471,2018년 10월 4일 17시,목요일,대구광역시 수성구 범어동,경상사고,0,0,2,0,차대차 - 측면충돌,직진우회전진행방해,건조,맑음,교차로 - 교차로안,이륜,남,27세,경상,승용,남,58세,경상
2018100400100532,2018년 10월 4일 18시,목요일,대구광역시 중구 남산동,경상사고,0,0,3,0,차대차 - 측면충돌,안전운전불이행,건조,맑음,단일로 - 기타,승용,남,63세,상해없음,승용,여,46세,경상
2018100400100533,2018년 10월 4일 18시,목요일,대구광역시 중구 인교동,경상사고,0,0,1,0,차대사람 - 횡단중,보행자보호의무위반,건조,맑음,교차로 - 교차로안,승용,남,78세,상해없음,보행자,남,41세,경상
2018100400100534,2018년 10월 4일 18시,목요일,대구광역시 달서구 감삼동,경상사고,0,0,1,0,차대차 - 측면충돌,차로위반,건조,맑음,단일로 - 기타,화물,남,61세,상해없음,화물,남,56세,경상
2018100400100581,2018년 10월 4일 19시,목요일,대구광역시 수성구 범어동,중상사고,0,1,0,0,차대차 - 추돌,안전거리미확보,건조,맑음,단일로 - 기타,승용,남,53세,상해없음,승용,여,49세,중상
2018100400100582,2018년 10월 4일 19시,목요일,대구광역시 달성군 다사읍,경상사고,0,0,1,0,차대차 - 기타,안전운전불이행,건조,흐림,단일로 - 기타,승용,남,42세,상해없음,승용,여,52세,경상
2018100400100583,2018년 10월 4일 19시,목요일,대구광역시 달서구 이곡동,경상사고,0,0,2,0,차대차 - 후진중충돌,안전운전불이행,건조,맑음,단일로 - 기타,승용,남,58세,상해없음,이륜,남,20세,경상
2018100400100584,2018년 10월 4일 19시,목요일,대구광역시 북구 서변동,중상사고,0,1,1,0,차대차 - 추돌,안전거리미확보,건조,맑음,단일로 - 기타,승용,남,50세,상해없음,승용,남,27세,중상
2018100400100626,2018년 10월 4일 20시,목요일,대구광역시 달서구 본리동,경상사고,0,0,1,0,차대차 - 측면충돌,불법유턴,건조,흐림,단일로 - 기타,화물,남,65세,상해없음,승용,남,26세,경상
2018100400100627,2018년 10월 4일 20시,목요일,대구광역시 달서구 이곡동,경상사고,0,0,5,0,차대차 - 측면충돌,교차로운행방법위반,건조,맑음,교차로 - 교차로안,화물,남,41세,상해없음,승용,남,19세,경상
2018100400100663,2018년 10월 4일 21시,목요일,대구광역시 남구 대명동,경상사고,0,0,1,0,차대차 - 추돌,안전운전불이행,건조,맑음,단일로 - 기타,이륜,남,41세,상해없음,승용,여,58세,경상
2018100400100695,2018년 10월 4일 22시,목요일,대구광역시 수성구 두산동,부상신고사고,0,0,0,1,차량단독 - 기타,안전운전불이행,젖음/습기,비,교차로 - 교차로부근,이륜,남,38세,부상신고,,,,
2018100400100696,2018년 10월 4일 22시,목요일,대구광역시 수성구 지산동,중상사고,0,1,0,0,차대사람 - 횡단중,안전운전불이행,건조,맑음,단일로 - 기타,승용,남,23세,상해없음,보행자,여,15세,중상
2018100400100697,2018년 10월 4일 22시,목요일,대구광역시 달서구 상인동,경상사고,0,0,1,0,차대사람 - 횡단중,안전운전불이행,젖음/습기,비,단일로 - 기타,승용,여,25세,상해없음,보행자,남,69세,경상
2018100400100698,2018년 10월 4일 22시,목요일,대구광역시 달서구 본동,경상사고,0,0,1,0,차대차 - 측면충돌,안전운전불이행,젖음/습기,흐림,교차로 - 교차로부근,이륜,남,18세,상해없음,승용,여,42세,경상
2018100400100722,2018년 10월 4일 23시,목요일,대구광역시 동구 신기동,경상사고,0,0,1,0,차대차 - 측면충돌,교차로운행방법위반,건조,맑음,교차로 - 교차로안,승용,남,67세,상해없음,자전거,남,43세,경상
2018100400100723,2018년 10월 4일 23시,목요일,대구광역시 동구 봉무동,중상사고,0,1,0,0,차대차 - 기타,안전거리미확보,젖음/습기,비,단일로 - 기타,승용,여,44세,상해없음,이륜,남,19세,중상
2018100400100724,2018년 10월 4일 23시,목요일,대구광역시 동구 각산동,경상사고,0,0,2,0,차대차 - 측면충돌,안전운전불이행,건조,맑음,기타 - 기타,승용,남,48세,경상,승용,남,57세,경상
2018100400100725,2018년 10월 4일 23시,목요일,대구광역시 달성군 유가읍,경상사고,0,0,1,0,차대차 - 정면충돌,신호위반,젖음/습기,비,교차로 - 교차로안,승용,남,43세,상해없음,승용,여,40세,경상
2018100500100015,2018년 10월 5일 00시,금요일,대구광역시 남구 대명동,중상사고,0,1,0,0,차대사람 - 기타,안전운전불이행,건조,맑음,단일로 - 기타,승용,남,60세,상해없음,보행자,여,69세,중상
2018100500100017,2018년 10월 5일 00시,금요일,대구광역시 달서구 월성동,경상사고,0,0,3,1,차대차 - 측면충돌,안전거리미확보,젖음/습기,비,교차로 - 교차로안,승용,남,64세,경상,승용,남,39세,경상
2018100500100034,2018년 10월 5일 02시,금요일,대구광역시 수성구 상동,경상사고,0,0,1,0,차대차 - 추돌,안전운전불이행,건조,맑음,교차로 - 교차로부근,승용,여,45세,상해없음,승용,여,39세,경상
2018100500100035,2018년 10월 5일 02시,금요일,대구광역시 달서구 송현동,경상사고,0,0,1,0,차대차 - 측면충돌,안전거리미확보,젖음/습기,비,단일로 - 기타,승용,남,53세,상해없음,승용,남,62세,경상
2018100500100055,2018년 10월 5일 04시,금요일,대구광역시 달서구 감삼동,경상사고,0,0,1,0,차대차 - 측면충돌,안전운전불이행,젖음/습기,비,단일로 - 기타,화물,남,68세,상해없음,화물,남,52세,경상
2018100500100067,2018년 10월 5일 05시,금요일,대구광역시 수성구 황금동,중상사고,0,1,0,0,차대사람 - 횡단중,신호위반,젖음/습기,비,교차로 - 교차로횡단보도내,승용,남,53세,상해없음,보행자,여,72세,중상
2018100500100068,2018년 10월 5일 05시,금요일,대구광역시 달서구 이곡동,중상사고,0,1,0,0,차대사람 - 차도통행중,안전운전불이행,젖음/습기,비,교차로 - 교차로부근,화물,남,77세,상해없음,보행자,여,62세,중상
2018100500100082,2018년 10월 5일 06시,금요일,대구광역시 수성구 만촌동,중상사고,0,1,0,0,차량단독 - 기타,기타,건조,맑음,단일로 - 지하차도(도로)내,승합,남,58세,상해없음,,,,
2018100500100083,2018년 10월 5일 06시,금요일,대구광역시 북구 동변동,경상사고,0,0,1,0,차대사람 - 횡단중,보행자보호의무위반,젖음/습기,비,단일로 - 기타,승용,여,60세,상해없음,보행자,남,67세,경상
2018100500100109,2018년 10월 5일 07시,금요일,대구광역시 수성구 범어동,경상사고,0,0,2,0,차대차 - 측면충돌,직진우회전진행방해,젖음/습기,비,교차로 - 교차로안,승용,여,43세,상해없음,승용,여,44세,경상
2018100500100149,2018년 10월 5일 08시,금요일,대구광역시 동구 신암동,경상사고,0,0,1,0,차대사람 - 횡단중,보행자보호의무위반,젖음/습기,흐림,교차로 - 교차로횡단보도내,승용,남,63세,상해없음,보행자,남,15세,경상
2018100500100150,2018년 10월 5일 08시,금요일,대구광역시 북구 대현동,경상사고,0,0,1,0,차대차 - 기타,안전거리미확보,건조,맑음,단일로 - 기타,승용,남,65세,상해없음,승용,여,46세,경상
2018100500100151,2018년 10월 5일 08시,금요일,대구광역시 수성구 이천동,중상사고,0,1,2,0,차대차 - 추돌,안전운전불이행,건조,맑음,단일로 - 기타,승용,남,30세,상해없음,승용,남,41세,중상
2018100500100152,2018년 10월 5일 08시,금요일,대구광역시 중구 동산동,경상사고,0,0,1,0,차대차 - 측면충돌,안전운전불이행,건조,맑음,교차로 - 교차로부근,승용,남,83세,상해없음,승용,여,51세,경상
2018100500100153,2018년 10월 5일 08시,금요일,대구광역시 북구 구암동,중상사고,0,1,0,1,차대차 - 측면충돌,안전거리미확보,젖음/습기,흐림,교차로 - 교차로부근,화물,남,43세,상해없음,승용,남,38세,중상
2018100500100260,2018년 10월 5일 11시,금요일,대구광역시 북구 읍내동,경상사고,0,0,1,0,차대사람 - 횡단중,안전운전불이행,젖음/습기,비,교차로 - 교차로횡단보도내,화물,남,44세,상해없음,보행자,남,48세,경상
2018100500100334,2018년 10월 5일 13시,금요일,대구광역시 달성군 옥포읍,경상사고,0,0,1,0,차대차 - 기타,안전운전불이행,젖음/습기,비,단일로 - 기타,승용,남,25세,상해없음,승용,남,54세,경상
2018100500100335,2018년 10월 5일 13시,금요일,대구광역시 서구 중리동,중상사고,0,1,3,0,차대차 - 추돌,안전운전불이행,건조,맑음,단일로 - 기타,승용,남,59세,상해없음,승용,남,69세,경상
2018100500100336,2018년 10월 5일 13시,금요일,대구광역시 중구 남산동,중상사고,0,1,0,0,차대차 - 측면충돌,중앙선침범,젖음/습기,비,단일로 - 기타,승용,남,57세,상해없음,승용,남,46세,중상
2018100500100377,2018년 10월 5일 14시,금요일,대구광역시 북구 복현동,경상사고,0,0,1,0,차대차 - 정면충돌,안전운전불이행,젖음/습기,비,단일로 - 기타,승용,남,23세,상해없음,승용,남,29세,경상
2018100500100470,2018년 10월 5일 16시,금요일,대구광역시 달서구 월성동,경상사고,0,0,2,0,차대차 - 측면충돌,교차로운행방법위반,젖음/습기,비,교차로 - 교차로안,승용,남,39세,경상,승용,남,57세,경상
2018100500100471,2018년 10월 5일 16시,금요일,대구광역시 달성군 다사읍,중상사고,0,1,0,0,차대사람 - 기타,안전운전불이행,건조,맑음,기타 - 기타,승용,여,57세,상해없음,보행자,여,77세,중상
2018100500100519,2018년 10월 5일 17시,금요일,대구광역시 달서구 상인동,중상사고,0,1,0,0,차대차 - 기타,중앙선침범,건조,맑음,단일로 - 기타,이륜,여,63세,중상,승용,남,72세,상해없음
2018100500100520,2018년 10월 5일 17시,금요일,대구광역시 달서구 성당동,경상사고,0,0,1,0,차대사람 - 기타,안전운전불이행,건조,맑음,기타 - 기타,승용,남,59세,상해없음,보행자,남,54세,경상
2018100500100521,2018년 10월 5일 17시,금요일,대구광역시 달서구 감삼동,경상사고,0,0,2,0,차대차 - 측면충돌,차로위반,젖음/습기,비,단일로 - 기타,승용,남,65세,상해없음,승용,여,34세,경상
2018100500100593,2018년 10월 5일 18시,금요일,대구광역시 북구 서변동,중상사고,0,1,0,0,차대차 - 측면충돌,안전운전불이행,젖음/습기,비,단일로 - 기타,승용,여,45세,상해없음,화물,남,49세,상해없음
2018100500100600,2018년 10월 5일 18시,금요일,대구광역시 수성구 만촌동,경상사고,0,0,2,0,차대차 - 측면충돌,안전운전불이행,젖음/습기,비,단일로 - 기타,승용,남,72세,상해없음,승용,남,45세,경상
2018100500100676,2018년 10월 5일 19시,금요일,대구광역시 동구 검사동,경상사고,0,0,1,0,차대차 - 추돌,안전거리미확보,젖음/습기,맑음,단일로 - 교량,화물,남,53세,상해없음,승용,남,23세,경상
2018100500100677,2018년 10월 5일 19시,금요일,대구광역시 수성구 만촌동,경상사고,0,0,1,0,차대차 - 기타,안전운전불이행,건조,맑음,단일로 - 기타,승용,남,63세,상해없음,승용,여,27세,경상
2018100500100678,2018년 10월 5일 19시,금요일,대구광역시 달서구 상인동,중상사고,0,1,0,0,차대차 - 기타,차로위반,적설,비,단일로 - 기타,승용,남,54세,상해없음,이륜,남,65세,중상
2018100500100679,2018년 10월 5일 19시,금요일,대구광역시 북구 동천동,중상사고,0,1,1,0,차대차 - 기타,안전운전불이행,젖음/습기,맑음,교차로 - 교차로안,승용,여,49세,경상,이륜,남,55세,중상
2018100500100737,2018년 10월 5일 20시,금요일,대구광역시 수성구 매호동,경상사고,0,0,1,0,차대차 - 측면충돌,직진우회전진행방해,건조,맑음,교차로 - 교차로안,승용,여,50세,상해없음,승용,남,42세,경상
2018100500100775,2018년 10월 5일 21시,금요일,대구광역시 동구 신천동,중상사고,0,1,0,0,차대차 - 측면충돌,안전운전불이행,젖음/습기,비,단일로 - 기타,승용,남,58세,상해없음,이륜,남,29세,중상
2018100500100776,2018년 10월 5일 21시,금요일,대구광역시 수성구 범어동,경상사고,0,0,1,0,차대차 - 추돌,안전운전불이행,젖음/습기,비,단일로 - 기타,승용,여,23세,상해없음,승용,여,44세,경상
2018100500100777,2018년 10월 5일 21시,금요일,대구광역시 서구 내당동,경상사고,0,0,1,0,차대차 - 측면충돌,신호위반,젖음/습기,비,교차로 - 교차로안,승용,남,33세,상해없음,승용,여,50세,경상
2018100500100825,2018년 10월 5일 22시,금요일,대구광역시 수성구 범어동,중상사고,0,4,0,0,차대차 - 측면충돌,차로위반,젖음/습기,비,교차로 - 교차로부근,화물,남,62세,상해없음,승용,남,31세,중상
2018100500100826,2018년 10월 5일 22시,금요일,대구광역시 달서구 이곡동,경상사고,0,0,1,0,차대차 - 측면충돌,안전거리미확보,젖음/습기,비,단일로 - 기타,승용,남,57세,상해없음,승용,남,63세,경상
2018100500100827,2018년 10월 5일 22시,금요일,대구광역시 달서구 이곡동,경상사고,0,0,3,0,차대차 - 후진중충돌,안전운전불이행,젖음/습기,비,교차로 - 교차로부근,승용,남,61세,상해없음,승합,남,30세,경상
2018100500100865,2018년 10월 5일 23시,금요일,대구광역시 동구 신천동,경상사고,0,0,1,0,차대차 - 측면충돌,신호위반,젖음/습기,비,교차로 - 교차로부근,승용,남,48세,상해없음,이륜,남,44세,경상
2018100500100866,2018년 10월 5일 23시,금요일,대구광역시 서구 평리동,경상사고,0,0,1,0,차대차 - 측면충돌,안전운전불이행,젖음/습기,비,기타 - 기타,승용,남,40세,상해없음,승용,여,36세,경상
2018100600100019,2018년 10월 6일 00시,토요일,대구광역시 중구 남산동,경상사고,0,0,1,0,차대차 - 추돌,안전운전불이행,젖음/습기,비,단일로 - 기타,승용,여,21세,상해없음,승용,남,47세,경상
2018100600100062,2018년 10월 6일 01시,토요일,대구광역시 수성구 노변동,경상사고,0,0,1,0,차대사람 - 횡단중,안전운전불이행,젖음/습기,비,단일로 - 기타,승용,남,34세,상해없음,보행자,여,49세,경상
2018100600100063,2018년 10월 6일 01시,토요일,대구광역시 북구 동천동,경상사고,0,0,3,0,차대차 - 추돌,안전운전불이행,건조,맑음,교차로 - 교차로안,승용,여,48세,경상,승용,남,30세,경상
2018100600100097,2018년 10월 6일 02시,토요일,대구광역시 동구 도동,중상사고,0,1,1,0,차대차 - 기타,안전운전불이행,젖음/습기,비,단일로 - 기타,화물,남,49세,중상,화물,남,59세,경상
2018100600100098,2018년 10월 6일 02시,토요일,대구광역시 수성구 신매동,경상사고,0,0,4,0,차대차 - 측면충돌,안전거리미확보,젖음/습기,비,단일로 - 기타,승용,남,58세,경상,승용,남,34세,경상
2018100600100125,2018년 10월 6일 03시,토요일,대구광역시 수성구 상동,중상사고,0,1,0,0,차량단독 - 기타,안전운전불이행,젖음/습기,비,단일로 - 기타,승합,남,43세,중상,,,,
2018100600100126,2018년 10월 6일 03시,토요일,대구광역시 달서구 대천동,경상사고,0,0,2,0,차대차 - 측면충돌,안전거리미확보,건조,맑음,단일로 - 기타,승용,남,51세,상해없음,승용,남,60세,경상
2018100600100151,2018년 10월 6일 04시,토요일,대구광역시 중구 태평로1가,경상사고,0,0,1,0,차대차 - 추돌,안전운전불이행,젖음/습기,비,교차로 - 교차로부근,승용,남,39세,기타불명,승용,남,64세,상해없음
2018100600100152,2018년 10월 6일 04시,토요일,대구광역시 달서구 감삼동,중상사고,0,1,0,0,차대차 - 추돌,안전운전불이행,젖음/습기,비,단일로 - 기타,승용,남,29세,상해없음,이륜,남,42세,중상
2018100600100169,2018년 10월 6일 05시,토요일,대구광역시 북구 태전동,중상사고,0,1,0,0,차량단독 - 공작물충돌,안전운전불이행,젖음/습기,비,단일로 - 기타,화물,남,61세,중상,,,,
2018100600100182,2018년 10월 6일 06시,토요일,대구광역시 달서구 상인동,중상사고,0,1,0,0,차대차 - 추돌,안전운전불이행,건조,맑음,단일로 - 기타,승용,남,21세,상해없음,승용,남,46세,중상
2018100600100214,2018년 10월 6일 08시,토요일,대구광역시 북구 태전동,중상사고,0,1,0,0,차대차 - 기타,안전운전불이행,젖음/습기,비,교차로 - 교차로부근,승용,남,49세,상해없음,화물,남,65세,중상
2018100600100236,2018년 10월 6일 09시,토요일,대구광역시 달서구 본동,부상신고사고,0,0,0,1,차대차 - 측면충돌,안전운전불이행,젖음/습기,비,교차로 - 교차로부근,승용,남,66세,상해없음,승용,남,34세,상해없음
2018100600100237,2018년 10월 6일 09시,토요일,대구광역시 중구 동인동4가,경상사고,0,0,1,0,차대차 - 추돌,안전거리미확보,건조,맑음,단일로 - 기타,승용,남,28세,상해없음,승용,여,38세,경상
2018100600100274,2018년 10월 6일 10시,토요일,대구광역시 서구 비산동,경상사고,0,0,2,0,차대차 - 측면충돌,차로위반,젖음/습기,비,단일로 - 기타,승용,남,61세,경상,화물,남,34세,경상
2018100600100310,2018년 10월 6일 11시,토요일,대구광역시 서구 평리동,중상사고,0,1,0,0,차대차 - 기타,안전운전불이행,젖음/습기,비,단일로 - 기타,승용,남,25세,상해없음,이륜,남,48세,중상
2018100600100364,2018년 10월 6일 13시,토요일,대구광역시 수성구 상동,부상신고사고,0,0,0,1,차대차 - 기타,안전운전불이행,젖음/습기,맑음,교차로 - 교차로부근,이륜,남,25세,부상신고,승용,남,48세,상해없음
2018100600100365,2018년 10월 6일 13시,토요일,대구광역시 달서구 상인동,경상사고,0,0,1,0,차대차 - 기타,기타,건조,맑음,단일로 - 기타,승용,남,53세,상해없음,이륜,남,39세,경상
2018100600100394,2018년 10월 6일 14시,토요일,대구광역시 동구 신천동,경상사고,0,0,1,0,차대차 - 측면충돌,기타,건조,맑음,교차로 - 교차로부근,승용,남,70세,기타불명,이륜,남,39세,경상
2018100600100395,2018년 10월 6일 14시,토요일,대구광역시 수성구 범어동,부상신고사고,0,0,0,1,차대차 - 측면충돌,교차로운행방법위반,젖음/습기,흐림,교차로 - 교차로안,승용,여,45세,부상신고,승용,여,53세,상해없음
2018100600100396,2018년 10월 6일 14시,토요일,대구광역시 서구 비산동,경상사고,0,0,3,0,차대차 - 추돌,안전거리미확보,젖음/습기,흐림,단일로 - 기타,승용,남,33세,상해없음,승용,여,37세,경상
2018100600100426,2018년 10월 6일 15시,토요일,대구광역시 동구 신천동,중상사고,0,1,0,0,차대차 - 측면충돌,기타,건조,맑음,단일로 - 기타,승용,남,60세,상해없음,이륜,남,58세,중상
2018100600100427,2018년 10월 6일 15시,토요일,대구광역시 달서구 상인동,경상사고,0,0,1,0,차대차 - 추돌,안전운전불이행,건조,맑음,교차로 - 교차로부근,승용,남,39세,상해없음,화물,남,38세,경상
2018100600100428,2018년 10월 6일 15시,토요일,대구광역시 달서구 송현동,경상사고,0,0,2,0,차대차 - 측면충돌,안전운전불이행,젖음/습기,흐림,단일로 - 기타,승용,남,25세,상해없음,승용,남,66세,경상
2018100600100429,2018년 10월 6일 15시,토요일,대구광역시 북구 태전동,중상사고,0,1,0,0,차대차 - 추돌,안전운전불이행,건조,맑음,교차로 - 교차로안,승용,남,54세,상해없음,승용,여,45세,중상
2018100600100458,2018년 10월 6일 16시,토요일,대구광역시 북구 고성동3가,경상사고,0,0,1,0,차대사람 - 횡단중,보행자보호의무위반,젖음/습기,흐림,교차로 - 교차로횡단보도내,승용,남,22세,상해없음,보행자,남,80세,경상
2018100600100459,2018년 10월 6일 16시,토요일,대구광역시 북구 동천동,경상사고,0,0,1,0,차대사람 - 기타,안전운전불이행,건조,맑음,단일로 - 기타,이륜,남,41세,상해없음,보행자,남,22세,경상
2018100600100484,2018년 10월 6일 17시,토요일,대구광역시 수성구 범어동,중상사고,0,1,1,0,차대차 - 추돌,안전운전불이행,건조,맑음,단일로 - 기타,화물,남,64세,상해없음,승용,여,50세,중상
2018100600100485,2018년 10월 6일 17시,토요일,대구광역시 달서구 월성동,경상사고,0,0,1,0,차대차 - 측면충돌,안전운전불이행,건조,맑음,주차장 - 주차장,화물,남,68세,상해없음,이륜,남,53세,경상
2018100600100487,2018년 10월 6일 17시,토요일,대구광역시 달서구 죽전동,중상사고,0,1,0,0,차대사람 - 기타,안전운전불이행,건조,맑음,단일로 - 기타,이륜,남,21세,상해없음,보행자,여,58세,중상
2018100600100520,2018년 10월 6일 18시,토요일,대구광역시 달성군 다사읍,중상사고,0,1,0,0,차대차 - 측면충돌,안전운전불이행,건조,맑음,교차로 - 교차로안,자전거,남,70세,중상,승용,남,50세,상해없음
2018100600100521,2018년 10월 6일 18시,토요일,대구광역시 북구 침산동,경상사고,0,0,1,0,차대차 - 측면충돌,안전거리미확보,건조,맑음,단일로 - 기타,기타불명,기타불명,미분류,기타불명,승용,여,46세,경상
2018100600100522,2018년 10월 6일 18시,토요일,대구광역시 서구 내당동,부상신고사고,0,0,0,2,차대차 - 측면충돌,교차로운행방법위반,건조,맑음,단일로 - 기타,승용,남,60세,상해없음,이륜,남,19세,부상신고
2018100600100523,2018년 10월 6일 18시,토요일,대구광역시 북구 태전동,중상사고,0,1,0,0,차대차 - 기타,안전운전불이행,건조,맑음,단일로 - 기타,승용,남,22세,상해없음,이륜,남,17세,중상
2018100600100557,2018년 10월 6일 19시,토요일,대구광역시 달성군 유가읍,경상사고,0,0,1,0,차대차 - 추돌,안전운전불이행,건조,맑음,교차로 - 교차로부근,원동기,남,23세,상해없음,승용,여,36세,경상
2018100600100586,2018년 10월 6일 20시,토요일,대구광역시 수성구 연호동,중상사고,0,1,0,0,차대차 - 측면충돌,안전거리미확보,건조,맑음,단일로 - 기타,승용,여,43세,상해없음,이륜,남,28세,중상
2018100600100587,2018년 10월 6일 20시,토요일,대구광역시 달성군 다사읍,경상사고,0,0,1,0,차대차 - 기타,안전거리미확보,건조,맑음,단일로 - 기타,승용,여,50세,상해없음,이륜,남,40세,경상
2018100600100588,2018년 10월 6일 20시,토요일,대구광역시 서구 내당동,경상사고,0,0,2,0,차대차 - 측면충돌,안전운전불이행,건조,맑음,교차로 - 교차로안,승용,여,36세,기타불명,승용,남,32세,경상
2018100600100589,2018년 10월 6일 20시,토요일,대구광역시 북구 서변동,경상사고,0,0,1,1,차대차 - 기타,안전거리미확보,건조,맑음,단일로 - 기타,승용,남,62세,부상신고,승용,남,25세,경상
2018100600100616,2018년 10월 6일 21시,토요일,대구광역시 달서구 진천동,중상사고,0,1,0,0,차대사람 - 기타,안전운전불이행,건조,맑음,교차로 - 교차로안,화물,남,65세,상해없음,보행자,여,75세,중상
2018100600100638,2018년 10월 6일 22시,토요일,대구광역시 서구 비산동,경상사고,0,0,2,0,차대차 - 기타,안전운전불이행,건조,맑음,단일로 - 기타,화물,남,55세,상해없음,승용,남,63세,경상
2018100600100655,2018년 10월 6일 23시,토요일,대구광역시 수성구 범어동,경상사고,0,0,2,0,차대차 - 추돌,안전운전불이행,건조,맑음,단일로 - 기타,승용,남,28세,상해없음,승용,남,45세,경상
2018100700100050,2018년 10월 7일 02시,일요일,대구광역시 수성구 두산동,중상사고,0,1,0,0,차대차 - 추돌,안전운전불이행,건조,맑음,단일로 - 기타,승용,남,59세,상해없음,승용,남,61세,중상
2018100700100051,2018년 10월 7일 02시,일요일,대구광역시 수성구 두산동,중상사고,0,1,1,0,차대차 - 정면충돌,신호위반,건조,맑음,교차로 - 교차로안,승용,여,27세,상해없음,승용,남,37세,경상
2018100700100069,2018년 10월 7일 04시,일요일,대구광역시 중구 삼덕동2가,경상사고,0,0,1,0,차대사람 - 차도통행중,안전운전불이행,건조,맑음,단일로 - 기타,승용,남,36세,상해없음,보행자,남,25세,경상
2018100700100081,2018년 10월 7일 05시,일요일,대구광역시 동구 진인동,사망사고,1,0,0,0,차대사람 - 횡단중,안전운전불이행,건조,맑음,기타 - 기타,승용,남,63세,상해없음,보행자,여,75세,사망
2018100700100101,2018년 10월 7일 06시,일요일,대구광역시 달서구 송현동,경상사고,0,0,1,0,차대차 - 기타,안전운전불이행,건조,맑음,단일로 - 기타,승용,여,20세,상해없음,승용,남,75세,상해없음
2018100700100128,2018년 10월 7일 08시,일요일,대구광역시 달성군 현풍읍,경상사고,0,0,2,0,차대차 - 측면충돌,차로위반,건조,맑음,단일로 - 기타,승용,남,22세,상해없음,승용,남,32세,경상
2018100700100182,2018년 10월 7일 10시,일요일,대구광역시 남구 봉덕동,경상사고,0,0,2,0,차대차 - 측면충돌,직진우회전진행방해,건조,맑음,교차로 - 교차로안,승용,남,44세,상해없음,승용,남,69세,상해없음
2018100700100205,2018년 10월 7일 11시,일요일,대구광역시 동구 신천동,경상사고,0,0,1,0,차대차 - 측면충돌,신호위반,건조,맑음,교차로 - 교차로안,승용,남,45세,상해없음,승용,남,79세,경상
2018100700100252,2018년 10월 7일 13시,일요일,대구광역시 동구 신서동,경상사고,0,0,1,0,차대차 - 측면충돌,안전운전불이행,건조,맑음,단일로 - 기타,승용,남,54세,상해없음,승합,남,52세,상해없음
2018100700100253,2018년 10월 7일 13시,일요일,대구광역시 동구 율하동,중상사고,0,1,1,0,차대차 - 측면충돌,신호위반,건조,맑음,교차로 - 교차로안,승용,여,56세,상해없음,승용,남,65세,경상