사고번호,사고일시,요일,시군구,사고내용,사망자수,중상자수,경상자수,부상신고자수,사고유형,법규위반,노면상태,기상상태,도로형태,가해운전자 차종,가해운전자 성별,가해운전자 연령,가해운전자 상해정도,피해운전자 차종,피해운전자 성별,피해운전자 연령,피해운전자 상해정도
2018100700100288,2018년 10월 7일 14시,일요일,대구광역시 수성구 범어동,경상사고,0,0,8,0,차대차 - 추돌,안전운전불이행,건조,맑음,단일로 - 기타,화물,남,58세,상해없음,승용,남,58세,경상
2018100700100326,2018년 10월 7일 15시,일요일,대구광역시 남구 대명동,경상사고,0,0,2,0,차대차 - 측면충돌,교차로운행방법위반,건조,맑음,교차로 - 교차로부근,승용,여,41세,상해없음,승용,남,44세,경상
2018100700100327,2018년 10월 7일 15시,일요일,대구광역시 달서구 대곡동,경상사고,0,0,4,0,차대차 - 측면충돌,안전운전불이행,건조,맑음,기타 - 기타,승용,남,34세,경상,승용,남,58세,경상
2018100700100328,2018년 10월 7일 15시,일요일,대구광역시 달성군 화원읍,부상신고사고,0,0,0,1,차대차 - 기타,안전운전불이행,건조,맑음,단일로 - 기타,원동기,여,62세,부상신고,승용,여,30세,상해없음
2018100700100367,2018년 10월 7일 16시,일요일,대구광역시 북구 산격동,중상사고,0,2,0,0,차대차 - 추돌,안전거리미확보,건조,맑음,교차로 - 교차로부근,승용,여,43세,상해없음,승용,남,62세,중상
2018100700100368,2018년 10월 7일 16시,일요일,대구광역시 달서구 두류동,중상사고,0,1,0,0,차대차 - 기타,교차로운행방법위반,건조,맑음,교차로 - 교차로안,승용,남,31세,상해없음,이륜,남,23세,중상
2018100700100402,2018년 10월 7일 17시,일요일,대구광역시 수성구 수성동3가,경상사고,0,0,2,0,차대차 - 추돌,안전운전불이행,건조,맑음,단일로 - 기타,이륜,남,27세,경상,승용,남,24세,경상
2018100700100439,2018년 10월 7일 18시,일요일,대구광역시 동구 동호동,부상신고사고,0,0,0,1,차대차 - 측면충돌,안전거리미확보,건조,맑음,단일로 - 기타,승용,남,61세,상해없음,이륜,남,38세,부상신고
2018100700100440,2018년 10월 7일 18시,일요일,대구광역시 달성군 현풍읍,중상사고,0,1,0,0,차대차 - 측면충돌,안전운전불이행,건조,맑음,교차로 - 교차로안,승용,남,65세,상해없음,원동기,남,23세,중상
2018100700100539,2018년 10월 7일 21시,일요일,대구광역시 남구 이천동,중상사고,0,2,0,0,차대차 - 추돌,안전운전불이행,건조,맑음,단일로 - 교량,승용,남,49세,상해없음,승용,남,35세,중상
2018100800100052,2018년 10월 8일 06시,월요일,대구광역시 달서구 도원동,경상사고,0,0,1,0,차대차 - 측면충돌,안전운전불이행,건조,맑음,주차장 - 주차장,승용,남,74세,상해없음,승용,남,72세,경상
2018100800100070,2018년 10월 8일 07시,월요일,대구광역시 남구 대명동,경상사고,0,0,1,0,차대차 - 추돌,안전운전불이행,건조,맑음,단일로 - 기타,승용,남,43세,상해없음,승용,남,65세,상해없음
2018100800100107,2018년 10월 8일 08시,월요일,대구광역시 동구 효목동,중상사고,0,1,0,0,차대사람 - 차도통행중,안전운전불이행,건조,맑음,단일로 - 기타,승용,남,37세,상해없음,보행자,여,54세,중상
2018100800100108,2018년 10월 8일 08시,월요일,대구광역시 서구 비산동,부상신고사고,0,0,0,1,차대차 - 측면충돌,직진우회전진행방해,건조,맑음,교차로 - 교차로안,화물,남,57세,상해없음,승용,여,61세,부상신고
2018100800100147,2018년 10월 8일 09시,월요일,대구광역시 남구 대명동,부상신고사고,0,0,0,1,차량단독 - 기타,기타,건조,맑음,교차로 - 교차로부근,승합,남,57세,상해없음,,,,
2018100800100148,2018년 10월 8일 09시,월요일,대구광역시 북구 산격동,경상사고,0,0,1,0,차대사람 - 기타,안전운전불이행,건조,맑음,단일로 - 기타,승용,남,49세,상해없음,보행자,여,61세,경상
2018100800100192,2018년 10월 8일 10시,월요일,대구광역시 수성구 만촌동,경상사고,0,0,1,0,차대차 - 추돌,안전거리미확보,건조,맑음,단일로 - 기타,화물,남,49세,상해없음,승용,여,45세,경상
2018100800100232,2018년 10월 8일 11시,월요일,대구광역시 동구 신용동,중상사고,0,1,0,0,차대차 - 기타,안전운전불이행,건조,맑음,단일로 - 기타,기타불명,기타불명,미분류,기타불명,자전거,남,51세,중상
2018100800100233,2018년 10월 8일 11시,월요일,대구광역시 수성구 만촌동,경상사고,0,0,1,0,차대차 - 기타,안전운전불이행,건조,맑음,단일로 - 기타,승합,남,52세,상해없음,원동기,남,79세,경상
2018100800100234,2018년 10월 8일 11시,월요일,대구광역시 달서구 송현동,중상사고,0,1,0,0,차대차 - 측면충돌,직진우회전진행방해,건조,맑음,교차로 - 교차로안,건설기계,남,61세,상해없음,승용,남,53세,중상
2018100800100235,2018년 10월 8일 11시,월요일,대구광역시 북구 태전동,중상사고,0,1,0,0,차대차 - 측면충돌,안전운전불이행,건조,맑음,단일로 - 기타,승용,남,43세,상해없음,자전거,여,61세,중상
2018100800100263,2018년 10월 8일 12시,월요일,대구광역시 동구 서호동,경상사고,0,0,1,0,차대사람 - 횡단중,안전운전불이행,건조,맑음,단일로 - 기타,기타불명,기타불명,기타불명,기타불명,보행자,남,67세,경상
2018100800100264,2018년 10월 8일 12시,월요일,대구광역시 북구 칠성동2가,경상사고,0,0,1,0,차대사람 - 기타,안전운전불이행,건조,맑음,단일로 - 기타,승합,남,50세,상해없음,보행자,남,62세,경상
2018100800100265,2018년 10월 8일 12시,월요일,대구광역시 북구 칠성동2가,중상사고,0,1,0,0,차대사람 - 횡단중,보행자보호의무위반,건조,맑음,단일로 - 기타,승용,여,46세,상해없음,보행자,남,63세,중상
2018100800100266,2018년 10월 8일 12시,월요일,대구광역시 서구 내당동,중상사고,0,1,5,0,차대차 - 추돌,안전운전불이행,건조,맑음,단일로 - 기타,승용,남,61세,상해없음,승용,남,30세,경상
2018100800100267,2018년 10월 8일 12시,월요일,대구광역시 북구 읍내동,중상사고,0,2,3,1,차대차 - 기타,안전운전불이행,건조,맑음,단일로 - 기타,승용,여,47세,상해없음,승용,남,61세,경상
2018100800100299,2018년 10월 8일 13시,월요일,대구광역시 남구 대명동,경상사고,0,0,1,0,차량단독 - 기타,기타,건조,맑음,단일로 - 기타,승합,남,57세,상해없음,,,,
2018100800100300,2018년 10월 8일 13시,월요일,대구광역시 동구 서호동,중상사고,0,1,0,0,차대사람 - 기타,보행자보호의무위반,건조,맑음,단일로 - 기타,화물,남,47세,상해없음,보행자,여,7세,중상
2018100800100301,2018년 10월 8일 13시,월요일,대구광역시 달서구 진천동,부상신고사고,0,0,0,1,차대사람 - 기타,안전운전불이행,건조,맑음,단일로 - 기타,화물,남,66세,상해없음,보행자,여,8세,부상신고
2018100800100334,2018년 10월 8일 14시,월요일,대구광역시 동구 신천동,경상사고,0,0,1,0,차대차 - 기타,안전거리미확보,건조,맑음,교차로 - 교차로부근,이륜,남,37세,경상,승용,여,40세,상해없음
2018100800100335,2018년 10월 8일 14시,월요일,대구광역시 북구 구암동,경상사고,0,0,1,0,차대차 - 측면충돌,안전운전불이행,건조,맑음,교차로 - 교차로횡단보도내,승용,남,52세,상해없음,승용,남,46세,경상
2018100800100374,2018년 10월 8일 15시,월요일,대구광역시 동구 신천동,경상사고,0,0,1,0,차량단독 - 기타,안전운전불이행,건조,맑음,단일로 - 기타,승합,남,48세,상해없음,,,,
2018100800100375,2018년 10월 8일 15시,월요일,대구광역시 중구 삼덕동2가,경상사고,0,0,1,0,차대차 - 추돌,안전운전불이행,건조,맑음,교차로 - 교차로부근,승용,여,49세,상해없음,이륜,남,26세,경상
2018100800100376,2018년 10월 8일 15시,월요일,대구광역시 달서구 감삼동,중상사고,0,1,0,0,차대차 - 측면충돌,안전운전불이행,건조,맑음,교차로 - 교차로부근,승용,여,28세,상해없음,이륜,남,42세,중상
2018100800100377,2018년 10월 8일 15시,월요일,대구광역시 달서구 감삼동,경상사고,0,0,1,0,차대차 - 후진중충돌,불법유턴,건조,맑음,단일로 - 기타,승용,남,71세,기타불명,화물,남,30세,경상
2018100800100466,2018년 10월 8일 17시,월요일,대구광역시 동구 신암동,중상사고,0,1,1,0,차대차 - 기타,안전거리미확보,건조,맑음,단일로 - 기타,승용,여,23세,상해없음,승용,남,23세,경상
2018100800100467,2018년 10월 8일 17시,월요일,대구광역시 달서구 장기동,경상사고,0,0,5,0,차대차 - 측면충돌,안전운전불이행,건조,맑음,단일로 - 기타,승용,남,44세,상해없음,화물,남,23세,상해없음
2018100800100516,2018년 10월 8일 18시,월요일,대구광역시 북구 서변동,경상사고,0,0,1,0,차대차 - 측면충돌,안전거리미확보,건조,맑음,단일로 - 교량,화물,남,52세,상해없음,승용,남,55세,경상
2018100800100553,2018년 10월 8일 19시,월요일,대구광역시 서구 내당동,경상사고,0,0,1,0,차대사람 - 기타,안전운전불이행,건조,맑음,교차로 - 교차로횡단보도내,승합,남,58세,상해없음,보행자,남,75세,경상
2018100800100554,2018년 10월 8일 19시,월요일,대구광역시 달서구 신당동,경상사고,0,0,1,0,차량단독 - 기타,안전운전불이행,건조,흐림,교차로 - 교차로안,승용,남,64세,상해없음,,,,
2018100800100584,2018년 10월 8일 20시,월요일,대구광역시 북구 구암동,경상사고,0,0,1,0,차대차 - 기타,안전운전불이행,건조,맑음,단일로 - 기타,승용,남,32세,상해없음,자전거,남,80세,경상
2018100800100613,2018년 10월 8일 21시,월요일,대구광역시 달서구 두류동,경상사고,0,0,1,0,차대사람 - 횡단중,안전운전불이행,건조,맑음,교차로 - 교차로부근,이륜,남,28세,상해없음,보행자,여,38세,경상
2018100800100672,2018년 10월 8일 23시,월요일,대구광역시 달서구 송현동,경상사고,0,0,1,0,차대차 - 기타,안전운전불이행,건조,맑음,단일로 - 기타,승용,남,60세,상해없음,기타불명,기타불명,미분류,기타불명
2018100900100032,2018년 10월 9일 01시,화요일,대구광역시 남구 대명동,경상사고,0,0,1,0,차대차 - 측면충돌,안전거리미확보,건조,맑음,기타 - 기타,승용,남,64세,상해없음,승용,남,45세,상해없음
2018100900100033,2018년 10월 9일 01시,화요일,대구광역시 동구 신천동,경상사고,0,0,1,0,차대차 - 측면충돌,기타,건조,맑음,주차장 - 주차장,승용,남,51세,상해없음,승용,남,66세,경상
2018100900100034,2018년 10월 9일 01시,화요일,대구광역시 북구 산격동,경상사고,0,0,1,0,차대차 - 정면충돌,안전운전불이행,건조,맑음,단일로 - 기타,승용,남,30세,상해없음,승용,남,58세,경상
2018100900100035,2018년 10월 9일 01시,화요일,대구광역시 중구 삼덕동1가,중상사고,0,1,0,0,차대사람 - 횡단중,안전운전불이행,건조,맑음,단일로 - 기타,승용,여,23세,상해없음,보행자,남,21세,중상
2018100900100044,2018년 10월 9일 02시,화요일,대구광역시 동구 신천동,경상사고,0,0,1,0,차대차 - 측면충돌,안전운전불이행,건조,맑음,단일로 - 기타,승용,남,21세,기타불명,승용,남,61세,경상
2018100900100045,2018년 10월 9일 02시,화요일,대구광역시 달서구 감삼동,중상사고,0,1,0,0,차대차 - 측면충돌,중앙선침범,건조,맑음,기타 - 기타,승용,남,37세,상해없음,자전거,남,43세,중상
2018100900100069,2018년 10월 9일 04시,화요일,대구광역시 남구 대명동,중상사고,0,1,1,0,차대차 - 측면충돌,안전거리미확보,건조,맑음,단일로 - 기타,승용,남,48세,상해없음,승용,남,59세,중상
2018100900100085,2018년 10월 9일 05시,화요일,대구광역시 중구 삼덕동1가,경상사고,0,0,1,0,차대사람 - 기타,안전운전불이행,건조,맑음,단일로 - 기타,승용,남,29세,상해없음,보행자,남,22세,경상
2018100900100117,2018년 10월 9일 07시,화요일,대구광역시 달서구 송현동,부상신고사고,0,0,0,1,차량단독 - 공작물충돌,안전운전불이행,건조,맑음,단일로 - 기타,승용,여,53세,부상신고,,,,
2018100900100135,2018년 10월 9일 08시,화요일,대구광역시 달서구 본동,경상사고,0,0,1,0,차대차 - 측면충돌,안전운전불이행,건조,맑음,교차로 - 교차로안,승용,여,47세,상해없음,승용,남,44세,상해없음
2018100900100136,2018년 10월 9일 08시,화요일,대구광역시 서구 평리동,경상사고,0,0,1,0,차대사람 - 기타,안전운전불이행,건조,맑음,단일로 - 기타,승용,여,42세,상해없음,보행자,남,37세,경상
2018100900100169,2018년 10월 9일 10시,화요일,대구광역시 중구 태평로3가,중상사고,0,1,0,0,차대차 - 측면충돌,안전운전불이행,건조,맑음,단일로 - 기타,승용,남,46세,상해없음,자전거,여,71세,중상
2018100900100196,2018년 10월 9일 11시,화요일,대구광역시 동구 지저동,중상사고,0,1,9,6,차대차 - 추돌,안전운전불이행,건조,맑음,교차로 - 교차로횡단보도내,건설기계,남,58세,상해없음,승합,남,58세,경상
2018100900100225,2018년 10월 9일 12시,화요일,대구광역시 북구 읍내동,경상사고,0,0,1,1,차대차 - 기타,교차로운행방법위반,건조,맑음,교차로 - 교차로횡단보도내,승용,여,70세,부상신고,화물,남,61세,경상
2018100900100247,2018년 10월 9일 13시,화요일,대구광역시 남구 대명동,경상사고,0,0,1,0,차대차 - 기타,안전운전불이행,건조,맑음,단일로 - 기타,승용,남,51세,상해없음,승용,여,37세,상해없음
2018100900100248,2018년 10월 9일 13시,화요일,대구광역시 달서구 본동,부상신고사고,0,0,0,1,차대차 - 측면충돌,안전운전불이행,건조,맑음,교차로 - 교차로안,승용,여,32세,상해없음,자전거,남,17세,부상신고
2018100900100249,2018년 10월 9일 13시,화요일,대구광역시 달서구 본동,경상사고,0,0,3,0,차대차 - 측면충돌,안전운전불이행,건조,맑음,단일로 - 기타,승용,여,44세,상해없음,승용,남,26세,경상
2018100900100250,2018년 10월 9일 13시,화요일,대구광역시 달성군 구지면,중상사고,0,1,1,0,차대차 - 추돌,안전운전불이행,건조,맑음,단일로 - 기타,승용,남,76세,경상,화물,남,52세,상해없음
2018100900100251,2018년 10월 9일 13시,화요일,대구광역시 달성군 화원읍,경상사고,0,0,1,0,차대차 - 기타,교차로운행방법위반,건조,맑음,교차로 - 교차로안,화물,남,48세,상해없음,개인형이동수단(PM),남,33세,경상
2018100900100274,2018년 10월 9일 14시,화요일,대구광역시 남구 대명동,경상사고,0,0,1,0,차대차 - 측면충돌,안전거리미확보,건조,맑음,교차로 - 교차로부근,건설기계,남,64세,상해없음,승용,남,56세,경상
2018100900100321,2018년 10월 9일 16시,화요일,대구광역시 수성구 범어동,경상사고,0,0,2,0,차대차 - 추돌,안전운전불이행,건조,맑음,단일로 - 기타,승용,남,46세,상해없음,승용,남,42세,경상
2018100900100393,2018년 10월 9일 18시,화요일,대구광역시 동구 용수동,경상사고,0,0,2,0,차대사람 - 기타,안전운전불이행,건조,맑음,교차로 - 교차로부근,승용,남,44세,상해없음,보행자,남,49세,경상
2018100900100394,2018년 10월 9일 18시,화요일,대구광역시 동구 신천동,경상사고,0,0,1,0,차대사람 - 기타,보행자보호의무위반,건조,맑음,교차로 - 교차로안,승용,남,76세,상해없음,보행자,여,26세,경상
2018100900100425,2018년 10월 9일 19시,화요일,대구광역시 동구 신암동,중상사고,0,1,0,0,차대사람 - 횡단중,안전운전불이행,건조,맑음,기타 - 기타,승용,남,42세,상해없음,보행자,여,63세,중상
2018100900100426,2018년 10월 9일 19시,화요일,대구광역시 수성구 황금동,중상사고,0,1,0,0,차대사람 - 차도통행중,안전운전불이행,건조,맑음,단일로 - 기타,승용,여,48세,상해없음,보행자,여,74세,중상
2018100900100427,2018년 10월 9일 19시,화요일,대구광역시 수성구 신매동,중상사고,0,1,0,0,차대차 - 측면충돌,안전운전불이행,건조,맑음,단일로 - 기타,승용,남,56세,상해없음,이륜,남,48세,중상
2018100900100428,2018년 10월 9일 19시,화요일,대구광역시 북구 대현동,경상사고,0,0,1,0,차대차 - 추돌,안전운전불이행,건조,맑음,단일로 - 기타,이륜,남,26세,상해없음,승용,여,49세,경상
2018100900100429,2018년 10월 9일 19시,화요일,대구광역시 서구 비산동,경상사고,0,0,1,0,차대사람 - 기타,안전운전불이행,건조,맑음,단일로 - 기타,승용,남,36세,상해없음,보행자,여,54세,경상
2018100900100430,2018년 10월 9일 19시,화요일,대구광역시 중구 남산동,경상사고,0,0,1,0,차대차 - 측면충돌,안전운전불이행,건조,맑음,단일로 - 기타,이륜,남,45세,상해없음,이륜,남,44세,경상
2018100900100463,2018년 10월 9일 20시,화요일,대구광역시 남구 대명동,경상사고,0,0,1,0,차대사람 - 기타,교차로운행방법위반,건조,맑음,교차로 - 교차로부근,승용,여,41세,상해없음,보행자,남,59세,경상
2018100900100483,2018년 10월 9일 21시,화요일,대구광역시 달서구 두류동,경상사고,0,0,2,0,차대차 - 추돌,신호위반,건조,맑음,교차로 - 교차로안,승용,남,56세,상해없음,승용,남,61세,경상
2018101000100005,2018년 10월 10일 00시,수요일,대구광역시 남구 대명동,경상사고,0,0,1,0,차대차 - 추돌,안전운전불이행,건조,맑음,기타 - 기타,승용,여,41세,상해없음,승용,남,78세,경상
2018101000100024,2018년 10월 10일 02시,수요일,대구광역시 수성구 두산동,중상사고,0,1,0,0,차대차 - 후진중충돌,불법유턴,건조,맑음,단일로 - 기타,승용,남,43세,상해없음,이륜,남,21세,중상
2018101000100025,2018년 10월 10일 02시,수요일,대구광역시 달성군 다사읍,중상사고,0,1,0,0,차대차 - 측면충돌,신호위반,건조,맑음,교차로 - 교차로안,승용,남,24세,상해없음,승용,남,67세,중상
2018101000100051,2018년 10월 10일 06시,수요일,대구광역시 남구 대명동,경상사고,0,0,1,0,차대차 - 추돌,안전운전불이행,건조,맑음,단일로 - 기타,승용,남,48세,상해없음,승용,남,37세,경상
2018101000100066,2018년 10월 10일 07시,수요일,대구광역시 수성구 연호동,경상사고,0,0,1,0,차대차 - 추돌,안전운전불이행,건조,맑음,단일로 - 기타,승용,남,19세,상해없음,승용,여,57세,경상
2018101000100103,2018년 10월 10일 08시,수요일,대구광역시 북구 학정동,경상사고,0,0,1,0,차대차 - 측면충돌,교차로운행방법위반,건조,맑음,교차로 - 교차로안,자전거,남,14세,경상,승용,남,49세,상해없음
2018101000100155,2018년 10월 10일 10시,수요일,대구광역시 서구 비산동,경상사고,0,0,1,0,차대사람 - 차도통행중,안전운전불이행,건조,맑음,단일로 - 기타,승합,남,67세,상해없음,보행자,여,28세,경상
2018101000100156,2018년 10월 10일 10시,수요일,대구광역시 달서구 용산동,중상사고,0,1,0,0,차대사람 - 기타,안전운전불이행,건조,맑음,기타 - 기타,이륜,남,65세,상해없음,보행자,여,75세,중상
2018101000100192,2018년 10월 10일 11시,수요일,대구광역시 동구 신천동,경상사고,0,0,1,1,차대차 - 추돌,안전운전불이행,건조,맑음,단일로 - 기타,승용,남,44세,상해없음,승용,여,34세,경상
2018101000100193,2018년 10월 10일 11시,수요일,대구광역시 동구 율하동,중상사고,0,1,2,0,차대차 - 측면충돌,안전운전불이행,건조,맑음,기타 - 기타,승용,여,64세,상해없음,승용,여,26세,경상
2018101000100223,2018년 10월 10일 12시,수요일,대구광역시 서구 비산동,부상신고사고,0,0,0,1,차대차 - 측면충돌,안전운전불이행,건조,맑음,교차로 - 교차로안,자전거,남,20세,부상신고,승용,남,58세,상해없음
2018101000100253,2018년 10월 10일 13시,수요일,대구광역시 수성구 수성동4가,경상사고,0,0,1,0,차대차 - 추돌,안전운전불이행,건조,맑음,교차로 - 교차로안,승합,남,61세,상해없음,승용,남,41세,경상
2018101000100254,2018년 10월 10일 13시,수요일,대구광역시 달서구 월성동,경상사고,0,0,1,0,차대차 - 추돌,안전운전불이행,건조,맑음,단일로 - 기타,승용,여,36세,상해없음,승용,여,45세,경상
2018101000100285,2018년 10월 10일 14시,수요일,대구광역시 북구 산격동,경상사고,0,0,1,0,차대차 - 측면충돌,안전거리미확보,건조,맑음,단일로 - 기타,승용,남,60세,상해없음,승용,남,56세,상해없음
2018101000100314,2018년 10월 10일 15시,수요일,대구광역시 달서구 월성동,경상사고,0,0,1,0,차대차 - 측면충돌,안전운전불이행,건조,맑음,교차로 - 교차로안,화물,남,59세,상해없음,승용,여,36세,경상
2018101000100315,2018년 10월 10일 15시,수요일,대구광역시 서구 평리동,경상사고,0,0,1,0,차대차 - 기타,안전운전불이행,건조,맑음,단일로 - 기타,화물,남,51세,상해없음,승합,남,54세,상해없음
2018101000100316,2018년 10월 10일 15시,수요일,대구광역시 중구 봉산동,경상사고,0,0,2,0,차대차 - 측면충돌,안전운전불이행,건조,맑음,단일로 - 기타,승용,남,44세,상해없음,승합,남,73세,경상
2018101000100317,2018년 10월 10일 15시,수요일,대구광역시 달서구 성당동,경상사고,0,0,2,0,차대차 - 측면충돌,안전운전불이행,건조,맑음,교차로 - 교차로안,승용,여,46세,상해없음,승용,여,28세,경상
2018101000100343,2018년 10월 10일 16시,수요일,대구광역시 북구 서변동,경상사고,0,0,1,0,차대차 - 측면충돌,안전운전불이행,건조,맑음,단일로 - 기타,기타불명,기타불명,미분류,기타불명,승용,남,28세,경상
2018101000100345,2018년 10월 10일 16시,수요일,대구광역시 동구 신천동,중상사고,0,1,0,0,차대차 - 기타,차로위반,건조,맑음,단일로 - 기타,화물,남,60세,상해없음,승합,남,50세,상해없음
2018101000100346,2018년 10월 10일 16시,수요일,대구광역시 달성군 옥포읍,경상사고,0,0,1,0,차대차 - 기타,직진우회전진행방해,건조,맑음,교차로 - 교차로안,자전거,남,77세,경상,화물,남,58세,상해없음
2018101000100347,2018년 10월 10일 16시,수요일,대구광역시 북구 산격동,경상사고,0,0,1,0,차대차 - 측면충돌,안전거리미확보,건조,맑음,단일로 - 기타,승용,여,32세,상해없음,승용,남,58세,경상
2018101000100348,2018년 10월 10일 16시,수요일,대구광역시 중구 종로1가,중상사고,0,1,0,0,차대사람 - 보도통행중,기타,건조,맑음,단일로 - 기타,자전거,남,66세,상해없음,보행자,여,56세,중상
2018101000100349,2018년 10월 10일 16시,수요일,대구광역시 달서구 호산동,중상사고,0,1,0,0,차대차 - 기타,교차로운행방법위반,건조,맑음,교차로 - 교차로부근,승용,남,58세,상해없음,이륜,남,21세,중상
2018101000100380,2018년 10월 10일 17시,수요일,대구광역시 남구 봉덕동,중상사고,0,1,0,0,차대차 - 추돌,안전운전불이행,건조,맑음,교차로 - 교차로부근,승용,여,57세,상해없음,이륜,남,42세,중상
2018101000100381,2018년 10월 10일 17시,수요일,대구광역시 서구 평리동,경상사고,0,0,2,0,차대차 - 측면충돌,교차로운행방법위반,건조,맑음,교차로 - 교차로안,승용,여,41세,상해없음,승용,남,32세,경상
2018101000100382,2018년 10월 10일 17시,수요일,대구광역시 서구 내당동,경상사고,0,0,1,0,차대차 - 기타,안전운전불이행,건조,맑음,단일로 - 기타,승용,남,63세,상해없음,승용,남,39세,경상
2018101000100383,2018년 10월 10일 17시,수요일,대구광역시 북구 구암동,경상사고,0,0,2,0,차대차 - 정면충돌,신호위반,건조,맑음,교차로 - 교차로안,승용,여,61세,상해없음,승용,남,38세,경상
2018101000100442,2018년 10월 10일 18시,수요일,대구광역시 남구 이천동,중상사고,0,1,0,0,차대차 - 측면충돌,기타,건조,맑음,기타 - 기타,화물,남,60세,상해없음,이륜,여,51세,중상
2018101000100477,2018년 10월 10일 19시,수요일,대구광역시 달서구 상인동,중상사고,0,1,0,0,차대차 - 측면충돌,안전거리미확보,건조,맑음,단일로 - 기타,승용,여,31세,상해없음,이륜,남,22세,중상
2018101000100478,2018년 10월 10일 19시,수요일,대구광역시 달성군 화원읍,중상사고,0,1,0,0,차대차 - 기타,안전운전불이행,건조,맑음,단일로 - 지하차도(도로)내,승용,여,54세,상해없음,자전거,남,90세 이상,중상
2018101000100479,2018년 10월 10일 19시,수요일,대구광역시 북구 산격동,경상사고,0,0,1,0,차대차 - 측면충돌,안전거리미확보,건조,흐림,교차로 - 교차로부근,승용,여,62세,상해없음,승용,남,43세,경상
2018101000100480,2018년 10월 10일 19시,수요일,대구광역시 달서구 용산동,경상사고,0,0,1,0,차대차 - 측면충돌,신호위반,건조,맑음,교차로 - 교차로부근,이륜,남,30세,경상,승용,남,57세,상해없음
2018101000100505,2018년 10월 10일 20시,수요일,대구광역시 동구 효목동,경상사고,0,0,1,1,차대차 - 측면충돌,안전운전불이행,건조,맑음,교차로 - 교차로안,이륜,남,49세,부상신고,이륜,남,23세,경상
2018101000100506,2018년 10월 10일 20시,수요일,대구광역시 수성구 대흥동,경상사고,0,0,1,0,차대차 - 추돌,안전운전불이행,건조,맑음,교차로 - 교차로부근,승합,남,43세,상해없음,승용,남,45세,경상
2018101000100507,2018년 10월 10일 20시,수요일,대구광역시 달서구 성당동,경상사고,0,0,1,0,차대차 - 추돌,안전운전불이행,건조,맑음,단일로 - 기타,승용,남,59세,상해없음,승용,남,47세,경상
2018101000100527,2018년 10월 10일 21시,수요일,대구광역시 동구 각산동,경상사고,0,0,1,0,차대차 - 추돌,안전운전불이행,건조,맑음,교차로 - 교차로부근,승용,남,51세,상해없음,승용,남,37세,경상
2018101000100528,2018년 10월 10일 21시,수요일,대구광역시 수성구 만촌동,경상사고,0,0,1,0,차대사람 - 횡단중,보행자보호의무위반,건조,맑음,교차로 - 교차로횡단보도내,승용,남,53세,상해없음,보행자,남,41세,경상
2018101000100529,2018년 10월 10일 21시,수요일,대구광역시 달서구 감삼동,부상신고사고,0,0,0,1,차대차 - 측면충돌,교차로운행방법위반,건조,맑음,교차로 - 교차로안,이륜,남,52세,부상신고,승용,남,54세,상해없음
2018101000100530,2018년 10월 10일 21시,수요일,대구광역시 달서구 신당동,경상사고,0,0,1,0,차대차 - 추돌,안전운전불이행,건조,흐림,단일로 - 기타,승용,남,19세,상해없음,승용,남,42세,경상
2018101000100568,2018년 10월 10일 23시,수요일,대구광역시 달서구 성당동,경상사고,0,0,1,0,차대사람 - 차도통행중,안전운전불이행,건조,맑음,단일로 - 기타,승용,남,49세,상해없음,보행자,남,56세,경상
2018101100100010,2018년 10월 11일 00시,목요일,대구광역시 달서구 본동,중상사고,0,1,1,0,차대차 - 측면충돌,중앙선침범,건조,맑음,단일로 - 기타,승용,남,65세,상해없음,승용,남,55세,중상
2018101100100028,2018년 10월 11일 02시,목요일,대구광역시 북구 동천동,중상사고,0,1,0,0,차대차 - 기타,안전운전불이행,건조,맑음,교차로 - 교차로부근,승용,남,22세,상해없음,승용,여,25세,중상
2018101100100032,2018년 10월 11일 03시,목요일,대구광역시 중구 삼덕동1가,경상사고,0,0,1,0,차대차 - 추돌,안전운전불이행,건조,맑음,단일로 - 기타,이륜,남,24세,상해없음,승용,남,48세,경상
2018101100100036,2018년 10월 11일 04시,목요일,대구광역시 달서구 성당동,중상사고,0,2,0,0,차대차 - 측면충돌,신호위반,건조,맑음,교차로 - 교차로안,승용,남,66세,상해없음,승용,남,24세,중상
2018101100100041,2018년 10월 11일 05시,목요일,대구광역시 남구 대명동,중상사고,0,1,0,0,차대차 - 기타,신호위반,건조,기타,교차로 - 교차로안,화물,남,63세,상해없음,승용,남,47세,중상
2018101100100059,2018년 10월 11일 06시,목요일,대구광역시 수성구 신매동,경상사고,0,0,1,0,차대차 - 측면충돌,안전운전불이행,건조,맑음,단일로 - 기타,화물,남,50세,상해없음,승용,여,44세,경상
2018101100100060,2018년 10월 11일 06시,목요일,대구광역시 중구 대봉동,경상사고,0,0,2,0,차대차 - 추돌,안전운전불이행,건조,맑음,단일로 - 지하차도(도로)내,화물,남,70세,기타불명,승용,남,27세,경상
2018101100100082,2018년 10월 11일 07시,목요일,대구광역시 동구 신암동,경상사고,0,0,3,0,차대차 - 측면충돌,기타,건조,맑음,교차로 - 교차로안,승용,남,28세,경상,승합,남,46세,경상