사고번호,사고일시,요일,시군구,사고내용,사망자수,중상자수,경상자수,부상신고자수,사고유형,법규위반,노면상태,기상상태,도로형태,가해운전자 차종,가해운전자 성별,가해운전자 연령,가해운전자 상해정도,피해운전자 차종,피해운전자 성별,피해운전자 연령,피해운전자 상해정도
2018101100100083,2018년 10월 11일 07시,목요일,대구광역시 달서구 송현동,중상사고,0,1,0,0,차대사람 - 기타,안전운전불이행,건조,맑음,단일로 - 기타,승용,남,50세,상해없음,보행자,여,61세,중상
2018101100100084,2018년 10월 11일 07시,목요일,대구광역시 달서구 용산동,경상사고,0,0,2,0,차대차 - 측면충돌,차로위반,건조,맑음,기타 - 기타,승용,남,43세,경상,승용,여,72세,경상
2018101100100115,2018년 10월 11일 08시,목요일,대구광역시 동구 불로동,경상사고,0,0,1,0,차대차 - 측면충돌,중앙선침범,건조,맑음,교차로 - 교차로부근,승용,남,69세,상해없음,이륜,남,39세,경상
2018101100100116,2018년 10월 11일 08시,목요일,대구광역시 수성구 황금동,경상사고,0,0,1,0,차대차 - 측면충돌,안전운전불이행,건조,맑음,단일로 - 기타,승용,남,29세,상해없음,승용,남,50세,경상
2018101100100117,2018년 10월 11일 08시,목요일,대구광역시 달서구 진천동,경상사고,0,0,1,1,차대차 - 추돌,안전운전불이행,건조,맑음,교차로 - 교차로부근,승용,여,51세,상해없음,승용,남,55세,부상신고
2018101100100153,2018년 10월 11일 09시,목요일,대구광역시 남구 대명동,경상사고,0,0,1,0,차량단독 - 공작물충돌,안전운전불이행,건조,맑음,교차로 - 교차로부근,이륜,남,19세,경상,,,,
2018101100100154,2018년 10월 11일 09시,목요일,대구광역시 수성구 시지동,중상사고,0,1,2,0,차대차 - 추돌,안전운전불이행,건조,맑음,단일로 - 기타,승용,여,30세,상해없음,승용,남,67세,중상
2018101100100184,2018년 10월 11일 10시,목요일,대구광역시 달서구 상인동,중상사고,0,1,0,0,차대사람 - 횡단중,안전운전불이행,건조,맑음,단일로 - 기타,기타불명,기타불명,미분류,기타불명,보행자,여,86세,중상
2018101100100302,2018년 10월 11일 14시,목요일,대구광역시 서구 내당동,경상사고,0,0,1,0,차대차 - 측면충돌,안전운전불이행,건조,맑음,단일로 - 기타,승용,남,52세,상해없음,승용,여,50세,경상
2018101100100340,2018년 10월 11일 15시,목요일,대구광역시 북구 복현동,중상사고,0,1,2,0,차대차 - 측면충돌,안전거리미확보,건조,맑음,단일로 - 기타,승용,여,42세,상해없음,승용,여,64세,중상
2018101100100341,2018년 10월 11일 15시,목요일,대구광역시 북구 산격동,경상사고,0,0,1,0,차대차 - 후진중충돌,안전운전불이행,건조,맑음,교차로 - 교차로안,승용,남,64세,상해없음,승용,여,46세,경상
2018101100100377,2018년 10월 11일 16시,목요일,대구광역시 수성구 매호동,중상사고,0,1,0,0,차대사람 - 횡단중,보행자보호의무위반,건조,맑음,교차로 - 교차로횡단보도내,승용,여,47세,상해없음,보행자,남,53세,중상
2018101100100378,2018년 10월 11일 16시,목요일,대구광역시 달서구 월성동,중상사고,0,1,0,0,차대차 - 측면충돌,안전운전불이행,건조,맑음,단일로 - 기타,승용,남,31세,상해없음,승용,남,56세,중상
2018101100100425,2018년 10월 11일 17시,목요일,대구광역시 동구 신서동,중상사고,0,1,0,0,차대차 - 기타,안전운전불이행,건조,맑음,교차로 - 교차로안,승용,여,73세,상해없음,자전거,여,61세,중상
2018101100100426,2018년 10월 11일 17시,목요일,대구광역시 동구 율하동,경상사고,0,0,1,0,차대차 - 후진중충돌,안전운전불이행,건조,맑음,교차로 - 교차로부근,승용,남,50세,상해없음,승용,남,30세,경상
2018101100100427,2018년 10월 11일 17시,목요일,대구광역시 달서구 용산동,경상사고,0,0,1,0,차대차 - 측면충돌,안전운전불이행,건조,맑음,교차로 - 교차로안,승용,여,51세,상해없음,이륜,남,27세,경상
2018101100100480,2018년 10월 11일 18시,목요일,대구광역시 수성구 시지동,부상신고사고,0,0,0,1,차대차 - 기타,안전운전불이행,건조,맑음,교차로 - 교차로부근,자전거,남,42세,부상신고,자전거,남,62세,상해없음
2018101100100481,2018년 10월 11일 18시,목요일,대구광역시 수성구 욱수동,중상사고,0,1,0,0,차대차 - 측면충돌,안전거리미확보,건조,맑음,단일로 - 기타,승용,남,49세,상해없음,이륜,남,30세,중상
2018101100100482,2018년 10월 11일 18시,목요일,대구광역시 달서구 감삼동,경상사고,0,0,1,0,차대차 - 측면충돌,안전운전불이행,건조,맑음,교차로 - 교차로부근,승용,남,57세,상해없음,이륜,남,29세,경상
2018101100100511,2018년 10월 11일 19시,목요일,대구광역시 수성구 수성동1가,부상신고사고,0,0,0,1,차대차 - 기타,안전운전불이행,건조,맑음,단일로 - 기타,자전거,남,11세,부상신고,승용,여,45세,상해없음
2018101100100512,2018년 10월 11일 19시,목요일,대구광역시 달서구 진천동,경상사고,0,0,3,0,차대차 - 측면충돌,교차로운행방법위반,건조,맑음,교차로 - 교차로안,승용,여,59세,경상,이륜,남,49세,경상
2018101100100548,2018년 10월 11일 20시,목요일,대구광역시 동구 지저동,중상사고,0,1,0,0,차대차 - 측면충돌,안전운전불이행,건조,맑음,교차로 - 교차로안,승용,남,47세,상해없음,원동기,남,18세,중상
2018101100100601,2018년 10월 11일 22시,목요일,대구광역시 북구 관음동,부상신고사고,0,0,0,1,차대차 - 측면충돌,직진우회전진행방해,건조,맑음,교차로 - 교차로안,이륜,남,18세,부상신고,승용,남,59세,상해없음
2018101200100010,2018년 10월 12일 00시,금요일,대구광역시 서구 비산동,경상사고,0,0,2,0,차대차 - 추돌,안전운전불이행,건조,맑음,단일로 - 기타,승용,남,51세,상해없음,승용,남,59세,경상
2018101200100031,2018년 10월 12일 02시,금요일,대구광역시 서구 평리동,중상사고,0,1,0,0,차대사람 - 횡단중,신호위반,건조,맑음,교차로 - 교차로안,승합,남,42세,상해없음,보행자,남,27세,중상
2018101200100038,2018년 10월 12일 04시,금요일,대구광역시 동구 동호동,중상사고,0,1,0,0,차대사람 - 기타,안전운전불이행,건조,맑음,단일로 - 기타,승합,남,52세,상해없음,보행자,여,75세,중상
2018101200100134,2018년 10월 12일 08시,금요일,대구광역시 북구 서변동,경상사고,0,0,1,0,차대차 - 기타,안전거리미확보,건조,맑음,단일로 - 기타,승용,남,60세,상해없음,원동기,남,56세,경상
2018101200100135,2018년 10월 12일 08시,금요일,대구광역시 북구 침산동,경상사고,0,0,1,0,차대차 - 기타,안전운전불이행,건조,맑음,단일로 - 기타,승용,남,33세,상해없음,자전거,남,13세,경상
2018101200100136,2018년 10월 12일 08시,금요일,대구광역시 서구 내당동,중상사고,0,1,0,0,차대사람 - 횡단중,보행자보호의무위반,건조,맑음,단일로 - 기타,승용,남,54세,상해없음,보행자,남,64세,중상
2018101200100137,2018년 10월 12일 08시,금요일,대구광역시 달서구 장기동,경상사고,0,0,1,0,차량단독 - 기타,안전운전불이행,건조,맑음,단일로 - 기타,승합,남,63세,상해없음,,,,
2018101200100138,2018년 10월 12일 08시,금요일,대구광역시 북구 태전동,경상사고,0,0,1,0,차대사람 - 보도통행중,안전운전불이행,건조,맑음,단일로 - 기타,기타불명,기타불명,미분류,기타불명,보행자,남,20세,경상
2018101200100139,2018년 10월 12일 08시,금요일,대구광역시 북구 팔달동,경상사고,0,0,1,0,차대차 - 측면충돌,안전거리미확보,건조,맑음,단일로 - 교량,승용,남,27세,상해없음,승용,여,61세,경상
2018101200100173,2018년 10월 12일 09시,금요일,대구광역시 수성구 범물동,경상사고,0,0,1,0,차대차 - 측면충돌,안전거리미확보,건조,맑음,단일로 - 기타,승용,여,45세,기타불명,화물,남,47세,경상
2018101200100174,2018년 10월 12일 09시,금요일,대구광역시 수성구 지산동,경상사고,0,0,1,0,차대차 - 추돌,안전운전불이행,건조,맑음,단일로 - 기타,화물,남,51세,상해없음,승용,여,56세,경상
2018101200100175,2018년 10월 12일 09시,금요일,대구광역시 달성군 구지면,중상사고,0,1,1,0,차대차 - 기타,직진우회전진행방해,건조,맑음,교차로 - 교차로안,화물,남,47세,경상,승용,여,28세,중상
2018101200100176,2018년 10월 12일 09시,금요일,대구광역시 달서구 용산동,경상사고,0,0,1,0,차대사람 - 횡단중,안전운전불이행,건조,맑음,교차로 - 교차로부근,승용,여,35세,상해없음,보행자,남,81세,경상
2018101200100177,2018년 10월 12일 09시,금요일,대구광역시 북구 태전동,중상사고,0,1,0,0,차대차 - 기타,안전운전불이행,건조,맑음,단일로 - 기타,승용,여,54세,상해없음,승용,여,37세,중상
2018101200100204,2018년 10월 12일 10시,금요일,대구광역시 남구 대명동,경상사고,0,0,1,0,차대사람 - 차도통행중,안전운전불이행,건조,맑음,단일로 - 기타,승용,여,44세,상해없음,보행자,여,20세,경상
2018101200100206,2018년 10월 12일 10시,금요일,대구광역시 수성구 두산동,중상사고,0,2,0,0,차대차 - 측면충돌,신호위반,건조,맑음,교차로 - 교차로부근,승용,남,37세,상해없음,승용,남,48세,중상
2018101200100235,2018년 10월 12일 11시,금요일,대구광역시 중구 대봉동,경상사고,0,0,4,0,차대차 - 추돌,안전거리미확보,건조,맑음,단일로 - 기타,승용,남,27세,상해없음,승용,여,47세,경상
2018101200100315,2018년 10월 12일 13시,금요일,대구광역시 남구 대명동,부상신고사고,0,0,0,1,차대차 - 측면충돌,교차로운행방법위반,건조,맑음,교차로 - 교차로안,이륜,남,57세,부상신고,승용,여,54세,상해없음
2018101200100316,2018년 10월 12일 13시,금요일,대구광역시 북구 노원동3가,경상사고,0,0,1,0,차대차 - 측면충돌,불법유턴,건조,맑음,단일로 - 기타,승용,여,55세,상해없음,원동기,남,40세,경상
2018101200100317,2018년 10월 12일 13시,금요일,대구광역시 달서구 신당동,경상사고,0,0,1,0,차대차 - 측면충돌,안전거리미확보,건조,맑음,단일로 - 기타,승용,남,38세,상해없음,이륜,남,24세,경상
2018101200100348,2018년 10월 12일 14시,금요일,대구광역시 달서구 죽전동,중상사고,0,1,2,0,차대차 - 측면충돌,교차로운행방법위반,건조,맑음,교차로 - 교차로안,승용,여,60세,상해없음,승용,남,41세,경상
2018101200100392,2018년 10월 12일 15시,금요일,대구광역시 수성구 범어동,경상사고,0,0,1,0,차대차 - 추돌,안전운전불이행,건조,맑음,교차로 - 교차로안,승용,여,35세,상해없음,승용,여,47세,경상
2018101200100393,2018년 10월 12일 15시,금요일,대구광역시 중구 달성동,부상신고사고,0,0,0,1,차대차 - 측면충돌,안전운전불이행,건조,맑음,단일로 - 기타,자전거,남,67세,부상신고,화물,남,25세,상해없음
2018101200100432,2018년 10월 12일 16시,금요일,대구광역시 동구 신서동,경상사고,0,0,1,0,차대사람 - 기타,안전운전불이행,건조,맑음,단일로 - 기타,승합,남,66세,상해없음,보행자,남,6세,경상
2018101200100433,2018년 10월 12일 16시,금요일,대구광역시 달서구 대곡동,중상사고,0,1,0,0,차대사람 - 횡단중,안전운전불이행,건조,맑음,교차로 - 교차로안,승용,여,60세,상해없음,보행자,여,80세,중상
2018101200100434,2018년 10월 12일 16시,금요일,대구광역시 중구 남산동,중상사고,0,1,0,0,차대차 - 측면충돌,안전거리미확보,건조,맑음,교차로 - 교차로부근,이륜,남,54세,상해없음,승용,남,77세,상해없음
2018101200100435,2018년 10월 12일 16시,금요일,대구광역시 중구 서문로2가,중상사고,0,1,1,0,차대차 - 측면충돌,안전운전불이행,건조,맑음,단일로 - 기타,자전거,여,62세,중상,승용,여,58세,경상
2018101200100436,2018년 10월 12일 16시,금요일,대구광역시 중구 남산동,경상사고,0,0,1,0,차대차 - 기타,안전운전불이행,건조,맑음,단일로 - 기타,승용,여,25세,상해없음,자전거,남,71세,경상
2018101200100437,2018년 10월 12일 16시,금요일,대구광역시 달서구 성당동,중상사고,0,1,0,0,차대차 - 측면충돌,안전운전불이행,건조,맑음,단일로 - 기타,기타불명,기타불명,미분류,기타불명,승용,여,62세,중상
2018101200100489,2018년 10월 12일 17시,금요일,대구광역시 북구 복현동,중상사고,0,1,0,0,차대차 - 측면충돌,차로위반,건조,맑음,교차로 - 교차로부근,승용,여,59세,상해없음,이륜,여,53세,중상
2018101200100490,2018년 10월 12일 17시,금요일,대구광역시 북구 구암동,중상사고,0,1,0,0,차대사람 - 횡단중,안전운전불이행,건조,맑음,단일로 - 기타,화물,남,55세,상해없음,보행자,여,82세,중상
2018101200100539,2018년 10월 12일 18시,금요일,대구광역시 동구 불로동,경상사고,0,0,1,0,차대사람 - 길가장자리구역통행중,안전운전불이행,건조,맑음,단일로 - 기타,화물,남,64세,상해없음,보행자,남,38세,경상
2018101200100540,2018년 10월 12일 18시,금요일,대구광역시 동구 신천동,중상사고,0,1,0,0,차대차 - 기타,안전운전불이행,건조,맑음,단일로 - 기타,승용,남,61세,상해없음,이륜,남,42세,중상
2018101200100541,2018년 10월 12일 18시,금요일,대구광역시 달서구 호림동,경상사고,0,0,2,0,차대차 - 측면충돌,안전운전불이행,건조,맑음,교차로 - 교차로부근,승용,여,47세,상해없음,승용,여,55세,경상
2018101200100598,2018년 10월 12일 19시,금요일,대구광역시 남구 봉덕동,중상사고,0,1,0,0,차대사람 - 횡단중,신호위반,건조,맑음,단일로 - 기타,이륜,남,26세,상해없음,보행자,남,54세,중상
2018101200100599,2018년 10월 12일 19시,금요일,대구광역시 동구 검사동,중상사고,0,1,1,0,차대차 - 추돌,안전거리미확보,건조,맑음,단일로 - 기타,승용,여,51세,상해없음,승용,남,41세,경상
2018101200100600,2018년 10월 12일 19시,금요일,대구광역시 동구 신천동,부상신고사고,0,0,0,1,차대사람 - 차도통행중,안전운전불이행,건조,맑음,단일로 - 기타,승용,남,26세,상해없음,보행자,남,26세,부상신고
2018101200100601,2018년 10월 12일 19시,금요일,대구광역시 동구 신천동,경상사고,0,0,1,0,차대차 - 추돌,안전운전불이행,건조,맑음,단일로 - 기타,승용,남,59세,상해없음,승용,남,52세,경상
2018101200100602,2018년 10월 12일 19시,금요일,대구광역시 수성구 상동,경상사고,0,0,1,0,차대사람 - 횡단중,안전운전불이행,건조,맑음,단일로 - 기타,승용,남,24세,상해없음,보행자,남,53세,경상
2018101200100603,2018년 10월 12일 19시,금요일,대구광역시 수성구 범어동,중상사고,0,1,0,0,차대차 - 측면충돌,안전운전불이행,건조,맑음,교차로 - 교차로부근,승용,남,50세,상해없음,이륜,남,23세,중상
2018101200100604,2018년 10월 12일 19시,금요일,대구광역시 서구 비산동,경상사고,0,0,1,0,차대차 - 측면충돌,안전운전불이행,건조,맑음,교차로 - 교차로안,승용,남,58세,상해없음,승용,여,47세,경상
2018101200100605,2018년 10월 12일 19시,금요일,대구광역시 달서구 본리동,경상사고,0,0,1,0,차대차 - 측면충돌,차로위반,건조,맑음,기타 - 기타,승용,남,70세,상해없음,승용,남,48세,상해없음
2018101200100633,2018년 10월 12일 20시,금요일,대구광역시 동구 신서동,부상신고사고,0,0,0,2,차대차 - 측면충돌,신호위반,건조,맑음,교차로 - 교차로안,승용,여,46세,상해없음,승용,남,60세,부상신고
2018101200100634,2018년 10월 12일 20시,금요일,대구광역시 동구 검사동,경상사고,0,0,1,0,차대사람 - 보도통행중,안전운전불이행,건조,맑음,단일로 - 기타,화물,남,53세,상해없음,보행자,남,62세,경상
2018101200100664,2018년 10월 12일 21시,금요일,대구광역시 달성군 논공읍,경상사고,0,0,1,0,차대차 - 기타,중앙선침범,건조,맑음,단일로 - 기타,승용,남,51세,상해없음,승용,남,43세,경상
2018101200100693,2018년 10월 12일 22시,금요일,대구광역시 동구 신천동,경상사고,0,0,2,0,차대차 - 측면충돌,중앙선침범,건조,맑음,기타 - 기타,승용,남,72세,상해없음,승합,남,50세,경상
2018101200100694,2018년 10월 12일 22시,금요일,대구광역시 달서구 상인동,경상사고,0,0,1,2,차대차 - 측면충돌,교차로운행방법위반,건조,맑음,교차로 - 교차로안,화물,남,67세,부상신고,승용,여,28세,경상
2018101200100718,2018년 10월 12일 23시,금요일,대구광역시 동구 동호동,경상사고,0,0,1,0,차대차 - 측면충돌,안전운전불이행,건조,맑음,단일로 - 기타,승용,남,46세,상해없음,자전거,남,21세,경상
2018101300100013,2018년 10월 13일 00시,토요일,대구광역시 중구 공평동,경상사고,0,0,3,0,차대차 - 추돌,안전거리미확보,건조,맑음,단일로 - 기타,승용,남,55세,상해없음,승용,남,25세,경상
2018101300100056,2018년 10월 13일 02시,토요일,대구광역시 중구 남산동,경상사고,0,0,2,0,차대차 - 추돌,안전거리미확보,건조,맑음,단일로 - 기타,이륜,남,20세,상해없음,이륜,남,17세,경상
2018101300100063,2018년 10월 13일 03시,토요일,대구광역시 달서구 상인동,경상사고,0,0,2,1,차대차 - 측면충돌,안전운전불이행,건조,맑음,단일로 - 기타,승용,남,42세,부상신고,승용,남,25세,경상
2018101300100064,2018년 10월 13일 03시,토요일,대구광역시 북구 산격동,부상신고사고,0,0,0,1,차대차 - 측면충돌,안전운전불이행,건조,맑음,교차로 - 교차로안,이륜,남,22세,부상신고,승용,남,38세,기타불명
2018101300100065,2018년 10월 13일 03시,토요일,대구광역시 북구 태전동,중상사고,0,1,0,0,차대사람 - 기타,안전운전불이행,건조,맑음,단일로 - 기타,승용,남,64세,상해없음,보행자,남,27세,중상
2018101300100076,2018년 10월 13일 04시,토요일,대구광역시 달서구 두류동,경상사고,0,0,3,0,차대차 - 측면충돌,안전운전불이행,건조,맑음,단일로 - 기타,승용,남,36세,상해없음,승용,남,64세,경상
2018101300100099,2018년 10월 13일 06시,토요일,대구광역시 북구 복현동,경상사고,0,0,1,0,차대차 - 정면충돌,신호위반,건조,맑음,단일로 - 기타,자전거,남,63세,경상,화물,남,41세,상해없음
2018101300100118,2018년 10월 13일 07시,토요일,대구광역시 중구 삼덕동1가,경상사고,0,0,1,0,차대사람 - 횡단중,신호위반,건조,맑음,단일로 - 기타,승용,남,31세,상해없음,보행자,여,20세,경상
2018101300100138,2018년 10월 13일 08시,토요일,대구광역시 수성구 만촌동,경상사고,0,0,2,0,차대차 - 추돌,안전운전불이행,건조,맑음,단일로 - 기타,승용,남,47세,상해없음,승용,남,40세,경상
2018101300100197,2018년 10월 13일 10시,토요일,대구광역시 동구 숙천동,경상사고,0,0,2,0,차대차 - 측면충돌,안전운전불이행,건조,맑음,단일로 - 기타,승합,남,53세,상해없음,승용,남,37세,경상
2018101300100201,2018년 10월 13일 10시,토요일,대구광역시 수성구 만촌동,경상사고,0,0,1,0,차대차 - 측면충돌,안전거리미확보,건조,맑음,단일로 - 기타,승용,남,68세,상해없음,화물,남,37세,경상
2018101300100202,2018년 10월 13일 10시,토요일,대구광역시 달서구 송현동,경상사고,0,0,2,0,차대차 - 측면충돌,안전운전불이행,건조,맑음,단일로 - 기타,승용,남,30세,상해없음,승용,여,47세,경상
2018101300100203,2018년 10월 13일 10시,토요일,대구광역시 북구 산격동,중상사고,0,1,0,0,차대차 - 기타,안전운전불이행,건조,맑음,교차로 - 교차로안,승용,남,63세,상해없음,화물,남,37세,중상
2018101300100204,2018년 10월 13일 10시,토요일,대구광역시 서구 비산동,사망사고,1,0,0,0,차대사람 - 기타,안전운전불이행,건조,맑음,교차로 - 교차로안,화물,남,61세,상해없음,보행자,남,67세,사망
2018101300100205,2018년 10월 13일 10시,토요일,대구광역시 달서구 감삼동,중상사고,0,1,1,0,차대차 - 측면충돌,안전운전불이행,건조,맑음,교차로 - 교차로부근,승용,남,61세,상해없음,승용,남,60세,경상
2018101300100246,2018년 10월 13일 11시,토요일,대구광역시 수성구 수성동2가,중상사고,0,1,0,0,차대차 - 측면충돌,안전운전불이행,건조,맑음,교차로 - 교차로안,승용,여,42세,상해없음,자전거,여,14세,중상
2018101300100247,2018년 10월 13일 11시,토요일,대구광역시 북구 침산동,경상사고,0,0,3,0,차대사람 - 횡단중,보행자보호의무위반,건조,맑음,교차로 - 교차로횡단보도내,승합,남,53세,상해없음,보행자,여,39세,경상
2018101300100248,2018년 10월 13일 11시,토요일,대구광역시 중구 삼덕동3가,경상사고,0,0,1,0,차대차 - 측면충돌,중앙선침범,건조,맑음,교차로 - 교차로안,자전거,남,23세,상해없음,승용,남,47세,경상
2018101300100281,2018년 10월 13일 12시,토요일,대구광역시 남구 대명동,경상사고,0,0,1,0,차대사람 - 차도통행중,안전운전불이행,건조,맑음,단일로 - 기타,승용,남,71세,상해없음,보행자,여,21세,경상
2018101300100282,2018년 10월 13일 12시,토요일,대구광역시 수성구 두산동,중상사고,0,1,2,0,차대차 - 측면충돌,안전거리미확보,건조,맑음,기타 - 기타,승용,남,45세,상해없음,승용,남,66세,상해없음
2018101300100283,2018년 10월 13일 12시,토요일,대구광역시 수성구 중동,경상사고,0,0,1,0,차대차 - 측면충돌,안전거리미확보,건조,맑음,단일로 - 기타,승용,남,68세,상해없음,승용,남,50세,상해없음
2018101300100284,2018년 10월 13일 12시,토요일,대구광역시 달서구 상인동,경상사고,0,0,1,0,차대사람 - 길가장자리구역통행중,안전운전불이행,건조,맑음,단일로 - 기타,화물,남,43세,상해없음,보행자,여,25세,경상
2018101300100285,2018년 10월 13일 12시,토요일,대구광역시 서구 평리동,중상사고,0,1,0,0,차대사람 - 횡단중,안전운전불이행,건조,맑음,교차로 - 교차로부근,화물,남,51세,상해없음,보행자,여,78세,중상
2018101300100321,2018년 10월 13일 13시,토요일,대구광역시 달성군 현풍읍,경상사고,0,0,1,0,차대차 - 기타,안전운전불이행,건조,맑음,교차로 - 교차로부근,승용,여,49세,상해없음,승합,남,55세,경상
2018101300100357,2018년 10월 13일 14시,토요일,대구광역시 북구 구암동,중상사고,0,1,0,0,차대차 - 측면충돌,신호위반,건조,맑음,교차로 - 교차로안,승용,여,54세,상해없음,이륜,남,18세,중상
2018101300100387,2018년 10월 13일 15시,토요일,대구광역시 달서구 상인동,경상사고,0,0,1,0,차대차 - 추돌,안전운전불이행,건조,맑음,단일로 - 기타,화물,남,42세,상해없음,승용,남,40세,경상
2018101300100388,2018년 10월 13일 15시,토요일,대구광역시 서구 내당동,경상사고,0,0,1,0,차대차 - 측면충돌,교차로운행방법위반,건조,맑음,교차로 - 교차로안,승용,남,36세,상해없음,승용,남,61세,상해없음
2018101300100389,2018년 10월 13일 15시,토요일,대구광역시 서구 내당동,부상신고사고,0,0,0,1,차대차 - 측면충돌,안전운전불이행,건조,맑음,단일로 - 기타,기타불명,기타불명,미분류,기타불명,화물,남,44세,부상신고
2018101300100419,2018년 10월 13일 16시,토요일,대구광역시 북구 금호동,경상사고,0,0,1,0,차대차 - 추돌,안전운전불이행,건조,맑음,단일로 - 터널,승용,남,40세,상해없음,승용,남,50세,경상
2018101300100424,2018년 10월 13일 16시,토요일,대구광역시 북구 침산동,경상사고,0,0,1,0,차대차 - 측면충돌,교차로운행방법위반,건조,맑음,교차로 - 교차로부근,승용,여,59세,상해없음,승용,남,50세,경상
2018101300100453,2018년 10월 13일 17시,토요일,대구광역시 중구 계산동2가,경상사고,0,0,2,0,차대차 - 측면충돌,안전운전불이행,건조,맑음,단일로 - 기타,승용,여,31세,상해없음,이륜,남,20세,경상
2018101300100491,2018년 10월 13일 18시,토요일,대구광역시 수성구 지산동,경상사고,0,0,1,0,차대차 - 측면충돌,신호위반,건조,맑음,교차로 - 교차로안,승용,남,44세,상해없음,이륜,남,37세,경상
2018101300100492,2018년 10월 13일 18시,토요일,대구광역시 서구 평리동,경상사고,0,0,1,0,차대차 - 측면충돌,신호위반,건조,맑음,교차로 - 교차로부근,승용,남,37세,상해없음,승용,남,82세,경상
2018101300100493,2018년 10월 13일 18시,토요일,대구광역시 서구 내당동,부상신고사고,0,0,0,1,차대차 - 측면충돌,안전운전불이행,건조,맑음,단일로 - 기타,승용,남,37세,기타불명,승합,남,45세,상해없음
2018101300100494,2018년 10월 13일 18시,토요일,대구광역시 서구 비산동,중상사고,0,1,0,0,차량단독 - 기타,안전운전불이행,건조,맑음,단일로 - 기타,자전거,남,59세,중상,,,,
2018101300100495,2018년 10월 13일 18시,토요일,대구광역시 중구 삼덕동3가,경상사고,0,0,2,2,차대차 - 측면충돌,안전거리미확보,건조,맑음,단일로 - 기타,승용,남,64세,상해없음,승용,남,71세,부상신고
2018101300100496,2018년 10월 13일 18시,토요일,대구광역시 달서구 용산동,중상사고,0,1,0,0,차대차 - 측면충돌,차로위반,건조,맑음,단일로 - 기타,승용,남,39세,상해없음,이륜,남,36세,중상
2018101300100497,2018년 10월 13일 18시,토요일,대구광역시 달서구 두류동,경상사고,0,0,1,0,차대차 - 추돌,안전운전불이행,건조,맑음,단일로 - 기타,기타불명,기타불명,미분류,기타불명,자전거,남,17세,경상
2018101300100524,2018년 10월 13일 19시,토요일,대구광역시 동구 백안동,경상사고,0,0,1,0,차대차 - 추돌,안전운전불이행,건조,맑음,단일로 - 기타,승용,여,55세,상해없음,승용,남,49세,상해없음
2018101300100525,2018년 10월 13일 19시,토요일,대구광역시 동구 신천동,경상사고,0,0,1,0,차대차 - 측면충돌,교차로운행방법위반,건조,맑음,교차로 - 교차로안,승용,남,63세,상해없음,승용,남,59세,상해없음
2018101300100526,2018년 10월 13일 19시,토요일,대구광역시 달서구 송현동,경상사고,0,0,1,0,차대차 - 측면충돌,신호위반,건조,맑음,교차로 - 교차로안,승용,남,53세,상해없음,승용,남,31세,경상
2018101300100527,2018년 10월 13일 19시,토요일,대구광역시 달성군 다사읍,경상사고,0,0,1,0,차대차 - 추돌,안전운전불이행,건조,맑음,단일로 - 교량,이륜,남,33세,경상,승용,여,41세,상해없음
2018101300100528,2018년 10월 13일 19시,토요일,대구광역시 북구 태전동,경상사고,0,0,1,0,차대차 - 정면충돌,안전운전불이행,건조,맑음,교차로 - 교차로부근,승용,남,28세,상해없음,이륜,남,22세,경상
2018101300100560,2018년 10월 13일 20시,토요일,대구광역시 서구 평리동,경상사고,0,0,3,0,차대차 - 측면충돌,안전운전불이행,건조,맑음,교차로 - 교차로안,승용,남,40세,상해없음,승용,남,48세,경상
2018101300100561,2018년 10월 13일 20시,토요일,대구광역시 서구 상리동,경상사고,0,0,2,0,차대차 - 측면충돌,안전운전불이행,건조,맑음,단일로 - 기타,승용,남,59세,상해없음,승용,남,57세,경상
2018101300100611,2018년 10월 13일 22시,토요일,대구광역시 수성구 만촌동,경상사고,0,0,3,0,차량단독 - 공작물충돌,안전운전불이행,건조,맑음,교차로 - 교차로안,승용,남,56세,상해없음,,,,
2018101300100612,2018년 10월 13일 22시,토요일,대구광역시 북구 관음동,경상사고,0,0,1,0,차대차 - 기타,안전운전불이행,건조,맑음,교차로 - 교차로부근,승용,남,55세,상해없음,원동기,남,26세,경상
2018101300100629,2018년 10월 13일 23시,토요일,대구광역시 중구 삼덕동1가,경상사고,0,0,2,0,차대차 - 추돌,안전거리미확보,건조,맑음,교차로 - 교차로부근,승용,남,63세,상해없음,승용,남,34세,경상
2018101400100006,2018년 10월 14일 00시,일요일,대구광역시 중구 삼덕동1가,경상사고,0,0,1,0,차대사람 - 기타,신호위반,건조,맑음,단일로 - 기타,승용,남,26세,상해없음,보행자,여,26세,경상
2018101400100021,2018년 10월 14일 01시,일요일,대구광역시 수성구 황금동,경상사고,0,0,2,0,차대차 - 측면충돌,안전운전불이행,건조,맑음,단일로 - 기타,승용,남,45세,상해없음,승용,남,60세,상해없음
2018101400100022,2018년 10월 14일 01시,일요일,대구광역시 중구 대봉동,경상사고,0,0,1,0,차대차 - 추돌,안전운전불이행,건조,맑음,단일로 - 기타,승용,남,64세,상해없음,기타불명,기타불명,미분류,기타불명