사고번호,사고일시,요일,시군구,사고내용,사망자수,중상자수,경상자수,부상신고자수,사고유형,법규위반,노면상태,기상상태,도로형태,가해운전자 차종,가해운전자 성별,가해운전자 연령,가해운전자 상해정도,피해운전자 차종,피해운전자 성별,피해운전자 연령,피해운전자 상해정도
2018101800100287,2018년 10월 18일 13시,목요일,대구광역시 동구 율하동,중상사고,0,1,0,0,차대차 - 측면충돌,안전운전불이행,건조,맑음,단일로 - 기타,승용,여,54세,상해없음,이륜,남,59세,중상
2018101800100288,2018년 10월 18일 13시,목요일,대구광역시 동구 백안동,중상사고,0,1,0,0,차대사람 - 기타,기타,건조,맑음,교차로 - 교차로부근,화물,남,48세,상해없음,보행자,여,87세,중상
2018101800100289,2018년 10월 18일 13시,목요일,대구광역시 달서구 상인동,부상신고사고,0,0,0,1,차대사람 - 기타,안전운전불이행,건조,맑음,기타 - 기타,승용,남,55세,상해없음,보행자,남,62세,부상신고
2018101800100290,2018년 10월 18일 13시,목요일,대구광역시 중구 동인동1가,경상사고,0,0,1,0,차대차 - 기타,기타,건조,맑음,단일로 - 기타,승용,남,56세,상해없음,자전거,남,57세,경상
2018101800100365,2018년 10월 18일 15시,목요일,대구광역시 동구 방촌동,경상사고,0,0,1,0,차대차 - 추돌,안전거리미확보,건조,맑음,교차로 - 교차로부근,화물,남,56세,기타불명,승용,여,65세,경상
2018101800100366,2018년 10월 18일 15시,목요일,대구광역시 달서구 본동,경상사고,0,0,1,0,차대사람 - 차도통행중,안전운전불이행,건조,맑음,단일로 - 기타,승용,여,22세,상해없음,보행자,남,49세,경상
2018101800100367,2018년 10월 18일 15시,목요일,대구광역시 서구 중리동,경상사고,0,0,1,0,차대차 - 측면충돌,교차로운행방법위반,건조,맑음,교차로 - 교차로부근,승용,남,21세,상해없음,승용,여,45세,경상
2018101800100368,2018년 10월 18일 15시,목요일,대구광역시 달서구 두류동,경상사고,0,0,1,0,차대차 - 후진중충돌,기타,건조,맑음,주차장 - 주차장,승용,남,73세,기타불명,승용,남,45세,경상
2018101800100410,2018년 10월 18일 16시,목요일,대구광역시 수성구 시지동,경상사고,0,0,1,0,차대사람 - 횡단중,보행자보호의무위반,건조,맑음,교차로 - 교차로횡단보도내,이륜,남,69세,상해없음,보행자,여,77세,경상
2018101800100411,2018년 10월 18일 16시,목요일,대구광역시 서구 내당동,경상사고,0,0,1,0,차대차 - 추돌,안전운전불이행,건조,맑음,단일로 - 기타,화물,남,53세,상해없음,승용,남,40세,경상
2018101800100453,2018년 10월 18일 17시,목요일,대구광역시 달서구 송현동,중상사고,0,1,0,0,차대사람 - 횡단중,보행자보호의무위반,건조,맑음,교차로 - 교차로부근,승용,여,47세,상해없음,보행자,여,87세,중상
2018101800100512,2018년 10월 18일 18시,목요일,대구광역시 달서구 송현동,중상사고,0,1,0,0,차대차 - 기타,안전운전불이행,건조,맑음,교차로 - 교차로안,승용,여,71세,상해없음,기타불명,여,74세,중상
2018101800100513,2018년 10월 18일 18시,목요일,대구광역시 달성군 다사읍,중상사고,0,1,1,0,차대차 - 기타,신호위반,건조,맑음,교차로 - 교차로안,승용,여,52세,상해없음,승용,남,38세,중상
2018101800100514,2018년 10월 18일 18시,목요일,대구광역시 달성군 유가읍,경상사고,0,0,1,0,차대차 - 측면충돌,안전운전불이행,건조,맑음,교차로 - 교차로안,승용,남,56세,상해없음,화물,남,35세,경상
2018101800100515,2018년 10월 18일 18시,목요일,대구광역시 달서구 이곡동,경상사고,0,0,1,0,차대차 - 기타,교차로운행방법위반,건조,맑음,교차로 - 교차로안,승용,남,45세,상해없음,이륜,남,20세,경상
2018101800100516,2018년 10월 18일 18시,목요일,대구광역시 북구 국우동,경상사고,0,0,1,0,차대사람 - 기타,안전운전불이행,건조,맑음,단일로 - 기타,승용,여,55세,상해없음,보행자,여,61세,경상
2018101800100568,2018년 10월 18일 19시,목요일,대구광역시 남구 대명동,경상사고,0,0,4,0,차대차 - 측면충돌,안전거리미확보,건조,맑음,교차로 - 교차로부근,화물,남,41세,상해없음,승용,남,23세,경상
2018101800100569,2018년 10월 18일 19시,목요일,대구광역시 동구 신천동,경상사고,0,0,2,0,차대차 - 측면충돌,안전거리미확보,건조,맑음,단일로 - 기타,승용,남,53세,상해없음,승합,남,33세,상해없음
2018101800100570,2018년 10월 18일 19시,목요일,대구광역시 달서구 이곡동,경상사고,0,0,1,0,차대차 - 추돌,안전운전불이행,건조,맑음,단일로 - 기타,승용,여,53세,상해없음,승용,남,36세,경상
2018101800100611,2018년 10월 18일 20시,목요일,대구광역시 수성구 시지동,경상사고,0,0,3,0,차대차 - 측면충돌,안전운전불이행,건조,맑음,단일로 - 기타,승용,여,45세,경상,승용,남,64세,경상
2018101800100612,2018년 10월 18일 20시,목요일,대구광역시 달서구 성당동,중상사고,0,1,0,0,차대차 - 기타,안전운전불이행,건조,기타,단일로 - 기타,승용,남,63세,상해없음,이륜,남,29세,중상
2018101800100641,2018년 10월 18일 21시,목요일,대구광역시 달서구 송현동,경상사고,0,0,2,0,차대차 - 측면충돌,안전운전불이행,젖음/습기,비,교차로 - 교차로부근,승용,남,31세,경상,승용,여,23세,경상
2018101800100642,2018년 10월 18일 21시,목요일,대구광역시 서구 비산동,경상사고,0,0,1,0,차대사람 - 횡단중,안전운전불이행,건조,맑음,기타 - 기타,승용,남,51세,상해없음,보행자,남,48세,경상
2018101800100643,2018년 10월 18일 21시,목요일,대구광역시 달서구 용산동,경상사고,0,0,4,0,차대차 - 측면충돌,안전운전불이행,건조,맑음,단일로 - 기타,승용,남,61세,상해없음,승용,남,20세,경상
2018101800100644,2018년 10월 18일 21시,목요일,대구광역시 달서구 이곡동,경상사고,0,0,1,0,차대차 - 측면충돌,중앙선침범,젖음/습기,맑음,단일로 - 기타,화물,남,51세,상해없음,이륜,남,54세,경상
2018101800100702,2018년 10월 18일 23시,목요일,대구광역시 달서구 본리동,경상사고,0,0,2,0,차대차 - 기타,교차로운행방법위반,젖음/습기,비,교차로 - 교차로안,승용,남,58세,상해없음,승용,남,54세,경상
2018101900100058,2018년 10월 19일 05시,금요일,대구광역시 동구 신암동,중상사고,0,1,0,0,차대사람 - 기타,안전운전불이행,건조,맑음,단일로 - 기타,승합,남,49세,상해없음,보행자,남,85세,중상
2018101900100096,2018년 10월 19일 07시,금요일,대구광역시 서구 평리동,중상사고,0,1,0,0,차대차 - 측면충돌,안전운전불이행,건조,맑음,교차로 - 교차로안,승용,여,45세,상해없음,이륜,남,61세,중상
2018101900100137,2018년 10월 19일 08시,금요일,대구광역시 수성구 범어동,경상사고,0,0,1,0,차대사람 - 기타,안전운전불이행,건조,맑음,단일로 - 기타,승용,여,43세,상해없음,보행자,남,42세,경상
2018101900100138,2018년 10월 19일 08시,금요일,대구광역시 달성군 논공읍,사망사고,1,0,1,0,차대사람 - 보도통행중,과속,건조,맑음,단일로 - 기타,화물,남,54세,경상,보행자,여,59세,사망
2018101900100218,2018년 10월 19일 10시,금요일,대구광역시 수성구 지산동,부상신고사고,0,0,0,1,차대차 - 기타,안전운전불이행,건조,맑음,교차로 - 교차로안,이륜,남,41세,부상신고,승용,여,48세,상해없음
2018101900100219,2018년 10월 19일 10시,금요일,대구광역시 달서구 송현동,경상사고,0,0,1,0,차대차 - 측면충돌,교차로운행방법위반,건조,맑음,교차로 - 교차로안,승용,남,56세,상해없음,승용,여,49세,경상
2018101900100220,2018년 10월 19일 10시,금요일,대구광역시 북구 태전동,경상사고,0,0,1,0,차대차 - 기타,안전운전불이행,건조,맑음,기타 - 기타,승용,여,44세,상해없음,자전거,남,68세,경상
2018101900100266,2018년 10월 19일 11시,금요일,대구광역시 동구 효목동,중상사고,0,1,0,0,차량단독 - 기타,안전운전불이행,건조,맑음,단일로 - 기타,승합,남,59세,상해없음,,,,
2018101900100267,2018년 10월 19일 11시,금요일,대구광역시 수성구 지산동,경상사고,0,0,2,0,차대차 - 측면충돌,안전거리미확보,건조,맑음,단일로 - 기타,승용,남,29세,상해없음,승합,남,63세,상해없음
2018101900100268,2018년 10월 19일 11시,금요일,대구광역시 서구 비산동,경상사고,0,0,2,0,차대차 - 측면충돌,안전운전불이행,건조,맑음,단일로 - 기타,승용,남,80세,경상,승합,남,54세,상해없음
2018101900100316,2018년 10월 19일 12시,금요일,대구광역시 남구 대명동,경상사고,0,0,1,0,차대사람 - 길가장자리구역통행중,안전운전불이행,건조,맑음,교차로 - 교차로부근,기타불명,기타불명,미분류,기타불명,보행자,여,18세,경상
2018101900100317,2018년 10월 19일 12시,금요일,대구광역시 수성구 범어동,경상사고,0,0,1,0,차량단독 - 기타,안전운전불이행,건조,맑음,단일로 - 기타,승용,남,80세,상해없음,,,,
2018101900100318,2018년 10월 19일 12시,금요일,대구광역시 중구 태평로3가,중상사고,0,1,0,0,차대차 - 측면충돌,신호위반,건조,맑음,교차로 - 교차로안,승합,남,60세,상해없음,이륜,여,53세,중상
2018101900100350,2018년 10월 19일 13시,금요일,대구광역시 남구 대명동,부상신고사고,0,0,0,1,차대차 - 측면충돌,안전운전불이행,건조,맑음,단일로 - 기타,이륜,남,25세,부상신고,승용,남,53세,상해없음
2018101900100351,2018년 10월 19일 13시,금요일,대구광역시 서구 비산동,경상사고,0,0,1,0,차대사람 - 기타,안전운전불이행,건조,맑음,단일로 - 기타,승용,남,70세,상해없음,보행자,남,53세,경상
2018101900100390,2018년 10월 19일 14시,금요일,대구광역시 동구 용계동,중상사고,0,1,0,0,차대사람 - 기타,보행자보호의무위반,건조,맑음,단일로 - 기타,승용,남,70세,상해없음,보행자,남,55세,중상
2018101900100391,2018년 10월 19일 14시,금요일,대구광역시 달서구 월성동,중상사고,0,1,0,0,차대사람 - 횡단중,신호위반,건조,맑음,단일로 - 기타,이륜,남,21세,상해없음,보행자,여,78세,중상
2018101900100392,2018년 10월 19일 14시,금요일,대구광역시 북구 노원동3가,경상사고,0,0,2,0,차대차 - 측면충돌,직진우회전진행방해,건조,맑음,교차로 - 교차로안,승용,남,57세,상해없음,이륜,남,20세,경상
2018101900100440,2018년 10월 19일 15시,금요일,대구광역시 서구 내당동,경상사고,0,0,1,0,차대사람 - 기타,기타,건조,맑음,단일로 - 기타,승용,남,62세,상해없음,보행자,여,80세,경상
2018101900100484,2018년 10월 19일 16시,금요일,대구광역시 수성구 수성동4가,경상사고,0,0,2,0,차량단독 - 기타,교차로운행방법위반,건조,맑음,단일로 - 기타,승합,남,51세,상해없음,,,,
2018101900100485,2018년 10월 19일 16시,금요일,대구광역시 수성구 만촌동,중상사고,0,1,0,0,차대차 - 추돌,차로위반,건조,맑음,단일로 - 기타,승용,남,59세,상해없음,승용,남,30세,중상
2018101900100486,2018년 10월 19일 16시,금요일,대구광역시 중구 계산동1가,사망사고,1,1,0,0,차대차 - 기타,안전운전불이행,건조,맑음,단일로 - 기타,승용,남,80세,사망,승용,여,48세,상해없음
2018101900100540,2018년 10월 19일 17시,금요일,대구광역시 달성군 유가읍,중상사고,0,1,0,0,차대사람 - 기타,교차로운행방법위반,건조,맑음,교차로 - 교차로부근,승용,남,66세,상해없음,보행자,남,80세,중상
2018101900100541,2018년 10월 19일 17시,금요일,대구광역시 서구 평리동,중상사고,0,1,0,0,차대차 - 기타,안전운전불이행,건조,맑음,단일로 - 기타,승용,남,47세,상해없음,이륜,남,79세,중상
2018101900100542,2018년 10월 19일 17시,금요일,대구광역시 서구 비산동,경상사고,0,0,1,0,차대사람 - 기타,보행자보호의무위반,건조,맑음,단일로 - 기타,화물,여,51세,상해없음,보행자,남,53세,경상
2018101900100622,2018년 10월 19일 18시,금요일,대구광역시 수성구 노변동,경상사고,0,0,1,0,차대차 - 추돌,안전거리미확보,건조,맑음,단일로 - 기타,승용,여,32세,상해없음,승용,남,62세,경상
2018101900100623,2018년 10월 19일 18시,금요일,대구광역시 수성구 가천동,경상사고,0,0,2,0,차대차 - 추돌,안전거리미확보,건조,맑음,단일로 - 고가도로위,화물,남,49세,상해없음,승용,남,56세,경상
2018101900100624,2018년 10월 19일 18시,금요일,대구광역시 달서구 월성동,경상사고,0,0,1,0,차대차 - 측면충돌,교차로운행방법위반,건조,맑음,교차로 - 교차로안,승용,여,51세,상해없음,이륜,남,18세,경상
2018101900100625,2018년 10월 19일 18시,금요일,대구광역시 북구 산격동,부상신고사고,0,0,0,1,차대차 - 측면충돌,안전운전불이행,건조,맑음,교차로 - 교차로안,이륜,남,59세,부상신고,승용,여,47세,상해없음
2018101900100626,2018년 10월 19일 18시,금요일,대구광역시 중구 대봉동,중상사고,0,1,0,0,차대사람 - 기타,보행자보호의무위반,건조,맑음,교차로 - 교차로안,승합,남,52세,상해없음,보행자,여,23세,중상
2018101900100627,2018년 10월 19일 18시,금요일,대구광역시 북구 동천동,중상사고,0,1,0,0,차대차 - 기타,안전운전불이행,건조,맑음,교차로 - 교차로부근,화물,남,60세,상해없음,승용,여,46세,중상
2018101900100665,2018년 10월 19일 19시,금요일,대구광역시 동구 지저동,경상사고,0,0,1,0,차대차 - 측면충돌,안전운전불이행,건조,맑음,단일로 - 기타,승용,남,56세,상해없음,개인형이동수단(PM),남,50세,경상
2018101900100666,2018년 10월 19일 19시,금요일,대구광역시 수성구 가천동,중상사고,0,1,3,0,차대차 - 추돌,안전운전불이행,건조,맑음,단일로 - 교량,승합,남,38세,상해없음,승용,여,45세,경상
2018101900100667,2018년 10월 19일 19시,금요일,대구광역시 수성구 신매동,중상사고,0,1,0,0,차대사람 - 횡단중,보행자보호의무위반,건조,맑음,교차로 - 교차로횡단보도내,승용,여,37세,상해없음,보행자,여,27세,중상
2018101900100668,2018년 10월 19일 19시,금요일,대구광역시 달서구 송현동,경상사고,0,0,2,0,차대차 - 측면충돌,안전운전불이행,건조,맑음,단일로 - 기타,승용,남,67세,상해없음,승용,남,29세,경상
2018101900100669,2018년 10월 19일 19시,금요일,대구광역시 달서구 본리동,중상사고,0,1,0,0,차대사람 - 횡단중,보행자보호의무위반,건조,맑음,교차로 - 교차로안,승용,남,36세,상해없음,보행자,남,42세,중상
2018101900100670,2018년 10월 19일 19시,금요일,대구광역시 북구 서변동,경상사고,0,0,1,0,차대사람 - 차도통행중,안전운전불이행,건조,맑음,단일로 - 기타,승용,남,43세,상해없음,보행자,남,17세,경상
2018101900100671,2018년 10월 19일 19시,금요일,대구광역시 북구 서변동,경상사고,0,0,2,0,차대차 - 기타,안전운전불이행,건조,맑음,단일로 - 기타,승용,남,65세,상해없음,화물,남,25세,경상
2018101900100712,2018년 10월 19일 20시,금요일,대구광역시 서구 평리동,경상사고,0,0,1,0,차대사람 - 기타,안전운전불이행,건조,맑음,단일로 - 기타,이륜,남,34세,상해없음,보행자,남,49세,경상
2018101900100749,2018년 10월 19일 21시,금요일,대구광역시 동구 신암동,경상사고,0,0,1,0,차대차 - 기타,안전운전불이행,건조,맑음,단일로 - 기타,승용,남,67세,상해없음,승용,남,31세,상해없음
2018101900100775,2018년 10월 19일 22시,금요일,대구광역시 수성구 성동,경상사고,0,0,2,0,차대차 - 측면충돌,안전거리미확보,건조,맑음,단일로 - 기타,승용,남,24세,상해없음,승용,여,43세,경상
2018101900100776,2018년 10월 19일 22시,금요일,대구광역시 달성군 다사읍,중상사고,0,1,0,0,차대차 - 정면충돌,신호위반,건조,흐림,교차로 - 교차로안,이륜,남,17세,중상,승용,남,27세,상해없음
2018101900100777,2018년 10월 19일 22시,금요일,대구광역시 달서구 본리동,경상사고,0,0,2,0,차대차 - 측면충돌,불법유턴,건조,맑음,교차로 - 교차로부근,승용,남,43세,상해없음,승용,남,40세,경상
2018101900100800,2018년 10월 19일 23시,금요일,대구광역시 중구 남산동,경상사고,0,0,1,0,차대차 - 기타,안전운전불이행,건조,맑음,교차로 - 교차로안,승용,여,45세,상해없음,승용,남,33세,기타불명
2018101900100801,2018년 10월 19일 23시,금요일,대구광역시 북구 국우동,중상사고,0,1,0,0,차량단독 - 전도전복 - 전도,안전운전불이행,건조,맑음,단일로 - 기타,이륜,남,16세,중상,미분류,미분류,미분류,미분류
2018102000100040,2018년 10월 20일 02시,토요일,대구광역시 북구 침산동,경상사고,0,0,2,0,차대차 - 측면충돌,안전운전불이행,건조,맑음,교차로 - 교차로부근,승합,남,64세,상해없음,승용,남,52세,경상
2018102000100041,2018년 10월 20일 02시,토요일,대구광역시 북구 대현동,경상사고,0,0,1,0,차대차 - 측면충돌,안전운전불이행,건조,맑음,교차로 - 교차로부근,자전거,남,14세,경상,승용,남,38세,상해없음
2018102000100042,2018년 10월 20일 02시,토요일,대구광역시 북구 노원동3가,경상사고,0,0,1,0,차대차 - 추돌,안전운전불이행,건조,맑음,교차로 - 교차로부근,승용,남,52세,상해없음,승용,남,58세,경상
2018102000100058,2018년 10월 20일 03시,토요일,대구광역시 수성구 황금동,부상신고사고,0,0,0,1,차대사람 - 기타,안전운전불이행,건조,맑음,단일로 - 기타,승용,남,31세,상해없음,보행자,남,25세,부상신고
2018102000100066,2018년 10월 20일 04시,토요일,대구광역시 남구 이천동,경상사고,0,0,1,0,차대차 - 측면충돌,차로위반,건조,맑음,단일로 - 지하차도(도로)내,승용,남,28세,상해없음,승용,남,39세,경상
2018102000100090,2018년 10월 20일 05시,토요일,대구광역시 서구 내당동,경상사고,0,0,1,0,차대차 - 추돌,안전운전불이행,건조,맑음,단일로 - 기타,승용,남,28세,상해없음,화물,남,65세,경상
2018102000100112,2018년 10월 20일 06시,토요일,대구광역시 달서구 장기동,경상사고,0,0,1,0,차대차 - 측면충돌,안전거리미확보,건조,맑음,교차로 - 교차로부근,승용,남,30세,기타불명,승용,남,35세,경상
2018102000100188,2018년 10월 20일 09시,토요일,대구광역시 달서구 용산동,중상사고,0,1,0,0,차대사람 - 횡단중,신호위반,건조,맑음,단일로 - 기타,승용,여,30세,상해없음,보행자,남,26세,중상
2018102000100189,2018년 10월 20일 09시,토요일,대구광역시 북구 태전동,경상사고,0,0,1,0,차대사람 - 기타,안전운전불이행,건조,맑음,교차로 - 교차로안,승용,남,59세,상해없음,보행자,여,52세,경상
2018102000100229,2018년 10월 20일 10시,토요일,대구광역시 남구 대명동,경상사고,0,0,1,0,차대차 - 측면충돌,안전거리미확보,건조,맑음,단일로 - 기타,승용,여,47세,상해없음,승용,여,30세,상해없음
2018102000100230,2018년 10월 20일 10시,토요일,대구광역시 북구 태전동,중상사고,0,1,0,0,차대사람 - 횡단중,신호위반,건조,맑음,교차로 - 교차로횡단보도내,승용,남,76세,상해없음,보행자,남,6세,중상
2018102000100265,2018년 10월 20일 11시,토요일,대구광역시 북구 노원동1가,중상사고,0,1,0,0,차대차 - 측면충돌,안전운전불이행,건조,맑음,단일로 - 기타,승용,남,55세,상해없음,이륜,남,61세,중상
2018102000100309,2018년 10월 20일 12시,토요일,대구광역시 서구 내당동,중상사고,0,1,0,0,차대사람 - 기타,기타,건조,맑음,단일로 - 기타,승합,남,34세,상해없음,보행자,남,61세,중상
2018102000100358,2018년 10월 20일 13시,토요일,대구광역시 달서구 상인동,중상사고,0,1,0,0,차대차 - 기타,안전운전불이행,건조,맑음,단일로 - 기타,승용,남,40세,상해없음,승용,여,60세,상해없음
2018102000100359,2018년 10월 20일 13시,토요일,대구광역시 서구 평리동,경상사고,0,0,1,0,차량단독 - 전도전복 - 전도,안전운전불이행,건조,맑음,단일로 - 기타,이륜,남,34세,경상,미분류,미분류,미분류,미분류
2018102000100393,2018년 10월 20일 14시,토요일,대구광역시 달서구 송현동,경상사고,0,0,1,0,차대차 - 기타,안전운전불이행,건조,맑음,단일로 - 기타,사륜오토바이(ATV),남,81세,상해없음,자전거,남,9세,경상
2018102000100440,2018년 10월 20일 15시,토요일,대구광역시 남구 대명동,경상사고,0,0,1,0,차대차 - 추돌,안전운전불이행,건조,맑음,단일로 - 기타,기타불명,기타불명,미분류,기타불명,승용,남,62세,상해없음
2018102000100441,2018년 10월 20일 15시,토요일,대구광역시 동구 봉무동,경상사고,0,0,3,0,차대차 - 기타,교차로운행방법위반,건조,맑음,교차로 - 교차로안,승용,남,60세,경상,승용,남,39세,경상
2018102000100442,2018년 10월 20일 15시,토요일,대구광역시 달서구 대천동,경상사고,0,0,2,0,차대차 - 측면충돌,교차로운행방법위반,건조,맑음,교차로 - 교차로안,화물,남,45세,상해없음,화물,남,70세,경상
2018102000100443,2018년 10월 20일 15시,토요일,대구광역시 달서구 성당동,경상사고,0,0,1,0,차대차 - 기타,안전운전불이행,건조,맑음,교차로 - 교차로안,승용,여,60세,상해없음,승합,남,56세,상해없음
2018102000100444,2018년 10월 20일 15시,토요일,대구광역시 북구 매천동,경상사고,0,0,1,0,차대차 - 측면충돌,안전운전불이행,건조,맑음,기타 - 기타,승용,남,66세,상해없음,자전거,여,51세,경상
2018102000100489,2018년 10월 20일 16시,토요일,대구광역시 동구 검사동,중상사고,0,1,0,0,차대사람 - 횡단중,안전운전불이행,건조,맑음,교차로 - 교차로안,승용,여,55세,상해없음,보행자,남,66세,중상
2018102000100490,2018년 10월 20일 16시,토요일,대구광역시 수성구 시지동,중상사고,0,2,0,0,차대차 - 추돌,안전거리미확보,건조,맑음,교차로 - 교차로부근,승용,여,61세,상해없음,승용,여,62세,중상
2018102000100491,2018년 10월 20일 16시,토요일,대구광역시 북구 읍내동,경상사고,0,0,1,0,차대차 - 기타,중앙선침범,건조,맑음,교차로 - 교차로부근,화물,남,41세,상해없음,승용,남,59세,경상
2018102000100536,2018년 10월 20일 17시,토요일,대구광역시 서구 상리동,경상사고,0,0,1,0,차대차 - 추돌,안전거리미확보,건조,맑음,단일로 - 기타,승용,남,59세,상해없음,승용,남,31세,상해없음
2018102000100540,2018년 10월 20일 17시,토요일,대구광역시 동구 동호동,경상사고,0,0,1,0,차대차 - 측면충돌,안전운전불이행,건조,맑음,교차로 - 교차로부근,승용,여,65세,상해없음,승용,남,41세,경상
2018102000100541,2018년 10월 20일 17시,토요일,대구광역시 중구 동인동2가,경상사고,0,0,1,0,차대차 - 후진중충돌,안전운전불이행,건조,맑음,단일로 - 기타,승용,남,45세,상해없음,승용,남,51세,경상
2018102000100542,2018년 10월 20일 17시,토요일,대구광역시 달서구 용산동,경상사고,0,0,2,0,차대차 - 측면충돌,안전거리미확보,건조,맑음,단일로 - 기타,승용,남,61세,상해없음,승용,남,42세,경상
2018102000100597,2018년 10월 20일 18시,토요일,대구광역시 동구 신서동,부상신고사고,0,0,0,1,차대차 - 측면충돌,안전운전불이행,건조,맑음,단일로 - 기타,이륜,남,16세,부상신고,승용,남,37세,상해없음
2018102000100598,2018년 10월 20일 18시,토요일,대구광역시 수성구 매호동,중상사고,0,1,0,0,차대사람 - 차도통행중,안전운전불이행,건조,맑음,단일로 - 기타,승용,남,65세,상해없음,보행자,남,76세,중상
2018102000100599,2018년 10월 20일 18시,토요일,대구광역시 달서구 진천동,중상사고,0,3,1,0,차대차 - 추돌,안전운전불이행,건조,맑음,단일로 - 기타,승용,남,58세,상해없음,승용,여,38세,경상
2018102000100600,2018년 10월 20일 18시,토요일,대구광역시 서구 상리동,경상사고,0,0,1,0,차대차 - 추돌,안전운전불이행,건조,맑음,단일로 - 기타,승용,남,47세,상해없음,승용,여,51세,경상
2018102000100661,2018년 10월 20일 19시,토요일,대구광역시 동구 검사동,경상사고,0,0,1,0,차대차 - 측면충돌,교차로운행방법위반,건조,맑음,단일로 - 기타,승용,여,37세,상해없음,승합,남,58세,상해없음
2018102000100662,2018년 10월 20일 19시,토요일,대구광역시 달성군 화원읍,경상사고,0,0,1,0,차대차 - 기타,교차로운행방법위반,건조,맑음,교차로 - 교차로안,승용,남,72세,상해없음,승용,여,51세,경상
2018102000100663,2018년 10월 20일 19시,토요일,대구광역시 달서구 신당동,경상사고,0,0,1,0,차대차 - 측면충돌,안전운전불이행,건조,맑음,단일로 - 기타,승용,남,32세,상해없음,이륜,남,25세,경상
2018102000100692,2018년 10월 20일 20시,토요일,대구광역시 달서구 상인동,경상사고,0,0,1,0,차대차 - 측면충돌,안전운전불이행,건조,맑음,단일로 - 기타,승용,남,59세,상해없음,승용,여,30세,경상
2018102000100693,2018년 10월 20일 20시,토요일,대구광역시 서구 평리동,중상사고,0,1,0,0,차대차 - 측면충돌,안전운전불이행,건조,맑음,교차로 - 교차로부근,승용,남,60세,상해없음,이륜,남,34세,중상
2018102000100694,2018년 10월 20일 20시,토요일,대구광역시 달서구 신당동,중상사고,0,1,0,0,차대사람 - 횡단중,신호위반,건조,맑음,기타 - 기타,승용,남,29세,상해없음,보행자,남,40세,중상
2018102000100734,2018년 10월 20일 21시,토요일,대구광역시 동구 효목동,경상사고,0,0,2,0,차대차 - 추돌,안전운전불이행,건조,맑음,교차로 - 교차로안,화물,남,64세,상해없음,승용,남,42세,경상
2018102000100753,2018년 10월 20일 22시,토요일,대구광역시 달서구 유천동,경상사고,0,0,1,0,차대사람 - 차도통행중,기타,건조,맑음,단일로 - 기타,승용,남,64세,상해없음,보행자,여,49세,경상
2018102000100754,2018년 10월 20일 22시,토요일,대구광역시 달서구 성당동,경상사고,0,0,1,0,차대차 - 기타,차로위반,건조,맑음,교차로 - 교차로부근,이륜,남,22세,상해없음,이륜,남,19세,경상
2018102100100010,2018년 10월 21일 00시,일요일,대구광역시 북구 산격동,부상신고사고,0,0,0,1,차대사람 - 보도통행중,안전운전불이행,건조,맑음,단일로 - 기타,화물,남,49세,상해없음,보행자,남,44세,부상신고
2018102100100042,2018년 10월 21일 02시,일요일,대구광역시 남구 봉덕동,경상사고,0,0,2,0,차대차 - 측면충돌,안전거리미확보,건조,맑음,단일로 - 교량,승용,남,61세,상해없음,승용,남,70세,경상
2018102100100057,2018년 10월 21일 04시,일요일,대구광역시 수성구 황금동,경상사고,0,0,2,0,차대차 - 추돌,안전운전불이행,건조,맑음,단일로 - 기타,승용,남,30세,상해없음,승용,남,59세,경상
2018102100100086,2018년 10월 21일 07시,일요일,대구광역시 북구 침산동,경상사고,0,0,1,0,차대차 - 추돌,안전운전불이행,건조,맑음,교차로 - 교차로부근,이륜,남,21세,경상,승용,남,61세,상해없음
2018102100100087,2018년 10월 21일 07시,일요일,대구광역시 서구 내당동,경상사고,0,0,3,0,차대차 - 측면충돌,중앙선침범,건조,맑음,단일로 - 기타,승용,남,30세,상해없음,승용,남,76세,경상
2018102100100125,2018년 10월 21일 09시,일요일,대구광역시 달서구 용산동,중상사고,0,1,0,0,차대차 - 측면충돌,신호위반,건조,맑음,교차로 - 교차로안,승용,여,25세,상해없음,승용,남,50세,중상
2018102100100143,2018년 10월 21일 10시,일요일,대구광역시 동구 방촌동,경상사고,0,0,1,0,차대차 - 측면충돌,안전운전불이행,건조,맑음,교차로 - 교차로안,승용,여,50세,상해없음,승용,남,32세,경상
2018102100100144,2018년 10월 21일 10시,일요일,대구광역시 서구 비산동,중상사고,0,1,0,0,차량단독 - 기타,안전운전불이행,건조,맑음,단일로 - 기타,승합,남,58세,상해없음,,,,
2018102100100169,2018년 10월 21일 11시,일요일,대구광역시 남구 봉덕동,경상사고,0,0,4,0,차대차 - 측면충돌,안전거리미확보,건조,맑음,단일로 - 교량,승용,남,64세,상해없음,승용,남,36세,경상
2018102100100170,2018년 10월 21일 11시,일요일,대구광역시 중구 대봉동,경상사고,0,0,2,0,차대차 - 추돌,안전운전불이행,건조,맑음,교차로 - 교차로부근,승용,남,28세,상해없음,승용,여,29세,경상