사고번호,사고일시,요일,시군구,사고내용,사망자수,중상자수,경상자수,부상신고자수,사고유형,법규위반,노면상태,기상상태,도로형태,가해운전자 차종,가해운전자 성별,가해운전자 연령,가해운전자 상해정도,피해운전자 차종,피해운전자 성별,피해운전자 연령,피해운전자 상해정도
2018102100100171,2018년 10월 21일 11시,일요일,대구광역시 달서구 성당동,부상신고사고,0,0,0,1,차대차 - 측면충돌,안전운전불이행,건조,맑음,교차로 - 교차로부근,이륜,남,26세,부상신고,승용,남,68세,상해없음
2018102100100202,2018년 10월 21일 12시,일요일,대구광역시 수성구 파동,중상사고,0,1,0,0,차대차 - 기타,교차로운행방법위반,건조,맑음,교차로 - 교차로부근,승용,남,45세,상해없음,승합,남,59세,상해없음
2018102100100203,2018년 10월 21일 12시,일요일,대구광역시 서구 내당동,경상사고,0,0,2,0,차대차 - 추돌,안전운전불이행,건조,맑음,단일로 - 기타,승용,남,58세,상해없음,승용,남,60세,경상
2018102100100241,2018년 10월 21일 13시,일요일,대구광역시 동구 백안동,경상사고,0,0,3,0,차대차 - 추돌,안전운전불이행,건조,맑음,단일로 - 기타,승용,남,63세,상해없음,화물,남,74세,경상
2018102100100273,2018년 10월 21일 14시,일요일,대구광역시 북구 칠성동2가,경상사고,0,0,1,0,차대차 - 측면충돌,신호위반,건조,맑음,교차로 - 교차로안,승용,남,59세,상해없음,이륜,남,38세,경상
2018102100100349,2018년 10월 21일 16시,일요일,대구광역시 수성구 두산동,경상사고,0,0,3,0,차대차 - 측면충돌,안전운전불이행,건조,맑음,단일로 - 기타,승용,남,36세,상해없음,승용,남,54세,경상
2018102100100428,2018년 10월 21일 18시,일요일,대구광역시 동구 율하동,경상사고,0,0,1,0,차대차 - 기타,안전거리미확보,건조,맑음,교차로 - 교차로부근,승용,남,37세,상해없음,화물,남,37세,경상
2018102100100429,2018년 10월 21일 18시,일요일,대구광역시 달성군 현풍읍,경상사고,0,0,3,0,차대차 - 측면충돌,교차로운행방법위반,건조,맑음,교차로 - 교차로안,승용,여,32세,경상,승용,남,50세,경상
2018102100100430,2018년 10월 21일 18시,일요일,대구광역시 서구 이현동,경상사고,0,0,4,0,차대차 - 추돌,안전운전불이행,건조,맑음,단일로 - 기타,화물,남,53세,상해없음,승용,남,25세,경상
2018102100100431,2018년 10월 21일 18시,일요일,대구광역시 달서구 성당동,경상사고,0,0,1,0,차대차 - 측면충돌,불법유턴,건조,맑음,단일로 - 기타,자전거,남,56세,경상,승용,남,37세,상해없음
2018102100100432,2018년 10월 21일 18시,일요일,대구광역시 북구 동천동,경상사고,0,0,2,0,차대차 - 측면충돌,안전운전불이행,건조,맑음,단일로 - 기타,승용,여,44세,상해없음,승용,남,33세,경상
2018102100100433,2018년 10월 21일 18시,일요일,대구광역시 북구 읍내동,경상사고,0,0,1,0,차대차 - 기타,안전운전불이행,건조,맑음,단일로 - 기타,승용,여,29세,상해없음,이륜,남,57세,경상
2018102100100466,2018년 10월 21일 19시,일요일,대구광역시 북구 매천동,부상신고사고,0,0,0,1,차대차 - 정면충돌,안전운전불이행,건조,맑음,기타 - 기타,자전거,여,63세,부상신고,화물,남,41세,상해없음
2018102100100500,2018년 10월 21일 20시,일요일,대구광역시 동구 신천동,경상사고,0,0,2,0,차대차 - 측면충돌,안전운전불이행,건조,맑음,교차로 - 교차로부근,승합,남,59세,상해없음,승용,여,29세,경상
2018102100100501,2018년 10월 21일 20시,일요일,대구광역시 수성구 두산동,중상사고,0,1,3,0,차대차 - 추돌,안전운전불이행,건조,맑음,교차로 - 교차로안,승용,여,30세,상해없음,승용,남,45세,중상
2018102100100502,2018년 10월 21일 20시,일요일,대구광역시 달성군 화원읍,경상사고,0,0,1,0,차대차 - 기타,안전운전불이행,건조,맑음,단일로 - 기타,승용,남,52세,상해없음,승용,남,25세,경상
2018102100100527,2018년 10월 21일 21시,일요일,대구광역시 동구 신천동,경상사고,0,0,2,0,차대차 - 추돌,안전운전불이행,건조,맑음,단일로 - 기타,승합,남,58세,기타불명,승용,여,28세,경상
2018102100100528,2018년 10월 21일 21시,일요일,대구광역시 수성구 중동,경상사고,0,0,1,0,차대차 - 측면충돌,안전거리미확보,건조,맑음,단일로 - 기타,승용,남,22세,상해없음,이륜,남,25세,경상
2018102100100529,2018년 10월 21일 21시,일요일,대구광역시 달성군 화원읍,중상사고,0,1,0,0,차대차 - 측면충돌,안전운전불이행,건조,맑음,교차로 - 교차로부근,승용,남,43세,상해없음,이륜,남,23세,중상
2018102100100554,2018년 10월 21일 22시,일요일,대구광역시 북구 침산동,경상사고,0,0,1,0,차대차 - 측면충돌,안전운전불이행,건조,맑음,단일로 - 기타,이륜,남,59세,경상,승용,남,57세,상해없음
2018102200100005,2018년 10월 22일 00시,월요일,대구광역시 달서구 월성동,부상신고사고,0,0,0,1,차량단독 - 공작물충돌,안전운전불이행,건조,맑음,교차로 - 교차로안,승용,남,51세,부상신고,,,,
2018102200100023,2018년 10월 22일 04시,월요일,대구광역시 동구 지저동,중상사고,0,1,0,0,차대차 - 측면충돌,교차로운행방법위반,건조,맑음,교차로 - 교차로부근,승용,남,27세,기타불명,승용,남,58세,중상
2018102200100024,2018년 10월 22일 04시,월요일,대구광역시 북구 태전동,경상사고,0,0,1,0,차대차 - 측면충돌,안전운전불이행,건조,맑음,단일로 - 기타,화물,남,46세,상해없음,승용,남,39세,경상
2018102200100063,2018년 10월 22일 07시,월요일,대구광역시 수성구 신매동,경상사고,0,0,1,0,차대차 - 측면충돌,안전운전불이행,건조,맑음,단일로 - 기타,건설기계,남,53세,상해없음,승용,여,35세,경상
2018102200100064,2018년 10월 22일 07시,월요일,대구광역시 달성군 구지면,경상사고,0,0,2,0,차대차 - 추돌,안전운전불이행,건조,맑음,교차로 - 교차로부근,승합,남,59세,상해없음,승합,남,53세,경상
2018102200100065,2018년 10월 22일 07시,월요일,대구광역시 달서구 장동,중상사고,0,1,0,0,차대차 - 측면충돌,신호위반,건조,맑음,교차로 - 교차로안,승합,남,61세,상해없음,승용,남,32세,중상
2018102200100100,2018년 10월 22일 08시,월요일,대구광역시 수성구 신매동,경상사고,0,0,1,0,차대차 - 추돌,안전운전불이행,건조,맑음,교차로 - 교차로부근,승용,여,32세,상해없음,승용,여,66세,경상
2018102200100101,2018년 10월 22일 08시,월요일,대구광역시 북구 산격동,중상사고,0,1,0,0,차대차 - 기타,안전운전불이행,건조,맑음,단일로 - 기타,승용,여,43세,상해없음,자전거,남,37세,중상
2018102200100132,2018년 10월 22일 09시,월요일,대구광역시 남구 대명동,경상사고,0,0,3,0,차대차 - 추돌,안전운전불이행,건조,맑음,기타 - 기타,승용,남,54세,상해없음,승용,남,69세,경상
2018102200100133,2018년 10월 22일 09시,월요일,대구광역시 중구 동인동2가,경상사고,0,0,2,0,차대차 - 측면충돌,안전운전불이행,건조,맑음,단일로 - 기타,승용,여,47세,상해없음,승용,남,27세,경상
2018102200100134,2018년 10월 22일 09시,월요일,대구광역시 북구 태전동,경상사고,0,0,1,0,차대차 - 측면충돌,안전운전불이행,건조,맑음,단일로 - 기타,승용,여,60세,상해없음,자전거,여,57세,경상
2018102200100175,2018년 10월 22일 10시,월요일,대구광역시 달서구 월성동,경상사고,0,0,1,0,차대차 - 측면충돌,안전거리미확보,건조,맑음,교차로 - 교차로안,승용,여,46세,상해없음,승용,남,44세,경상
2018102200100176,2018년 10월 22일 10시,월요일,대구광역시 달서구 상인동,경상사고,0,0,1,0,차대차 - 측면충돌,교차로운행방법위반,건조,맑음,교차로 - 교차로안,승합,여,73세,상해없음,승용,남,35세,경상
2018102200100206,2018년 10월 22일 11시,월요일,대구광역시 수성구 매호동,경상사고,0,0,2,0,차대차 - 측면충돌,안전운전불이행,건조,맑음,교차로 - 교차로안,승용,남,29세,경상,승용,여,53세,경상
2018102200100207,2018년 10월 22일 11시,월요일,대구광역시 달서구 진천동,중상사고,0,1,0,0,차대차 - 측면충돌,안전운전불이행,건조,맑음,단일로 - 기타,승용,남,51세,상해없음,이륜,남,60세,중상
2018102200100243,2018년 10월 22일 12시,월요일,대구광역시 북구 칠성동1가,경상사고,0,0,1,0,차대차 - 측면충돌,안전거리미확보,건조,맑음,교차로 - 교차로안,승용,남,64세,상해없음,승용,남,59세,상해없음
2018102200100244,2018년 10월 22일 12시,월요일,대구광역시 달서구 죽전동,경상사고,0,0,4,0,차대차 - 측면충돌,차로위반,건조,맑음,단일로 - 기타,승용,여,48세,경상,승용,여,53세,경상
2018102200100263,2018년 10월 22일 13시,월요일,대구광역시 동구 신용동,경상사고,0,0,1,0,차대사람 - 기타,안전운전불이행,건조,맑음,단일로 - 기타,승용,남,63세,상해없음,보행자,남,70세,경상
2018102200100264,2018년 10월 22일 13시,월요일,대구광역시 수성구 황금동,경상사고,0,0,1,0,차대차 - 측면충돌,안전운전불이행,건조,맑음,단일로 - 기타,자전거,남,63세,경상,화물,남,51세,상해없음
2018102200100265,2018년 10월 22일 13시,월요일,대구광역시 북구 침산동,경상사고,0,0,1,0,차대사람 - 기타,안전운전불이행,건조,맑음,교차로 - 교차로안,화물,남,24세,상해없음,보행자,여,82세,경상
2018102200100266,2018년 10월 22일 13시,월요일,대구광역시 서구 평리동,경상사고,0,0,1,0,차대차 - 측면충돌,교차로운행방법위반,건조,맑음,교차로 - 교차로안,이륜,남,55세,경상,승합,여,48세,상해없음
2018102200100286,2018년 10월 22일 14시,월요일,대구광역시 동구 효목동,중상사고,0,1,0,0,차대사람 - 횡단중,안전운전불이행,건조,맑음,단일로 - 기타,승용,남,63세,상해없음,보행자,남,47세,중상
2018102200100324,2018년 10월 22일 15시,월요일,대구광역시 수성구 수성동4가,경상사고,0,0,1,0,차대차 - 측면충돌,안전운전불이행,건조,맑음,교차로 - 교차로안,승용,남,45세,상해없음,승용,남,48세,경상
2018102200100325,2018년 10월 22일 15시,월요일,대구광역시 서구 평리동,경상사고,0,0,1,0,차대차 - 기타,신호위반,건조,맑음,교차로 - 교차로안,승용,여,54세,상해없음,승용,남,55세,경상
2018102200100350,2018년 10월 22일 16시,월요일,대구광역시 중구 삼덕동3가,경상사고,0,0,1,0,차대차 - 기타,기타,건조,맑음,단일로 - 기타,승용,남,55세,상해없음,자전거,남,62세,경상
2018102200100351,2018년 10월 22일 16시,월요일,대구광역시 중구 향촌동,경상사고,0,0,1,0,차대차 - 측면충돌,안전운전불이행,건조,맑음,단일로 - 기타,이륜,남,17세,상해없음,자전거,남,75세,경상
2018102200100352,2018년 10월 22일 16시,월요일,대구광역시 중구 공평동,부상신고사고,0,0,0,1,차대사람 - 길가장자리구역통행중,안전운전불이행,건조,맑음,단일로 - 기타,승용,기타불명,미분류,기타불명,보행자,여,27세,부상신고
2018102200100392,2018년 10월 22일 17시,월요일,대구광역시 남구 대명동,경상사고,0,0,2,0,차대차 - 추돌,안전운전불이행,건조,맑음,단일로 - 기타,승용,남,33세,상해없음,승용,남,38세,경상
2018102200100393,2018년 10월 22일 17시,월요일,대구광역시 달서구 본동,경상사고,0,0,1,0,차대차 - 측면충돌,안전운전불이행,건조,맑음,단일로 - 기타,승용,남,56세,상해없음,자전거,남,19세,경상
2018102200100394,2018년 10월 22일 17시,월요일,대구광역시 달성군 화원읍,경상사고,0,0,1,0,차대차 - 기타,안전운전불이행,건조,맑음,단일로 - 기타,자전거,남,61세,경상,화물,남,68세,상해없음
2018102200100395,2018년 10월 22일 17시,월요일,대구광역시 서구 내당동,중상사고,0,1,0,0,차대차 - 측면충돌,신호위반,건조,맑음,단일로 - 기타,승용,여,49세,상해없음,기타불명,남,23세,중상
2018102200100396,2018년 10월 22일 17시,월요일,대구광역시 달서구 이곡동,경상사고,0,0,1,0,차대차 - 기타,안전운전불이행,건조,맑음,단일로 - 기타,승용,남,63세,상해없음,승용,남,31세,경상
2018102200100458,2018년 10월 22일 18시,월요일,대구광역시 동구 신서동,경상사고,0,0,1,0,차대사람 - 횡단중,안전운전불이행,건조,맑음,교차로 - 교차로횡단보도내,승용,남,58세,상해없음,보행자,남,37세,경상
2018102200100459,2018년 10월 22일 18시,월요일,대구광역시 동구 불로동,중상사고,0,1,0,0,차대차 - 기타,안전운전불이행,건조,맑음,교차로 - 교차로안,승용,남,21세,상해없음,자전거,여,61세,중상
2018102200100460,2018년 10월 22일 18시,월요일,대구광역시 수성구 시지동,부상신고사고,0,0,0,1,차대차 - 측면충돌,안전거리미확보,건조,맑음,단일로 - 기타,승용,남,65세,부상신고,화물,남,46세,상해없음
2018102200100461,2018년 10월 22일 18시,월요일,대구광역시 수성구 황금동,경상사고,0,0,3,0,차대차 - 추돌,안전운전불이행,건조,맑음,단일로 - 기타,승용,남,59세,상해없음,승용,남,56세,경상
2018102200100462,2018년 10월 22일 18시,월요일,대구광역시 달서구 송현동,경상사고,0,0,1,0,차대차 - 측면충돌,교차로운행방법위반,건조,맑음,교차로 - 교차로안,승용,남,61세,상해없음,승용,남,64세,경상
2018102200100463,2018년 10월 22일 18시,월요일,대구광역시 달서구 이곡동,경상사고,0,0,2,0,차대차 - 기타,안전운전불이행,건조,맑음,단일로 - 기타,기타불명,기타불명,미분류,기타불명,승용,남,64세,경상
2018102200100512,2018년 10월 22일 19시,월요일,대구광역시 남구 봉덕동,경상사고,0,0,4,0,차대차 - 측면충돌,차로위반,건조,맑음,단일로 - 기타,승용,여,45세,경상,승용,남,30세,경상
2018102200100513,2018년 10월 22일 19시,월요일,대구광역시 동구 도동,경상사고,0,0,1,0,차대사람 - 횡단중,보행자보호의무위반,건조,맑음,교차로 - 교차로안,승용,남,60세,상해없음,보행자,남,74세,경상
2018102200100514,2018년 10월 22일 19시,월요일,대구광역시 달서구 용산동,경상사고,0,0,1,0,차대사람 - 기타,안전운전불이행,건조,맑음,단일로 - 기타,승용,남,64세,상해없음,보행자,남,15세,경상
2018102200100534,2018년 10월 22일 20시,월요일,대구광역시 수성구 범물동,부상신고사고,0,0,0,1,차대사람 - 기타,안전운전불이행,건조,맑음,단일로 - 기타,기타불명,기타불명,미분류,기타불명,보행자,여,53세,부상신고
2018102200100535,2018년 10월 22일 20시,월요일,대구광역시 달성군 현풍읍,경상사고,0,0,1,0,차대차 - 기타,안전운전불이행,건조,맑음,단일로 - 기타,화물,남,31세,기타불명,승용,남,38세,기타불명
2018102200100536,2018년 10월 22일 20시,월요일,대구광역시 달서구 용산동,경상사고,0,0,1,0,차대사람 - 기타,안전운전불이행,건조,맑음,단일로 - 기타,승용,여,31세,기타불명,보행자,남,30세,경상
2018102200100559,2018년 10월 22일 21시,월요일,대구광역시 달서구 성당동,경상사고,0,0,2,0,차대차 - 추돌,안전운전불이행,건조,맑음,교차로 - 교차로부근,승용,여,47세,상해없음,화물,남,61세,경상
2018102200100560,2018년 10월 22일 21시,월요일,대구광역시 달서구 용산동,경상사고,0,0,1,0,차대차 - 기타,안전운전불이행,건조,기타,단일로 - 기타,승용,남,47세,경상,승용,남,50세,상해없음
2018102300100034,2018년 10월 23일 04시,화요일,대구광역시 동구 금강동,경상사고,0,0,1,0,차대사람 - 횡단중,안전운전불이행,건조,맑음,단일로 - 기타,승용,남,60세,상해없음,보행자,남,24세,경상
2018102300100040,2018년 10월 23일 05시,화요일,대구광역시 북구 고성동2가,경상사고,0,0,1,0,차대차 - 측면충돌,안전거리미확보,건조,맑음,단일로 - 기타,승용,남,48세,상해없음,승용,남,75세,경상
2018102300100057,2018년 10월 23일 06시,화요일,대구광역시 북구 대현동,경상사고,0,0,1,0,차대차 - 측면충돌,교차로운행방법위반,건조,맑음,교차로 - 교차로부근,승용,남,59세,상해없음,승용,남,62세,경상
2018102300100082,2018년 10월 23일 07시,화요일,대구광역시 중구 삼덕동2가,경상사고,0,0,1,0,차대차 - 측면충돌,안전거리미확보,건조,맑음,단일로 - 기타,승용,남,60세,상해없음,승용,남,37세,경상
2018102300100166,2018년 10월 23일 09시,화요일,대구광역시 동구 율하동,경상사고,0,0,1,0,차대차 - 측면충돌,안전운전불이행,건조,맑음,교차로 - 교차로안,승용,남,68세,상해없음,승용,여,42세,경상
2018102300100167,2018년 10월 23일 09시,화요일,대구광역시 동구 방촌동,중상사고,0,1,0,0,차대차 - 측면충돌,교차로운행방법위반,건조,맑음,교차로 - 교차로부근,화물,남,47세,상해없음,이륜,남,79세,중상
2018102300100199,2018년 10월 23일 10시,화요일,대구광역시 수성구 만촌동,경상사고,0,0,2,0,차대차 - 기타,안전거리미확보,건조,맑음,교차로 - 교차로부근,승용,남,34세,상해없음,승용,여,34세,경상
2018102300100200,2018년 10월 23일 10시,화요일,대구광역시 달서구 월성동,중상사고,0,1,0,0,차대차 - 정면충돌,신호위반,건조,맑음,교차로 - 교차로안,이륜,남,63세,중상,승용,여,47세,상해없음
2018102300100232,2018년 10월 23일 11시,화요일,대구광역시 남구 대명동,경상사고,0,0,1,0,차량단독 - 기타,안전거리미확보,건조,맑음,단일로 - 기타,승합,남,53세,상해없음,,,,
2018102300100260,2018년 10월 23일 12시,화요일,대구광역시 수성구 범어동,중상사고,0,1,0,0,차대사람 - 기타,안전운전불이행,건조,맑음,교차로 - 교차로부근,승용,남,54세,상해없음,보행자,남,24세,중상
2018102300100261,2018년 10월 23일 12시,화요일,대구광역시 북구 검단동,경상사고,0,0,4,0,차대차 - 측면충돌,직진우회전진행방해,건조,맑음,교차로 - 교차로안,승용,남,24세,상해없음,승용,남,23세,경상
2018102300100262,2018년 10월 23일 12시,화요일,대구광역시 달서구 두류동,경상사고,0,0,1,1,차대차 - 측면충돌,안전거리미확보,건조,맑음,단일로 - 기타,승용,남,60세,부상신고,승용,남,35세,경상
2018102300100367,2018년 10월 23일 16시,화요일,대구광역시 달서구 이곡동,경상사고,0,0,1,0,차대차 - 측면충돌,차로위반,건조,맑음,교차로 - 교차로부근,승용,남,60세,상해없음,승용,여,50세,경상
2018102300100479,2018년 10월 23일 18시,화요일,대구광역시 동구 효목동,중상사고,0,1,1,5,차대차 - 측면충돌,안전운전불이행,건조,맑음,단일로 - 기타,승용,여,46세,상해없음,승합,남,51세,부상신고
2018102300100480,2018년 10월 23일 18시,화요일,대구광역시 달서구 장기동,경상사고,0,0,1,0,차대사람 - 기타,안전운전불이행,건조,맑음,단일로 - 기타,승용,남,58세,상해없음,보행자,남,41세,경상
2018102300100481,2018년 10월 23일 18시,화요일,대구광역시 달서구 용산동,경상사고,0,0,1,0,차대사람 - 기타,안전운전불이행,건조,맑음,교차로 - 교차로안,기타불명,기타불명,미분류,기타불명,보행자,여,17세,경상
2018102300100482,2018년 10월 23일 18시,화요일,대구광역시 달서구 감삼동,중상사고,0,1,1,0,차대차 - 측면충돌,안전거리미확보,건조,맑음,단일로 - 기타,승용,여,48세,중상,승합,여,36세,경상
2018102300100522,2018년 10월 23일 19시,화요일,대구광역시 동구 효목동,중상사고,0,1,0,0,차대차 - 기타,안전운전불이행,건조,맑음,교차로 - 교차로부근,승용,여,51세,상해없음,이륜,남,22세,중상
2018102300100523,2018년 10월 23일 19시,화요일,대구광역시 서구 이현동,경상사고,0,0,1,0,차대차 - 측면충돌,안전운전불이행,건조,맑음,단일로 - 기타,승용,남,41세,상해없음,승용,남,45세,경상
2018102300100554,2018년 10월 23일 20시,화요일,대구광역시 동구 신천동,경상사고,0,0,4,0,차대차 - 측면충돌,안전운전불이행,건조,맑음,단일로 - 기타,승용,남,26세,상해없음,승합,남,46세,경상
2018102300100555,2018년 10월 23일 20시,화요일,대구광역시 달성군 화원읍,경상사고,0,0,2,0,차대차 - 추돌,안전운전불이행,건조,맑음,단일로 - 기타,승용,남,26세,상해없음,승용,남,28세,경상
2018102300100556,2018년 10월 23일 20시,화요일,대구광역시 달서구 감삼동,중상사고,0,1,0,0,차대차 - 측면충돌,중앙선침범,건조,맑음,단일로 - 기타,승용,여,25세,상해없음,이륜,남,18세,중상
2018102300100557,2018년 10월 23일 20시,화요일,대구광역시 달서구 성당동,경상사고,0,0,1,0,차대사람 - 기타,기타,서리/결빙,맑음,단일로 - 기타,자전거,남,55세,상해없음,보행자,여,6세,경상
2018102300100602,2018년 10월 23일 22시,화요일,대구광역시 남구 대명동,중상사고,0,1,0,0,차대차 - 측면충돌,교차로운행방법위반,건조,맑음,교차로 - 교차로안,승용,여,55세,상해없음,자전거,여,54세,중상
2018102300100603,2018년 10월 23일 22시,화요일,대구광역시 수성구 범어동,경상사고,0,0,1,0,차대차 - 측면충돌,안전운전불이행,건조,맑음,단일로 - 기타,승용,여,48세,상해없음,자전거,남,65세,경상
2018102300100604,2018년 10월 23일 22시,화요일,대구광역시 북구 노원동2가,부상신고사고,0,0,0,1,차대차 - 측면충돌,안전운전불이행,건조,맑음,단일로 - 기타,자전거,남,58세,부상신고,승용,남,55세,상해없음
2018102400100007,2018년 10월 24일 00시,수요일,대구광역시 서구 내당동,경상사고,0,0,3,0,차대차 - 추돌,안전운전불이행,건조,맑음,교차로 - 교차로부근,승용,남,31세,상해없음,승용,남,26세,경상
2018102400100020,2018년 10월 24일 02시,수요일,대구광역시 수성구 신매동,부상신고사고,0,0,0,2,차대차 - 측면충돌,안전거리미확보,건조,맑음,교차로 - 교차로부근,승용,남,73세,부상신고,화물,남,37세,부상신고
2018102400100025,2018년 10월 24일 03시,수요일,대구광역시 동구 검사동,중상사고,0,1,1,0,차대차 - 추돌,안전운전불이행,건조,맑음,교차로 - 교차로부근,승용,남,31세,상해없음,승용,남,43세,중상
2018102400100052,2018년 10월 24일 06시,수요일,대구광역시 남구 대명동,중상사고,0,2,0,0,차대차 - 측면충돌,안전운전불이행,건조,맑음,기타 - 기타,승용,남,44세,중상,화물,남,55세,중상
2018102400100083,2018년 10월 24일 07시,수요일,대구광역시 동구 신천동,중상사고,0,1,0,0,차대차 - 측면충돌,신호위반,건조,맑음,교차로 - 교차로안,승용,남,28세,상해없음,원동기,남,26세,중상
2018102400100084,2018년 10월 24일 07시,수요일,대구광역시 달성군 옥포읍,경상사고,0,0,2,0,차대차 - 측면충돌,안전운전불이행,건조,맑음,단일로 - 기타,화물,남,75세,상해없음,승용,여,69세,경상
2018102400100137,2018년 10월 24일 08시,수요일,대구광역시 동구 효목동,중상사고,0,1,0,0,차대사람 - 차도통행중,안전운전불이행,건조,맑음,단일로 - 기타,승합,남,37세,상해없음,보행자,여,61세,중상
2018102400100186,2018년 10월 24일 09시,수요일,대구광역시 중구 태평로1가,경상사고,0,0,1,0,차대차 - 기타,신호위반,건조,맑음,단일로 - 기타,승용,남,63세,상해없음,자전거,남,65세,경상
2018102400100187,2018년 10월 24일 09시,수요일,대구광역시 달서구 이곡동,경상사고,0,0,1,0,차대사람 - 기타,안전운전불이행,건조,맑음,단일로 - 기타,승용,여,44세,상해없음,보행자,여,49세,경상
2018102400100188,2018년 10월 24일 09시,수요일,대구광역시 달서구 죽전동,경상사고,0,0,1,0,차대차 - 측면충돌,차로위반,건조,맑음,단일로 - 기타,화물,남,25세,상해없음,승용,남,31세,경상
2018102400100218,2018년 10월 24일 10시,수요일,대구광역시 서구 평리동,중상사고,0,1,0,0,차대차 - 측면충돌,안전운전불이행,건조,맑음,교차로 - 교차로부근,승용,여,29세,상해없음,이륜,남,50세,중상
2018102400100247,2018년 10월 24일 11시,수요일,대구광역시 달서구 장기동,경상사고,0,0,1,0,차대차 - 측면충돌,안전거리미확보,건조,맑음,단일로 - 기타,특수,남,56세,상해없음,승용,남,48세,경상
2018102400100248,2018년 10월 24일 11시,수요일,대구광역시 북구 팔달동,경상사고,0,0,1,0,차대차 - 측면충돌,기타,건조,맑음,교차로 - 교차로안,승용,여,58세,상해없음,승용,남,62세,경상
2018102400100273,2018년 10월 24일 12시,수요일,대구광역시 동구 봉무동,중상사고,0,1,0,0,차대차 - 기타,안전운전불이행,건조,맑음,교차로 - 교차로안,승용,남,47세,상해없음,이륜,남,46세,중상
2018102400100319,2018년 10월 24일 13시,수요일,대구광역시 동구 율하동,중상사고,0,1,0,0,차대사람 - 기타,안전운전불이행,건조,맑음,기타 - 기타,화물,남,26세,상해없음,보행자,남,77세,중상
2018102400100320,2018년 10월 24일 13시,수요일,대구광역시 달서구 갈산동,중상사고,0,1,0,0,차대차 - 기타,안전운전불이행,건조,맑음,단일로 - 기타,화물,남,44세,상해없음,원동기,남,47세,중상
2018102400100321,2018년 10월 24일 13시,수요일,대구광역시 북구 팔달동,경상사고,0,0,4,0,차대차 - 측면충돌,안전운전불이행,건조,맑음,교차로 - 교차로부근,승용,남,50세,경상,승용,남,67세,경상
2018102400100369,2018년 10월 24일 14시,수요일,대구광역시 남구 봉덕동,경상사고,0,0,1,0,차대차 - 측면충돌,직진우회전진행방해,건조,맑음,교차로 - 교차로안,화물,남,50세,상해없음,승용,여,44세,경상
2018102400100370,2018년 10월 24일 14시,수요일,대구광역시 달서구 신당동,경상사고,0,0,1,0,차대차 - 측면충돌,안전운전불이행,건조,맑음,단일로 - 기타,승용,여,33세,상해없음,화물,남,34세,경상
2018102400100408,2018년 10월 24일 15시,수요일,대구광역시 동구 신암동,경상사고,0,0,2,0,차대차 - 기타,안전운전불이행,건조,맑음,단일로 - 기타,승용,남,44세,경상,승용,여,36세,경상
2018102400100449,2018년 10월 24일 16시,수요일,대구광역시 달서구 송현동,경상사고,0,0,5,7,차대차 - 측면충돌,안전운전불이행,건조,맑음,교차로 - 교차로안,승용,여,53세,부상신고,승용,남,67세,부상신고
2018102400100450,2018년 10월 24일 16시,수요일,대구광역시 서구 이현동,중상사고,0,1,1,0,차대차 - 추돌,안전거리미확보,건조,맑음,단일로 - 기타,화물,남,68세,상해없음,승용,남,71세,경상
2018102400100451,2018년 10월 24일 16시,수요일,대구광역시 중구 동산동,경상사고,0,0,1,0,차대차 - 측면충돌,안전운전불이행,건조,맑음,단일로 - 기타,승용,남,45세,상해없음,이륜,남,24세,경상
2018102400100452,2018년 10월 24일 16시,수요일,대구광역시 달서구 성당동,경상사고,0,0,1,0,차대사람 - 기타,기타,건조,맑음,교차로 - 교차로부근,승용,남,58세,상해없음,보행자,여,16세,경상
2018102400100453,2018년 10월 24일 16시,수요일,대구광역시 북구 태전동,중상사고,0,1,0,0,차대사람 - 차도통행중,안전운전불이행,건조,맑음,단일로 - 기타,승용,여,70세,상해없음,보행자,여,77세,중상
2018102400100454,2018년 10월 24일 16시,수요일,대구광역시 북구 국우동,경상사고,0,0,1,0,차대사람 - 기타,기타,건조,맑음,기타 - 기타,자전거,남,14세,상해없음,보행자,여,32세,경상
2018102400100497,2018년 10월 24일 17시,수요일,대구광역시 남구 대명동,중상사고,0,1,0,0,차대차 - 기타,안전운전불이행,건조,맑음,기타 - 기타,화물,남,54세,상해없음,화물,남,32세,중상
2018102400100498,2018년 10월 24일 17시,수요일,대구광역시 수성구 신매동,경상사고,0,0,1,0,차대차 - 추돌,안전운전불이행,건조,맑음,교차로 - 교차로부근,승용,남,70세,상해없음,승용,남,58세,경상
2018102400100564,2018년 10월 24일 18시,수요일,대구광역시 동구 부동,경상사고,0,0,1,0,차대차 - 측면충돌,안전운전불이행,건조,맑음,단일로 - 기타,승용,여,62세,상해없음,승용,남,29세,경상
2018102400100571,2018년 10월 24일 18시,수요일,대구광역시 수성구 파동,중상사고,0,1,0,0,차대사람 - 횡단중,보행자보호의무위반,건조,맑음,교차로 - 교차로부근,승용,여,82세,상해없음,보행자,남,12세,중상
2018102400100572,2018년 10월 24일 18시,수요일,대구광역시 북구 산격동,경상사고,0,0,1,0,차대차 - 측면충돌,기타,건조,맑음,단일로 - 기타,승용,남,55세,상해없음,승용,남,56세,경상