사고번호,사고일시,요일,시군구,사고내용,사망자수,중상자수,경상자수,부상신고자수,사고유형,법규위반,노면상태,기상상태,도로형태,가해운전자 차종,가해운전자 성별,가해운전자 연령,가해운전자 상해정도,피해운전자 차종,피해운전자 성별,피해운전자 연령,피해운전자 상해정도
2018102400100573,2018년 10월 24일 18시,수요일,대구광역시 달서구 용산동,경상사고,0,0,2,0,차대차 - 측면충돌,안전운전불이행,건조,맑음,단일로 - 기타,화물,남,43세,상해없음,이륜,남,19세,경상
2018102400100574,2018년 10월 24일 18시,수요일,대구광역시 북구 태전동,경상사고,0,0,1,0,차대차 - 기타,차로위반,건조,맑음,교차로 - 교차로안,승용,남,58세,상해없음,원동기,남,52세,경상
2018102400100575,2018년 10월 24일 18시,수요일,대구광역시 북구 국우동,경상사고,0,0,2,0,차대차 - 기타,안전운전불이행,건조,맑음,단일로 - 기타,승용,여,54세,상해없음,승합,남,53세,상해없음
2018102400100620,2018년 10월 24일 19시,수요일,대구광역시 남구 대명동,경상사고,0,0,1,0,차대차 - 측면충돌,안전운전불이행,건조,맑음,기타 - 기타,기타불명,기타불명,미분류,기타불명,승용,여,45세,경상
2018102400100621,2018년 10월 24일 19시,수요일,대구광역시 서구 비산동,부상신고사고,0,0,0,1,차대사람 - 차도통행중,안전운전불이행,건조,맑음,단일로 - 기타,기타불명,기타불명,미분류,기타불명,보행자,남,47세,부상신고
2018102400100622,2018년 10월 24일 19시,수요일,대구광역시 서구 비산동,경상사고,0,0,1,0,차대차 - 기타,안전운전불이행,건조,맑음,단일로 - 기타,기타불명,기타불명,미분류,기타불명,자전거,남,13세,경상
2018102400100623,2018년 10월 24일 19시,수요일,대구광역시 서구 평리동,경상사고,0,0,1,0,차대차 - 측면충돌,안전운전불이행,건조,맑음,교차로 - 교차로부근,승용,남,52세,상해없음,승용,남,58세,경상
2018102400100665,2018년 10월 24일 20시,수요일,대구광역시 수성구 황금동,중상사고,0,1,0,0,차대사람 - 기타,안전운전불이행,건조,맑음,단일로 - 기타,승용,남,33세,상해없음,보행자,남,68세,중상
2018102400100666,2018년 10월 24일 20시,수요일,대구광역시 북구 태전동,중상사고,0,1,1,0,차대차 - 기타,안전운전불이행,건조,맑음,교차로 - 교차로부근,이륜,남,35세,중상,이륜,남,52세,경상
2018102400100690,2018년 10월 24일 21시,수요일,대구광역시 남구 봉덕동,중상사고,0,1,0,0,차대사람 - 횡단중,중앙선침범,건조,맑음,단일로 - 기타,승용,남,47세,상해없음,보행자,남,51세,중상
2018102400100691,2018년 10월 24일 21시,수요일,대구광역시 남구 봉덕동,경상사고,0,0,1,0,차대사람 - 길가장자리구역통행중,안전운전불이행,건조,맑음,단일로 - 기타,기타불명,기타불명,미분류,기타불명,보행자,남,28세,경상
2018102400100728,2018년 10월 24일 22시,수요일,대구광역시 동구 신천동,중상사고,0,1,1,0,차대차 - 측면충돌,신호위반,건조,맑음,교차로 - 교차로안,화물,남,43세,상해없음,승용,여,23세,경상
2018102400100744,2018년 10월 24일 23시,수요일,대구광역시 동구 지묘동,경상사고,0,0,1,0,차대차 - 측면충돌,중앙선침범,건조,맑음,단일로 - 기타,승용,남,35세,상해없음,승용,여,37세,경상
2018102400100745,2018년 10월 24일 23시,수요일,대구광역시 북구 관음동,경상사고,0,0,1,0,차대차 - 기타,안전거리미확보,건조,맑음,단일로 - 기타,이륜,남,33세,상해없음,승용,남,51세,경상
2018102500100016,2018년 10월 25일 01시,목요일,대구광역시 북구 동천동,중상사고,0,1,0,0,차대차 - 기타,신호위반,건조,맑음,교차로 - 교차로안,승용,남,61세,기타불명,승용,남,61세,중상
2018102500100034,2018년 10월 25일 03시,목요일,대구광역시 수성구 범어동,경상사고,0,0,3,0,차대차 - 측면충돌,안전거리미확보,건조,맑음,단일로 - 기타,승용,남,50세,상해없음,승용,남,55세,상해없음
2018102500100039,2018년 10월 25일 04시,목요일,대구광역시 북구 태전동,경상사고,0,0,1,0,차대차 - 기타,안전운전불이행,건조,맑음,단일로 - 기타,승용,여,44세,상해없음,승용,남,56세,경상
2018102500100069,2018년 10월 25일 06시,목요일,대구광역시 북구 침산동,중상사고,0,1,0,0,차대차 - 기타,신호위반,건조,맑음,교차로 - 교차로부근,승용,남,80세,상해없음,자전거,남,68세,중상
2018102500100097,2018년 10월 25일 07시,목요일,대구광역시 동구 신암동,경상사고,0,0,1,0,차대차 - 추돌,안전거리미확보,건조,맑음,단일로 - 기타,승용,남,56세,상해없음,승용,여,25세,경상
2018102500100098,2018년 10월 25일 07시,목요일,대구광역시 달서구 용산동,중상사고,0,1,0,0,차대사람 - 횡단중,중앙선침범,건조,맑음,단일로 - 기타,승용,여,31세,상해없음,보행자,여,49세,중상
2018102500100145,2018년 10월 25일 08시,목요일,대구광역시 수성구 상동,경상사고,0,0,1,0,차대차 - 추돌,안전운전불이행,건조,맑음,교차로 - 교차로부근,승용,남,80세,상해없음,승용,여,38세,경상
2018102500100146,2018년 10월 25일 08시,목요일,대구광역시 달서구 도원동,경상사고,0,0,1,0,차대차 - 측면충돌,신호위반,건조,맑음,교차로 - 교차로안,승용,남,70세,상해없음,승용,여,57세,경상
2018102500100147,2018년 10월 25일 08시,목요일,대구광역시 달성군 화원읍,중상사고,0,1,1,0,차대차 - 기타,신호위반,건조,맑음,교차로 - 교차로안,승용,여,47세,상해없음,승용,남,77세,경상
2018102500100148,2018년 10월 25일 08시,목요일,대구광역시 북구 고성동1가,경상사고,0,0,1,0,차대차 - 측면충돌,직진우회전진행방해,건조,맑음,교차로 - 교차로안,승용,남,39세,상해없음,승용,여,42세,경상
2018102500100188,2018년 10월 25일 09시,목요일,대구광역시 북구 침산동,경상사고,0,0,2,0,차대차 - 측면충돌,안전운전불이행,건조,맑음,교차로 - 교차로안,승용,남,63세,경상,승용,남,36세,경상
2018102500100189,2018년 10월 25일 09시,목요일,대구광역시 서구 내당동,경상사고,0,0,2,0,차대차 - 기타,안전운전불이행,건조,맑음,단일로 - 기타,승용,남,58세,경상,승용,남,23세,경상
2018102500100190,2018년 10월 25일 09시,목요일,대구광역시 북구 구암동,경상사고,0,0,2,0,차대차 - 측면충돌,안전운전불이행,건조,맑음,교차로 - 교차로부근,화물,남,63세,상해없음,승용,남,48세,경상
2018102500100261,2018년 10월 25일 11시,목요일,대구광역시 수성구 범물동,부상신고사고,0,0,0,1,차대차 - 측면충돌,교차로운행방법위반,건조,맑음,교차로 - 교차로부근,승용,여,45세,부상신고,화물,남,48세,상해없음
2018102500100262,2018년 10월 25일 11시,목요일,대구광역시 서구 내당동,중상사고,0,1,0,0,차대차 - 기타,안전운전불이행,건조,맑음,단일로 - 기타,승합,남,47세,상해없음,승용,남,81세,상해없음
2018102500100294,2018년 10월 25일 12시,목요일,대구광역시 수성구 범어동,경상사고,0,0,2,0,차대차 - 측면충돌,차로위반,건조,맑음,단일로 - 기타,승용,남,66세,상해없음,승용,여,63세,경상
2018102500100295,2018년 10월 25일 12시,목요일,대구광역시 북구 산격동,중상사고,0,1,1,1,차대차 - 측면충돌,신호위반,건조,맑음,교차로 - 교차로안,승용,여,48세,부상신고,화물,남,44세,중상
2018102500100296,2018년 10월 25일 12시,목요일,대구광역시 서구 내당동,경상사고,0,0,1,0,차대차 - 측면충돌,차로위반,건조,맑음,단일로 - 기타,승용,남,62세,상해없음,이륜,남,24세,경상
2018102500100328,2018년 10월 25일 13시,목요일,대구광역시 동구 신천동,경상사고,0,0,2,0,차대차 - 측면충돌,안전거리미확보,건조,맑음,단일로 - 기타,승용,남,72세,상해없음,승용,남,42세,경상
2018102500100408,2018년 10월 25일 15시,목요일,대구광역시 동구 지묘동,중상사고,0,1,2,0,차대차 - 추돌,안전운전불이행,건조,맑음,단일로 - 기타,승용,여,69세,경상,승용,남,44세,경상
2018102500100409,2018년 10월 25일 15시,목요일,대구광역시 동구 입석동,중상사고,0,1,0,0,차대사람 - 기타,안전운전불이행,건조,맑음,교차로 - 교차로안,승용,여,56세,상해없음,보행자,남,21세,중상
2018102500100410,2018년 10월 25일 15시,목요일,대구광역시 수성구 지산동,경상사고,0,0,1,0,차대차 - 측면충돌,안전거리미확보,건조,맑음,단일로 - 기타,승용,여,65세,기타불명,승용,남,50세,경상
2018102500100411,2018년 10월 25일 15시,목요일,대구광역시 서구 비산동,경상사고,0,0,1,1,차대차 - 측면충돌,안전운전불이행,건조,맑음,단일로 - 기타,승용,여,55세,부상신고,승용,남,36세,경상
2018102500100412,2018년 10월 25일 15시,목요일,대구광역시 남구 대명동,경상사고,0,0,4,0,차대차 - 기타,안전운전불이행,건조,맑음,교차로 - 교차로부근,승합,남,30세,경상,승용,남,71세,경상
2018102500100452,2018년 10월 25일 16시,목요일,대구광역시 달서구 송현동,경상사고,0,0,1,0,차대차 - 기타,불법유턴,건조,맑음,단일로 - 기타,화물,남,62세,상해없음,승용,남,31세,경상
2018102500100453,2018년 10월 25일 16시,목요일,대구광역시 달성군 화원읍,경상사고,0,0,1,0,차대차 - 기타,안전운전불이행,건조,맑음,교차로 - 교차로안,승용,남,27세,상해없음,화물,남,51세,경상
2018102500100496,2018년 10월 25일 17시,목요일,대구광역시 동구 방촌동,경상사고,0,0,1,0,차대사람 - 기타,안전운전불이행,건조,맑음,단일로 - 기타,승용,여,53세,상해없음,보행자,여,9세,경상
2018102500100497,2018년 10월 25일 17시,목요일,대구광역시 동구 불로동,경상사고,0,0,2,0,차대차 - 측면충돌,안전운전불이행,건조,맑음,기타 - 기타,승용,여,51세,경상,승용,여,63세,경상
2018102500100498,2018년 10월 25일 17시,목요일,대구광역시 달성군 구지면,중상사고,0,1,0,0,차대차 - 측면충돌,과속,건조,맑음,교차로 - 교차로안,승용,여,44세,상해없음,농기계,남,82세,중상
2018102500100499,2018년 10월 25일 17시,목요일,대구광역시 달서구 호산동,경상사고,0,0,1,1,차대차 - 측면충돌,안전운전불이행,건조,맑음,교차로 - 교차로안,원동기,남,22세,부상신고,승용,남,45세,경상
2018102500100558,2018년 10월 25일 18시,목요일,대구광역시 동구 불로동,경상사고,0,0,2,0,차대차 - 기타,안전운전불이행,건조,맑음,단일로 - 기타,화물,남,47세,상해없음,승용,여,55세,경상
2018102500100564,2018년 10월 25일 18시,목요일,대구광역시 달서구 월성동,경상사고,0,0,2,0,차대차 - 기타,안전운전불이행,건조,맑음,교차로 - 교차로안,승용,남,26세,상해없음,이륜,남,18세,경상
2018102500100565,2018년 10월 25일 18시,목요일,대구광역시 달성군 다사읍,경상사고,0,0,1,0,차대차 - 기타,안전운전불이행,건조,맑음,교차로 - 교차로안,승용,남,27세,상해없음,화물,남,43세,경상
2018102500100566,2018년 10월 25일 18시,목요일,대구광역시 중구 남산동,중상사고,0,2,1,0,차대차 - 측면충돌,신호위반,건조,맑음,교차로 - 교차로안,승합,남,59세,상해없음,승용,남,66세,경상
2018102500100613,2018년 10월 25일 19시,목요일,대구광역시 달서구 월성동,경상사고,0,0,1,0,차대차 - 추돌,안전운전불이행,건조,맑음,단일로 - 기타,승용,남,35세,상해없음,화물,남,42세,경상
2018102500100614,2018년 10월 25일 19시,목요일,대구광역시 달성군 하빈면,경상사고,0,0,1,1,차대차 - 기타,안전운전불이행,건조,맑음,단일로 - 기타,승용,여,61세,부상신고,승용,남,32세,경상
2018102500100641,2018년 10월 25일 20시,목요일,대구광역시 수성구 만촌동,중상사고,0,1,2,0,차대차 - 측면충돌,차로위반,건조,맑음,단일로 - 기타,승용,남,29세,상해없음,승합,남,50세,상해없음
2018102500100642,2018년 10월 25일 20시,목요일,대구광역시 달서구 신당동,중상사고,0,1,0,0,차대차 - 추돌,안전운전불이행,건조,맑음,단일로 - 기타,승용,남,46세,상해없음,승용,남,57세,중상
2018102500100643,2018년 10월 25일 20시,목요일,대구광역시 북구 읍내동,중상사고,0,2,0,0,차대사람 - 횡단중,신호위반,건조,맑음,단일로 - 기타,승용,여,60세,상해없음,보행자,여,54세,중상
2018102500100668,2018년 10월 25일 21시,목요일,대구광역시 동구 각산동,중상사고,0,1,0,0,차대사람 - 기타,기타,건조,맑음,단일로 - 기타,승용,남,38세,상해없음,보행자,남,43세,중상
2018102500100685,2018년 10월 25일 22시,목요일,대구광역시 수성구 만촌동,경상사고,0,0,1,0,차대차 - 측면충돌,교차로운행방법위반,건조,맑음,교차로 - 교차로안,승용,남,45세,상해없음,이륜,남,26세,경상
2018102500100686,2018년 10월 25일 22시,목요일,대구광역시 달서구 송현동,중상사고,0,1,0,0,차대차 - 측면충돌,안전거리미확보,건조,맑음,교차로 - 교차로부근,자전거,남,17세,중상,승합,남,29세,상해없음
2018102500100687,2018년 10월 25일 22시,목요일,대구광역시 달성군 현풍읍,경상사고,0,0,1,0,차대차 - 측면충돌,안전운전불이행,건조,맑음,교차로 - 교차로부근,승용,여,28세,경상,승용,남,58세,상해없음
2018102500100703,2018년 10월 25일 23시,목요일,대구광역시 수성구 두산동,중상사고,0,1,0,0,차대사람 - 기타,안전운전불이행,건조,맑음,단일로 - 기타,승용,남,39세,상해없음,보행자,여,30세,중상
2018102500100704,2018년 10월 25일 23시,목요일,대구광역시 중구 삼덕동1가,경상사고,0,0,1,0,차대차 - 측면충돌,중앙선침범,건조,맑음,교차로 - 교차로부근,화물,남,23세,상해없음,승용,남,63세,경상
2018102500100705,2018년 10월 25일 23시,목요일,대구광역시 북구 태전동,경상사고,0,0,1,0,차대차 - 추돌,안전운전불이행,건조,맑음,단일로 - 기타,승용,남,25세,상해없음,승용,남,64세,상해없음
2018102600100020,2018년 10월 26일 01시,금요일,대구광역시 수성구 황금동,경상사고,0,0,1,0,차대사람 - 기타,안전운전불이행,건조,맑음,교차로 - 교차로부근,승용,남,34세,상해없음,보행자,남,46세,경상
2018102600100028,2018년 10월 26일 02시,금요일,대구광역시 북구 구암동,경상사고,0,0,1,0,차대차 - 측면충돌,교차로운행방법위반,건조,맑음,교차로 - 교차로안,승용,남,49세,상해없음,승용,남,23세,상해없음
2018102600100036,2018년 10월 26일 03시,금요일,대구광역시 수성구 황금동,경상사고,0,0,1,0,차대차 - 기타,안전운전불이행,건조,맑음,단일로 - 기타,기타불명,기타불명,미분류,기타불명,승용,남,61세,상해없음
2018102600100077,2018년 10월 26일 06시,금요일,대구광역시 달서구 송현동,사망사고,1,0,0,0,차대사람 - 횡단중,안전운전불이행,젖음/습기,흐림,교차로 - 교차로횡단보도내,화물,남,59세,상해없음,보행자,여,74세,사망
2018102600100097,2018년 10월 26일 07시,금요일,대구광역시 달서구 신당동,경상사고,0,0,1,1,차대차 - 측면충돌,차로위반,건조,맑음,단일로 - 기타,승용,여,54세,부상신고,승용,남,58세,경상
2018102600100129,2018년 10월 26일 08시,금요일,대구광역시 수성구 만촌동,경상사고,0,0,4,0,차대차 - 추돌,안전운전불이행,건조,맑음,단일로 - 기타,승용,남,26세,상해없음,승용,남,39세,경상
2018102600100130,2018년 10월 26일 08시,금요일,대구광역시 북구 태전동,경상사고,0,0,1,0,차대차 - 측면충돌,신호위반,건조,맑음,교차로 - 교차로안,승용,여,42세,상해없음,승용,남,58세,경상
2018102600100163,2018년 10월 26일 09시,금요일,대구광역시 동구 신천동,경상사고,0,0,3,0,차대차 - 측면충돌,직진우회전진행방해,건조,맑음,교차로 - 교차로안,승용,여,37세,상해없음,승합,남,32세,경상
2018102600100188,2018년 10월 26일 10시,금요일,대구광역시 동구 신암동,부상신고사고,0,0,0,1,차대사람 - 차도통행중,안전운전불이행,건조,맑음,단일로 - 기타,화물,남,59세,상해없음,보행자,여,37세,부상신고
2018102600100189,2018년 10월 26일 10시,금요일,대구광역시 북구 태전동,경상사고,0,0,1,0,차대차 - 기타,안전운전불이행,건조,맑음,교차로 - 교차로부근,승합,남,56세,상해없음,승용,남,58세,경상
2018102600100213,2018년 10월 26일 11시,금요일,대구광역시 남구 대명동,중상사고,0,2,0,0,차대차 - 측면충돌,안전운전불이행,건조,맑음,기타 - 기타,화물,남,42세,상해없음,승용,남,66세,중상
2018102600100214,2018년 10월 26일 11시,금요일,대구광역시 동구 방촌동,중상사고,0,2,0,0,차대차 - 측면충돌,차로위반,건조,맑음,단일로 - 기타,건설기계,남,63세,상해없음,승용,남,77세,중상
2018102600100215,2018년 10월 26일 11시,금요일,대구광역시 달서구 신당동,경상사고,0,0,2,0,차대차 - 기타,신호위반,건조,맑음,교차로 - 교차로안,승용,남,65세,경상,승용,여,41세,경상
2018102600100216,2018년 10월 26일 11시,금요일,대구광역시 북구 관음동,경상사고,0,0,1,0,차대차 - 측면충돌,안전운전불이행,건조,맑음,교차로 - 교차로부근,승용,여,46세,상해없음,자전거,여,65세,경상
2018102600100240,2018년 10월 26일 12시,금요일,대구광역시 서구 비산동,중상사고,0,1,0,0,차대사람 - 기타,기타,건조,맑음,단일로 - 기타,승용,여,63세,상해없음,보행자,여,42세,중상
2018102600100241,2018년 10월 26일 12시,금요일,대구광역시 달서구 두류동,경상사고,0,0,1,0,차대사람 - 횡단중,안전운전불이행,건조,맑음,교차로 - 교차로부근,승용,남,26세,상해없음,보행자,여,70세,경상
2018102600100242,2018년 10월 26일 12시,금요일,대구광역시 북구 동천동,경상사고,0,0,1,0,차대차 - 정면충돌,교차로운행방법위반,건조,맑음,교차로 - 교차로안,승용,여,47세,상해없음,승용,여,49세,경상
2018102600100277,2018년 10월 26일 13시,금요일,대구광역시 북구 읍내동,경상사고,0,0,1,0,차대차 - 측면충돌,안전거리미확보,건조,맑음,단일로 - 기타,승용,여,20세,상해없음,승용,여,48세,경상
2018102600100314,2018년 10월 26일 14시,금요일,대구광역시 수성구 두산동,경상사고,0,0,1,0,차대차 - 측면충돌,안전운전불이행,건조,맑음,단일로 - 기타,화물,남,50세,상해없음,승용,여,55세,경상
2018102600100315,2018년 10월 26일 14시,금요일,대구광역시 달서구 신당동,중상사고,0,1,0,0,차대사람 - 차도통행중,안전운전불이행,건조,맑음,교차로 - 교차로부근,승용,남,52세,상해없음,보행자,남,25세,중상
2018102600100351,2018년 10월 26일 15시,금요일,대구광역시 북구 산격동,경상사고,0,0,1,0,차대사람 - 기타,안전운전불이행,젖음/습기,비,교차로 - 교차로안,화물,남,62세,상해없음,보행자,여,67세,경상
2018102600100391,2018년 10월 26일 16시,금요일,대구광역시 수성구 중동,부상신고사고,0,0,0,1,차대차 - 측면충돌,안전거리미확보,젖음/습기,비,교차로 - 교차로부근,승용,여,69세,부상신고,승용,남,45세,상해없음
2018102600100392,2018년 10월 26일 16시,금요일,대구광역시 달서구 상인동,경상사고,0,0,2,0,차대차 - 측면충돌,안전거리미확보,젖음/습기,비,단일로 - 기타,승용,남,62세,상해없음,승용,여,45세,경상
2018102600100429,2018년 10월 26일 17시,금요일,대구광역시 남구 이천동,경상사고,0,0,1,0,차대차 - 측면충돌,안전운전불이행,건조,맑음,단일로 - 기타,승용,여,63세,상해없음,승용,남,60세,상해없음
2018102600100430,2018년 10월 26일 17시,금요일,대구광역시 달서구 월성동,경상사고,0,0,1,0,차대사람 - 횡단중,신호위반,건조,맑음,교차로 - 교차로횡단보도내,화물,여,56세,상해없음,보행자,여,12세,경상
2018102600100431,2018년 10월 26일 17시,금요일,대구광역시 달서구 송현동,중상사고,0,1,0,0,차대사람 - 길가장자리구역통행중,안전운전불이행,건조,맑음,단일로 - 기타,승용,여,27세,상해없음,보행자,남,54세,중상
2018102600100432,2018년 10월 26일 17시,금요일,대구광역시 북구 읍내동,경상사고,0,0,3,0,차대차 - 측면충돌,안전운전불이행,젖음/습기,흐림,교차로 - 교차로부근,승용,남,25세,경상,승용,남,31세,경상
2018102600100492,2018년 10월 26일 18시,금요일,대구광역시 달성군 옥포읍,중상사고,0,1,0,0,차량단독 - 기타,안전운전불이행,건조,맑음,단일로 - 기타,건설기계,남,45세,중상,,,,
2018102600100504,2018년 10월 26일 18시,금요일,대구광역시 달서구 월성동,경상사고,0,0,1,0,차대차 - 추돌,안전운전불이행,젖음/습기,비,단일로 - 기타,승용,남,25세,상해없음,승용,남,29세,경상
2018102600100505,2018년 10월 26일 18시,금요일,대구광역시 서구 중리동,중상사고,0,1,0,0,차대차 - 기타,안전운전불이행,건조,맑음,교차로 - 교차로안,화물,남,52세,상해없음,이륜,남,25세,중상
2018102600100506,2018년 10월 26일 18시,금요일,대구광역시 서구 평리동,경상사고,0,0,1,0,차대차 - 추돌,안전운전불이행,건조,맑음,단일로 - 기타,화물,남,56세,상해없음,승용,남,58세,경상
2018102600100571,2018년 10월 26일 19시,금요일,대구광역시 수성구 중동,중상사고,0,1,0,0,차대차 - 측면충돌,차로위반,건조,맑음,단일로 - 기타,승용,남,74세,상해없음,승용,남,34세,중상
2018102600100572,2018년 10월 26일 19시,금요일,대구광역시 달서구 본동,경상사고,0,0,1,0,차대차 - 측면충돌,교차로운행방법위반,건조,맑음,교차로 - 교차로안,승용,남,65세,상해없음,승용,남,57세,상해없음
2018102600100573,2018년 10월 26일 19시,금요일,대구광역시 달성군 다사읍,중상사고,0,1,0,0,차대차 - 측면충돌,신호위반,건조,맑음,교차로 - 교차로안,화물,남,30세,상해없음,이륜,남,50세,중상
2018102600100574,2018년 10월 26일 19시,금요일,대구광역시 북구 침산동,경상사고,0,0,2,0,차대차 - 측면충돌,안전거리미확보,젖음/습기,흐림,단일로 - 기타,승용,남,61세,상해없음,이륜,남,25세,경상
2018102600100575,2018년 10월 26일 19시,금요일,대구광역시 서구 평리동,경상사고,0,0,4,0,차대차 - 측면충돌,교차로운행방법위반,건조,맑음,교차로 - 교차로안,승용,여,36세,경상,승용,남,21세,경상
2018102600100576,2018년 10월 26일 19시,금요일,대구광역시 북구 구암동,중상사고,0,1,0,0,차대차 - 측면충돌,기타,건조,맑음,단일로 - 기타,화물,남,25세,상해없음,승용,여,25세,상해없음
2018102600100609,2018년 10월 26일 20시,금요일,대구광역시 수성구 범물동,부상신고사고,0,0,0,1,차대차 - 기타,안전운전불이행,건조,맑음,단일로 - 기타,이륜,남,45세,부상신고,승용,남,51세,기타불명
2018102600100610,2018년 10월 26일 20시,금요일,대구광역시 수성구 중동,경상사고,0,0,1,0,차량단독 - 기타,안전운전불이행,건조,맑음,단일로 - 기타,승용,남,50세,상해없음,,,,
2018102600100611,2018년 10월 26일 20시,금요일,대구광역시 달서구 상인동,경상사고,0,0,2,0,차대차 - 측면충돌,안전운전불이행,건조,맑음,교차로 - 교차로안,개인형이동수단(PM),남,40세,경상,자전거,남,50세,경상
2018102600100651,2018년 10월 26일 21시,금요일,대구광역시 수성구 황금동,경상사고,0,0,1,0,차대차 - 추돌,안전운전불이행,건조,맑음,단일로 - 기타,승용,남,34세,상해없음,승용,여,43세,경상
2018102600100701,2018년 10월 26일 23시,금요일,대구광역시 달서구 이곡동,경상사고,0,0,2,0,차대차 - 측면충돌,안전운전불이행,젖음/습기,비,교차로 - 교차로부근,승용,여,24세,상해없음,승용,남,52세,경상
2018102700100015,2018년 10월 27일 00시,토요일,대구광역시 달성군 화원읍,경상사고,0,0,2,0,차대차 - 기타,안전운전불이행,건조,맑음,교차로 - 교차로부근,승용,남,57세,상해없음,승용,남,38세,경상
2018102700100052,2018년 10월 27일 02시,토요일,대구광역시 서구 내당동,경상사고,0,0,2,0,차대차 - 측면충돌,안전운전불이행,건조,맑음,단일로 - 기타,승용,남,72세,상해없음,승합,남,52세,경상
2018102700100101,2018년 10월 27일 06시,토요일,대구광역시 달서구 진천동,중상사고,0,1,0,0,차대사람 - 횡단중,안전운전불이행,건조,맑음,교차로 - 교차로횡단보도내,화물,남,47세,상해없음,보행자,남,66세,중상
2018102700100102,2018년 10월 27일 06시,토요일,대구광역시 북구 산격동,사망사고,1,0,0,0,차대사람 - 횡단중,신호위반,건조,맑음,교차로 - 교차로횡단보도내,승용,남,63세,상해없음,보행자,남,84세,사망
2018102700100103,2018년 10월 27일 06시,토요일,대구광역시 서구 내당동,경상사고,0,0,1,0,차대차 - 추돌,안전거리미확보,건조,맑음,교차로 - 교차로안,승용,남,23세,상해없음,승용,남,25세,경상
2018102700100124,2018년 10월 27일 07시,토요일,대구광역시 서구 평리동,경상사고,0,0,1,0,차대차 - 측면충돌,안전운전불이행,건조,맑음,단일로 - 기타,승용,여,57세,상해없음,승용,남,45세,경상
2018102700100191,2018년 10월 27일 09시,토요일,대구광역시 북구 국우동,중상사고,0,1,0,0,차대차 - 기타,안전운전불이행,건조,맑음,단일로 - 기타,기타불명,남,미분류,상해없음,자전거,남,37세,중상
2018102700100227,2018년 10월 27일 10시,토요일,대구광역시 수성구 지산동,중상사고,0,1,0,0,차대사람 - 횡단중,교차로운행방법위반,건조,맑음,교차로 - 교차로부근,화물,남,65세,상해없음,보행자,남,17세,중상
2018102700100254,2018년 10월 27일 11시,토요일,대구광역시 달서구 상인동,경상사고,0,0,1,0,차대사람 - 횡단중,기타,건조,맑음,교차로 - 교차로안,승용,남,31세,상해없음,보행자,남,3세,경상
2018102700100290,2018년 10월 27일 12시,토요일,대구광역시 중구 동산동,부상신고사고,0,0,0,1,차대사람 - 기타,안전운전불이행,건조,맑음,단일로 - 기타,자전거,남,25세,상해없음,보행자,여,46세,부상신고
2018102700100318,2018년 10월 27일 13시,토요일,대구광역시 수성구 범어동,경상사고,0,0,3,0,차대차 - 측면충돌,안전운전불이행,건조,맑음,교차로 - 교차로부근,승용,여,76세,상해없음,승용,남,51세,경상
2018102700100366,2018년 10월 27일 14시,토요일,대구광역시 북구 칠성동1가,중상사고,0,1,0,0,차대차 - 측면충돌,신호위반,건조,맑음,교차로 - 교차로안,승용,남,57세,상해없음,원동기,남,67세,중상
2018102700100367,2018년 10월 27일 14시,토요일,대구광역시 북구 복현동,경상사고,0,0,2,0,차대차 - 측면충돌,안전운전불이행,건조,맑음,단일로 - 기타,승용,여,22세,상해없음,승용,남,51세,경상
2018102700100368,2018년 10월 27일 14시,토요일,대구광역시 중구 남산동,경상사고,0,0,1,0,차대차 - 측면충돌,안전운전불이행,건조,맑음,단일로 - 기타,승용,여,52세,상해없음,승용,여,31세,경상
2018102700100369,2018년 10월 27일 14시,토요일,대구광역시 중구 봉산동,경상사고,0,0,1,0,차대차 - 추돌,안전거리미확보,건조,맑음,단일로 - 기타,승용,남,19세,상해없음,승용,여,48세,경상
2018102700100370,2018년 10월 27일 14시,토요일,대구광역시 달서구 장기동,경상사고,0,0,1,0,차대차 - 측면충돌,안전운전불이행,건조,맑음,교차로 - 교차로부근,승용,남,29세,상해없음,승용,남,57세,경상
2018102700100417,2018년 10월 27일 15시,토요일,대구광역시 달서구 송현동,경상사고,0,0,1,0,차대사람 - 횡단중,보행자보호의무위반,건조,맑음,교차로 - 교차로횡단보도내,승용,남,45세,상해없음,보행자,남,57세,경상
2018102700100456,2018년 10월 27일 16시,토요일,대구광역시 달성군 현풍읍,경상사고,0,0,1,0,차대차 - 기타,기타,건조,맑음,교차로 - 교차로안,승용,남,23세,상해없음,승용,남,27세,경상
2018102700100457,2018년 10월 27일 16시,토요일,대구광역시 달서구 두류동,경상사고,0,0,1,0,차대차 - 측면충돌,안전운전불이행,건조,맑음,기타 - 기타,승용,남,61세,상해없음,이륜,남,16세,경상
2018102700100490,2018년 10월 27일 17시,토요일,대구광역시 남구 대명동,경상사고,0,0,1,0,차대차 - 측면충돌,기타,건조,맑음,교차로 - 교차로횡단보도내,이륜,남,22세,상해없음,자전거,남,22세,경상