사고번호,사고일시,요일,시군구,사고내용,사망자수,중상자수,경상자수,부상신고자수,사고유형,법규위반,노면상태,기상상태,도로형태,가해운전자 차종,가해운전자 성별,가해운전자 연령,가해운전자 상해정도,피해운전자 차종,피해운전자 성별,피해운전자 연령,피해운전자 상해정도
2018103100100167,2018년 10월 31일 09시,수요일,대구광역시 동구 입석동,경상사고,0,0,1,0,차대차 - 측면충돌,차로위반,건조,맑음,단일로 - 기타,화물,여,53세,상해없음,승용,남,27세,경상
2018103100100168,2018년 10월 31일 09시,수요일,대구광역시 수성구 범물동,경상사고,0,0,1,0,차대사람 - 차도통행중,안전운전불이행,건조,맑음,단일로 - 기타,승용,남,27세,상해없음,보행자,여,84세,경상
2018103100100202,2018년 10월 31일 10시,수요일,대구광역시 남구 대명동,경상사고,0,0,1,0,차대사람 - 길가장자리구역통행중,안전운전불이행,건조,맑음,단일로 - 기타,승용,여,53세,상해없음,보행자,남,66세,경상
2018103100100203,2018년 10월 31일 10시,수요일,대구광역시 달서구 장동,경상사고,0,0,1,0,차대차 - 기타,안전운전불이행,건조,맑음,교차로 - 교차로부근,승용,여,58세,상해없음,이륜,남,53세,경상
2018103100100204,2018년 10월 31일 10시,수요일,대구광역시 달서구 두류동,경상사고,0,0,1,0,차대차 - 측면충돌,교차로운행방법위반,건조,맑음,교차로 - 교차로안,승용,남,48세,상해없음,승용,남,78세,경상
2018103100100235,2018년 10월 31일 11시,수요일,대구광역시 동구 방촌동,중상사고,0,1,0,0,차대사람 - 횡단중,안전운전불이행,건조,맑음,교차로 - 교차로부근,승용,여,33세,상해없음,보행자,여,79세,중상
2018103100100236,2018년 10월 31일 11시,수요일,대구광역시 서구 비산동,경상사고,0,0,1,0,차대차 - 측면충돌,안전운전불이행,건조,맑음,교차로 - 교차로안,이륜,남,32세,경상,화물,남,51세,상해없음
2018103100100268,2018년 10월 31일 12시,수요일,대구광역시 수성구 수성동1가,경상사고,0,0,1,0,차대차 - 추돌,안전운전불이행,건조,맑음,단일로 - 기타,승용,남,63세,상해없음,승용,여,43세,경상
2018103100100269,2018년 10월 31일 12시,수요일,대구광역시 북구 관음동,중상사고,0,1,0,0,차대차 - 측면충돌,안전운전불이행,건조,맑음,단일로 - 기타,승용,남,79세,상해없음,승용,여,27세,중상
2018103100100334,2018년 10월 31일 14시,수요일,대구광역시 동구 신암동,중상사고,0,1,0,0,차대차 - 측면충돌,안전운전불이행,건조,맑음,교차로 - 교차로부근,승용,여,71세,상해없음,자전거,남,82세,중상
2018103100100335,2018년 10월 31일 14시,수요일,대구광역시 북구 읍내동,경상사고,0,0,2,0,차대차 - 측면충돌,안전운전불이행,건조,맑음,단일로 - 기타,승용,남,78세,상해없음,승용,여,40세,경상
2018103100100361,2018년 10월 31일 15시,수요일,대구광역시 수성구 황금동,경상사고,0,0,1,0,차대차 - 추돌,안전거리미확보,건조,맑음,교차로 - 교차로안,승용,남,56세,상해없음,승용,남,43세,경상
2018103100100362,2018년 10월 31일 15시,수요일,대구광역시 달성군 가창면,중상사고,0,1,0,0,차량단독 - 기타,안전운전불이행,건조,맑음,단일로 - 기타,화물,남,42세,중상,,,,
2018103100100416,2018년 10월 31일 16시,수요일,대구광역시 북구 동천동,중상사고,0,1,0,0,차대사람 - 기타,안전운전불이행,건조,맑음,단일로 - 기타,승용,여,31세,상해없음,보행자,남,39세,중상
2018103100100417,2018년 10월 31일 16시,수요일,대구광역시 북구 매천동,중상사고,0,1,1,0,차대차 - 추돌,안전운전불이행,건조,맑음,교차로 - 교차로부근,승용,여,23세,상해없음,승용,남,66세,중상
2018103100100455,2018년 10월 31일 17시,수요일,대구광역시 수성구 시지동,경상사고,0,0,1,0,차대차 - 측면충돌,교차로운행방법위반,건조,맑음,교차로 - 교차로안,이륜,남,21세,상해없음,이륜,남,18세,경상
2018103100100456,2018년 10월 31일 17시,수요일,대구광역시 달성군 다사읍,경상사고,0,0,1,0,차대차 - 기타,안전운전불이행,건조,맑음,단일로 - 기타,승용,남,47세,상해없음,승용,여,33세,경상
2018103100100516,2018년 10월 31일 18시,수요일,대구광역시 동구 신천동,경상사고,0,0,1,0,차대사람 - 횡단중,신호위반,건조,맑음,단일로 - 기타,승용,남,76세,상해없음,보행자,여,82세,경상
2018103100100517,2018년 10월 31일 18시,수요일,대구광역시 동구 방촌동,중상사고,0,1,1,0,차대사람 - 보도통행중,안전운전불이행,건조,맑음,미분류 - 미분류,승합,남,25세,상해없음,보행자,여,57세,중상
2018103100100518,2018년 10월 31일 18시,수요일,대구광역시 동구 신평동,중상사고,0,1,0,0,차대사람 - 보도통행중,보행자보호의무위반,건조,맑음,단일로 - 기타,화물,남,35세,상해없음,보행자,남,76세,중상
2018103100100519,2018년 10월 31일 18시,수요일,대구광역시 동구 동호동,중상사고,0,1,0,0,차대차 - 측면충돌,안전운전불이행,건조,맑음,교차로 - 교차로안,승용,여,45세,상해없음,이륜,남,47세,중상
2018103100100520,2018년 10월 31일 18시,수요일,대구광역시 수성구 범물동,경상사고,0,0,1,0,차대사람 - 횡단중,안전운전불이행,건조,맑음,교차로 - 교차로안,승용,남,24세,상해없음,보행자,여,64세,경상
2018103100100521,2018년 10월 31일 18시,수요일,대구광역시 수성구 신매동,경상사고,0,0,1,0,차대차 - 측면충돌,직진우회전진행방해,건조,맑음,교차로 - 교차로안,승용,남,49세,상해없음,이륜,남,26세,경상
2018103100100522,2018년 10월 31일 18시,수요일,대구광역시 서구 비산동,부상신고사고,0,0,0,1,차대차 - 기타,안전운전불이행,건조,맑음,단일로 - 기타,이륜,남,42세,부상신고,승용,남,42세,상해없음
2018103100100523,2018년 10월 31일 18시,수요일,대구광역시 북구 학정동,경상사고,0,0,1,0,차대차 - 측면충돌,안전운전불이행,건조,맑음,단일로 - 기타,승용,남,44세,경상,승용,남,58세,상해없음
2018103100100524,2018년 10월 31일 18시,수요일,대구광역시 북구 구암동,경상사고,0,0,2,0,차대차 - 측면충돌,안전운전불이행,건조,맑음,단일로 - 기타,승용,남,33세,상해없음,이륜,남,18세,경상
2018103100100579,2018년 10월 31일 19시,수요일,대구광역시 수성구 범물동,중상사고,0,1,0,0,차대사람 - 횡단중,안전운전불이행,건조,맑음,단일로 - 기타,승용,남,65세,상해없음,보행자,남,13세,중상
2018103100100580,2018년 10월 31일 19시,수요일,대구광역시 서구 상리동,경상사고,0,0,3,0,차대차 - 기타,안전운전불이행,건조,맑음,기타 - 기타,승용,남,71세,경상,승용,여,47세,경상
2018103100100611,2018년 10월 31일 20시,수요일,대구광역시 남구 봉덕동,부상신고사고,0,0,0,1,차대차 - 기타,안전운전불이행,건조,맑음,교차로 - 교차로안,승용,남,56세,상해없음,이륜,남,26세,부상신고
2018103100100612,2018년 10월 31일 20시,수요일,대구광역시 달서구 진천동,중상사고,0,1,1,0,차대차 - 측면충돌,신호위반,건조,맑음,교차로 - 교차로안,이륜,남,18세,중상,승용,남,34세,상해없음
2018103100100613,2018년 10월 31일 20시,수요일,대구광역시 달서구 호산동,중상사고,0,1,0,0,차대사람 - 횡단중,안전운전불이행,건조,맑음,교차로 - 교차로부근,승용,남,23세,상해없음,보행자,남,53세,중상
2018103100100614,2018년 10월 31일 20시,수요일,대구광역시 북구 구암동,경상사고,0,0,2,0,차대차 - 추돌,안전운전불이행,건조,맑음,단일로 - 기타,승용,여,63세,상해없음,승용,남,35세,경상
2018103100100633,2018년 10월 31일 21시,수요일,대구광역시 수성구 만촌동,경상사고,0,0,1,0,차대사람 - 횡단중,보행자보호의무위반,건조,맑음,교차로 - 교차로횡단보도내,승용,남,55세,상해없음,보행자,여,54세,경상
2018103100100666,2018년 10월 31일 22시,수요일,대구광역시 수성구 두산동,중상사고,0,1,1,0,차대차 - 측면충돌,안전거리미확보,건조,맑음,단일로 - 기타,승용,남,34세,상해없음,승용,남,55세,경상
2018110100100027,2018년 11월 1일 02시,목요일,대구광역시 수성구 만촌동,경상사고,0,0,1,0,차대차 - 기타,안전운전불이행,건조,맑음,교차로 - 교차로안,승용,남,48세,상해없음,개인형이동수단(PM),남,49세,경상
2018110100100028,2018년 11월 1일 02시,목요일,대구광역시 북구 산격동,중상사고,0,1,1,0,차대차 - 측면충돌,안전운전불이행,건조,맑음,교차로 - 교차로부근,승용,남,61세,기타불명,이륜,남,21세,경상
2018110100100134,2018년 11월 1일 08시,목요일,대구광역시 수성구 황금동,경상사고,0,0,1,0,차대차 - 기타,안전거리미확보,건조,맑음,단일로 - 기타,승용,남,73세,상해없음,승용,여,47세,경상
2018110100100135,2018년 11월 1일 08시,목요일,대구광역시 달서구 도원동,경상사고,0,0,3,0,차대차 - 기타,안전운전불이행,건조,맑음,단일로 - 기타,승용,여,38세,상해없음,승용,여,37세,경상
2018110100100136,2018년 11월 1일 08시,목요일,대구광역시 서구 내당동,경상사고,0,0,2,0,차대차 - 추돌,안전운전불이행,건조,맑음,교차로 - 교차로부근,승용,남,36세,상해없음,화물,남,48세,경상
2018110100100137,2018년 11월 1일 08시,목요일,대구광역시 달서구 본동,경상사고,0,0,1,0,차대차 - 기타,교차로운행방법위반,건조,맑음,교차로 - 교차로안,승용,여,48세,상해없음,자전거,남,18세,경상
2018110100100181,2018년 11월 1일 09시,목요일,대구광역시 중구 동산동,중상사고,0,1,0,1,차대차 - 기타,안전운전불이행,건조,맑음,단일로 - 기타,이륜,여,42세,부상신고,이륜,남,44세,중상
2018110100100215,2018년 11월 1일 10시,목요일,대구광역시 남구 봉덕동,경상사고,0,0,1,0,차대차 - 후진중충돌,안전운전불이행,건조,맑음,단일로 - 기타,승용,여,49세,상해없음,승용,남,20세,상해없음
2018110100100216,2018년 11월 1일 10시,목요일,대구광역시 남구 대명동,경상사고,0,0,1,0,차대차 - 추돌,안전운전불이행,건조,맑음,교차로 - 교차로부근,승용,남,61세,상해없음,승용,남,48세,경상
2018110100100247,2018년 11월 1일 11시,목요일,대구광역시 달성군 현풍읍,부상신고사고,0,0,0,1,차대차 - 기타,안전운전불이행,건조,맑음,교차로 - 교차로부근,원동기,남,21세,부상신고,승용,남,34세,상해없음
2018110100100248,2018년 11월 1일 11시,목요일,대구광역시 북구 학정동,경상사고,0,0,2,0,차대차 - 측면충돌,직진우회전진행방해,건조,맑음,교차로 - 교차로안,승용,여,51세,경상,승용,남,26세,상해없음
2018110100100279,2018년 11월 1일 12시,목요일,대구광역시 수성구 파동,중상사고,0,1,0,0,차대차 - 측면충돌,차로위반,건조,맑음,단일로 - 기타,승용,남,44세,상해없음,이륜,남,29세,중상
2018110100100280,2018년 11월 1일 12시,목요일,대구광역시 중구 동인동2가,중상사고,0,4,0,0,차대차 - 측면충돌,안전거리미확보,건조,맑음,교차로 - 교차로부근,승용,남,34세,중상,승용,남,67세,중상
2018110100100306,2018년 11월 1일 13시,목요일,대구광역시 북구 태전동,경상사고,0,0,3,0,차대차 - 기타,안전운전불이행,건조,맑음,교차로 - 교차로부근,화물,남,53세,상해없음,승용,여,58세,경상
2018110100100339,2018년 11월 1일 14시,목요일,대구광역시 동구 효목동,경상사고,0,0,1,0,차대차 - 추돌,안전운전불이행,건조,맑음,단일로 - 기타,승용,남,55세,상해없음,승용,남,50세,경상
2018110100100340,2018년 11월 1일 14시,목요일,대구광역시 수성구 범물동,경상사고,0,0,2,0,차대차 - 측면충돌,안전운전불이행,건조,맑음,교차로 - 교차로안,승용,여,58세,상해없음,승용,여,58세,경상
2018110100100341,2018년 11월 1일 14시,목요일,대구광역시 달서구 대천동,경상사고,0,0,1,0,차대사람 - 횡단중,안전운전불이행,건조,맑음,단일로 - 기타,승용,여,65세,상해없음,보행자,남,7세,경상
2018110100100390,2018년 11월 1일 15시,목요일,대구광역시 동구 효목동,경상사고,0,0,1,0,차대사람 - 횡단중,안전운전불이행,건조,맑음,단일로 - 기타,승용,남,62세,상해없음,보행자,남,42세,경상
2018110100100391,2018년 11월 1일 15시,목요일,대구광역시 동구 동호동,중상사고,0,2,1,0,차대차 - 측면충돌,신호위반,건조,맑음,교차로 - 교차로안,승용,여,56세,상해없음,화물,남,64세,중상
2018110100100392,2018년 11월 1일 15시,목요일,대구광역시 서구 비산동,중상사고,0,1,0,0,차대사람 - 기타,보행자보호의무위반,건조,맑음,교차로 - 교차로안,화물,남,37세,상해없음,보행자,여,56세,중상
2018110100100434,2018년 11월 1일 16시,목요일,대구광역시 북구 노원동3가,부상신고사고,0,0,0,1,차대사람 - 기타,안전운전불이행,건조,맑음,단일로 - 기타,화물,남,33세,상해없음,보행자,남,38세,부상신고
2018110100100476,2018년 11월 1일 17시,목요일,대구광역시 달서구 월성동,중상사고,0,1,0,2,차대차 - 측면충돌,차로위반,건조,맑음,단일로 - 기타,승합,남,67세,상해없음,승용,여,65세,중상
2018110100100477,2018년 11월 1일 17시,목요일,대구광역시 북구 읍내동,경상사고,0,0,6,0,차대차 - 측면충돌,직진우회전진행방해,건조,맑음,교차로 - 교차로안,승용,여,38세,경상,승용,남,42세,경상
2018110100100531,2018년 11월 1일 18시,목요일,대구광역시 동구 각산동,중상사고,0,1,0,0,차대사람 - 보도통행중,보행자보호의무위반,건조,맑음,교차로 - 교차로횡단보도내,승용,남,38세,상해없음,보행자,여,46세,중상
2018110100100532,2018년 11월 1일 18시,목요일,대구광역시 달서구 대천동,중상사고,0,1,0,0,차대사람 - 기타,안전운전불이행,건조,맑음,교차로 - 교차로부근,승용,남,40세,상해없음,보행자,여,69세,중상
2018110100100533,2018년 11월 1일 18시,목요일,대구광역시 북구 산격동,부상신고사고,0,0,0,1,차대사람 - 기타,기타,건조,기타,단일로 - 기타,기타불명,기타불명,미분류,기타불명,보행자,남,58세,부상신고
2018110100100534,2018년 11월 1일 18시,목요일,대구광역시 서구 내당동,경상사고,0,0,1,0,차대차 - 기타,안전거리미확보,건조,맑음,단일로 - 기타,승용,남,60세,상해없음,승합,남,42세,상해없음
2018110100100535,2018년 11월 1일 18시,목요일,대구광역시 서구 평리동,부상신고사고,0,0,0,1,차대차 - 측면충돌,기타,건조,맑음,단일로 - 기타,승용,남,67세,상해없음,자전거,여,25세,부상신고
2018110100100536,2018년 11월 1일 18시,목요일,대구광역시 북구 구암동,중상사고,0,1,0,0,차대차 - 측면충돌,신호위반,건조,맑음,교차로 - 교차로안,승용,여,48세,상해없음,승용,남,32세,중상
2018110100100579,2018년 11월 1일 19시,목요일,대구광역시 달서구 두류동,경상사고,0,0,1,0,차대사람 - 보도통행중,보행자보호의무위반,건조,맑음,단일로 - 기타,승용,여,20세,상해없음,보행자,여,21세,경상
2018110100100580,2018년 11월 1일 19시,목요일,대구광역시 북구 태전동,경상사고,0,0,1,0,차대차 - 측면충돌,안전운전불이행,건조,맑음,단일로 - 기타,화물,남,66세,상해없음,승용,여,42세,경상
2018110100100608,2018년 11월 1일 20시,목요일,대구광역시 달서구 성당동,경상사고,0,0,1,0,차대차 - 측면충돌,안전운전불이행,건조,맑음,교차로 - 교차로안,승용,여,45세,상해없음,이륜,남,24세,경상
2018110100100641,2018년 11월 1일 21시,목요일,대구광역시 남구 대명동,중상사고,0,1,0,0,차대차 - 측면충돌,불법유턴,건조,맑음,교차로 - 교차로부근,승용,남,31세,상해없음,이륜,남,23세,중상
2018110100100642,2018년 11월 1일 21시,목요일,대구광역시 수성구 범어동,중상사고,0,1,0,0,차대사람 - 횡단중,보행자보호의무위반,건조,맑음,단일로 - 기타,승용,남,62세,상해없음,보행자,여,46세,중상
2018110100100687,2018년 11월 1일 23시,목요일,대구광역시 동구 신천동,경상사고,0,0,3,0,차대차 - 측면충돌,안전운전불이행,건조,맑음,단일로 - 기타,승용,남,37세,상해없음,승용,남,20세,경상
2018110100100688,2018년 11월 1일 23시,목요일,대구광역시 수성구 수성동2가,중상사고,0,1,1,0,차대차 - 추돌,안전운전불이행,건조,맑음,단일로 - 기타,이륜,남,35세,중상,승용,남,24세,경상
2018110200100041,2018년 11월 2일 03시,금요일,대구광역시 서구 평리동,경상사고,0,0,1,0,차량단독 - 전도전복 - 전도,안전운전불이행,건조,맑음,단일로 - 기타,이륜,남,25세,경상,미분류,미분류,미분류,미분류
2018110200100059,2018년 11월 2일 05시,금요일,대구광역시 서구 평리동,경상사고,0,0,1,0,차대차 - 측면충돌,교차로운행방법위반,건조,흐림,교차로 - 교차로안,승용,남,44세,상해없음,원동기,여,60세,경상
2018110200100096,2018년 11월 2일 07시,금요일,대구광역시 북구 노원동3가,경상사고,0,0,1,0,차대차 - 측면충돌,안전거리미확보,건조,맑음,단일로 - 기타,기타불명,기타불명,미분류,기타불명,승용,여,51세,경상
2018110200100097,2018년 11월 2일 07시,금요일,대구광역시 서구 비산동,경상사고,0,0,1,0,차대차 - 측면충돌,중앙선침범,건조,맑음,단일로 - 기타,승용,여,49세,상해없음,화물,남,62세,경상
2018110200100144,2018년 11월 2일 08시,금요일,대구광역시 남구 대명동,경상사고,0,0,1,1,차대차 - 측면충돌,기타,건조,맑음,교차로 - 교차로안,승용,여,51세,경상,승용,남,65세,부상신고
2018110200100145,2018년 11월 2일 08시,금요일,대구광역시 북구 복현동,경상사고,0,0,1,0,차대사람 - 길가장자리구역통행중,안전운전불이행,건조,맑음,교차로 - 교차로안,화물,남,60세,상해없음,보행자,남,9세,경상
2018110200100146,2018년 11월 2일 08시,금요일,대구광역시 북구 국우동,경상사고,0,0,1,0,차대차 - 측면충돌,안전운전불이행,건조,맑음,단일로 - 기타,승합,남,76세,경상,화물,남,47세,기타불명
2018110200100147,2018년 11월 2일 08시,금요일,대구광역시 북구 구암동,경상사고,0,0,1,0,차대차 - 측면충돌,안전운전불이행,건조,맑음,단일로 - 기타,자전거,남,15세,경상,승용,여,53세,상해없음
2018110200100192,2018년 11월 2일 09시,금요일,대구광역시 중구 대봉동,중상사고,0,1,0,0,차대차 - 측면충돌,안전거리미확보,건조,맑음,교차로 - 교차로부근,승용,남,65세,상해없음,승용,여,32세,중상
2018110200100231,2018년 11월 2일 10시,금요일,대구광역시 동구 신암동,경상사고,0,0,1,0,차대차 - 기타,안전운전불이행,건조,맑음,교차로 - 교차로횡단보도내,자전거,남,18세,경상,승용,남,65세,상해없음
2018110200100232,2018년 11월 2일 10시,금요일,대구광역시 달서구 진천동,경상사고,0,0,2,1,차대차 - 측면충돌,직진우회전진행방해,건조,맑음,교차로 - 교차로안,승용,여,37세,부상신고,승용,여,30세,경상
2018110200100266,2018년 11월 2일 11시,금요일,대구광역시 서구 내당동,경상사고,0,0,1,0,차대차 - 추돌,안전운전불이행,건조,맑음,단일로 - 기타,승용,남,56세,상해없음,승합,남,58세,경상
2018110200100308,2018년 11월 2일 12시,금요일,대구광역시 동구 신천동,경상사고,0,0,1,0,차대차 - 측면충돌,안전운전불이행,건조,맑음,교차로 - 교차로안,승용,남,35세,상해없음,승용,여,31세,경상
2018110200100309,2018년 11월 2일 12시,금요일,대구광역시 수성구 매호동,경상사고,0,0,1,0,차대차 - 측면충돌,신호위반,건조,맑음,교차로 - 교차로안,이륜,남,30세,상해없음,승용,여,40세,경상
2018110200100354,2018년 11월 2일 13시,금요일,대구광역시 달서구 이곡동,중상사고,0,1,0,0,차대사람 - 횡단중,보행자보호의무위반,건조,맑음,단일로 - 기타,승용,여,60세,상해없음,보행자,여,8세,중상
2018110200100396,2018년 11월 2일 14시,금요일,대구광역시 달서구 상인동,부상신고사고,0,0,0,1,차대차 - 측면충돌,안전거리미확보,건조,맑음,단일로 - 기타,승용,남,45세,상해없음,이륜,남,73세,부상신고
2018110200100397,2018년 11월 2일 14시,금요일,대구광역시 달성군 구지면,경상사고,0,0,1,0,차대차 - 측면충돌,안전운전불이행,건조,맑음,교차로 - 교차로부근,승용,남,33세,상해없음,승용,남,51세,경상
2018110200100398,2018년 11월 2일 14시,금요일,대구광역시 달서구 감삼동,중상사고,0,2,0,0,차대차 - 기타,안전운전불이행,건조,맑음,단일로 - 기타,승용,여,40세,상해없음,이륜,남,80세,중상
2018110200100399,2018년 11월 2일 14시,금요일,대구광역시 달서구 성당동,부상신고사고,0,0,0,1,차대차 - 측면충돌,안전운전불이행,건조,맑음,단일로 - 기타,자전거,남,9세,부상신고,화물,남,40세,상해없음
2018110200100400,2018년 11월 2일 14시,금요일,대구광역시 달서구 용산동,경상사고,0,0,2,0,차대차 - 측면충돌,직진우회전진행방해,건조,맑음,교차로 - 교차로횡단보도내,승용,남,19세,상해없음,승용,남,65세,경상
2018110200100401,2018년 11월 2일 14시,금요일,대구광역시 북구 읍내동,경상사고,0,0,1,0,차대사람 - 기타,안전운전불이행,건조,맑음,교차로 - 교차로부근,승용,남,61세,상해없음,보행자,남,83세,경상
2018110200100438,2018년 11월 2일 15시,금요일,대구광역시 남구 대명동,중상사고,0,1,1,0,차대차 - 측면충돌,기타,건조,맑음,교차로 - 교차로안,이륜,남,28세,경상,승용,남,71세,상해없음
2018110200100439,2018년 11월 2일 15시,금요일,대구광역시 중구 대신동,중상사고,0,1,0,0,차대사람 - 기타,안전운전불이행,건조,맑음,단일로 - 기타,승용,남,36세,상해없음,보행자,여,77세,중상
2018110200100489,2018년 11월 2일 16시,금요일,대구광역시 남구 대명동,경상사고,0,0,2,0,차대차 - 측면충돌,교차로운행방법위반,건조,맑음,교차로 - 교차로안,이륜,남,21세,경상,승용,여,40세,경상
2018110200100490,2018년 11월 2일 16시,금요일,대구광역시 동구 신천동,경상사고,0,0,1,0,차대차 - 기타,안전운전불이행,건조,맑음,단일로 - 기타,이륜,남,27세,경상,승용,남,61세,상해없음
2018110200100491,2018년 11월 2일 16시,금요일,대구광역시 수성구 수성동2가,경상사고,0,0,1,0,차대사람 - 횡단중,보행자보호의무위반,건조,맑음,교차로 - 교차로부근,승용,남,50세,상해없음,보행자,남,25세,경상
2018110200100492,2018년 11월 2일 16시,금요일,대구광역시 달서구 유천동,경상사고,0,0,2,0,차대차 - 측면충돌,교차로운행방법위반,건조,맑음,교차로 - 교차로안,승용,남,41세,상해없음,승용,남,39세,경상
2018110200100493,2018년 11월 2일 16시,금요일,대구광역시 북구 침산동,경상사고,0,0,1,0,차대차 - 측면충돌,안전거리미확보,건조,맑음,교차로 - 교차로안,이륜,남,59세,경상,승용,남,21세,상해없음
2018110200100548,2018년 11월 2일 17시,금요일,대구광역시 수성구 범어동,경상사고,0,0,1,0,차대차 - 추돌,안전운전불이행,건조,맑음,단일로 - 기타,승용,남,64세,기타불명,승용,남,31세,경상
2018110200100549,2018년 11월 2일 17시,금요일,대구광역시 달성군 다사읍,경상사고,0,0,2,0,차대차 - 추돌,안전운전불이행,건조,맑음,교차로 - 교차로안,승용,남,35세,상해없음,승용,남,43세,경상
2018110200100550,2018년 11월 2일 17시,금요일,대구광역시 중구 서성로1가,중상사고,0,1,0,0,차대사람 - 횡단중,안전운전불이행,건조,맑음,단일로 - 기타,승용,남,48세,상해없음,보행자,여,62세,중상
2018110200100551,2018년 11월 2일 17시,금요일,대구광역시 달서구 신당동,부상신고사고,0,0,0,1,차대차 - 기타,안전운전불이행,건조,맑음,교차로 - 교차로부근,승용,여,49세,상해없음,이륜,남,31세,부상신고
2018110200100632,2018년 11월 2일 18시,금요일,대구광역시 동구 신암동,경상사고,0,0,1,0,차대차 - 후진중충돌,안전운전불이행,건조,맑음,단일로 - 기타,승용,여,45세,상해없음,승용,남,26세,경상
2018110200100634,2018년 11월 2일 18시,금요일,대구광역시 달서구 월성동,경상사고,0,0,2,0,차대차 - 측면충돌,신호위반,건조,맑음,교차로 - 교차로안,승용,여,60세,경상,승용,여,43세,경상
2018110200100635,2018년 11월 2일 18시,금요일,대구광역시 달서구 도원동,경상사고,0,0,1,0,차대차 - 기타,교차로운행방법위반,건조,맑음,교차로 - 교차로안,기타불명,기타불명,미분류,기타불명,승합,남,24세,상해없음
2018110200100636,2018년 11월 2일 18시,금요일,대구광역시 북구 산격동,경상사고,0,0,2,0,차대차 - 측면충돌,안전운전불이행,건조,맑음,교차로 - 교차로안,원동기,남,30세,상해없음,승용,남,33세,경상
2018110200100637,2018년 11월 2일 18시,금요일,대구광역시 서구 평리동,부상신고사고,0,0,0,1,차대차 - 측면충돌,직진우회전진행방해,건조,맑음,교차로 - 교차로안,이륜,남,26세,부상신고,승용,남,26세,상해없음
2018110200100638,2018년 11월 2일 18시,금요일,대구광역시 중구 계산동2가,중상사고,0,1,0,0,차대차 - 측면충돌,차로위반,건조,맑음,단일로 - 기타,승용,남,59세,상해없음,이륜,남,59세,중상
2018110200100639,2018년 11월 2일 18시,금요일,대구광역시 달서구 이곡동,경상사고,0,0,1,0,차대차 - 측면충돌,안전운전불이행,건조,맑음,교차로 - 교차로안,이륜,남,21세,경상,승용,남,31세,상해없음
2018110200100640,2018년 11월 2일 18시,금요일,대구광역시 달서구 두류동,중상사고,0,1,0,0,차대사람 - 횡단중,보행자보호의무위반,건조,맑음,교차로 - 교차로안,화물,남,71세,상해없음,보행자,남,42세,중상
2018110200100686,2018년 11월 2일 19시,금요일,대구광역시 동구 율하동,중상사고,0,1,3,0,차대차 - 측면충돌,과속,건조,맑음,기타 - 기타,승용,남,29세,중상,승용,남,62세,경상
2018110200100687,2018년 11월 2일 19시,금요일,대구광역시 달성군 유가읍,중상사고,0,1,0,0,차대차 - 기타,안전운전불이행,건조,맑음,단일로 - 기타,원동기,남,22세,상해없음,승용,여,52세,중상
2018110200100688,2018년 11월 2일 19시,금요일,대구광역시 서구 평리동,경상사고,0,0,1,0,차대사람 - 보도통행중,보행자보호의무위반,건조,맑음,교차로 - 교차로횡단보도내,승용,남,36세,상해없음,보행자,여,20세,경상
2018110200100689,2018년 11월 2일 19시,금요일,대구광역시 서구 상리동,경상사고,0,0,1,0,차대차 - 기타,안전운전불이행,건조,맑음,단일로 - 기타,화물,남,63세,상해없음,승용,남,27세,경상
2018110200100690,2018년 11월 2일 19시,금요일,대구광역시 달서구 용산동,경상사고,0,0,1,0,차대차 - 기타,안전운전불이행,건조,기타,교차로 - 교차로부근,승용,여,44세,상해없음,승용,남,65세,경상
2018110200100691,2018년 11월 2일 19시,금요일,대구광역시 달서구 본리동,중상사고,0,1,0,0,차대차 - 기타,안전운전불이행,건조,기타,단일로 - 기타,승용,남,43세,상해없음,승용,여,51세,중상
2018110200100692,2018년 11월 2일 19시,금요일,대구광역시 북구 읍내동,경상사고,0,0,1,0,차대차 - 측면충돌,안전거리미확보,건조,맑음,단일로 - 기타,승용,여,59세,경상,승용,남,63세,상해없음
2018110200100736,2018년 11월 2일 20시,금요일,대구광역시 북구 산격동,중상사고,0,1,1,0,차대차 - 측면충돌,차로위반,건조,맑음,교차로 - 교차로부근,이륜,남,46세,경상,이륜,남,46세,중상
2018110200100774,2018년 11월 2일 21시,금요일,대구광역시 북구 산격동,경상사고,0,0,1,0,차대사람 - 기타,안전운전불이행,건조,맑음,단일로 - 기타,승용,남,20세,상해없음,보행자,남,28세,경상
2018110200100775,2018년 11월 2일 21시,금요일,대구광역시 달서구 호산동,중상사고,0,2,0,0,차대차 - 측면충돌,신호위반,건조,맑음,교차로 - 교차로안,승용,남,57세,상해없음,승용,남,39세,중상
2018110200100811,2018년 11월 2일 22시,금요일,대구광역시 달서구 대천동,경상사고,0,0,1,0,차대차 - 측면충돌,차로위반,건조,맑음,교차로 - 교차로부근,승용,남,62세,상해없음,이륜,남,26세,경상
2018110200100812,2018년 11월 2일 22시,금요일,대구광역시 서구 내당동,중상사고,0,1,0,0,차대차 - 측면충돌,안전거리미확보,건조,맑음,단일로 - 기타,승용,남,50세,상해없음,이륜,남,18세,중상
2018110200100837,2018년 11월 2일 23시,금요일,대구광역시 남구 대명동,중상사고,0,1,4,0,차대차 - 추돌,안전운전불이행,건조,맑음,단일로 - 기타,승용,남,40세,상해없음,승용,남,59세,경상