사고번호,사고일시,요일,시군구,사고내용,사망자수,중상자수,경상자수,부상신고자수,사고유형,법규위반,노면상태,기상상태,도로형태,가해운전자 차종,가해운전자 성별,가해운전자 연령,가해운전자 상해정도,피해운전자 차종,피해운전자 성별,피해운전자 연령,피해운전자 상해정도
2018110600100114,2018년 11월 6일 08시,화요일,대구광역시 수성구 신매동,중상사고,0,2,2,1,차대차 - 기타,차로위반,건조,맑음,단일로 - 기타,승용,남,25세,상해없음,승합,남,53세,상해없음
2018110600100115,2018년 11월 6일 08시,화요일,대구광역시 수성구 황금동,경상사고,0,0,1,0,차대차 - 측면충돌,안전운전불이행,건조,맑음,단일로 - 기타,승용,여,42세,상해없음,승용,여,40세,경상
2018110600100116,2018년 11월 6일 08시,화요일,대구광역시 달서구 대곡동,경상사고,0,0,1,0,차대차 - 기타,안전거리미확보,건조,맑음,단일로 - 기타,승용,여,32세,상해없음,승용,여,48세,경상
2018110600100117,2018년 11월 6일 08시,화요일,대구광역시 북구 침산동,경상사고,0,0,1,0,차대차 - 추돌,안전운전불이행,건조,맑음,교차로 - 교차로안,화물,남,19세,상해없음,승용,여,39세,경상
2018110600100154,2018년 11월 6일 09시,화요일,대구광역시 수성구 두산동,중상사고,0,1,2,0,차대차 - 기타,교차로운행방법위반,건조,맑음,교차로 - 교차로안,승용,여,50세,상해없음,승용,남,74세,중상
2018110600100184,2018년 11월 6일 10시,화요일,대구광역시 북구 국우동,경상사고,0,0,1,0,차대차 - 정면충돌,안전운전불이행,건조,맑음,교차로 - 교차로횡단보도내,승용,여,47세,상해없음,이륜,남,56세,경상
2018110600100218,2018년 11월 6일 11시,화요일,대구광역시 수성구 수성동1가,부상신고사고,0,0,0,1,차대차 - 측면충돌,안전운전불이행,건조,맑음,단일로 - 기타,승용,여,47세,부상신고,승용,남,32세,상해없음
2018110600100219,2018년 11월 6일 11시,화요일,대구광역시 달서구 상인동,중상사고,0,1,1,0,차대차 - 추돌,안전운전불이행,건조,맑음,교차로 - 교차로부근,승용,남,59세,상해없음,승용,여,45세,중상
2018110600100220,2018년 11월 6일 11시,화요일,대구광역시 북구 동천동,중상사고,0,1,0,0,차대사람 - 기타,안전운전불이행,건조,맑음,교차로 - 교차로부근,승용,여,72세,상해없음,보행자,여,61세,중상
2018110600100252,2018년 11월 6일 12시,화요일,대구광역시 북구 고성동3가,경상사고,0,0,2,0,차대차 - 측면충돌,신호위반,건조,맑음,교차로 - 교차로안,이륜,남,46세,경상,승용,남,62세,상해없음
2018110600100276,2018년 11월 6일 13시,화요일,대구광역시 수성구 매호동,경상사고,0,0,1,0,차대차 - 측면충돌,신호위반,건조,맑음,교차로 - 교차로안,화물,남,72세,상해없음,이륜,남,26세,경상
2018110600100277,2018년 11월 6일 13시,화요일,대구광역시 북구 노원동3가,경상사고,0,0,1,0,차대차 - 측면충돌,안전거리미확보,건조,맑음,단일로 - 기타,승합,남,60세,상해없음,승용,여,39세,경상
2018110600100302,2018년 11월 6일 14시,화요일,대구광역시 동구 방촌동,경상사고,0,0,1,0,차대사람 - 횡단중,보행자보호의무위반,건조,맑음,교차로 - 교차로횡단보도내,승용,여,63세,상해없음,보행자,남,9세,경상
2018110600100342,2018년 11월 6일 15시,화요일,대구광역시 동구 신서동,중상사고,0,1,0,0,차대차 - 측면충돌,신호위반,건조,맑음,교차로 - 교차로안,승용,여,34세,상해없음,승용,남,58세,중상
2018110600100343,2018년 11월 6일 15시,화요일,대구광역시 달서구 송현동,중상사고,0,1,0,0,차대사람 - 기타,기타,건조,맑음,단일로 - 기타,승합,남,62세,상해없음,보행자,여,70세,중상
2018110600100344,2018년 11월 6일 15시,화요일,대구광역시 달서구 이곡동,중상사고,0,1,4,0,차대차 - 추돌,안전거리미확보,건조,맑음,기타 - 기타,승용,남,56세,상해없음,승용,남,31세,경상
2018110600100369,2018년 11월 6일 16시,화요일,대구광역시 수성구 만촌동,경상사고,0,0,1,0,차대차 - 측면충돌,안전운전불이행,건조,맑음,단일로 - 기타,승용,남,32세,상해없음,화물,남,34세,경상
2018110600100370,2018년 11월 6일 16시,화요일,대구광역시 서구 중리동,중상사고,0,1,0,0,차대차 - 측면충돌,안전운전불이행,건조,맑음,교차로 - 교차로안,승용,남,79세,상해없음,이륜,남,57세,중상
2018110600100371,2018년 11월 6일 16시,화요일,대구광역시 서구 내당동,중상사고,0,1,0,0,차대사람 - 길가장자리구역통행중,안전운전불이행,건조,맑음,단일로 - 기타,승합,남,51세,상해없음,보행자,여,73세,중상
2018110600100372,2018년 11월 6일 16시,화요일,대구광역시 중구 대봉동,경상사고,0,0,1,0,차대차 - 추돌,안전거리미확보,건조,맑음,단일로 - 기타,승용,여,36세,상해없음,승용,남,28세,경상
2018110600100421,2018년 11월 6일 17시,화요일,대구광역시 수성구 황금동,경상사고,0,0,1,0,차대차 - 추돌,안전운전불이행,건조,맑음,단일로 - 기타,승용,여,45세,상해없음,승용,남,40세,경상
2018110600100476,2018년 11월 6일 18시,화요일,대구광역시 남구 대명동,경상사고,0,0,1,0,차대차 - 측면충돌,안전거리미확보,건조,맑음,단일로 - 기타,승용,여,27세,상해없음,승용,남,38세,경상
2018110600100477,2018년 11월 6일 18시,화요일,대구광역시 달성군 다사읍,경상사고,0,0,1,0,차대사람 - 기타,안전운전불이행,건조,맑음,기타 - 기타,이륜,남,18세,상해없음,보행자,여,53세,경상
2018110600100478,2018년 11월 6일 18시,화요일,대구광역시 북구 복현동,경상사고,0,0,1,0,차대차 - 기타,안전거리미확보,건조,맑음,단일로 - 기타,승용,남,49세,상해없음,승합,남,58세,상해없음
2018110600100479,2018년 11월 6일 18시,화요일,대구광역시 중구 동문동,중상사고,0,1,0,0,차대차 - 측면충돌,직진우회전진행방해,건조,맑음,교차로 - 교차로안,승용,남,64세,상해없음,자전거,남,47세,중상
2018110600100480,2018년 11월 6일 18시,화요일,대구광역시 북구 동천동,중상사고,0,1,0,0,차대사람 - 기타,안전운전불이행,건조,맑음,교차로 - 교차로안,승용,여,45세,상해없음,보행자,남,62세,중상
2018110600100527,2018년 11월 6일 19시,화요일,대구광역시 달서구 상인동,경상사고,0,0,1,0,차대차 - 측면충돌,안전거리미확보,건조,맑음,단일로 - 기타,승용,남,61세,상해없음,이륜,남,17세,경상
2018110600100528,2018년 11월 6일 19시,화요일,대구광역시 서구 중리동,중상사고,0,1,0,0,차대사람 - 횡단중,안전운전불이행,건조,맑음,교차로 - 교차로안,승용,남,69세,상해없음,보행자,남,68세,중상
2018110600100529,2018년 11월 6일 19시,화요일,대구광역시 서구 상리동,중상사고,0,1,0,0,차대차 - 추돌,안전운전불이행,건조,맑음,단일로 - 기타,승용,남,54세,상해없음,승용,여,55세,중상
2018110600100560,2018년 11월 6일 20시,화요일,대구광역시 동구 신천동,중상사고,0,1,0,0,차대차 - 측면충돌,안전운전불이행,건조,맑음,단일로 - 기타,이륜,남,60세,중상,승용,남,71세,상해없음
2018110600100623,2018년 11월 6일 23시,화요일,대구광역시 수성구 신매동,부상신고사고,0,0,0,2,차대차 - 기타,안전운전불이행,건조,맑음,교차로 - 교차로부근,승용,남,53세,상해없음,이륜,남,17세,부상신고
2018110600100624,2018년 11월 6일 23시,화요일,대구광역시 수성구 만촌동,경상사고,0,0,1,0,차대사람 - 기타,보행자보호의무위반,건조,맑음,교차로 - 교차로부근,승용,남,56세,상해없음,보행자,남,44세,경상
2018110700100040,2018년 11월 7일 02시,수요일,대구광역시 북구 산격동,경상사고,0,0,1,0,차대사람 - 기타,안전운전불이행,건조,맑음,단일로 - 기타,승용,여,34세,상해없음,보행자,남,58세,경상
2018110700100050,2018년 11월 7일 04시,수요일,대구광역시 서구 내당동,중상사고,0,1,2,0,차대차 - 측면충돌,신호위반,건조,맑음,교차로 - 교차로안,이륜,남,20세,경상,승용,남,48세,경상
2018110700100103,2018년 11월 7일 07시,수요일,대구광역시 달성군 현풍읍,경상사고,0,0,5,0,차대차 - 측면충돌,안전운전불이행,건조,맑음,단일로 - 기타,승용,여,26세,경상,승합,남,58세,상해없음
2018110700100104,2018년 11월 7일 07시,수요일,대구광역시 달성군 다사읍,경상사고,0,0,3,0,차대차 - 추돌,안전운전불이행,건조,맑음,단일로 - 기타,승용,여,22세,상해없음,승용,여,53세,경상
2018110700100105,2018년 11월 7일 07시,수요일,대구광역시 달서구 성당동,중상사고,0,1,0,0,차대사람 - 횡단중,안전운전불이행,건조,맑음,기타 - 기타,승용,남,58세,상해없음,보행자,남,85세,중상
2018110700100106,2018년 11월 7일 07시,수요일,대구광역시 북구 팔달동,중상사고,0,1,3,0,차대차 - 추돌,안전거리미확보,건조,맑음,단일로 - 기타,화물,남,62세,중상,승용,남,46세,경상
2018110700100144,2018년 11월 7일 08시,수요일,대구광역시 북구 산격동,중상사고,0,1,0,0,차대차 - 측면충돌,안전운전불이행,건조,맑음,교차로 - 교차로횡단보도내,이륜,남,54세,중상,승용,남,28세,상해없음
2018110700100145,2018년 11월 7일 08시,수요일,대구광역시 북구 산격동,경상사고,0,0,3,0,차대차 - 측면충돌,안전거리미확보,건조,맑음,단일로 - 기타,승용,남,67세,상해없음,승용,남,19세,경상
2018110700100146,2018년 11월 7일 08시,수요일,대구광역시 달서구 감삼동,경상사고,0,0,1,0,차대차 - 추돌,안전운전불이행,건조,맑음,단일로 - 기타,건설기계,남,45세,상해없음,화물,남,58세,경상
2018110700100182,2018년 11월 7일 09시,수요일,대구광역시 달서구 상인동,중상사고,0,2,3,0,차대차 - 추돌,안전운전불이행,건조,맑음,단일로 - 기타,승용,남,71세,상해없음,승용,여,53세,경상
2018110700100183,2018년 11월 7일 09시,수요일,대구광역시 달서구 진천동,중상사고,0,1,0,0,차대차 - 측면충돌,안전거리미확보,건조,맑음,단일로 - 기타,승용,여,60세,상해없음,원동기,남,57세,중상
2018110700100184,2018년 11월 7일 09시,수요일,대구광역시 북구 복현동,중상사고,0,1,0,0,차대차 - 기타,안전운전불이행,건조,맑음,단일로 - 기타,승용,여,58세,상해없음,자전거,남,63세,중상
2018110700100185,2018년 11월 7일 09시,수요일,대구광역시 달서구 감삼동,경상사고,0,0,1,0,차대차 - 추돌,안전운전불이행,건조,맑음,교차로 - 교차로부근,승용,남,30세,상해없음,승용,남,77세,기타불명
2018110700100211,2018년 11월 7일 10시,수요일,대구광역시 달서구 본동,경상사고,0,0,1,0,차대사람 - 기타,안전운전불이행,건조,맑음,주차장 - 주차장,승용,여,63세,상해없음,보행자,여,39세,경상
2018110700100212,2018년 11월 7일 10시,수요일,대구광역시 중구 전동,경상사고,0,0,1,0,차대차 - 추돌,안전운전불이행,건조,맑음,단일로 - 기타,기타불명,기타불명,미분류,기타불명,승용,남,66세,경상
2018110700100238,2018년 11월 7일 11시,수요일,대구광역시 달서구 상인동,경상사고,0,0,1,0,차대차 - 추돌,교차로운행방법위반,젖음/습기,비,교차로 - 교차로안,승용,여,70세,상해없음,이륜,남,25세,경상
2018110700100271,2018년 11월 7일 12시,수요일,대구광역시 수성구 신매동,경상사고,0,0,1,0,차대차 - 측면충돌,신호위반,건조,맑음,교차로 - 교차로안,승용,여,58세,상해없음,화물,남,41세,경상
2018110700100272,2018년 11월 7일 12시,수요일,대구광역시 서구 내당동,경상사고,0,0,1,0,차대사람 - 차도통행중,안전운전불이행,건조,맑음,교차로 - 교차로부근,승용,여,38세,상해없음,보행자,남,65세,경상
2018110700100273,2018년 11월 7일 12시,수요일,대구광역시 중구 태평로1가,경상사고,0,0,1,0,차대차 - 측면충돌,불법유턴,건조,맑음,교차로 - 교차로부근,화물,남,55세,상해없음,승합,남,79세,경상
2018110700100306,2018년 11월 7일 13시,수요일,대구광역시 남구 대명동,경상사고,0,0,4,0,차대차 - 측면충돌,교차로운행방법위반,젖음/습기,비,교차로 - 교차로안,승용,여,39세,경상,승용,남,63세,경상
2018110700100307,2018년 11월 7일 13시,수요일,대구광역시 동구 신천동,경상사고,0,0,1,0,차대차 - 측면충돌,안전운전불이행,건조,맑음,기타 - 기타,승용,남,54세,상해없음,승용,여,55세,경상
2018110700100308,2018년 11월 7일 13시,수요일,대구광역시 중구 대봉동,중상사고,0,1,0,0,차대사람 - 보도통행중,기타,건조,맑음,단일로 - 기타,승용,남,84세,상해없음,보행자,여,46세,중상
2018110700100309,2018년 11월 7일 13시,수요일,대구광역시 북구 동천동,부상신고사고,0,0,0,1,차대차 - 측면충돌,교차로운행방법위반,젖음/습기,비,교차로 - 교차로안,승용,여,32세,상해없음,이륜,남,28세,부상신고
2018110700100330,2018년 11월 7일 14시,수요일,대구광역시 북구 동호동,경상사고,0,0,1,0,차대사람 - 기타,안전운전불이행,건조,맑음,단일로 - 기타,승용,여,55세,상해없음,보행자,남,75세,경상
2018110700100402,2018년 11월 7일 16시,수요일,대구광역시 달서구 상인동,경상사고,0,0,1,0,차대차 - 측면충돌,안전거리미확보,젖음/습기,흐림,단일로 - 기타,승용,남,24세,상해없음,승용,여,59세,경상
2018110700100460,2018년 11월 7일 17시,수요일,대구광역시 남구 대명동,경상사고,0,0,1,0,차대차 - 측면충돌,안전운전불이행,건조,맑음,기타 - 기타,승용,남,65세,상해없음,자전거,남,70세,경상
2018110700100461,2018년 11월 7일 17시,수요일,대구광역시 수성구 신매동,경상사고,0,0,1,0,차대사람 - 횡단중,안전운전불이행,건조,맑음,교차로 - 교차로부근,승용,여,73세,상해없음,보행자,여,8세,경상
2018110700100462,2018년 11월 7일 17시,수요일,대구광역시 수성구 중동,경상사고,0,0,1,0,차대차 - 기타,기타,건조,맑음,단일로 - 기타,승합,남,59세,상해없음,승용,여,35세,상해없음
2018110700100463,2018년 11월 7일 17시,수요일,대구광역시 수성구 만촌동,경상사고,0,0,1,0,차대차 - 기타,안전거리미확보,건조,맑음,단일로 - 기타,승용,여,45세,상해없음,승합,남,63세,경상
2018110700100464,2018년 11월 7일 17시,수요일,대구광역시 달성군 현풍읍,중상사고,0,1,0,0,차대사람 - 횡단중,안전운전불이행,젖음/습기,비,교차로 - 교차로부근,승용,여,38세,상해없음,보행자,남,23세,중상
2018110700100465,2018년 11월 7일 17시,수요일,대구광역시 북구 산격동,중상사고,0,1,1,0,차대차 - 측면충돌,안전운전불이행,건조,맑음,교차로 - 교차로안,승용,여,50세,중상,화물,남,44세,경상
2018110700100466,2018년 11월 7일 17시,수요일,대구광역시 서구 비산동,경상사고,0,0,1,0,차대차 - 측면충돌,중앙선침범,건조,맑음,교차로 - 교차로안,이륜,남,17세,상해없음,자전거,여,64세,경상
2018110700100538,2018년 11월 7일 18시,수요일,대구광역시 동구 신천동,경상사고,0,0,1,0,차대사람 - 기타,안전운전불이행,건조,맑음,교차로 - 교차로안,승용,여,61세,상해없음,보행자,남,48세,경상
2018110700100539,2018년 11월 7일 18시,수요일,대구광역시 달성군 현풍읍,중상사고,0,1,0,0,차대차 - 기타,신호위반,건조,맑음,교차로 - 교차로안,승용,남,59세,상해없음,이륜,남,27세,중상
2018110700100540,2018년 11월 7일 18시,수요일,대구광역시 달성군 다사읍,중상사고,0,1,0,0,차대차 - 기타,안전운전불이행,건조,맑음,교차로 - 교차로안,승용,남,31세,상해없음,승용,남,48세,중상
2018110700100541,2018년 11월 7일 18시,수요일,대구광역시 서구 원대동3가,중상사고,0,1,2,0,차대차 - 후진중충돌,안전운전불이행,건조,맑음,기타 - 기타,화물,남,52세,중상,승용,남,31세,경상
2018110700100596,2018년 11월 7일 19시,수요일,대구광역시 동구 동호동,중상사고,0,1,1,0,차대차 - 측면충돌,안전운전불이행,건조,맑음,단일로 - 기타,승용,남,30세,중상,승용,남,30세,경상
2018110700100597,2018년 11월 7일 19시,수요일,대구광역시 달서구 도원동,경상사고,0,0,1,0,차대차 - 측면충돌,교차로운행방법위반,건조,맑음,교차로 - 교차로부근,화물,남,64세,기타불명,이륜,남,18세,경상
2018110700100598,2018년 11월 7일 19시,수요일,대구광역시 달서구 송현동,경상사고,0,0,1,0,차대차 - 기타,안전거리미확보,건조,맑음,단일로 - 기타,승용,여,64세,상해없음,승용,남,24세,경상
2018110700100599,2018년 11월 7일 19시,수요일,대구광역시 달성군 다사읍,경상사고,0,0,1,0,차대차 - 기타,안전운전불이행,건조,맑음,교차로 - 교차로부근,승용,남,32세,상해없음,승용,여,47세,경상
2018110700100600,2018년 11월 7일 19시,수요일,대구광역시 서구 비산동,중상사고,0,1,0,0,차대사람 - 기타,안전운전불이행,건조,맑음,기타 - 기타,승용,남,47세,상해없음,보행자,남,70세,중상
2018110700100601,2018년 11월 7일 19시,수요일,대구광역시 서구 내당동,중상사고,0,1,0,0,차대사람 - 횡단중,보행자보호의무위반,건조,맑음,교차로 - 교차로부근,승용,남,67세,상해없음,보행자,여,64세,중상
2018110700100637,2018년 11월 7일 20시,수요일,대구광역시 수성구 범어동,경상사고,0,0,1,0,차대차 - 측면충돌,안전운전불이행,건조,맑음,단일로 - 기타,승용,남,70세,상해없음,승용,남,39세,경상
2018110700100638,2018년 11월 7일 20시,수요일,대구광역시 수성구 상동,부상신고사고,0,0,0,1,차대사람 - 기타,안전운전불이행,건조,맑음,단일로 - 기타,승용,남,56세,상해없음,보행자,여,25세,부상신고
2018110700100674,2018년 11월 7일 21시,수요일,대구광역시 수성구 황금동,중상사고,0,1,1,0,차대사람 - 횡단중,보행자보호의무위반,건조,맑음,교차로 - 교차로안,승용,남,31세,상해없음,보행자,남,52세,중상
2018110700100675,2018년 11월 7일 21시,수요일,대구광역시 달서구 상인동,경상사고,0,0,1,0,차대차 - 측면충돌,안전거리미확보,건조,맑음,교차로 - 교차로부근,승용,남,48세,상해없음,이륜,남,22세,경상
2018110700100690,2018년 11월 7일 22시,수요일,대구광역시 중구 문화동,경상사고,0,0,1,0,차대사람 - 보도통행중,기타,젖음/습기,비,단일로 - 기타,이륜,남,25세,상해없음,보행자,남,25세,경상
2018110700100717,2018년 11월 7일 23시,수요일,대구광역시 중구 대봉동,중상사고,0,1,0,0,차대차 - 측면충돌,안전운전불이행,젖음/습기,비,단일로 - 기타,승용,남,45세,상해없음,승용,남,60세,기타불명
2018110800100018,2018년 11월 8일 00시,목요일,대구광역시 서구 평리동,부상신고사고,0,0,0,2,차대차 - 추돌,안전거리미확보,젖음/습기,흐림,단일로 - 기타,승용,남,30세,부상신고,이륜,남,48세,부상신고
2018110800100039,2018년 11월 8일 01시,목요일,대구광역시 남구 대명동,경상사고,0,0,1,1,차대차 - 측면충돌,안전운전불이행,젖음/습기,비,교차로 - 교차로부근,승용,여,51세,부상신고,승용,남,35세,경상
2018110800100106,2018년 11월 8일 06시,목요일,대구광역시 중구 달성동,중상사고,0,1,0,0,차대사람 - 차도통행중,안전운전불이행,젖음/습기,흐림,단일로 - 기타,이륜,남,79세,상해없음,보행자,남,68세,중상
2018110800100107,2018년 11월 8일 06시,목요일,대구광역시 중구 공평동,경상사고,0,0,2,0,차대차 - 측면충돌,안전운전불이행,젖음/습기,비,단일로 - 기타,승용,남,61세,상해없음,승용,여,63세,경상
2018110800100108,2018년 11월 8일 06시,목요일,대구광역시 북구 동천동,경상사고,0,0,1,0,차대차 - 측면충돌,안전운전불이행,젖음/습기,비,교차로 - 교차로부근,기타불명,기타불명,미분류,기타불명,승용,여,61세,경상
2018110800100140,2018년 11월 8일 07시,목요일,대구광역시 달서구 송현동,중상사고,0,1,0,0,차대차 - 기타,교차로운행방법위반,젖음/습기,흐림,교차로 - 교차로안,승용,남,36세,상해없음,이륜,남,59세,중상
2018110800100141,2018년 11월 8일 07시,목요일,대구광역시 중구 계산동2가,경상사고,0,0,1,0,차대차 - 측면충돌,안전거리미확보,젖음/습기,비,단일로 - 기타,승용,남,76세,상해없음,승용,남,64세,경상
2018110800100175,2018년 11월 8일 08시,목요일,대구광역시 북구 고성동2가,중상사고,0,2,0,0,차대차 - 측면충돌,안전운전불이행,젖음/습기,비,교차로 - 교차로안,승용,여,44세,상해없음,승용,남,61세,중상
2018110800100205,2018년 11월 8일 09시,목요일,대구광역시 달서구 갈산동,경상사고,0,0,1,0,차대차 - 측면충돌,안전운전불이행,건조,맑음,교차로 - 교차로부근,특수,남,70세,상해없음,승용,여,38세,상해없음
2018110800100231,2018년 11월 8일 10시,목요일,대구광역시 수성구 범어동,경상사고,0,0,1,0,차대차 - 측면충돌,안전운전불이행,건조,맑음,교차로 - 교차로안,화물,남,37세,상해없음,승용,남,37세,경상
2018110800100232,2018년 11월 8일 10시,목요일,대구광역시 달성군 다사읍,경상사고,0,0,1,0,차대차 - 추돌,안전운전불이행,건조,맑음,교차로 - 교차로부근,승용,여,25세,기타불명,승용,남,58세,경상
2018110800100233,2018년 11월 8일 10시,목요일,대구광역시 서구 이현동,경상사고,0,0,1,0,차대차 - 측면충돌,교차로운행방법위반,젖음/습기,흐림,교차로 - 교차로부근,화물,여,52세,상해없음,승용,남,57세,경상
2018110800100268,2018년 11월 8일 11시,목요일,대구광역시 동구 지묘동,경상사고,0,0,1,0,차대차 - 측면충돌,중앙선침범,젖음/습기,비,단일로 - 기타,화물,남,32세,상해없음,승용,남,61세,경상
2018110800100269,2018년 11월 8일 11시,목요일,대구광역시 수성구 범어동,중상사고,0,1,2,1,차대차 - 측면충돌,직진우회전진행방해,건조,맑음,교차로 - 교차로안,승용,여,51세,부상신고,승용,남,77세,경상
2018110800100270,2018년 11월 8일 11시,목요일,대구광역시 달서구 월암동,경상사고,0,0,2,0,차대차 - 측면충돌,신호위반,젖음/습기,비,교차로 - 교차로안,승용,여,33세,경상,화물,남,28세,경상
2018110800100271,2018년 11월 8일 11시,목요일,대구광역시 달서구 상인동,중상사고,0,1,0,0,차대차 - 기타,교차로운행방법위반,건조,맑음,교차로 - 교차로안,자전거,여,75세,중상,승용,남,32세,기타불명
2018110800100272,2018년 11월 8일 11시,목요일,대구광역시 중구 대신동,중상사고,0,1,0,0,차대차 - 측면충돌,차로위반,젖음/습기,비,교차로 - 교차로부근,승용,여,54세,상해없음,승용,남,58세,중상
2018110800100273,2018년 11월 8일 11시,목요일,대구광역시 북구 구암동,경상사고,0,0,1,0,차대차 - 기타,안전운전불이행,젖음/습기,비,교차로 - 교차로안,이륜,남,33세,경상,승용,남,59세,상해없음
2018110800100274,2018년 11월 8일 11시,목요일,대구광역시 북구 서변동,경상사고,0,0,1,0,차대차 - 기타,안전거리미확보,젖음/습기,비,단일로 - 기타,승용,여,67세,상해없음,승용,남,42세,경상
2018110800100314,2018년 11월 8일 12시,목요일,대구광역시 동구 신서동,중상사고,0,1,1,0,차대차 - 측면충돌,신호위반,젖음/습기,비,교차로 - 교차로안,승용,여,42세,상해없음,승용,남,46세,중상
2018110800100330,2018년 11월 8일 13시,목요일,대구광역시 수성구 범어동,중상사고,0,1,0,0,차대사람 - 횡단중,보행자보호의무위반,젖음/습기,비,교차로 - 교차로횡단보도내,승용,여,46세,상해없음,보행자,남,53세,중상
2018110800100365,2018년 11월 8일 14시,목요일,대구광역시 동구 지저동,중상사고,0,1,0,0,차대차 - 측면충돌,안전운전불이행,젖음/습기,흐림,단일로 - 기타,승용,남,43세,상해없음,승용,여,39세,중상
2018110800100366,2018년 11월 8일 14시,목요일,대구광역시 서구 중리동,중상사고,0,2,2,0,차대차 - 측면충돌,신호위반,건조,맑음,교차로 - 교차로안,승용,남,68세,상해없음,승용,남,52세,중상
2018110800100418,2018년 11월 8일 16시,목요일,대구광역시 북구 태전동,경상사고,0,0,1,0,차대차 - 기타,안전운전불이행,건조,맑음,단일로 - 기타,승용,여,35세,상해없음,승용,남,58세,경상
2018110800100476,2018년 11월 8일 17시,목요일,대구광역시 달서구 장기동,경상사고,0,0,1,0,차대차 - 추돌,안전운전불이행,건조,맑음,교차로 - 교차로부근,화물,남,51세,상해없음,승용,여,47세,경상
2018110800100565,2018년 11월 8일 18시,목요일,대구광역시 남구 봉덕동,부상신고사고,0,0,0,1,차대차 - 측면충돌,교차로운행방법위반,젖음/습기,비,교차로 - 교차로부근,승용,여,43세,부상신고,기타불명,남,53세,상해없음
2018110800100566,2018년 11월 8일 18시,목요일,대구광역시 남구 대명동,경상사고,0,0,1,0,차대차 - 측면충돌,안전운전불이행,젖음/습기,비,기타 - 기타,화물,남,23세,상해없음,승합,남,54세,경상
2018110800100567,2018년 11월 8일 18시,목요일,대구광역시 동구 검사동,중상사고,0,1,0,0,차대차 - 후진중충돌,안전운전불이행,젖음/습기,비,교차로 - 교차로안,화물,남,57세,상해없음,승용,여,28세,중상
2018110800100568,2018년 11월 8일 18시,목요일,대구광역시 수성구 지산동,경상사고,0,0,1,0,차대사람 - 기타,안전운전불이행,젖음/습기,비,교차로 - 교차로안,이륜,남,20세,상해없음,보행자,남,15세,경상
2018110800100569,2018년 11월 8일 18시,목요일,대구광역시 달성군 화원읍,중상사고,0,1,0,0,차대차 - 기타,안전운전불이행,건조,맑음,단일로 - 기타,승용,여,58세,상해없음,승용,여,45세,중상
2018110800100570,2018년 11월 8일 18시,목요일,대구광역시 북구 산격동,경상사고,0,0,1,0,차대사람 - 기타,보행자보호의무위반,젖음/습기,비,교차로 - 교차로횡단보도내,승용,여,33세,상해없음,보행자,남,32세,경상
2018110800100571,2018년 11월 8일 18시,목요일,대구광역시 달서구 신당동,경상사고,0,0,3,0,차대차 - 추돌,안전운전불이행,젖음/습기,비,단일로 - 기타,승용,남,19세,상해없음,승용,남,19세,경상
2018110800100655,2018년 11월 8일 19시,목요일,대구광역시 수성구 사월동,경상사고,0,0,1,0,차대차 - 기타,안전거리미확보,건조,맑음,기타 - 기타,승합,남,58세,상해없음,승용,여,67세,경상
2018110800100656,2018년 11월 8일 19시,목요일,대구광역시 달서구 월성동,경상사고,0,0,1,0,차대차 - 측면충돌,직진우회전진행방해,건조,맑음,교차로 - 교차로안,승용,여,30세,상해없음,승용,여,45세,경상
2018110800100657,2018년 11월 8일 19시,목요일,대구광역시 달서구 감삼동,경상사고,0,0,1,0,차대차 - 측면충돌,안전운전불이행,젖음/습기,흐림,기타 - 기타,승용,여,27세,상해없음,이륜,남,18세,경상
2018110800100717,2018년 11월 8일 20시,목요일,대구광역시 수성구 범어동,경상사고,0,0,1,0,차대차 - 측면충돌,차로위반,젖음/습기,비,단일로 - 기타,승용,남,33세,상해없음,승용,남,57세,경상
2018110800100718,2018년 11월 8일 20시,목요일,대구광역시 수성구 만촌동,경상사고,0,0,4,0,차대차 - 추돌,안전운전불이행,젖음/습기,비,교차로 - 교차로부근,화물,남,41세,상해없음,승용,남,31세,경상
2018110800100719,2018년 11월 8일 20시,목요일,대구광역시 달서구 진천동,경상사고,0,0,1,0,차대사람 - 횡단중,보행자보호의무위반,젖음/습기,비,단일로 - 기타,승용,여,42세,상해없음,보행자,남,25세,경상
2018110800100720,2018년 11월 8일 20시,목요일,대구광역시 북구 태전동,중상사고,0,1,0,0,차대사람 - 보도통행중,기타,건조,맑음,기타 - 기타,승용,여,55세,상해없음,보행자,남,50세,중상
2018110800100765,2018년 11월 8일 21시,목요일,대구광역시 달서구 용산동,경상사고,0,0,1,0,차대사람 - 기타,안전운전불이행,젖음/습기,비,주차장 - 주차장,승용,남,48세,상해없음,보행자,남,48세,경상
2018110800100766,2018년 11월 8일 21시,목요일,대구광역시 달서구 감삼동,경상사고,0,0,1,0,차대차 - 추돌,안전운전불이행,건조,맑음,단일로 - 기타,승용,여,45세,상해없음,이륜,남,18세,경상
2018110800100767,2018년 11월 8일 21시,목요일,대구광역시 달서구 호림동,경상사고,0,0,1,0,차대차 - 측면충돌,안전거리미확보,젖음/습기,비,단일로 - 기타,승용,남,41세,상해없음,승용,남,27세,경상