사고번호,사고일시,요일,시군구,사고내용,사망자수,중상자수,경상자수,부상신고자수,사고유형,법규위반,노면상태,기상상태,도로형태,가해운전자 차종,가해운전자 성별,가해운전자 연령,가해운전자 상해정도,피해운전자 차종,피해운전자 성별,피해운전자 연령,피해운전자 상해정도
2018110800100817,2018년 11월 8일 22시,목요일,대구광역시 남구 대명동,중상사고,0,1,0,0,차대차 - 측면충돌,교차로운행방법위반,젖음/습기,비,교차로 - 교차로안,승용,남,51세,상해없음,원동기,남,46세,중상
2018110800100818,2018년 11월 8일 22시,목요일,대구광역시 동구 동호동,중상사고,0,2,0,0,차대차 - 정면충돌,신호위반,젖음/습기,비,교차로 - 교차로안,승용,남,59세,상해없음,승합,남,37세,중상
2018110800100819,2018년 11월 8일 22시,목요일,대구광역시 북구 대현동,부상신고사고,0,0,0,2,차대차 - 추돌,안전운전불이행,젖음/습기,비,교차로 - 교차로부근,승용,남,55세,상해없음,승용,여,45세,부상신고
2018110800100820,2018년 11월 8일 22시,목요일,대구광역시 달서구 두류동,경상사고,0,0,1,0,차대사람 - 횡단중,신호위반,건조,맑음,단일로 - 기타,승용,남,77세,상해없음,보행자,남,50세,경상
2018110800100821,2018년 11월 8일 22시,목요일,대구광역시 달서구 이곡동,경상사고,0,0,2,0,차대차 - 측면충돌,신호위반,젖음/습기,비,교차로 - 교차로부근,승합,남,57세,상해없음,승용,남,27세,경상
2018110800100872,2018년 11월 8일 23시,목요일,대구광역시 달서구 대곡동,중상사고,0,1,2,0,차대차 - 추돌,안전운전불이행,젖음/습기,비,단일로 - 기타,승용,남,53세,상해없음,승용,남,61세,중상
2018110800100873,2018년 11월 8일 23시,목요일,대구광역시 북구 복현동,경상사고,0,0,1,0,차대차 - 기타,안전거리미확보,젖음/습기,흐림,단일로 - 기타,기타불명,기타불명,미분류,기타불명,이륜,남,46세,경상
2018110800100874,2018년 11월 8일 23시,목요일,대구광역시 북구 읍내동,중상사고,0,1,0,0,차대차 - 추돌,안전거리미확보,젖음/습기,비,교차로 - 교차로부근,승용,남,25세,상해없음,승용,남,60세,상해없음
2018110900100016,2018년 11월 9일 00시,금요일,대구광역시 달서구 송현동,경상사고,0,0,1,0,차대차 - 추돌,안전운전불이행,건조,맑음,단일로 - 기타,승용,남,33세,상해없음,승용,여,24세,경상
2018110900100017,2018년 11월 9일 00시,금요일,대구광역시 북구 산격동,경상사고,0,0,1,0,차량단독 - 공작물충돌,안전운전불이행,젖음/습기,비,교차로 - 교차로부근,승용,남,56세,기타불명,,,,
2018110900100018,2018년 11월 9일 00시,금요일,대구광역시 달서구 감삼동,경상사고,0,0,1,0,차대사람 - 기타,안전운전불이행,젖음/습기,흐림,교차로 - 교차로부근,승용,남,60세,상해없음,보행자,남,48세,경상
2018110900100031,2018년 11월 9일 01시,금요일,대구광역시 달서구 갈산동,중상사고,0,1,4,0,차대차 - 추돌,안전운전불이행,젖음/습기,비,교차로 - 교차로부근,승용,남,41세,상해없음,승용,남,25세,경상
2018110900100046,2018년 11월 9일 03시,금요일,대구광역시 동구 신기동,경상사고,0,0,2,0,차대차 - 측면충돌,직진우회전진행방해,건조,맑음,교차로 - 교차로안,승용,남,55세,상해없음,승합,여,66세,경상
2018110900100047,2018년 11월 9일 03시,금요일,대구광역시 달성군 다사읍,경상사고,0,0,2,0,차대차 - 측면충돌,교차로운행방법위반,건조,맑음,교차로 - 교차로안,승용,여,57세,경상,승용,남,53세,경상
2018110900100053,2018년 11월 9일 04시,금요일,대구광역시 달서구 본동,중상사고,0,1,0,0,차대사람 - 횡단중,신호위반,건조,맑음,교차로 - 교차로횡단보도내,승합,남,39세,상해없음,보행자,여,70세,중상
2018110900100091,2018년 11월 9일 06시,금요일,대구광역시 달서구 상인동,중상사고,0,1,1,0,차대차 - 추돌,안전운전불이행,건조,흐림,단일로 - 기타,승용,남,61세,상해없음,화물,남,59세,중상
2018110900100115,2018년 11월 9일 07시,금요일,대구광역시 남구 대명동,경상사고,0,0,1,0,차대차 - 추돌,차로위반,건조,맑음,단일로 - 기타,승용,남,68세,상해없음,이륜,남,48세,경상
2018110900100155,2018년 11월 9일 08시,금요일,대구광역시 달서구 상인동,경상사고,0,0,1,0,차대사람 - 기타,안전운전불이행,건조,맑음,단일로 - 기타,화물,남,63세,상해없음,보행자,여,87세,경상
2018110900100156,2018년 11월 9일 08시,금요일,대구광역시 달서구 도원동,경상사고,0,0,1,0,차대차 - 기타,안전운전불이행,건조,맑음,단일로 - 기타,승용,여,43세,상해없음,승용,여,46세,경상
2018110900100157,2018년 11월 9일 08시,금요일,대구광역시 서구 내당동,경상사고,0,0,1,0,차대차 - 추돌,안전거리미확보,건조,맑음,단일로 - 기타,승용,남,33세,상해없음,승용,남,30세,경상
2018110900100158,2018년 11월 9일 08시,금요일,대구광역시 달서구 신당동,경상사고,0,0,1,0,차대차 - 측면충돌,차로위반,건조,맑음,기타 - 기타,승용,여,51세,상해없음,이륜,남,19세,경상
2018110900100198,2018년 11월 9일 09시,금요일,대구광역시 수성구 황금동,경상사고,0,0,2,0,차대차 - 추돌,안전운전불이행,건조,맑음,단일로 - 기타,승용,남,28세,상해없음,승용,여,26세,경상
2018110900100199,2018년 11월 9일 09시,금요일,대구광역시 북구 서변동,경상사고,0,0,2,1,차대차 - 기타,안전운전불이행,건조,맑음,교차로 - 교차로부근,승용,여,47세,부상신고,승용,여,41세,경상
2018110900100241,2018년 11월 9일 10시,금요일,대구광역시 수성구 신매동,경상사고,0,0,1,0,차대차 - 추돌,안전운전불이행,건조,맑음,교차로 - 교차로부근,승용,남,56세,상해없음,화물,남,45세,경상
2018110900100269,2018년 11월 9일 11시,금요일,대구광역시 달서구 본동,경상사고,0,0,1,0,차대차 - 측면충돌,안전거리미확보,건조,맑음,단일로 - 기타,승용,여,46세,상해없음,승용,남,33세,경상
2018110900100303,2018년 11월 9일 12시,금요일,대구광역시 달성군 구지면,경상사고,0,0,1,0,차대사람 - 기타,안전운전불이행,건조,맑음,단일로 - 기타,승합,남,58세,상해없음,보행자,남,57세,경상
2018110900100330,2018년 11월 9일 13시,금요일,대구광역시 달성군 다사읍,경상사고,0,0,1,1,차대차 - 기타,안전운전불이행,건조,맑음,교차로 - 교차로안,승용,남,66세,부상신고,이륜,여,57세,경상
2018110900100331,2018년 11월 9일 13시,금요일,대구광역시 달성군 다사읍,경상사고,0,0,3,0,차대차 - 추돌,안전거리미확보,건조,맑음,단일로 - 기타,화물,남,46세,상해없음,승용,여,59세,경상
2018110900100356,2018년 11월 9일 14시,금요일,대구광역시 수성구 매호동,경상사고,0,0,1,0,차대차 - 추돌,안전운전불이행,건조,맑음,단일로 - 기타,승용,여,66세,상해없음,승용,남,49세,경상
2018110900100357,2018년 11월 9일 14시,금요일,대구광역시 북구 태전동,중상사고,0,1,0,0,차대차 - 기타,안전거리미확보,건조,맑음,단일로 - 기타,승합,남,49세,상해없음,승용,남,39세,중상
2018110900100400,2018년 11월 9일 15시,금요일,대구광역시 북구 칠성동2가,경상사고,0,0,2,0,차대차 - 측면충돌,신호위반,건조,맑음,교차로 - 교차로안,승용,여,47세,경상,승용,남,69세,경상
2018110900100401,2018년 11월 9일 15시,금요일,대구광역시 북구 칠성동1가,경상사고,0,0,1,0,차대차 - 측면충돌,안전운전불이행,건조,맑음,단일로 - 기타,승용,남,51세,상해없음,승용,남,49세,경상
2018110900100442,2018년 11월 9일 16시,금요일,대구광역시 동구 용계동,중상사고,0,2,4,1,차대차 - 추돌,안전거리미확보,건조,맑음,단일로 - 기타,승합,남,54세,상해없음,기타불명,기타불명,미분류,기타불명
2018110900100443,2018년 11월 9일 16시,금요일,대구광역시 수성구 만촌동,중상사고,0,1,3,0,차대차 - 추돌,안전운전불이행,건조,맑음,단일로 - 기타,승용,남,60세,상해없음,승용,여,71세,중상
2018110900100444,2018년 11월 9일 16시,금요일,대구광역시 달서구 대곡동,경상사고,0,0,1,1,차대차 - 측면충돌,안전운전불이행,건조,맑음,단일로 - 기타,승용,남,26세,부상신고,승용,남,29세,경상
2018110900100445,2018년 11월 9일 16시,금요일,대구광역시 북구 침산동,부상신고사고,0,0,0,1,차대사람 - 기타,안전운전불이행,건조,맑음,교차로 - 교차로부근,기타불명,기타불명,미분류,기타불명,보행자,여,25세,부상신고
2018110900100446,2018년 11월 9일 16시,금요일,대구광역시 서구 비산동,중상사고,0,1,0,0,차대사람 - 기타,안전운전불이행,건조,맑음,단일로 - 기타,이륜,남,65세,상해없음,보행자,남,84세,중상
2018110900100447,2018년 11월 9일 16시,금요일,대구광역시 달서구 신당동,경상사고,0,0,2,0,차대차 - 기타,안전운전불이행,건조,맑음,교차로 - 교차로부근,승용,여,36세,상해없음,승용,여,59세,경상
2018110900100448,2018년 11월 9일 16시,금요일,대구광역시 달서구 성당동,중상사고,0,1,0,0,차대사람 - 기타,안전운전불이행,건조,맑음,교차로 - 교차로부근,승용,남,75세,상해없음,보행자,여,14세,중상
2018110900100489,2018년 11월 9일 17시,금요일,대구광역시 동구 신천동,중상사고,0,1,1,0,차대차 - 측면충돌,안전거리미확보,건조,맑음,단일로 - 기타,화물,남,58세,상해없음,승용,여,64세,중상
2018110900100490,2018년 11월 9일 17시,금요일,대구광역시 달서구 송현동,경상사고,0,0,2,0,차대차 - 측면충돌,안전거리미확보,건조,맑음,단일로 - 기타,승용,남,75세,상해없음,이륜,남,35세,경상
2018110900100491,2018년 11월 9일 17시,금요일,대구광역시 북구 칠성동2가,중상사고,0,1,0,0,차대사람 - 기타,안전운전불이행,건조,맑음,단일로 - 기타,승용,남,39세,상해없음,보행자,남,65세,중상
2018110900100492,2018년 11월 9일 17시,금요일,대구광역시 북구 동천동,경상사고,0,0,1,1,차대사람 - 횡단중,보행자보호의무위반,건조,맑음,기타 - 기타,이륜,남,54세,부상신고,보행자,남,7세,경상
2018110900100493,2018년 11월 9일 17시,금요일,대구광역시 북구 관음동,경상사고,0,0,2,0,차대차 - 측면충돌,안전운전불이행,건조,맑음,단일로 - 기타,승용,남,53세,상해없음,화물,남,61세,경상
2018110900100558,2018년 11월 9일 18시,금요일,대구광역시 남구 대명동,중상사고,0,1,5,0,차대차 - 추돌,안전운전불이행,건조,맑음,단일로 - 기타,승용,남,33세,경상,승용,남,68세,경상
2018110900100559,2018년 11월 9일 18시,금요일,대구광역시 동구 신천동,경상사고,0,0,1,0,차대차 - 추돌,안전운전불이행,건조,맑음,단일로 - 기타,승용,남,28세,상해없음,이륜,남,19세,경상
2018110900100560,2018년 11월 9일 18시,금요일,대구광역시 북구 노원동2가,경상사고,0,0,1,0,차대차 - 측면충돌,안전운전불이행,건조,맑음,교차로 - 교차로안,승용,남,70세,기타불명,승용,남,26세,경상
2018110900100561,2018년 11월 9일 18시,금요일,대구광역시 서구 평리동,경상사고,0,0,1,0,차대사람 - 횡단중,보행자보호의무위반,건조,맑음,교차로 - 교차로안,이륜,남,37세,상해없음,보행자,여,59세,경상
2018110900100562,2018년 11월 9일 18시,금요일,대구광역시 북구 태전동,경상사고,0,0,1,0,차대차 - 기타,안전운전불이행,건조,맑음,단일로 - 기타,기타불명,기타불명,기타불명,기타불명,자전거,남,12세,경상
2018110900100618,2018년 11월 9일 19시,금요일,대구광역시 수성구 범어동,경상사고,0,0,1,0,차대차 - 추돌,안전운전불이행,건조,맑음,단일로 - 기타,승용,여,60세,상해없음,승용,여,44세,경상
2018110900100619,2018년 11월 9일 19시,금요일,대구광역시 서구 평리동,경상사고,0,0,2,0,차대차 - 측면충돌,안전거리미확보,건조,맑음,단일로 - 기타,승용,남,61세,상해없음,이륜,남,17세,경상
2018110900100620,2018년 11월 9일 19시,금요일,대구광역시 북구 태전동,부상신고사고,0,0,0,1,차대차 - 기타,안전운전불이행,건조,맑음,단일로 - 기타,승용,남,35세,상해없음,이륜,남,19세,부상신고
2018110900100685,2018년 11월 9일 21시,금요일,대구광역시 동구 신천동,경상사고,0,0,2,0,차대차 - 측면충돌,신호위반,건조,맑음,교차로 - 교차로안,승용,남,65세,상해없음,이륜,남,28세,경상
2018110900100686,2018년 11월 9일 21시,금요일,대구광역시 달서구 상인동,경상사고,0,0,1,0,차대차 - 측면충돌,안전운전불이행,건조,맑음,교차로 - 교차로안,승용,여,56세,상해없음,승용,남,58세,경상
2018110900100687,2018년 11월 9일 21시,금요일,대구광역시 중구 삼덕동2가,중상사고,0,1,0,1,차대사람 - 횡단중,안전운전불이행,건조,맑음,단일로 - 기타,이륜,남,26세,부상신고,보행자,남,63세,중상
2018110900100709,2018년 11월 9일 22시,금요일,대구광역시 달서구 상인동,경상사고,0,0,3,0,차대차 - 추돌,안전거리미확보,건조,맑음,단일로 - 기타,승용,남,40세,상해없음,승용,남,56세,경상
2018110900100733,2018년 11월 9일 23시,금요일,대구광역시 동구 신천동,부상신고사고,0,0,0,1,차대차 - 기타,안전운전불이행,건조,맑음,단일로 - 기타,이륜,남,57세,부상신고,화물,남,62세,상해없음
2018110900100734,2018년 11월 9일 23시,금요일,대구광역시 북구 대현동,경상사고,0,0,2,0,차대차 - 측면충돌,안전거리미확보,건조,맑음,교차로 - 교차로부근,승용,여,59세,경상,승용,남,40세,상해없음
2018111000100017,2018년 11월 10일 00시,토요일,대구광역시 수성구 수성동1가,경상사고,0,0,2,0,차대차 - 추돌,안전운전불이행,건조,맑음,단일로 - 기타,승용,여,61세,상해없음,승용,남,38세,경상
2018111000100039,2018년 11월 10일 02시,토요일,대구광역시 수성구 황금동,중상사고,0,1,0,0,차대사람 - 차도통행중,안전운전불이행,건조,맑음,단일로 - 기타,승용,남,71세,상해없음,보행자,남,43세,중상
2018111000100058,2018년 11월 10일 03시,토요일,대구광역시 달서구 두류동,중상사고,0,1,0,0,차대차 - 측면충돌,신호위반,건조,흐림,교차로 - 교차로안,승용,남,28세,상해없음,승용,남,64세,상해없음
2018111000100070,2018년 11월 10일 04시,토요일,대구광역시 남구 봉덕동,중상사고,0,2,1,0,차대차 - 측면충돌,신호위반,건조,맑음,교차로 - 교차로안,승용,남,64세,상해없음,승용,남,45세,중상
2018111000100071,2018년 11월 10일 04시,토요일,대구광역시 달서구 본리동,중상사고,0,1,0,0,차대사람 - 기타,안전운전불이행,건조,맑음,단일로 - 기타,승용,남,35세,상해없음,보행자,여,58세,중상
2018111000100090,2018년 11월 10일 05시,토요일,대구광역시 중구 동인동2가,경상사고,0,0,2,0,차대차 - 측면충돌,신호위반,건조,맑음,교차로 - 교차로부근,승용,남,56세,경상,승용,남,66세,경상
2018111000100169,2018년 11월 10일 09시,토요일,대구광역시 수성구 삼덕동,경상사고,0,0,1,0,차대차 - 추돌,안전운전불이행,건조,맑음,단일로 - 기타,승용,여,38세,상해없음,승용,여,38세,경상
2018111000100170,2018년 11월 10일 09시,토요일,대구광역시 달서구 본동,경상사고,0,0,2,0,차대차 - 측면충돌,신호위반,건조,맑음,교차로 - 교차로안,승용,남,65세,상해없음,승용,남,25세,경상
2018111000100171,2018년 11월 10일 09시,토요일,대구광역시 북구 읍내동,중상사고,0,2,0,1,차대차 - 기타,신호위반,건조,맑음,교차로 - 교차로안,승용,여,52세,부상신고,화물,여,52세,중상
2018111000100172,2018년 11월 10일 09시,토요일,대구광역시 북구 관음동,중상사고,0,1,0,0,차대사람 - 차도통행중,안전운전불이행,건조,맑음,기타 - 기타,화물,남,36세,상해없음,보행자,남,81세,중상
2018111000100197,2018년 11월 10일 10시,토요일,대구광역시 서구 상리동,경상사고,0,0,2,0,차대차 - 측면충돌,안전운전불이행,건조,맑음,단일로 - 기타,특수,남,62세,상해없음,승용,남,57세,경상
2018111000100199,2018년 11월 10일 10시,토요일,대구광역시 남구 이천동,경상사고,0,0,2,0,차대차 - 추돌,안전운전불이행,건조,맑음,단일로 - 기타,승용,남,29세,상해없음,승용,여,43세,경상
2018111000100200,2018년 11월 10일 10시,토요일,대구광역시 동구 신암동,경상사고,0,0,1,0,차대차 - 측면충돌,안전거리미확보,건조,맑음,단일로 - 기타,승용,여,63세,상해없음,승용,남,52세,경상
2018111000100201,2018년 11월 10일 10시,토요일,대구광역시 달서구 대곡동,경상사고,0,0,3,0,차대차 - 기타,안전거리미확보,건조,맑음,단일로 - 기타,승용,남,25세,상해없음,승용,남,29세,경상
2018111000100202,2018년 11월 10일 10시,토요일,대구광역시 달성군 가창면,경상사고,0,0,1,0,차대차 - 기타,안전운전불이행,건조,맑음,단일로 - 기타,화물,남,46세,상해없음,자전거,남,37세,경상
2018111000100203,2018년 11월 10일 10시,토요일,대구광역시 서구 비산동,중상사고,0,1,0,0,차대차 - 측면충돌,안전운전불이행,건조,맑음,단일로 - 기타,화물,남,38세,상해없음,자전거,여,65세,중상
2018111000100204,2018년 11월 10일 10시,토요일,대구광역시 서구 비산동,중상사고,0,1,0,0,차대차 - 측면충돌,안전운전불이행,건조,맑음,교차로 - 교차로안,이륜,남,74세,중상,승용,남,40세,상해없음
2018111000100239,2018년 11월 10일 11시,토요일,대구광역시 달서구 진천동,경상사고,0,0,1,0,차대차 - 기타,보행자보호의무위반,건조,맑음,단일로 - 기타,승용,남,77세,상해없음,자전거,여,69세,경상
2018111000100240,2018년 11월 10일 11시,토요일,대구광역시 북구 칠성동2가,중상사고,0,1,0,0,차대사람 - 횡단중,보행자보호의무위반,건조,맑음,교차로 - 교차로횡단보도내,화물,남,57세,상해없음,보행자,여,71세,중상
2018111000100241,2018년 11월 10일 11시,토요일,대구광역시 서구 평리동,경상사고,0,0,1,0,차대사람 - 차도통행중,안전운전불이행,건조,맑음,단일로 - 기타,승용,남,56세,상해없음,보행자,여,11세,경상
2018111000100324,2018년 11월 10일 13시,토요일,대구광역시 달서구 월암동,경상사고,0,0,1,0,차대사람 - 기타,안전운전불이행,건조,맑음,기타 - 기타,승용,여,58세,상해없음,보행자,남,61세,경상
2018111000100362,2018년 11월 10일 14시,토요일,대구광역시 동구 율하동,경상사고,0,0,1,0,차대차 - 측면충돌,안전운전불이행,건조,맑음,단일로 - 기타,특수,남,59세,상해없음,승용,여,47세,경상
2018111000100367,2018년 11월 10일 14시,토요일,대구광역시 동구 신천동,부상신고사고,0,0,0,1,차대차 - 측면충돌,안전운전불이행,건조,맑음,교차로 - 교차로안,이륜,남,39세,부상신고,승용,남,68세,상해없음
2018111000100410,2018년 11월 10일 15시,토요일,대구광역시 달성군 유가읍,중상사고,0,2,0,0,차대차 - 기타,신호위반,건조,맑음,교차로 - 교차로안,승용,남,49세,상해없음,승용,남,41세,중상
2018111000100450,2018년 11월 10일 16시,토요일,대구광역시 달서구 도원동,경상사고,0,0,3,0,차대차 - 추돌,안전운전불이행,건조,맑음,교차로 - 교차로부근,승용,남,32세,상해없음,승용,남,47세,경상
2018111000100451,2018년 11월 10일 16시,토요일,대구광역시 달성군 옥포읍,경상사고,0,0,1,0,차대차 - 기타,안전운전불이행,건조,맑음,기타 - 기타,화물,남,29세,상해없음,기타불명,남,59세,경상
2018111000100452,2018년 11월 10일 16시,토요일,대구광역시 달서구 본리동,중상사고,0,1,1,0,차대차 - 측면충돌,안전운전불이행,건조,맑음,단일로 - 기타,특수,남,39세,상해없음,승용,여,30세,중상
2018111000100504,2018년 11월 10일 17시,토요일,대구광역시 동구 방촌동,중상사고,0,1,0,0,차대차 - 기타,안전운전불이행,건조,맑음,단일로 - 기타,자전거,남,66세,중상,승용,여,42세,상해없음
2018111000100505,2018년 11월 10일 17시,토요일,대구광역시 서구 비산동,중상사고,0,1,0,0,차대차 - 측면충돌,안전운전불이행,건조,맑음,단일로 - 기타,승용,남,49세,상해없음,자전거,남,63세,중상
2018111000100506,2018년 11월 10일 17시,토요일,대구광역시 중구 봉산동,경상사고,0,0,3,1,차대차 - 기타,안전거리미확보,건조,맑음,단일로 - 기타,승용,여,28세,상해없음,승용,남,23세,경상
2018111000100507,2018년 11월 10일 17시,토요일,대구광역시 북구 관음동,경상사고,0,0,1,1,차대차 - 기타,안전운전불이행,건조,맑음,단일로 - 기타,원동기,남,22세,부상신고,승용,남,42세,경상
2018111000100551,2018년 11월 10일 18시,토요일,대구광역시 수성구 두산동,경상사고,0,0,1,0,차대차 - 측면충돌,안전거리미확보,건조,맑음,단일로 - 기타,승용,남,31세,상해없음,승용,여,47세,경상
2018111000100552,2018년 11월 10일 18시,토요일,대구광역시 달성군 화원읍,부상신고사고,0,0,0,1,차대차 - 기타,안전운전불이행,건조,맑음,단일로 - 기타,기타불명,기타불명,미분류,기타불명,자전거,남,64세,부상신고
2018111000100553,2018년 11월 10일 18시,토요일,대구광역시 북구 복현동,중상사고,0,1,0,0,차대차 - 측면충돌,안전운전불이행,젖음/습기,흐림,단일로 - 기타,승용,남,79세,상해없음,승용,남,58세,상해없음
2018111000100554,2018년 11월 10일 18시,토요일,대구광역시 중구 서문로1가,경상사고,0,0,1,0,차대사람 - 길가장자리구역통행중,안전운전불이행,건조,맑음,단일로 - 기타,기타불명,기타불명,미분류,기타불명,보행자,여,22세,경상
2018111000100555,2018년 11월 10일 18시,토요일,대구광역시 달서구 용산동,경상사고,0,0,2,0,차대차 - 측면충돌,안전운전불이행,건조,맑음,단일로 - 기타,승용,여,49세,상해없음,이륜,남,16세,경상
2018111000100589,2018년 11월 10일 19시,토요일,대구광역시 동구 신암동,중상사고,0,1,0,0,차대사람 - 횡단중,신호위반,건조,맑음,단일로 - 기타,승용,남,25세,상해없음,보행자,여,43세,중상
2018111000100590,2018년 11월 10일 19시,토요일,대구광역시 달서구 월성동,경상사고,0,0,1,0,차대차 - 정면충돌,안전운전불이행,건조,맑음,단일로 - 기타,승용,남,61세,상해없음,이륜,남,25세,경상
2018111000100591,2018년 11월 10일 19시,토요일,대구광역시 북구 동천동,중상사고,0,1,1,0,차대차 - 측면충돌,안전운전불이행,건조,맑음,교차로 - 교차로안,이륜,남,22세,중상,승용,여,39세,경상
2018111000100618,2018년 11월 10일 20시,토요일,대구광역시 서구 평리동,중상사고,0,1,0,0,차대차 - 측면충돌,교차로운행방법위반,건조,맑음,교차로 - 교차로부근,승용,남,34세,상해없음,이륜,남,34세,중상
2018111000100619,2018년 11월 10일 20시,토요일,대구광역시 중구 삼덕동1가,경상사고,0,0,1,0,차대차 - 추돌,안전운전불이행,건조,맑음,단일로 - 기타,승용,남,46세,상해없음,승용,남,28세,경상
2018111000100644,2018년 11월 10일 21시,토요일,대구광역시 남구 대명동,경상사고,0,0,3,0,차대차 - 측면충돌,안전운전불이행,건조,맑음,교차로 - 교차로부근,승용,남,62세,경상,승용,여,40세,경상
2018111000100645,2018년 11월 10일 21시,토요일,대구광역시 동구 신천동,중상사고,0,1,0,0,차대사람 - 차도통행중,안전운전불이행,건조,맑음,단일로 - 기타,이륜,남,44세,상해없음,보행자,여,68세,중상
2018111000100646,2018년 11월 10일 21시,토요일,대구광역시 수성구 만촌동,경상사고,0,0,2,0,차대차 - 측면충돌,안전운전불이행,건조,맑음,단일로 - 기타,승용,남,38세,경상,이륜,남,33세,경상
2018111000100647,2018년 11월 10일 21시,토요일,대구광역시 수성구 두산동,중상사고,0,3,1,0,차대차 - 추돌,안전운전불이행,건조,맑음,단일로 - 기타,승용,남,33세,상해없음,승용,여,48세,경상
2018111000100665,2018년 11월 10일 22시,토요일,대구광역시 동구 신기동,경상사고,0,0,1,0,차대사람 - 횡단중,보행자보호의무위반,건조,맑음,단일로 - 기타,승용,남,47세,상해없음,보행자,남,39세,경상
2018111000100666,2018년 11월 10일 22시,토요일,대구광역시 동구 신천동,경상사고,0,0,1,1,차대차 - 기타,안전운전불이행,건조,맑음,교차로 - 교차로안,승용,남,19세,부상신고,승용,남,57세,경상
2018111000100667,2018년 11월 10일 22시,토요일,대구광역시 북구 국우동,경상사고,0,0,1,0,차대차 - 기타,안전운전불이행,건조,맑음,교차로 - 교차로안,승용,남,25세,상해없음,승용,남,33세,경상
2018111000100687,2018년 11월 10일 23시,토요일,대구광역시 수성구 황금동,중상사고,0,1,0,0,차대차 - 후진중충돌,안전운전불이행,건조,맑음,단일로 - 기타,승용,남,34세,상해없음,자전거,남,58세,중상
2018111000100688,2018년 11월 10일 23시,토요일,대구광역시 서구 이현동,중상사고,0,1,1,0,차대차 - 측면충돌,차로위반,건조,맑음,교차로 - 교차로안,승용,남,44세,상해없음,승용,남,48세,중상
2018111000100689,2018년 11월 10일 23시,토요일,대구광역시 달서구 용산동,경상사고,0,0,2,1,차대차 - 측면충돌,신호위반,건조,맑음,교차로 - 교차로안,승합,남,42세,상해없음,승용,여,41세,경상
2018111000100690,2018년 11월 10일 23시,토요일,대구광역시 북구 동천동,경상사고,0,0,1,0,차대차 - 측면충돌,안전운전불이행,건조,맑음,교차로 - 교차로부근,승용,남,40세,상해없음,이륜,남,18세,경상
2018111100100024,2018년 11월 11일 01시,일요일,대구광역시 달서구 성당동,사망사고,1,0,0,0,차대사람 - 기타,과속,건조,맑음,단일로 - 기타,승용,남,78세,상해없음,보행자,남,50세,사망
2018111100100035,2018년 11월 11일 02시,일요일,대구광역시 서구 내당동,경상사고,0,0,1,0,차대차 - 추돌,안전운전불이행,건조,맑음,단일로 - 기타,이륜,남,29세,경상,승용,남,51세,상해없음
2018111100100036,2018년 11월 11일 02시,일요일,대구광역시 서구 비산동,경상사고,0,0,1,0,차대사람 - 기타,안전운전불이행,건조,맑음,단일로 - 기타,승용,남,32세,상해없음,보행자,남,39세,경상
2018111100100055,2018년 11월 11일 04시,일요일,대구광역시 달서구 송현동,경상사고,0,0,1,0,차대차 - 측면충돌,안전운전불이행,건조,맑음,교차로 - 교차로부근,승용,남,59세,상해없음,자전거,여,48세,경상
2018111100100069,2018년 11월 11일 05시,일요일,대구광역시 달성군 구지면,중상사고,0,1,0,0,차량단독 - 공작물충돌,안전운전불이행,젖음/습기,안개,교차로 - 교차로부근,화물,남,22세,중상,,,,
2018111100100076,2018년 11월 11일 06시,일요일,대구광역시 남구 대명동,경상사고,0,0,1,0,차대차 - 측면충돌,안전운전불이행,건조,맑음,단일로 - 기타,승용,남,61세,상해없음,승용,남,63세,기타불명
2018111100100128,2018년 11월 11일 10시,일요일,대구광역시 수성구 만촌동,중상사고,0,1,2,0,차대차 - 측면충돌,신호위반,건조,맑음,교차로 - 교차로안,승용,남,37세,상해없음,승용,남,43세,경상
2018111100100129,2018년 11월 11일 10시,일요일,대구광역시 북구 침산동,부상신고사고,0,0,0,1,차대차 - 추돌,안전운전불이행,건조,맑음,교차로 - 교차로부근,이륜,남,38세,부상신고,승용,남,50세,상해없음
2018111100100130,2018년 11월 11일 10시,일요일,대구광역시 달서구 감삼동,경상사고,0,0,1,0,차대차 - 기타,안전운전불이행,건조,맑음,단일로 - 기타,승용,남,33세,상해없음,승용,여,35세,상해없음
2018111100100166,2018년 11월 11일 12시,일요일,대구광역시 달서구 감삼동,경상사고,0,0,1,0,차대차 - 측면충돌,차로위반,건조,맑음,단일로 - 기타,승용,남,73세,상해없음,승용,남,42세,경상
2018111100100186,2018년 11월 11일 13시,일요일,대구광역시 달서구 대천동,경상사고,0,0,1,0,차대차 - 측면충돌,안전운전불이행,건조,맑음,단일로 - 기타,승용,여,57세,상해없음,화물,남,36세,경상
2018111100100189,2018년 11월 11일 13시,일요일,대구광역시 서구 비산동,경상사고,0,0,1,0,차대사람 - 기타,안전운전불이행,건조,맑음,단일로 - 기타,승합,남,40세,상해없음,보행자,남,57세,경상
2018111100100214,2018년 11월 11일 14시,일요일,대구광역시 달서구 성당동,경상사고,0,0,2,0,차대차 - 기타,안전운전불이행,건조,맑음,단일로 - 기타,이륜,남,18세,경상,이륜,남,43세,경상
2018111100100245,2018년 11월 11일 15시,일요일,대구광역시 동구 신천동,중상사고,0,1,0,0,차대차 - 측면충돌,기타,젖음/습기,비,교차로 - 교차로부근,승용,여,60세,상해없음,자전거,남,56세,중상