사고번호,사고일시,요일,시군구,사고내용,사망자수,중상자수,경상자수,부상신고자수,사고유형,법규위반,노면상태,기상상태,도로형태,가해운전자 차종,가해운전자 성별,가해운전자 연령,가해운전자 상해정도,피해운전자 차종,피해운전자 성별,피해운전자 연령,피해운전자 상해정도
2018111100100246,2018년 11월 11일 15시,일요일,대구광역시 동구 불로동,경상사고,0,0,1,0,차대차 - 측면충돌,안전거리미확보,젖음/습기,비,단일로 - 기타,승용,남,22세,상해없음,승용,여,53세,경상
2018111100100247,2018년 11월 11일 15시,일요일,대구광역시 수성구 두산동,경상사고,0,0,3,0,차대차 - 기타,안전운전불이행,건조,맑음,교차로 - 교차로부근,승용,남,49세,상해없음,승용,남,40세,상해없음
2018111100100248,2018년 11월 11일 15시,일요일,대구광역시 달성군 다사읍,경상사고,0,0,7,0,차대차 - 정면충돌,안전운전불이행,건조,맑음,단일로 - 기타,승용,여,59세,상해없음,승용,남,24세,경상
2018111100100249,2018년 11월 11일 15시,일요일,대구광역시 서구 비산동,중상사고,0,1,0,0,차대사람 - 기타,기타,건조,맑음,단일로 - 기타,승용,남,51세,상해없음,보행자,남,77세,중상
2018111100100250,2018년 11월 11일 15시,일요일,대구광역시 달서구 용산동,경상사고,0,0,2,0,차대차 - 기타,안전운전불이행,젖음/습기,비,단일로 - 기타,승용,남,25세,기타불명,승용,남,56세,경상
2018111100100276,2018년 11월 11일 16시,일요일,대구광역시 달서구 상인동,경상사고,0,0,1,0,차대차 - 기타,안전운전불이행,젖음/습기,비,단일로 - 기타,이륜,남,18세,경상,승용,남,58세,상해없음
2018111100100277,2018년 11월 11일 16시,일요일,대구광역시 달서구 상인동,경상사고,0,0,2,0,차대차 - 추돌,안전거리미확보,젖음/습기,비,단일로 - 기타,승용,여,50세,상해없음,승용,여,52세,경상
2018111100100319,2018년 11월 11일 17시,일요일,대구광역시 달서구 진천동,경상사고,0,0,1,0,차대차 - 기타,안전운전불이행,젖음/습기,비,단일로 - 기타,승용,여,40세,상해없음,이륜,남,18세,경상
2018111100100320,2018년 11월 11일 17시,일요일,대구광역시 달서구 본동,중상사고,0,1,0,0,차대차 - 측면충돌,안전운전불이행,건조,맑음,교차로 - 교차로부근,승용,남,64세,상해없음,승용,남,46세,중상
2018111100100321,2018년 11월 11일 17시,일요일,대구광역시 달서구 이곡동,경상사고,0,0,2,0,차대차 - 추돌,안전운전불이행,건조,맑음,단일로 - 기타,승용,기타불명,미분류,기타불명,승용,남,41세,경상
2018111100100322,2018년 11월 11일 17시,일요일,대구광역시 달서구 용산동,경상사고,0,0,3,0,차대차 - 측면충돌,차로위반,젖음/습기,흐림,단일로 - 기타,승용,남,50세,경상,승용,여,60세,경상
2018111100100400,2018년 11월 11일 19시,일요일,대구광역시 달서구 진천동,중상사고,0,1,0,0,차대차 - 측면충돌,안전운전불이행,젖음/습기,비,단일로 - 기타,승용,남,27세,상해없음,이륜,남,43세,중상
2018111100100401,2018년 11월 11일 19시,일요일,대구광역시 달서구 상인동,중상사고,0,1,0,0,차량단독 - 기타,기타,젖음/습기,흐림,단일로 - 기타,승용,남,58세,상해없음,,,,
2018111100100402,2018년 11월 11일 19시,일요일,대구광역시 북구 관음동,중상사고,0,1,0,0,차대차 - 기타,안전운전불이행,젖음/습기,맑음,교차로 - 교차로부근,승용,여,39세,상해없음,이륜,남,47세,중상
2018111100100403,2018년 11월 11일 19시,일요일,대구광역시 북구 태전동,경상사고,0,0,1,0,차대사람 - 기타,보행자보호의무위반,건조,맑음,교차로 - 교차로부근,승용,여,55세,상해없음,보행자,여,58세,경상
2018111100100429,2018년 11월 11일 20시,일요일,대구광역시 수성구 수성동2가,중상사고,0,1,0,0,차대차 - 추돌,안전운전불이행,젖음/습기,비,교차로 - 교차로부근,화물,남,39세,상해없음,이륜,남,45세,중상
2018111100100430,2018년 11월 11일 20시,일요일,대구광역시 수성구 수성동3가,경상사고,0,0,1,0,차대차 - 추돌,안전운전불이행,젖음/습기,비,교차로 - 교차로부근,승용,여,56세,상해없음,이륜,남,22세,경상
2018111100100431,2018년 11월 11일 20시,일요일,대구광역시 달서구 월암동,경상사고,0,0,2,0,차대차 - 추돌,안전거리미확보,젖음/습기,흐림,교차로 - 교차로안,승용,여,51세,상해없음,승용,남,53세,경상
2018111100100474,2018년 11월 11일 22시,일요일,대구광역시 달서구 상인동,경상사고,0,0,1,0,차대차 - 측면충돌,안전거리미확보,젖음/습기,흐림,단일로 - 기타,승합,남,58세,상해없음,이륜,남,21세,경상
2018111200100020,2018년 11월 12일 02시,월요일,대구광역시 동구 율하동,경상사고,0,0,1,0,차량단독 - 공작물충돌,안전운전불이행,건조,맑음,단일로 - 기타,승용,남,55세,상해없음,,,,
2018111200100025,2018년 11월 12일 04시,월요일,대구광역시 중구 봉산동,중상사고,0,1,1,0,차대차 - 추돌,안전거리미확보,건조,맑음,단일로 - 기타,승용,남,30세,상해없음,승합,남,56세,경상
2018111200100124,2018년 11월 12일 08시,월요일,대구광역시 수성구 지산동,중상사고,0,1,0,0,차대사람 - 기타,안전운전불이행,건조,맑음,교차로 - 교차로부근,승용,남,23세,상해없음,보행자,남,49세,중상
2018111200100125,2018년 11월 12일 08시,월요일,대구광역시 달성군 논공읍,중상사고,0,1,1,0,차대차 - 정면충돌,안전운전불이행,건조,맑음,단일로 - 기타,승용,여,27세,중상,승용,남,32세,경상
2018111200100160,2018년 11월 12일 09시,월요일,대구광역시 달서구 유천동,경상사고,0,0,2,0,차대차 - 기타,안전운전불이행,건조,맑음,교차로 - 교차로안,승용,남,42세,경상,승용,남,36세,경상
2018111200100188,2018년 11월 12일 10시,월요일,대구광역시 동구 서호동,경상사고,0,0,2,0,차대차 - 추돌,안전운전불이행,건조,맑음,단일로 - 기타,승용,남,21세,상해없음,승용,남,26세,경상
2018111200100189,2018년 11월 12일 10시,월요일,대구광역시 수성구 황금동,중상사고,0,1,0,0,차대사람 - 기타,안전운전불이행,건조,맑음,교차로 - 교차로안,화물,남,40세,상해없음,보행자,여,89세,중상
2018111200100190,2018년 11월 12일 10시,월요일,대구광역시 북구 침산동,경상사고,0,0,1,0,차대차 - 측면충돌,안전거리미확보,건조,맑음,단일로 - 기타,승용,남,48세,상해없음,승용,여,46세,경상
2018111200100220,2018년 11월 12일 11시,월요일,대구광역시 달서구 송현동,경상사고,0,0,1,0,차대차 - 측면충돌,안전운전불이행,건조,맑음,교차로 - 교차로횡단보도내,화물,남,27세,상해없음,자전거,남,61세,경상
2018111200100250,2018년 11월 12일 12시,월요일,대구광역시 서구 내당동,경상사고,0,0,1,0,차대차 - 측면충돌,교차로운행방법위반,건조,맑음,교차로 - 교차로안,승용,남,28세,상해없음,화물,남,76세,경상
2018111200100316,2018년 11월 12일 14시,월요일,대구광역시 남구 봉덕동,경상사고,0,0,1,0,차대차 - 측면충돌,안전운전불이행,건조,맑음,단일로 - 기타,승용,남,52세,상해없음,원동기,여,28세,경상
2018111200100317,2018년 11월 12일 14시,월요일,대구광역시 동구 율암동,중상사고,0,1,0,0,차대사람 - 횡단중,안전운전불이행,건조,맑음,단일로 - 기타,화물,여,56세,상해없음,보행자,남,59세,중상
2018111200100353,2018년 11월 12일 15시,월요일,대구광역시 남구 봉덕동,경상사고,0,0,1,0,차대차 - 측면충돌,차로위반,건조,맑음,교차로 - 교차로부근,승용,남,77세,상해없음,승용,여,42세,경상
2018111200100354,2018년 11월 12일 15시,월요일,대구광역시 달서구 월암동,경상사고,0,0,1,0,차대차 - 추돌,안전거리미확보,건조,맑음,단일로 - 기타,승용,남,47세,상해없음,승용,남,56세,경상
2018111200100355,2018년 11월 12일 15시,월요일,대구광역시 서구 평리동,부상신고사고,0,0,0,1,차대사람 - 기타,안전운전불이행,건조,맑음,기타 - 기타,승용,남,47세,상해없음,보행자,여,64세,부상신고
2018111200100393,2018년 11월 12일 16시,월요일,대구광역시 북구 태전동,경상사고,0,0,4,0,차대차 - 측면충돌,안전운전불이행,건조,맑음,단일로 - 기타,승용,남,52세,상해없음,승용,여,35세,경상
2018111200100430,2018년 11월 12일 17시,월요일,대구광역시 달서구 죽전동,경상사고,0,0,2,0,차대차 - 기타,안전운전불이행,건조,맑음,단일로 - 기타,이륜,남,18세,경상,화물,남,58세,상해없음
2018111200100477,2018년 11월 12일 18시,월요일,대구광역시 수성구 고모동,중상사고,0,1,1,0,차대차 - 추돌,교차로운행방법위반,건조,맑음,교차로 - 교차로부근,화물,남,65세,상해없음,승용,남,49세,중상
2018111200100478,2018년 11월 12일 18시,월요일,대구광역시 서구 비산동,사망사고,1,0,0,0,차대사람 - 기타,안전운전불이행,건조,맑음,기타 - 기타,화물,남,44세,상해없음,보행자,남,81세,사망
2018111200100479,2018년 11월 12일 18시,월요일,대구광역시 서구 중리동,경상사고,0,0,1,0,차대차 - 추돌,안전운전불이행,건조,맑음,교차로 - 교차로부근,승용,남,61세,상해없음,승용,남,37세,경상
2018111200100480,2018년 11월 12일 18시,월요일,대구광역시 달서구 신당동,중상사고,0,1,1,0,차대차 - 측면충돌,차로위반,건조,맑음,단일로 - 기타,승합,남,30세,상해없음,승용,남,59세,경상
2018111200100481,2018년 11월 12일 18시,월요일,대구광역시 달서구 용산동,중상사고,0,1,0,0,차대사람 - 기타,안전운전불이행,건조,맑음,단일로 - 기타,승용,여,31세,상해없음,보행자,여,10세,중상
2018111200100482,2018년 11월 12일 18시,월요일,대구광역시 달서구 용산동,경상사고,0,0,1,0,차대차 - 측면충돌,안전운전불이행,건조,맑음,단일로 - 기타,화물,남,55세,상해없음,승용,여,25세,경상
2018111200100533,2018년 11월 12일 19시,월요일,대구광역시 수성구 신매동,경상사고,0,0,1,0,차대사람 - 기타,안전운전불이행,건조,맑음,단일로 - 기타,승용,여,56세,상해없음,보행자,남,39세,경상
2018111200100534,2018년 11월 12일 19시,월요일,대구광역시 수성구 상동,경상사고,0,0,1,0,차대차 - 측면충돌,안전거리미확보,건조,맑음,교차로 - 교차로부근,승용,남,63세,상해없음,이륜,남,59세,경상
2018111200100535,2018년 11월 12일 19시,월요일,대구광역시 달서구 유천동,경상사고,0,0,1,0,차대차 - 추돌,안전운전불이행,건조,맑음,기타 - 기타,승용,여,29세,상해없음,승용,여,32세,경상
2018111200100562,2018년 11월 12일 20시,월요일,대구광역시 수성구 범어동,경상사고,0,0,1,0,차대차 - 정면충돌,안전운전불이행,건조,맑음,단일로 - 기타,승용,여,42세,상해없음,승용,여,44세,경상
2018111200100563,2018년 11월 12일 20시,월요일,대구광역시 수성구 중동,중상사고,0,1,0,0,차대차 - 측면충돌,안전거리미확보,건조,맑음,단일로 - 기타,승용,남,58세,상해없음,이륜,남,52세,중상
2018111200100585,2018년 11월 12일 21시,월요일,대구광역시 북구 복현동,경상사고,0,0,1,0,차대차 - 추돌,안전운전불이행,건조,맑음,교차로 - 교차로부근,승용,남,63세,상해없음,승용,남,53세,경상
2018111200100602,2018년 11월 12일 22시,월요일,대구광역시 달성군 다사읍,부상신고사고,0,0,0,1,차대사람 - 기타,안전운전불이행,건조,맑음,단일로 - 기타,승용,남,54세,상해없음,보행자,남,58세,부상신고
2018111200100603,2018년 11월 12일 22시,월요일,대구광역시 달성군 논공읍,경상사고,0,0,1,0,차대차 - 기타,교차로운행방법위반,건조,맑음,교차로 - 교차로안,승합,남,37세,상해없음,원동기,남,32세,경상
2018111200100615,2018년 11월 12일 23시,월요일,대구광역시 동구 신암동,중상사고,0,1,0,0,차대차 - 기타,중앙선침범,건조,맑음,단일로 - 기타,승용,여,27세,상해없음,승용,남,52세,중상
2018111200100616,2018년 11월 12일 23시,월요일,대구광역시 수성구 범어동,경상사고,0,0,1,0,차대차 - 추돌,안전거리미확보,건조,맑음,교차로 - 교차로부근,승용,남,62세,상해없음,승용,여,66세,경상
2018111300100018,2018년 11월 13일 01시,화요일,대구광역시 달성군 다사읍,부상신고사고,0,0,0,1,차대차 - 기타,안전운전불이행,건조,맑음,단일로 - 기타,기타불명,기타불명,미분류,기타불명,승용,여,61세,부상신고
2018111300100028,2018년 11월 13일 03시,화요일,대구광역시 북구 태전동,경상사고,0,0,5,0,차대차 - 측면충돌,안전운전불이행,건조,흐림,단일로 - 기타,승용,남,57세,상해없음,승용,남,23세,경상
2018111300100037,2018년 11월 13일 04시,화요일,대구광역시 서구 비산동,중상사고,0,1,0,0,차대차 - 측면충돌,신호위반,건조,맑음,교차로 - 교차로안,승용,남,67세,상해없음,화물,남,56세,중상
2018111300100046,2018년 11월 13일 05시,화요일,대구광역시 남구 대명동,경상사고,0,0,1,0,차대차 - 추돌,안전거리미확보,건조,맑음,단일로 - 기타,승용,남,77세,상해없음,승용,남,60세,경상
2018111300100095,2018년 11월 13일 07시,화요일,대구광역시 북구 노원동2가,중상사고,0,1,0,0,차대차 - 측면충돌,안전운전불이행,건조,맑음,교차로 - 교차로안,화물,남,70세,상해없음,자전거,여,61세,중상
2018111300100134,2018년 11월 13일 08시,화요일,대구광역시 동구 용계동,경상사고,0,0,1,0,차대차 - 추돌,안전운전불이행,건조,맑음,단일로 - 기타,승용,남,77세,상해없음,승용,남,27세,경상
2018111300100135,2018년 11월 13일 08시,화요일,대구광역시 북구 동천동,경상사고,0,0,1,0,차대차 - 후진중충돌,안전운전불이행,건조,맑음,교차로 - 교차로부근,화물,남,50세,상해없음,특수,남,58세,경상
2018111300100171,2018년 11월 13일 09시,화요일,대구광역시 동구 입석동,중상사고,0,1,0,0,차대사람 - 보도통행중,보행자보호의무위반,건조,맑음,단일로 - 기타,승용,여,58세,상해없음,보행자,여,42세,중상
2018111300100172,2018년 11월 13일 09시,화요일,대구광역시 북구 노원동3가,경상사고,0,0,9,0,차대차 - 추돌,안전운전불이행,건조,맑음,단일로 - 기타,화물,남,31세,상해없음,승합,남,26세,경상
2018111300100205,2018년 11월 13일 10시,화요일,대구광역시 남구 대명동,중상사고,0,1,0,0,차대차 - 측면충돌,직진우회전진행방해,건조,맑음,교차로 - 교차로안,승용,남,41세,상해없음,이륜,여,52세,중상
2018111300100269,2018년 11월 13일 12시,화요일,대구광역시 북구 서변동,경상사고,0,0,1,0,차대차 - 후진중충돌,안전운전불이행,건조,맑음,단일로 - 기타,화물,남,53세,상해없음,승용,여,37세,경상
2018111300100271,2018년 11월 13일 12시,화요일,대구광역시 중구 동인동4가,중상사고,0,1,0,0,차대차 - 측면충돌,안전운전불이행,건조,맑음,교차로 - 교차로안,승용,여,31세,상해없음,승용,여,32세,중상
2018111300100330,2018년 11월 13일 14시,화요일,대구광역시 남구 대명동,경상사고,0,0,3,0,차대차 - 측면충돌,교차로운행방법위반,건조,맑음,교차로 - 교차로안,이륜,남,24세,경상,승용,남,67세,경상
2018111300100331,2018년 11월 13일 14시,화요일,대구광역시 북구 대현동,경상사고,0,0,1,0,차대차 - 측면충돌,신호위반,건조,맑음,교차로 - 교차로횡단보도내,자전거,여,69세,경상,승용,남,37세,상해없음
2018111300100332,2018년 11월 13일 14시,화요일,대구광역시 달서구 두류동,경상사고,0,0,1,0,차대차 - 측면충돌,교차로운행방법위반,건조,맑음,교차로 - 교차로안,화물,여,45세,상해없음,자전거,남,75세,경상
2018111300100365,2018년 11월 13일 15시,화요일,대구광역시 수성구 수성동2가,경상사고,0,0,2,0,차대차 - 측면충돌,안전운전불이행,건조,맑음,단일로 - 기타,승용,남,72세,상해없음,승용,여,46세,기타불명
2018111300100366,2018년 11월 13일 15시,화요일,대구광역시 중구 삼덕동3가,중상사고,0,1,0,0,차대차 - 측면충돌,안전운전불이행,건조,맑음,단일로 - 기타,승용,여,38세,상해없음,승용,여,43세,중상
2018111300100403,2018년 11월 13일 16시,화요일,대구광역시 달서구 월암동,경상사고,0,0,1,2,차대차 - 측면충돌,안전운전불이행,건조,맑음,교차로 - 교차로안,승용,여,40세,경상,승용,남,60세,부상신고
2018111300100404,2018년 11월 13일 16시,화요일,대구광역시 북구 고성동3가,중상사고,0,1,0,0,차대사람 - 횡단중,보행자보호의무위반,건조,맑음,단일로 - 기타,승용,남,58세,상해없음,보행자,여,70세,중상
2018111300100405,2018년 11월 13일 16시,화요일,대구광역시 북구 읍내동,경상사고,0,0,1,0,차대차 - 측면충돌,안전운전불이행,건조,맑음,교차로 - 교차로부근,승용,여,50세,상해없음,승용,여,49세,경상
2018111300100444,2018년 11월 13일 17시,화요일,대구광역시 북구 태전동,경상사고,0,0,1,0,차대차 - 기타,교차로운행방법위반,건조,맑음,교차로 - 교차로안,화물,남,51세,상해없음,승용,여,57세,경상
2018111300100491,2018년 11월 13일 18시,화요일,대구광역시 동구 봉무동,경상사고,0,0,1,0,차대차 - 측면충돌,안전운전불이행,건조,맑음,기타 - 기타,승용,남,39세,상해없음,자전거,남,27세,경상
2018111300100492,2018년 11월 13일 18시,화요일,대구광역시 수성구 범어동,경상사고,0,0,1,0,차대차 - 측면충돌,안전운전불이행,건조,맑음,단일로 - 기타,승용,여,39세,상해없음,이륜,남,33세,경상
2018111300100493,2018년 11월 13일 18시,화요일,대구광역시 달서구 상인동,부상신고사고,0,0,0,1,차량단독 - 기타,안전운전불이행,건조,맑음,교차로 - 교차로안,이륜,남,51세,부상신고,,,,
2018111300100494,2018년 11월 13일 18시,화요일,대구광역시 달성군 다사읍,경상사고,0,0,1,0,차대차 - 기타,신호위반,건조,맑음,교차로 - 교차로안,승용,여,40세,상해없음,승용,남,27세,경상
2018111300100495,2018년 11월 13일 18시,화요일,대구광역시 북구 대현동,경상사고,0,0,3,0,차대차 - 추돌,안전거리미확보,건조,맑음,단일로 - 기타,승용,남,60세,상해없음,승용,남,71세,경상
2018111300100496,2018년 11월 13일 18시,화요일,대구광역시 북구 산격동,경상사고,0,0,1,0,차대차 - 측면충돌,불법유턴,건조,맑음,교차로 - 교차로부근,자전거,남,12세,경상,승용,남,37세,상해없음
2018111300100497,2018년 11월 13일 18시,화요일,대구광역시 북구 칠성동2가,경상사고,0,0,1,0,차대차 - 측면충돌,안전운전불이행,건조,맑음,단일로 - 기타,승용,여,53세,상해없음,승용,남,56세,경상
2018111300100531,2018년 11월 13일 19시,화요일,대구광역시 수성구 만촌동,경상사고,0,0,2,0,차대차 - 측면충돌,불법유턴,건조,맑음,교차로 - 교차로부근,승용,남,38세,경상,승용,남,54세,경상
2018111300100532,2018년 11월 13일 19시,화요일,대구광역시 서구 내당동,경상사고,0,0,1,0,차대차 - 추돌,안전운전불이행,건조,맑음,교차로 - 교차로부근,승용,남,51세,상해없음,승용,여,47세,경상
2018111300100533,2018년 11월 13일 19시,화요일,대구광역시 달서구 용산동,경상사고,0,0,2,0,차대차 - 측면충돌,안전거리미확보,건조,맑음,단일로 - 기타,승용,여,56세,상해없음,원동기,남,19세,경상
2018111300100566,2018년 11월 13일 20시,화요일,대구광역시 수성구 두산동,경상사고,0,0,1,0,차대사람 - 길가장자리구역통행중,안전운전불이행,건조,맑음,단일로 - 기타,승용,남,36세,상해없음,보행자,남,43세,경상
2018111300100619,2018년 11월 13일 22시,화요일,대구광역시 수성구 수성동2가,중상사고,0,1,0,0,차대사람 - 횡단중,보행자보호의무위반,건조,맑음,교차로 - 교차로부근,승용,남,59세,상해없음,보행자,남,49세,중상
2018111400100016,2018년 11월 14일 01시,수요일,대구광역시 수성구 황금동,경상사고,0,0,1,0,차대차 - 추돌,안전운전불이행,건조,맑음,단일로 - 기타,승용,남,42세,상해없음,화물,남,39세,경상
2018111400100044,2018년 11월 14일 05시,수요일,대구광역시 중구 삼덕동3가,부상신고사고,0,0,0,1,차대차 - 측면충돌,안전운전불이행,건조,맑음,단일로 - 기타,기타불명,기타불명,미분류,기타불명,승용,여,49세,부상신고
2018111400100073,2018년 11월 14일 07시,수요일,대구광역시 수성구 상동,경상사고,0,0,1,0,차대차 - 정면충돌,안전운전불이행,건조,맑음,교차로 - 교차로안,승용,남,65세,상해없음,자전거,여,59세,경상
2018111400100074,2018년 11월 14일 07시,수요일,대구광역시 수성구 시지동,경상사고,0,0,1,0,차대차 - 측면충돌,안전거리미확보,건조,맑음,교차로 - 교차로부근,승합,남,60세,상해없음,승용,남,46세,경상
2018111400100075,2018년 11월 14일 07시,수요일,대구광역시 달서구 월성동,중상사고,0,1,0,0,차대사람 - 기타,안전운전불이행,건조,맑음,교차로 - 교차로부근,화물,남,58세,상해없음,보행자,여,77세,중상
2018111400100122,2018년 11월 14일 08시,수요일,대구광역시 동구 방촌동,경상사고,0,0,1,0,차대차 - 측면충돌,안전운전불이행,건조,맑음,교차로 - 교차로부근,화물,남,46세,상해없음,승용,남,27세,경상
2018111400100123,2018년 11월 14일 08시,수요일,대구광역시 수성구 매호동,경상사고,0,0,1,0,차대차 - 측면충돌,교차로운행방법위반,건조,맑음,교차로 - 교차로안,승용,여,41세,상해없음,승용,여,57세,경상
2018111400100124,2018년 11월 14일 08시,수요일,대구광역시 달서구 송현동,경상사고,0,0,2,0,차대차 - 측면충돌,교차로운행방법위반,건조,맑음,교차로 - 교차로안,승용,남,28세,경상,승용,여,37세,경상
2018111400100125,2018년 11월 14일 08시,수요일,대구광역시 북구 칠성동1가,경상사고,0,0,1,0,차대사람 - 기타,안전운전불이행,건조,맑음,교차로 - 교차로횡단보도내,화물,남,50세,기타불명,보행자,여,79세,경상
2018111400100167,2018년 11월 14일 09시,수요일,대구광역시 동구 신천동,경상사고,0,0,1,0,차대차 - 측면충돌,직진우회전진행방해,건조,맑음,교차로 - 교차로안,승용,여,47세,상해없음,화물,남,52세,경상
2018111400100168,2018년 11월 14일 09시,수요일,대구광역시 서구 평리동,중상사고,0,1,1,0,차대차 - 측면충돌,신호위반,건조,맑음,교차로 - 교차로부근,승용,남,57세,상해없음,승용,남,39세,상해없음
2018111400100169,2018년 11월 14일 09시,수요일,대구광역시 북구 읍내동,경상사고,0,0,1,1,차대차 - 추돌,안전운전불이행,건조,맑음,교차로 - 교차로안,승용,남,42세,부상신고,승합,남,41세,경상
2018111400100208,2018년 11월 14일 10시,수요일,대구광역시 수성구 범어동,경상사고,0,0,1,0,차대차 - 추돌,안전운전불이행,건조,맑음,교차로 - 교차로부근,승용,남,37세,상해없음,승용,남,48세,상해없음
2018111400100209,2018년 11월 14일 10시,수요일,대구광역시 달성군 논공읍,중상사고,0,1,1,0,차대차 - 기타,안전운전불이행,건조,맑음,단일로 - 기타,특수,남,43세,중상,화물,남,38세,경상
2018111400100210,2018년 11월 14일 10시,수요일,대구광역시 북구 구암동,경상사고,0,0,2,0,차대차 - 기타,안전거리미확보,건조,맑음,교차로 - 교차로부근,승용,여,35세,상해없음,승용,남,40세,경상
2018111400100239,2018년 11월 14일 11시,수요일,대구광역시 남구 대명동,경상사고,0,0,1,0,차대차 - 기타,교차로운행방법위반,건조,맑음,교차로 - 교차로안,승용,여,29세,상해없음,원동기,남,28세,경상
2018111400100240,2018년 11월 14일 11시,수요일,대구광역시 중구 삼덕동1가,경상사고,0,0,1,0,차대차 - 측면충돌,교차로운행방법위반,건조,맑음,교차로 - 교차로안,승용,남,53세,상해없음,화물,남,52세,상해없음
2018111400100278,2018년 11월 14일 12시,수요일,대구광역시 달서구 월성동,부상신고사고,0,0,0,1,차대사람 - 보도통행중,안전운전불이행,건조,맑음,단일로 - 기타,건설기계,남,26세,상해없음,보행자,여,27세,부상신고
2018111400100279,2018년 11월 14일 12시,수요일,대구광역시 달성군 다사읍,경상사고,0,0,2,0,차대차 - 기타,안전운전불이행,건조,맑음,단일로 - 기타,승용,남,20세,경상,승합,남,63세,경상
2018111400100306,2018년 11월 14일 13시,수요일,대구광역시 남구 봉덕동,경상사고,0,0,1,0,차대사람 - 횡단중,보행자보호의무위반,건조,맑음,교차로 - 교차로횡단보도내,화물,남,61세,상해없음,보행자,여,52세,경상
2018111400100338,2018년 11월 14일 14시,수요일,대구광역시 동구 효목동,경상사고,0,0,1,0,차대차 - 기타,안전운전불이행,건조,맑음,단일로 - 기타,이륜,남,30세,경상,승용,여,47세,상해없음
2018111400100370,2018년 11월 14일 15시,수요일,대구광역시 동구 율하동,경상사고,0,0,2,0,차대차 - 추돌,안전운전불이행,건조,맑음,단일로 - 기타,승용,남,68세,상해없음,승용,남,52세,경상
2018111400100371,2018년 11월 14일 15시,수요일,대구광역시 달서구 장동,경상사고,0,0,1,0,차대차 - 측면충돌,안전운전불이행,건조,맑음,단일로 - 기타,승용,여,59세,상해없음,승용,남,48세,경상
2018111400100372,2018년 11월 14일 15시,수요일,대구광역시 북구 서변동,경상사고,0,0,1,0,차대차 - 정면충돌,안전운전불이행,건조,맑음,교차로 - 교차로부근,승용,남,28세,상해없음,승용,여,51세,경상
2018111400100415,2018년 11월 14일 16시,수요일,대구광역시 남구 대명동,경상사고,0,0,1,0,차대차 - 기타,안전운전불이행,건조,맑음,교차로 - 교차로부근,승용,여,22세,기타불명,이륜,남,30세,경상
2018111400100416,2018년 11월 14일 16시,수요일,대구광역시 동구 신천동,경상사고,0,0,1,0,차대차 - 기타,안전거리미확보,건조,맑음,단일로 - 기타,이륜,남,38세,상해없음,이륜,남,21세,경상
2018111400100417,2018년 11월 14일 16시,수요일,대구광역시 북구 침산동,중상사고,0,2,0,0,차대차 - 추돌,안전운전불이행,건조,맑음,단일로 - 기타,화물,남,51세,상해없음,승용,남,27세,중상
2018111400100463,2018년 11월 14일 17시,수요일,대구광역시 남구 대명동,중상사고,0,1,0,0,차대차 - 기타,안전운전불이행,건조,맑음,단일로 - 기타,승용,여,57세,상해없음,이륜,남,56세,중상
2018111400100464,2018년 11월 14일 17시,수요일,대구광역시 동구 신암동,중상사고,0,1,0,0,차대차 - 기타,안전운전불이행,건조,맑음,교차로 - 교차로안,승용,남,22세,상해없음,원동기,남,19세,중상
2018111400100465,2018년 11월 14일 17시,수요일,대구광역시 동구 율하동,중상사고,0,1,0,0,차대사람 - 횡단중,안전운전불이행,건조,맑음,교차로 - 교차로횡단보도내,승용,남,64세,상해없음,보행자,남,66세,중상
2018111400100466,2018년 11월 14일 17시,수요일,대구광역시 수성구 연호동,경상사고,0,0,1,0,차대차 - 측면충돌,안전운전불이행,건조,맑음,단일로 - 기타,승용,남,65세,상해없음,승합,남,41세,경상
2018111400100467,2018년 11월 14일 17시,수요일,대구광역시 달서구 송현동,경상사고,0,0,1,0,차대차 - 측면충돌,교차로운행방법위반,건조,맑음,교차로 - 교차로안,승용,남,57세,상해없음,승용,남,55세,상해없음
2018111400100468,2018년 11월 14일 17시,수요일,대구광역시 달성군 다사읍,경상사고,0,0,5,0,차대차 - 추돌,안전거리미확보,건조,맑음,단일로 - 기타,승용,남,44세,상해없음,승용,남,25세,경상
2018111400100469,2018년 11월 14일 17시,수요일,대구광역시 북구 칠성동2가,경상사고,0,0,1,0,차대차 - 기타,중앙선침범,건조,맑음,단일로 - 기타,승용,여,34세,상해없음,승용,여,36세,경상
2018111400100470,2018년 11월 14일 17시,수요일,대구광역시 달서구 장동,경상사고,0,0,1,0,차대차 - 추돌,안전운전불이행,건조,맑음,교차로 - 교차로안,승용,남,46세,상해없음,이륜,남,38세,경상
2018111400100471,2018년 11월 14일 17시,수요일,대구광역시 달서구 갈산동,경상사고,0,0,1,0,차대사람 - 차도통행중,안전운전불이행,젖음/습기,기타,단일로 - 기타,승용,남,25세,상해없음,보행자,여,32세,경상
2018111400100543,2018년 11월 14일 18시,수요일,대구광역시 수성구 만촌동,경상사고,0,0,2,0,차대차 - 측면충돌,안전거리미확보,건조,맑음,단일로 - 기타,승용,남,47세,상해없음,승용,남,25세,경상