사고번호,사고일시,요일,시군구,사고내용,사망자수,중상자수,경상자수,부상신고자수,사고유형,법규위반,노면상태,기상상태,도로형태,가해운전자 차종,가해운전자 성별,가해운전자 연령,가해운전자 상해정도,피해운전자 차종,피해운전자 성별,피해운전자 연령,피해운전자 상해정도
2018111400100544,2018년 11월 14일 18시,수요일,대구광역시 북구 동천동,중상사고,0,1,0,0,차량단독 - 전도전복 - 전도,안전운전불이행,건조,맑음,단일로 - 기타,이륜,남,19세,중상,미분류,미분류,미분류,미분류
2018111400100594,2018년 11월 14일 19시,수요일,대구광역시 남구 이천동,사망사고,1,0,0,0,차대사람 - 횡단중,안전운전불이행,건조,맑음,교차로 - 교차로횡단보도내,승용,여,45세,상해없음,보행자,여,78세,사망
2018111400100595,2018년 11월 14일 19시,수요일,대구광역시 북구 산격동,부상신고사고,0,0,0,1,차대차 - 기타,차로위반,건조,맑음,단일로 - 기타,승용,여,27세,상해없음,이륜,남,47세,부상신고
2018111400100596,2018년 11월 14일 19시,수요일,대구광역시 서구 내당동,중상사고,0,2,0,0,차대차 - 측면충돌,중앙선침범,건조,맑음,단일로 - 기타,승용,남,37세,상해없음,이륜,남,60세,중상
2018111400100598,2018년 11월 14일 19시,수요일,대구광역시 중구 수동,경상사고,0,0,1,0,차대차 - 측면충돌,중앙선침범,건조,맑음,단일로 - 기타,자전거,남,35세,경상,승용,여,38세,상해없음
2018111400100599,2018년 11월 14일 19시,수요일,대구광역시 달서구 신당동,경상사고,0,0,1,0,차대차 - 측면충돌,안전거리미확보,건조,맑음,단일로 - 기타,승용,남,64세,상해없음,승용,남,41세,경상
2018111400100634,2018년 11월 14일 20시,수요일,대구광역시 수성구 상동,경상사고,0,0,4,0,차대차 - 측면충돌,안전거리미확보,건조,맑음,단일로 - 기타,승용,남,31세,경상,승용,남,24세,경상
2018111400100635,2018년 11월 14일 20시,수요일,대구광역시 달성군 논공읍,경상사고,0,0,1,0,차대사람 - 기타,안전운전불이행,건조,맑음,교차로 - 교차로부근,승용,남,36세,상해없음,보행자,여,43세,경상
2018111400100636,2018년 11월 14일 20시,수요일,대구광역시 서구 비산동,부상신고사고,0,0,0,1,차대사람 - 횡단중,안전운전불이행,건조,맑음,단일로 - 기타,승용,남,68세,상해없음,보행자,남,57세,부상신고
2018111400100637,2018년 11월 14일 20시,수요일,대구광역시 중구 계산동2가,경상사고,0,0,1,0,차대차 - 기타,안전운전불이행,건조,맑음,교차로 - 교차로부근,승용,남,20세,기타불명,승용,남,54세,경상
2018111400100670,2018년 11월 14일 21시,수요일,대구광역시 달성군 다사읍,경상사고,0,0,3,0,차대차 - 측면충돌,안전운전불이행,건조,맑음,단일로 - 기타,승용,여,33세,상해없음,승용,남,40세,경상
2018111400100687,2018년 11월 14일 22시,수요일,대구광역시 수성구 매호동,경상사고,0,0,1,0,차대사람 - 횡단중,안전운전불이행,건조,맑음,단일로 - 기타,승용,여,48세,상해없음,보행자,남,43세,경상
2018111400100708,2018년 11월 14일 23시,수요일,대구광역시 북구 침산동,중상사고,0,1,0,0,차대사람 - 횡단중,안전운전불이행,건조,맑음,교차로 - 교차로횡단보도내,화물,남,74세,상해없음,보행자,여,61세,중상
2018111500100007,2018년 11월 15일 00시,목요일,대구광역시 중구 포정동,경상사고,0,0,1,0,차대사람 - 차도통행중,안전운전불이행,건조,맑음,교차로 - 교차로안,승용,남,71세,상해없음,보행자,여,57세,경상
2018111500100050,2018년 11월 15일 05시,목요일,대구광역시 동구 율하동,경상사고,0,0,2,0,차대차 - 후진중충돌,안전운전불이행,건조,맑음,기타 - 기타,승용,남,23세,상해없음,이륜,남,17세,경상
2018111500100052,2018년 11월 15일 05시,목요일,대구광역시 서구 평리동,경상사고,0,0,1,0,차대차 - 추돌,안전거리미확보,건조,맑음,단일로 - 기타,승용,여,25세,상해없음,승용,여,27세,경상
2018111500100053,2018년 11월 15일 05시,목요일,대구광역시 달서구 이곡동,경상사고,0,0,1,0,차대차 - 측면충돌,안전운전불이행,건조,맑음,기타 - 기타,승용,남,45세,기타불명,화물,남,59세,경상
2018111500100073,2018년 11월 15일 06시,목요일,대구광역시 북구 침산동,중상사고,0,1,0,0,차대차 - 기타,중앙선침범,건조,맑음,단일로 - 기타,자전거,남,78세,중상,화물,남,58세,상해없음
2018111500100074,2018년 11월 15일 06시,목요일,대구광역시 달서구 감삼동,경상사고,0,0,1,0,차대차 - 측면충돌,차로위반,건조,맑음,단일로 - 기타,승용,여,68세,상해없음,승용,남,57세,상해없음
2018111500100095,2018년 11월 15일 07시,목요일,대구광역시 서구 내당동,부상신고사고,0,0,0,1,차대차 - 측면충돌,안전운전불이행,건조,맑음,단일로 - 기타,자전거,남,58세,부상신고,화물,남,47세,상해없음
2018111500100164,2018년 11월 15일 09시,목요일,대구광역시 남구 대명동,경상사고,0,0,1,0,차대차 - 추돌,안전운전불이행,건조,맑음,단일로 - 기타,승용,남,18세,상해없음,승용,여,48세,경상
2018111500100165,2018년 11월 15일 09시,목요일,대구광역시 수성구 신매동,경상사고,0,0,1,0,차대차 - 측면충돌,차로위반,건조,맑음,단일로 - 기타,승용,여,28세,상해없음,승용,남,20세,경상
2018111500100166,2018년 11월 15일 09시,목요일,대구광역시 달서구 이곡동,중상사고,0,1,0,0,차대차 - 측면충돌,안전운전불이행,건조,맑음,단일로 - 기타,승용,여,56세,상해없음,이륜,여,51세,중상
2018111500100191,2018년 11월 15일 10시,목요일,대구광역시 서구 중리동,경상사고,0,0,1,0,차대차 - 측면충돌,중앙선침범,건조,맑음,교차로 - 교차로부근,승용,여,69세,상해없음,승용,남,71세,경상
2018111500100314,2018년 11월 15일 14시,목요일,대구광역시 동구 효목동,경상사고,0,0,1,0,차대차 - 측면충돌,안전운전불이행,건조,맑음,단일로 - 고가도로위,승용,남,68세,상해없음,승용,여,61세,경상
2018111500100315,2018년 11월 15일 14시,목요일,대구광역시 달서구 상인동,경상사고,0,0,2,0,차대차 - 측면충돌,직진우회전진행방해,건조,맑음,교차로 - 교차로안,승용,남,26세,상해없음,화물,남,52세,경상
2018111500100316,2018년 11월 15일 14시,목요일,대구광역시 중구 교동,경상사고,0,0,1,0,차대차 - 측면충돌,안전운전불이행,건조,맑음,교차로 - 교차로부근,화물,남,61세,상해없음,승용,여,31세,경상
2018111500100346,2018년 11월 15일 15시,목요일,대구광역시 달서구 상인동,경상사고,0,0,1,0,차대차 - 기타,교차로운행방법위반,건조,맑음,교차로 - 교차로부근,승용,남,78세,상해없음,승합,남,50세,경상
2018111500100375,2018년 11월 15일 16시,목요일,대구광역시 수성구 만촌동,중상사고,0,1,0,0,차대차 - 추돌,안전거리미확보,건조,맑음,단일로 - 기타,승용,남,44세,상해없음,승용,여,44세,중상
2018111500100376,2018년 11월 15일 16시,목요일,대구광역시 달서구 대천동,경상사고,0,0,2,0,차대차 - 측면충돌,안전운전불이행,건조,맑음,단일로 - 기타,승합,남,66세,상해없음,승용,여,35세,경상
2018111500100378,2018년 11월 15일 16시,목요일,대구광역시 서구 평리동,경상사고,0,0,2,0,차대차 - 측면충돌,직진우회전진행방해,건조,맑음,교차로 - 교차로안,승용,남,51세,기타불명,승용,남,56세,경상
2018111500100422,2018년 11월 15일 17시,목요일,대구광역시 수성구 두산동,중상사고,0,1,0,0,차대차 - 측면충돌,안전운전불이행,건조,맑음,교차로 - 교차로부근,승용,남,47세,상해없음,승용,여,59세,기타불명
2018111500100423,2018년 11월 15일 17시,목요일,대구광역시 수성구 만촌동,경상사고,0,0,1,0,차대사람 - 기타,안전운전불이행,건조,맑음,교차로 - 교차로안,승용,여,50세,상해없음,보행자,여,52세,경상
2018111500100424,2018년 11월 15일 17시,목요일,대구광역시 달성군 다사읍,경상사고,0,0,1,1,차대차 - 기타,안전운전불이행,건조,맑음,단일로 - 교량,자전거,남,20세,부상신고,개인형이동수단(PM),남,18세,경상
2018111500100425,2018년 11월 15일 17시,목요일,대구광역시 서구 평리동,경상사고,0,0,2,0,차대차 - 추돌,안전운전불이행,건조,맑음,단일로 - 기타,승용,남,64세,상해없음,승용,남,34세,경상
2018111500100489,2018년 11월 15일 18시,목요일,대구광역시 동구 방촌동,경상사고,0,0,1,0,차대차 - 추돌,안전운전불이행,건조,맑음,기타 - 기타,승용,남,66세,상해없음,승용,여,40세,경상
2018111500100490,2018년 11월 15일 18시,목요일,대구광역시 달서구 월성동,중상사고,0,1,0,0,차대차 - 기타,안전운전불이행,건조,맑음,단일로 - 기타,화물,남,66세,중상,승용,여,44세,상해없음
2018111500100491,2018년 11월 15일 18시,목요일,대구광역시 달서구 월성동,경상사고,0,0,2,1,차대차 - 측면충돌,차로위반,건조,맑음,단일로 - 기타,승용,여,42세,부상신고,승용,여,39세,경상
2018111500100492,2018년 11월 15일 18시,목요일,대구광역시 북구 산격동,중상사고,0,1,0,0,차량단독 - 기타,기타,건조,맑음,단일로 - 기타,승합,남,60세,상해없음,,,,
2018111500100493,2018년 11월 15일 18시,목요일,대구광역시 중구 서성로1가,중상사고,0,1,0,1,차대차 - 측면충돌,안전운전불이행,건조,맑음,단일로 - 기타,이륜,남,25세,부상신고,이륜,남,49세,중상
2018111500100494,2018년 11월 15일 18시,목요일,대구광역시 달서구 두류동,경상사고,0,0,1,0,차대사람 - 기타,안전운전불이행,건조,맑음,교차로 - 교차로부근,승용,여,43세,상해없음,보행자,남,59세,경상
2018111500100537,2018년 11월 15일 19시,목요일,대구광역시 달성군 다사읍,경상사고,0,0,1,0,차대차 - 기타,신호위반,건조,맑음,교차로 - 교차로안,승용,여,44세,상해없음,이륜,남,18세,경상
2018111500100575,2018년 11월 15일 20시,목요일,대구광역시 중구 동인동4가,부상신고사고,0,0,0,1,차대차 - 추돌,안전거리미확보,건조,맑음,단일로 - 기타,자전거,남,25세,부상신고,승용,남,54세,상해없음
2018111500100596,2018년 11월 15일 21시,목요일,대구광역시 서구 비산동,경상사고,0,0,1,0,차대차 - 측면충돌,안전운전불이행,건조,맑음,단일로 - 기타,승용,남,62세,상해없음,이륜,남,36세,경상
2018111500100631,2018년 11월 15일 23시,목요일,대구광역시 수성구 지산동,경상사고,0,0,1,0,차대차 - 추돌,안전운전불이행,건조,맑음,교차로 - 교차로부근,승용,남,70세,상해없음,승용,남,34세,경상
2018111600100012,2018년 11월 16일 00시,금요일,대구광역시 수성구 두산동,경상사고,0,0,1,0,차대차 - 기타,중앙선침범,건조,맑음,기타 - 기타,승용,남,33세,상해없음,이륜,남,36세,경상
2018111600100013,2018년 11월 16일 00시,금요일,대구광역시 북구 노원동2가,중상사고,0,1,0,0,차대사람 - 횡단중,안전운전불이행,건조,맑음,단일로 - 기타,승용,남,58세,상해없음,보행자,여,51세,중상
2018111600100026,2018년 11월 16일 01시,금요일,대구광역시 달서구 신당동,부상신고사고,0,0,0,1,차대차 - 측면충돌,교차로운행방법위반,건조,맑음,교차로 - 교차로안,이륜,남,21세,부상신고,승용,남,37세,상해없음
2018111600100077,2018년 11월 16일 06시,금요일,대구광역시 남구 대명동,경상사고,0,0,1,0,차대사람 - 횡단중,안전운전불이행,건조,맑음,단일로 - 기타,기타불명,기타불명,미분류,기타불명,보행자,여,55세,경상
2018111600100078,2018년 11월 16일 06시,금요일,대구광역시 서구 내당동,경상사고,0,0,1,0,차대차 - 측면충돌,중앙선침범,건조,맑음,교차로 - 교차로부근,승용,남,23세,상해없음,승용,남,52세,경상
2018111600100099,2018년 11월 16일 07시,금요일,대구광역시 수성구 범물동,경상사고,0,0,1,0,차대차 - 측면충돌,직진우회전진행방해,건조,맑음,교차로 - 교차로안,승합,남,55세,기타불명,승용,여,38세,경상
2018111600100100,2018년 11월 16일 07시,금요일,대구광역시 북구 노원동3가,경상사고,0,0,1,0,차대차 - 측면충돌,안전거리미확보,건조,맑음,교차로 - 교차로안,승용,여,45세,상해없음,이륜,남,36세,경상
2018111600100101,2018년 11월 16일 07시,금요일,대구광역시 달서구 호림동,경상사고,0,0,1,0,차대차 - 기타,교차로운행방법위반,건조,기타,교차로 - 교차로안,승용,남,44세,상해없음,화물,남,53세,경상
2018111600100138,2018년 11월 16일 08시,금요일,대구광역시 달서구 도원동,경상사고,0,0,1,0,차대차 - 측면충돌,안전거리미확보,건조,맑음,단일로 - 기타,승용,남,72세,상해없음,승용,여,40세,경상
2018111600100169,2018년 11월 16일 09시,금요일,대구광역시 달서구 상인동,부상신고사고,0,0,0,1,차대차 - 측면충돌,안전운전불이행,건조,맑음,기타 - 기타,자전거,남,69세,부상신고,승용,남,62세,상해없음
2018111600100197,2018년 11월 16일 10시,금요일,대구광역시 북구 노원동2가,중상사고,0,1,1,0,차대차 - 측면충돌,신호위반,건조,맑음,교차로 - 교차로안,승용,남,29세,경상,이륜,남,41세,중상
2018111600100223,2018년 11월 16일 11시,금요일,대구광역시 동구 서호동,중상사고,0,1,0,0,차대차 - 측면충돌,안전운전불이행,건조,맑음,교차로 - 교차로안,자전거,남,68세,상해없음,이륜,남,53세,중상
2018111600100224,2018년 11월 16일 11시,금요일,대구광역시 북구 태전동,경상사고,0,0,1,0,차대차 - 측면충돌,안전운전불이행,건조,맑음,단일로 - 기타,이륜,남,50세,경상,승용,남,48세,상해없음
2018111600100317,2018년 11월 16일 14시,금요일,대구광역시 동구 입석동,경상사고,0,0,2,0,차대차 - 측면충돌,안전운전불이행,건조,맑음,단일로 - 기타,승용,여,56세,경상,승용,여,41세,경상
2018111600100318,2018년 11월 16일 14시,금요일,대구광역시 달성군 가창면,중상사고,0,1,0,0,차대사람 - 기타,안전운전불이행,건조,맑음,단일로 - 기타,화물,남,45세,상해없음,보행자,여,89세,중상
2018111600100355,2018년 11월 16일 15시,금요일,대구광역시 달서구 송현동,부상신고사고,0,0,0,1,차대차 - 후진중충돌,안전운전불이행,건조,맑음,단일로 - 기타,승용,여,54세,상해없음,화물,남,54세,부상신고
2018111600100379,2018년 11월 16일 16시,금요일,대구광역시 수성구 매호동,경상사고,0,0,1,0,차대사람 - 횡단중,보행자보호의무위반,건조,맑음,단일로 - 기타,승용,남,28세,상해없음,보행자,여,9세,경상
2018111600100380,2018년 11월 16일 16시,금요일,대구광역시 달서구 상인동,경상사고,0,0,1,0,차대차 - 측면충돌,안전거리미확보,건조,맑음,단일로 - 기타,승용,여,40세,상해없음,승용,여,56세,경상
2018111600100422,2018년 11월 16일 17시,금요일,대구광역시 중구 용덕동,경상사고,0,0,1,0,차대사람 - 기타,안전운전불이행,건조,맑음,교차로 - 교차로안,승용,여,55세,상해없음,보행자,남,48세,경상
2018111600100484,2018년 11월 16일 18시,금요일,대구광역시 수성구 지산동,중상사고,0,1,0,1,차대차 - 측면충돌,안전운전불이행,건조,맑음,교차로 - 교차로부근,승용,남,53세,상해없음,이륜,남,20세,중상
2018111600100485,2018년 11월 16일 18시,금요일,대구광역시 북구 칠성동2가,경상사고,0,0,1,1,차대차 - 측면충돌,안전운전불이행,건조,맑음,교차로 - 교차로부근,승용,남,61세,상해없음,승용,여,36세,경상
2018111600100486,2018년 11월 16일 18시,금요일,대구광역시 북구 대현동,경상사고,0,0,1,0,차대차 - 기타,안전거리미확보,건조,맑음,교차로 - 교차로안,승용,여,56세,상해없음,승합,남,61세,상해없음
2018111600100487,2018년 11월 16일 18시,금요일,대구광역시 중구 서성로1가,부상신고사고,0,0,0,1,차대차 - 측면충돌,불법유턴,건조,맑음,단일로 - 기타,자전거,남,41세,부상신고,승용,여,53세,상해없음
2018111600100488,2018년 11월 16일 18시,금요일,대구광역시 중구 동인동1가,경상사고,0,0,1,0,차대차 - 측면충돌,안전운전불이행,건조,맑음,교차로 - 교차로부근,기타불명,기타불명,미분류,기타불명,승용,여,46세,경상
2018111600100489,2018년 11월 16일 18시,금요일,대구광역시 달서구 용산동,경상사고,0,0,2,0,차대차 - 추돌,안전거리미확보,건조,맑음,단일로 - 기타,승용,남,46세,상해없음,승용,남,46세,경상
2018111600100538,2018년 11월 16일 19시,금요일,대구광역시 동구 지저동,경상사고,0,0,1,0,차대차 - 추돌,안전운전불이행,건조,맑음,교차로 - 교차로부근,승용,여,55세,상해없음,승용,여,33세,경상
2018111600100580,2018년 11월 16일 20시,금요일,대구광역시 동구 신암동,경상사고,0,0,2,0,차대차 - 추돌,안전운전불이행,건조,맑음,교차로 - 교차로부근,승용,남,69세,상해없음,승용,남,42세,상해없음
2018111600100581,2018년 11월 16일 20시,금요일,대구광역시 달성군 논공읍,중상사고,0,1,0,0,차대사람 - 횡단중,안전운전불이행,건조,맑음,교차로 - 교차로안,승용,남,56세,상해없음,보행자,여,17세,중상
2018111600100582,2018년 11월 16일 20시,금요일,대구광역시 북구 읍내동,경상사고,0,0,2,0,차대차 - 정면충돌,신호위반,건조,맑음,교차로 - 교차로안,이륜,남,47세,경상,승용,여,24세,경상
2018111600100619,2018년 11월 16일 21시,금요일,대구광역시 남구 봉덕동,경상사고,0,0,1,0,차대차 - 정면충돌,신호위반,건조,맑음,교차로 - 교차로안,승용,남,53세,상해없음,승용,여,33세,경상
2018111600100621,2018년 11월 16일 21시,금요일,대구광역시 북구 검단동,경상사고,0,0,1,0,차대사람 - 기타,보행자보호의무위반,건조,맑음,교차로 - 교차로횡단보도내,승용,여,61세,상해없음,보행자,여,57세,경상
2018111600100666,2018년 11월 16일 23시,금요일,대구광역시 동구 신천동,경상사고,0,0,3,0,차대차 - 측면충돌,안전운전불이행,건조,맑음,단일로 - 기타,승용,남,28세,상해없음,승용,남,29세,경상
2018111600100667,2018년 11월 16일 23시,금요일,대구광역시 북구 서변동,중상사고,0,2,1,0,차대차 - 측면충돌,교차로운행방법위반,건조,맑음,교차로 - 교차로안,승합,남,53세,상해없음,승용,남,63세,중상
2018111700100017,2018년 11월 17일 00시,토요일,대구광역시 동구 신서동,경상사고,0,0,3,0,차대차 - 측면충돌,중앙선침범,건조,맑음,단일로 - 기타,승용,남,45세,상해없음,승용,여,23세,경상
2018111700100018,2018년 11월 17일 00시,토요일,대구광역시 중구 대봉동,경상사고,0,0,1,0,차대사람 - 차도통행중,안전운전불이행,건조,맑음,단일로 - 기타,승용,남,55세,상해없음,보행자,여,26세,경상
2018111700100036,2018년 11월 17일 01시,토요일,대구광역시 북구 태전동,경상사고,0,0,1,0,차량단독 - 전도전복 - 전도,안전운전불이행,건조,맑음,단일로 - 기타,이륜,남,19세,경상,미분류,미분류,미분류,미분류
2018111700100054,2018년 11월 17일 02시,토요일,대구광역시 수성구 범어동,경상사고,0,0,2,0,차대차 - 추돌,안전운전불이행,건조,맑음,단일로 - 기타,승용,남,49세,상해없음,승용,남,45세,경상
2018111700100055,2018년 11월 17일 02시,토요일,대구광역시 중구 삼덕동1가,경상사고,0,0,1,0,차대사람 - 기타,안전운전불이행,건조,맑음,교차로 - 교차로부근,승용,남,25세,상해없음,보행자,남,25세,경상
2018111700100072,2018년 11월 17일 04시,토요일,대구광역시 달서구 대곡동,중상사고,0,1,0,0,차대차 - 측면충돌,안전거리미확보,건조,맑음,기타 - 기타,화물,남,57세,상해없음,승용,남,61세,중상
2018111700100073,2018년 11월 17일 04시,토요일,대구광역시 서구 비산동,중상사고,0,1,1,0,차대사람 - 횡단중,안전운전불이행,건조,맑음,단일로 - 기타,승용,남,60세,상해없음,보행자,남,41세,중상
2018111700100085,2018년 11월 17일 05시,토요일,대구광역시 달성군 다사읍,중상사고,0,1,0,0,차대사람 - 횡단중,안전운전불이행,건조,맑음,교차로 - 교차로안,승용,남,52세,상해없음,보행자,남,67세,중상
2018111700100138,2018년 11월 17일 08시,토요일,대구광역시 북구 노원동3가,경상사고,0,0,1,0,차대사람 - 기타,안전운전불이행,건조,맑음,단일로 - 기타,화물,남,38세,상해없음,보행자,남,58세,경상
2018111700100167,2018년 11월 17일 09시,토요일,대구광역시 수성구 상동,경상사고,0,0,1,0,차대차 - 측면충돌,안전운전불이행,건조,맑음,단일로 - 기타,화물,남,28세,상해없음,승용,남,40세,경상
2018111700100208,2018년 11월 17일 10시,토요일,대구광역시 서구 원대동3가,경상사고,0,0,1,0,차대사람 - 보도통행중,안전운전불이행,건조,맑음,단일로 - 기타,자전거,기타불명,미분류,기타불명,보행자,여,66세,경상
2018111700100243,2018년 11월 17일 11시,토요일,대구광역시 동구 신천동,부상신고사고,0,0,0,3,차대차 - 기타,안전거리미확보,건조,맑음,교차로 - 교차로부근,승용,남,40세,상해없음,승용,남,54세,상해없음
2018111700100244,2018년 11월 17일 11시,토요일,대구광역시 북구 태전동,경상사고,0,0,2,0,차대차 - 측면충돌,안전거리미확보,건조,맑음,단일로 - 기타,승용,남,31세,상해없음,화물,남,45세,경상
2018111700100283,2018년 11월 17일 12시,토요일,대구광역시 달서구 상인동,부상신고사고,0,0,0,1,차대차 - 측면충돌,안전운전불이행,건조,맑음,교차로 - 교차로부근,이륜,남,37세,부상신고,특수,남,38세,상해없음
2018111700100284,2018년 11월 17일 12시,토요일,대구광역시 달서구 월성동,경상사고,0,0,1,0,차대차 - 측면충돌,과속,건조,맑음,교차로 - 교차로안,승용,여,35세,상해없음,승합,남,63세,경상
2018111700100285,2018년 11월 17일 12시,토요일,대구광역시 달서구 이곡동,중상사고,0,1,0,0,차대차 - 추돌,안전운전불이행,건조,맑음,교차로 - 교차로부근,화물,남,48세,상해없음,승용,남,69세,중상
2018111700100325,2018년 11월 17일 13시,토요일,대구광역시 동구 용계동,경상사고,0,0,2,0,차대차 - 측면충돌,차로위반,건조,맑음,단일로 - 기타,승용,여,45세,경상,승용,여,57세,경상
2018111700100326,2018년 11월 17일 13시,토요일,대구광역시 수성구 시지동,중상사고,0,3,1,0,차대차 - 측면충돌,신호위반,건조,맑음,교차로 - 교차로안,승용,여,42세,상해없음,승용,남,35세,중상
2018111700100327,2018년 11월 17일 13시,토요일,대구광역시 수성구 욱수동,중상사고,0,2,0,0,차대차 - 측면충돌,안전운전불이행,건조,맑음,단일로 - 기타,승용,남,61세,상해없음,승용,남,66세,중상
2018111700100328,2018년 11월 17일 13시,토요일,대구광역시 달서구 상인동,경상사고,0,0,1,0,차대차 - 추돌,안전운전불이행,건조,맑음,단일로 - 기타,승용,여,50세,상해없음,이륜,남,37세,경상
2018111700100364,2018년 11월 17일 14시,토요일,대구광역시 수성구 지산동,중상사고,0,3,0,0,차대차 - 정면충돌,중앙선침범,건조,맑음,단일로 - 기타,승용,남,71세,상해없음,승용,여,39세,중상
2018111700100396,2018년 11월 17일 15시,토요일,대구광역시 남구 봉덕동,경상사고,0,0,1,0,차대사람 - 기타,안전운전불이행,건조,맑음,기타 - 기타,승용,여,51세,상해없음,보행자,남,49세,경상
2018111700100397,2018년 11월 17일 15시,토요일,대구광역시 동구 입석동,부상신고사고,0,0,0,1,차대차 - 기타,안전운전불이행,건조,맑음,교차로 - 교차로안,기타불명,기타불명,미분류,기타불명,자전거,남,12세,부상신고
2018111700100429,2018년 11월 17일 16시,토요일,대구광역시 동구 백안동,중상사고,0,2,2,0,차대차 - 추돌,안전거리미확보,건조,맑음,교차로 - 교차로안,화물,남,71세,상해없음,승용,여,31세,중상
2018111700100464,2018년 11월 17일 17시,토요일,대구광역시 남구 이천동,경상사고,0,0,1,0,차대차 - 측면충돌,안전운전불이행,건조,맑음,단일로 - 기타,화물,남,64세,상해없음,이륜,남,63세,경상
2018111700100465,2018년 11월 17일 17시,토요일,대구광역시 서구 비산동,중상사고,0,1,0,0,차대차 - 측면충돌,직진우회전진행방해,건조,맑음,교차로 - 교차로안,승용,남,61세,상해없음,자전거,여,54세,중상
2018111700100466,2018년 11월 17일 17시,토요일,대구광역시 달서구 용산동,중상사고,0,1,0,0,차대차 - 추돌,안전거리미확보,건조,맑음,기타 - 기타,승용,남,29세,상해없음,승용,여,68세,중상
2018111700100467,2018년 11월 17일 17시,토요일,대구광역시 북구 구암동,경상사고,0,0,1,0,차대차 - 정면충돌,안전운전불이행,건조,맑음,교차로 - 교차로안,승용,남,31세,상해없음,이륜,남,60세,경상
2018111700100468,2018년 11월 17일 17시,토요일,대구광역시 북구 관음동,경상사고,0,0,2,0,차대차 - 기타,안전운전불이행,건조,맑음,기타 - 기타,승용,여,28세,상해없음,승용,여,36세,상해없음
2018111700100516,2018년 11월 17일 18시,토요일,대구광역시 달서구 대천동,경상사고,0,0,4,0,차대차 - 추돌,안전운전불이행,건조,맑음,단일로 - 기타,화물,남,47세,상해없음,승용,여,40세,경상
2018111700100522,2018년 11월 17일 18시,토요일,대구광역시 수성구 황금동,경상사고,0,0,2,0,차대차 - 측면충돌,차로위반,건조,맑음,단일로 - 기타,승용,남,22세,상해없음,승용,남,47세,경상
2018111700100523,2018년 11월 17일 18시,토요일,대구광역시 북구 태전동,경상사고,0,0,1,0,차대차 - 기타,안전운전불이행,건조,맑음,단일로 - 기타,기타불명,기타불명,미분류,기타불명,자전거,남,66세,경상
2018111700100566,2018년 11월 17일 19시,토요일,대구광역시 달성군 유가읍,경상사고,0,0,3,0,차대차 - 측면충돌,신호위반,건조,맑음,교차로 - 교차로안,승용,여,38세,경상,승용,남,23세,경상
2018111700100567,2018년 11월 17일 19시,토요일,대구광역시 달서구 감삼동,경상사고,0,0,1,0,차대사람 - 기타,안전운전불이행,건조,맑음,단일로 - 기타,승용,남,27세,상해없음,보행자,남,30세,경상
2018111700100568,2018년 11월 17일 19시,토요일,대구광역시 북구 태전동,경상사고,0,0,2,1,차대차 - 측면충돌,교차로운행방법위반,건조,맑음,교차로 - 교차로안,화물,남,57세,부상신고,승용,남,27세,경상
2018111700100628,2018년 11월 17일 21시,토요일,대구광역시 동구 용계동,경상사고,0,0,1,0,차대차 - 측면충돌,안전운전불이행,건조,맑음,교차로 - 교차로안,승용,여,57세,상해없음,승용,남,27세,경상
2018111700100629,2018년 11월 17일 21시,토요일,대구광역시 중구 동인동1가,중상사고,0,1,1,0,차대사람 - 횡단중,안전운전불이행,건조,맑음,단일로 - 기타,이륜,남,63세,중상,보행자,남,39세,경상
2018111700100675,2018년 11월 17일 23시,토요일,대구광역시 중구 동인동4가,중상사고,0,1,0,0,차대차 - 추돌,안전운전불이행,건조,맑음,교차로 - 교차로부근,승용,남,44세,상해없음,승용,남,57세,중상
2018111800100022,2018년 11월 18일 01시,일요일,대구광역시 달서구 송현동,경상사고,0,0,2,0,차대차 - 기타,직진우회전진행방해,건조,맑음,교차로 - 교차로안,이륜,남,56세,경상,이륜,남,30세,경상
2018111800100042,2018년 11월 18일 03시,일요일,대구광역시 중구 전동,중상사고,0,2,0,0,차대차 - 측면충돌,안전거리미확보,건조,맑음,단일로 - 기타,승용,남,20세,상해없음,이륜,남,24세,중상
2018111800100043,2018년 11월 18일 03시,일요일,대구광역시 달서구 감삼동,경상사고,0,0,1,0,차대차 - 후진중충돌,안전운전불이행,건조,맑음,기타 - 기타,승용,남,37세,상해없음,승용,남,55세,경상
2018111800100058,2018년 11월 18일 05시,일요일,대구광역시 북구 노원동2가,중상사고,0,1,4,0,차대차 - 측면충돌,중앙선침범,건조,맑음,교차로 - 교차로부근,승용,남,29세,상해없음,승용,남,22세,경상
2018111800100097,2018년 11월 18일 09시,일요일,대구광역시 서구 비산동,경상사고,0,0,1,0,차대사람 - 기타,기타,건조,맑음,단일로 - 기타,이륜,남,55세,상해없음,보행자,여,21세,경상
2018111800100110,2018년 11월 18일 10시,일요일,대구광역시 달성군 화원읍,경상사고,0,0,6,0,차대차 - 기타,교차로운행방법위반,건조,맑음,교차로 - 교차로안,승용,남,42세,경상,승용,여,36세,경상