사고번호,사고일시,요일,시군구,사고내용,사망자수,중상자수,경상자수,부상신고자수,사고유형,법규위반,노면상태,기상상태,도로형태,가해운전자 차종,가해운전자 성별,가해운전자 연령,가해운전자 상해정도,피해운전자 차종,피해운전자 성별,피해운전자 연령,피해운전자 상해정도
2018112100100330,2018년 11월 21일 15시,수요일,대구광역시 남구 대명동,경상사고,0,0,1,0,차대사람 - 길가장자리구역통행중,안전운전불이행,건조,맑음,단일로 - 기타,승용,남,37세,상해없음,보행자,여,64세,경상
2018112100100331,2018년 11월 21일 15시,수요일,대구광역시 달서구 상인동,경상사고,0,0,2,0,차대차 - 추돌,안전거리미확보,건조,맑음,교차로 - 교차로부근,승용,여,35세,상해없음,승용,여,45세,경상
2018112100100332,2018년 11월 21일 15시,수요일,대구광역시 달성군 옥포읍,경상사고,0,0,1,0,차대차 - 측면충돌,차로위반,건조,맑음,단일로 - 기타,이륜,남,32세,경상,승용,남,48세,상해없음
2018112100100364,2018년 11월 21일 16시,수요일,대구광역시 동구 괴전동,경상사고,0,0,1,0,차대차 - 측면충돌,안전운전불이행,건조,맑음,교차로 - 교차로부근,승용,남,52세,상해없음,원동기,남,48세,경상
2018112100100365,2018년 11월 21일 16시,수요일,대구광역시 달서구 상인동,경상사고,0,0,1,0,차대사람 - 기타,안전운전불이행,건조,맑음,기타 - 기타,승용,남,24세,상해없음,보행자,남,50세,경상
2018112100100366,2018년 11월 21일 16시,수요일,대구광역시 달서구 상인동,경상사고,0,0,1,0,차대차 - 측면충돌,교차로운행방법위반,건조,맑음,교차로 - 교차로부근,승용,남,61세,상해없음,승용,남,36세,경상
2018112100100367,2018년 11월 21일 16시,수요일,대구광역시 달성군 다사읍,경상사고,0,0,1,0,차대차 - 측면충돌,안전운전불이행,건조,맑음,교차로 - 교차로안,화물,남,59세,상해없음,화물,남,43세,경상
2018112100100368,2018년 11월 21일 16시,수요일,대구광역시 북구 산격동,부상신고사고,0,0,0,1,차대차 - 측면충돌,안전운전불이행,건조,맑음,교차로 - 교차로안,자전거,남,64세,부상신고,기타불명,기타불명,미분류,기타불명
2018112100100369,2018년 11월 21일 16시,수요일,대구광역시 서구 평리동,경상사고,0,0,1,0,차대차 - 추돌,안전거리미확보,건조,맑음,단일로 - 기타,승용,여,45세,상해없음,승용,남,25세,경상
2018112100100418,2018년 11월 21일 17시,수요일,대구광역시 달서구 송현동,경상사고,0,0,2,1,차대차 - 측면충돌,차로위반,건조,맑음,단일로 - 기타,승용,남,73세,상해없음,승용,여,63세,경상
2018112100100419,2018년 11월 21일 17시,수요일,대구광역시 서구 평리동,중상사고,0,1,0,0,차대사람 - 기타,안전운전불이행,건조,맑음,교차로 - 교차로부근,승용,남,37세,상해없음,보행자,여,62세,중상
2018112100100420,2018년 11월 21일 17시,수요일,대구광역시 달서구 감삼동,경상사고,0,0,1,0,차대사람 - 보도통행중,안전운전불이행,건조,맑음,교차로 - 교차로안,화물,남,54세,상해없음,보행자,여,15세,경상
2018112100100473,2018년 11월 21일 18시,수요일,대구광역시 달서구 이곡동,중상사고,0,3,1,0,차대차 - 추돌,안전운전불이행,건조,맑음,단일로 - 기타,승용,남,64세,상해없음,승용,여,49세,경상
2018112100100510,2018년 11월 21일 19시,수요일,대구광역시 달성군 화원읍,경상사고,0,0,2,0,차대차 - 기타,안전운전불이행,건조,맑음,단일로 - 기타,승용,여,25세,상해없음,승용,여,36세,경상
2018112100100514,2018년 11월 21일 19시,수요일,대구광역시 남구 대명동,경상사고,0,0,1,0,차대차 - 측면충돌,안전운전불이행,건조,맑음,단일로 - 기타,화물,남,66세,상해없음,원동기,남,17세,경상
2018112100100515,2018년 11월 21일 19시,수요일,대구광역시 수성구 시지동,중상사고,0,1,0,0,차대사람 - 기타,안전운전불이행,건조,맑음,교차로 - 교차로안,승용,여,52세,상해없음,보행자,여,46세,중상
2018112100100516,2018년 11월 21일 19시,수요일,대구광역시 서구 비산동,경상사고,0,0,2,0,차대차 - 추돌,안전운전불이행,건조,맑음,단일로 - 기타,화물,남,25세,상해없음,화물,남,59세,경상
2018112100100547,2018년 11월 21일 20시,수요일,대구광역시 수성구 지산동,부상신고사고,0,0,0,1,차대차 - 측면충돌,불법유턴,건조,맑음,단일로 - 기타,이륜,남,48세,부상신고,승용,여,32세,기타불명
2018112100100548,2018년 11월 21일 20시,수요일,대구광역시 북구 침산동,중상사고,0,1,0,0,차대사람 - 횡단중,안전운전불이행,건조,맑음,교차로 - 교차로안,승용,남,32세,상해없음,보행자,남,58세,중상
2018112100100549,2018년 11월 21일 20시,수요일,대구광역시 중구 동인동3가,중상사고,0,1,0,0,차대사람 - 기타,안전운전불이행,건조,맑음,단일로 - 기타,승합,남,45세,상해없음,보행자,남,55세,중상
2018112100100550,2018년 11월 21일 20시,수요일,대구광역시 중구 덕산동,경상사고,0,0,2,0,차대차 - 측면충돌,차로위반,건조,맑음,단일로 - 기타,승용,남,66세,상해없음,승용,남,40세,경상
2018112100100579,2018년 11월 21일 21시,수요일,대구광역시 수성구 만촌동,중상사고,0,1,0,0,차대사람 - 횡단중,보행자보호의무위반,건조,맑음,교차로 - 교차로횡단보도내,승용,여,61세,상해없음,보행자,남,49세,중상
2018112100100580,2018년 11월 21일 21시,수요일,대구광역시 달서구 두류동,경상사고,0,0,1,0,차대차 - 측면충돌,안전운전불이행,건조,맑음,교차로 - 교차로안,승용,남,56세,상해없음,이륜,남,31세,경상
2018112100100581,2018년 11월 21일 21시,수요일,대구광역시 달서구 신당동,경상사고,0,0,1,0,차대차 - 추돌,안전운전불이행,건조,맑음,교차로 - 교차로부근,승용,남,35세,상해없음,승용,여,48세,경상
2018112100100621,2018년 11월 21일 23시,수요일,대구광역시 북구 금호동,중상사고,0,1,1,0,차대차 - 추돌,안전운전불이행,건조,맑음,단일로 - 기타,승용,남,31세,중상,화물,남,50세,경상
2018112100100623,2018년 11월 21일 23시,수요일,대구광역시 서구 평리동,중상사고,0,1,0,0,차대차 - 추돌,안전거리미확보,건조,맑음,단일로 - 기타,승용,남,50세,상해없음,기타불명,기타불명,미분류,기타불명
2018112200100044,2018년 11월 22일 05시,목요일,대구광역시 동구 율하동,중상사고,0,1,0,0,차대사람 - 횡단중,안전운전불이행,건조,맑음,단일로 - 기타,승합,남,28세,상해없음,보행자,남,64세,중상
2018112200100063,2018년 11월 22일 06시,목요일,대구광역시 동구 신천동,경상사고,0,0,2,0,차대차 - 측면충돌,안전운전불이행,건조,맑음,단일로 - 기타,승용,여,57세,경상,승합,남,44세,경상
2018112200100064,2018년 11월 22일 06시,목요일,대구광역시 달서구 송현동,경상사고,0,0,1,0,차대사람 - 횡단중,안전운전불이행,건조,맑음,단일로 - 기타,승용,남,59세,상해없음,보행자,여,49세,경상
2018112200100065,2018년 11월 22일 06시,목요일,대구광역시 달서구 본리동,경상사고,0,0,1,0,차대차 - 측면충돌,안전운전불이행,건조,맑음,교차로 - 교차로부근,승용,여,48세,상해없음,승용,남,29세,경상
2018112200100091,2018년 11월 22일 07시,목요일,대구광역시 수성구 신매동,경상사고,0,0,2,0,차대차 - 추돌,안전운전불이행,건조,맑음,단일로 - 교량,승용,여,27세,상해없음,승용,남,56세,경상
2018112200100092,2018년 11월 22일 07시,목요일,대구광역시 달성군 다사읍,경상사고,0,0,1,0,차대차 - 기타,안전운전불이행,건조,맑음,단일로 - 기타,승용,남,59세,상해없음,승용,남,51세,경상
2018112200100140,2018년 11월 22일 08시,목요일,대구광역시 동구 불로동,경상사고,0,0,1,0,차대사람 - 차도통행중,안전운전불이행,건조,맑음,단일로 - 기타,기타불명,기타불명,미분류,기타불명,보행자,여,11세,경상
2018112200100141,2018년 11월 22일 08시,목요일,대구광역시 서구 비산동,경상사고,0,0,2,1,차대차 - 측면충돌,차로위반,건조,맑음,단일로 - 기타,승용,남,30세,부상신고,승용,남,54세,경상
2018112200100142,2018년 11월 22일 08시,목요일,대구광역시 중구 삼덕동2가,경상사고,0,0,1,0,차대차 - 추돌,안전거리미확보,건조,맑음,단일로 - 기타,승용,여,60세,상해없음,승용,남,38세,경상
2018112200100198,2018년 11월 22일 09시,목요일,대구광역시 서구 비산동,경상사고,0,0,1,0,차대사람 - 기타,안전운전불이행,건조,맑음,교차로 - 교차로부근,이륜,남,60세,상해없음,보행자,여,68세,경상
2018112200100261,2018년 11월 22일 11시,목요일,대구광역시 북구 사수동,경상사고,0,0,1,0,차대차 - 측면충돌,직진우회전진행방해,건조,맑음,교차로 - 교차로안,승용,여,33세,상해없음,승용,여,37세,경상
2018112200100286,2018년 11월 22일 12시,목요일,대구광역시 달서구 용산동,경상사고,0,0,2,0,차대차 - 기타,불법유턴,건조,맑음,단일로 - 기타,승용,여,45세,상해없음,화물,남,38세,경상
2018112200100327,2018년 11월 22일 13시,목요일,대구광역시 수성구 만촌동,경상사고,0,0,1,0,차대차 - 추돌,신호위반,건조,맑음,교차로 - 교차로안,승용,남,68세,상해없음,건설기계,남,36세,경상
2018112200100328,2018년 11월 22일 13시,목요일,대구광역시 서구 내당동,중상사고,0,1,0,0,차대차 - 기타,보행자보호의무위반,건조,맑음,교차로 - 교차로횡단보도내,승용,여,41세,상해없음,승용,여,52세,상해없음
2018112200100364,2018년 11월 22일 14시,목요일,대구광역시 서구 평리동,경상사고,0,0,1,0,차대차 - 기타,안전운전불이행,건조,맑음,단일로 - 기타,화물,남,44세,상해없음,이륜,남,34세,경상
2018112200100365,2018년 11월 22일 14시,목요일,대구광역시 북구 노곡동,경상사고,0,0,1,1,차대차 - 측면충돌,안전운전불이행,건조,맑음,단일로 - 기타,승용,남,45세,부상신고,승용,남,63세,경상
2018112200100401,2018년 11월 22일 15시,목요일,대구광역시 동구 신암동,경상사고,0,0,2,0,차대사람 - 기타,신호위반,건조,맑음,단일로 - 기타,승용,여,27세,상해없음,보행자,남,미분류,경상
2018112200100402,2018년 11월 22일 15시,목요일,대구광역시 동구 봉무동,경상사고,0,0,1,0,차대차 - 기타,교차로운행방법위반,건조,맑음,교차로 - 교차로안,승용,남,44세,상해없음,승용,여,47세,경상
2018112200100403,2018년 11월 22일 15시,목요일,대구광역시 북구 산격동,중상사고,0,4,1,0,차대차 - 측면충돌,안전거리미확보,건조,맑음,단일로 - 기타,승용,여,54세,상해없음,승용,남,68세,중상
2018112200100404,2018년 11월 22일 15시,목요일,대구광역시 달서구 용산동,경상사고,0,0,1,0,차대차 - 측면충돌,안전운전불이행,건조,맑음,교차로 - 교차로횡단보도내,화물,남,62세,상해없음,자전거,남,74세,경상
2018112200100431,2018년 11월 22일 16시,목요일,대구광역시 동구 불로동,경상사고,0,0,1,0,차대차 - 측면충돌,안전거리미확보,건조,맑음,교차로 - 교차로안,승용,여,70세,상해없음,승용,남,26세,경상
2018112200100432,2018년 11월 22일 16시,목요일,대구광역시 수성구 지산동,경상사고,0,0,1,0,차대차 - 측면충돌,안전거리미확보,건조,맑음,단일로 - 기타,승용,남,27세,상해없음,승용,남,56세,경상
2018112200100482,2018년 11월 22일 17시,목요일,대구광역시 달서구 도원동,경상사고,0,0,1,0,차대차 - 추돌,안전거리미확보,건조,맑음,단일로 - 기타,승용,남,60세,상해없음,승용,남,47세,경상
2018112200100483,2018년 11월 22일 17시,목요일,대구광역시 서구 평리동,중상사고,0,1,0,0,차대사람 - 차도통행중,안전운전불이행,건조,맑음,단일로 - 기타,승용,남,60세,상해없음,보행자,남,62세,중상
2018112200100484,2018년 11월 22일 17시,목요일,대구광역시 북구 서변동,경상사고,0,0,1,0,차대차 - 추돌,안전운전불이행,건조,맑음,단일로 - 기타,승용,남,57세,상해없음,승용,남,46세,경상
2018112200100545,2018년 11월 22일 18시,목요일,대구광역시 달서구 상인동,부상신고사고,0,0,0,1,차대사람 - 횡단중,보행자보호의무위반,건조,맑음,교차로 - 교차로횡단보도내,기타불명,기타불명,미분류,기타불명,보행자,남,60세,부상신고
2018112200100546,2018년 11월 22일 18시,목요일,대구광역시 달서구 죽전동,경상사고,0,0,2,0,차대차 - 기타,안전운전불이행,건조,맑음,단일로 - 기타,승용,남,66세,경상,승용,남,34세,경상
2018112200100574,2018년 11월 22일 19시,목요일,대구광역시 달성군 다사읍,중상사고,0,1,0,0,차대사람 - 기타,안전운전불이행,건조,맑음,단일로 - 기타,승용,남,28세,상해없음,보행자,남,62세,중상
2018112200100575,2018년 11월 22일 19시,목요일,대구광역시 달성군 화원읍,중상사고,0,1,0,0,차대사람 - 차도통행중,교차로운행방법위반,건조,맑음,교차로 - 교차로안,승용,남,43세,상해없음,보행자,남,54세,중상
2018112200100576,2018년 11월 22일 19시,목요일,대구광역시 달서구 이곡동,중상사고,0,1,0,0,차대차 - 측면충돌,안전거리미확보,건조,맑음,단일로 - 기타,화물,남,45세,상해없음,승용,여,50세,중상
2018112200100604,2018년 11월 22일 20시,목요일,대구광역시 동구 신암동,부상신고사고,0,0,0,2,차대차 - 측면충돌,안전거리미확보,건조,맑음,단일로 - 기타,승용,여,53세,부상신고,승용,남,19세,상해없음
2018112200100605,2018년 11월 22일 20시,목요일,대구광역시 서구 내당동,경상사고,0,0,1,0,차대차 - 측면충돌,안전거리미확보,건조,맑음,단일로 - 기타,승용,남,62세,상해없음,승용,남,70세,상해없음
2018112200100606,2018년 11월 22일 20시,목요일,대구광역시 북구 동천동,경상사고,0,0,4,0,차대차 - 측면충돌,차로위반,건조,맑음,단일로 - 기타,승용,여,20세,경상,승용,남,23세,경상
2018112200100631,2018년 11월 22일 21시,목요일,대구광역시 동구 효목동,경상사고,0,0,1,0,차대차 - 측면충돌,안전운전불이행,건조,맑음,단일로 - 기타,승용,남,20세,상해없음,승용,남,63세,경상
2018112200100632,2018년 11월 22일 21시,목요일,대구광역시 수성구 황금동,중상사고,0,1,0,0,차대차 - 측면충돌,안전운전불이행,건조,맑음,교차로 - 교차로부근,승용,여,48세,상해없음,이륜,남,34세,중상
2018112200100633,2018년 11월 22일 21시,목요일,대구광역시 달서구 월성동,부상신고사고,0,0,0,1,차대차 - 측면충돌,불법유턴,건조,맑음,교차로 - 교차로안,자전거,남,63세,부상신고,승용,남,27세,상해없음
2018112200100655,2018년 11월 22일 22시,목요일,대구광역시 수성구 지산동,경상사고,0,0,1,0,차대사람 - 길가장자리구역통행중,안전운전불이행,건조,맑음,단일로 - 기타,승용,남,45세,상해없음,보행자,여,44세,경상
2018112200100678,2018년 11월 22일 23시,목요일,대구광역시 중구 계산동2가,경상사고,0,0,2,0,차대차 - 측면충돌,안전거리미확보,건조,맑음,단일로 - 기타,승용,남,60세,상해없음,승용,남,23세,경상
2018112300100051,2018년 11월 23일 05시,금요일,대구광역시 북구 대현동,부상신고사고,0,0,0,1,차대차 - 측면충돌,안전운전불이행,건조,맑음,단일로 - 기타,승용,남,61세,상해없음,자전거,여,63세,부상신고
2018112300100052,2018년 11월 23일 05시,금요일,대구광역시 중구 남산동,중상사고,0,1,0,0,차대사람 - 횡단중,안전운전불이행,건조,맑음,단일로 - 기타,승용,남,79세,상해없음,보행자,남,59세,중상
2018112300100074,2018년 11월 23일 06시,금요일,대구광역시 서구 이현동,경상사고,0,0,1,0,차대차 - 추돌,안전운전불이행,건조,맑음,단일로 - 기타,화물,남,29세,경상,승합,남,76세,상해없음
2018112300100097,2018년 11월 23일 07시,금요일,대구광역시 달서구 월성동,부상신고사고,0,0,0,1,차대차 - 기타,과속,건조,맑음,단일로 - 기타,승용,남,30세,상해없음,승용,남,57세,부상신고
2018112300100098,2018년 11월 23일 07시,금요일,대구광역시 북구 대현동,경상사고,0,0,1,1,차대차 - 측면충돌,안전운전불이행,건조,맑음,교차로 - 교차로횡단보도내,승용,여,39세,부상신고,승용,남,33세,경상
2018112300100147,2018년 11월 23일 08시,금요일,대구광역시 동구 방촌동,경상사고,0,0,2,0,차대차 - 기타,불법유턴,건조,맑음,단일로 - 기타,승용,여,48세,상해없음,승용,여,41세,경상
2018112300100148,2018년 11월 23일 08시,금요일,대구광역시 북구 구암동,경상사고,0,0,1,0,차대차 - 측면충돌,안전거리미확보,건조,맑음,교차로 - 교차로부근,화물,남,67세,상해없음,승용,여,54세,경상
2018112300100149,2018년 11월 23일 08시,금요일,대구광역시 북구 매천동,경상사고,0,0,1,0,차대차 - 측면충돌,안전운전불이행,건조,맑음,단일로 - 기타,이륜,남,27세,경상,화물,여,52세,상해없음
2018112300100186,2018년 11월 23일 09시,금요일,대구광역시 동구 금강동,경상사고,0,0,1,0,차대차 - 기타,교차로운행방법위반,건조,맑음,교차로 - 교차로부근,화물,남,53세,상해없음,자전거,남,62세,경상
2018112300100188,2018년 11월 23일 09시,금요일,대구광역시 달성군 다사읍,경상사고,0,0,1,0,차대차 - 기타,직진우회전진행방해,건조,맑음,교차로 - 교차로안,승용,남,22세,상해없음,화물,남,59세,경상
2018112300100219,2018년 11월 23일 10시,금요일,대구광역시 남구 대명동,중상사고,0,1,2,0,차대차 - 측면충돌,신호위반,건조,맑음,교차로 - 교차로부근,승용,남,67세,상해없음,승용,여,53세,중상
2018112300100220,2018년 11월 23일 10시,금요일,대구광역시 달서구 진천동,경상사고,0,0,2,0,차대차 - 측면충돌,안전운전불이행,건조,맑음,단일로 - 기타,승용,여,37세,상해없음,승용,여,47세,경상
2018112300100221,2018년 11월 23일 10시,금요일,대구광역시 북구 칠성동1가,경상사고,0,0,1,0,차대사람 - 기타,안전운전불이행,건조,맑음,단일로 - 기타,승합,여,67세,상해없음,보행자,여,36세,경상
2018112300100222,2018년 11월 23일 10시,금요일,대구광역시 서구 비산동,부상신고사고,0,0,0,1,차대사람 - 길가장자리구역통행중,안전운전불이행,건조,맑음,교차로 - 교차로안,화물,남,51세,상해없음,보행자,남,52세,부상신고
2018112300100223,2018년 11월 23일 10시,금요일,대구광역시 달서구 두류동,경상사고,0,0,2,0,차대차 - 측면충돌,안전운전불이행,건조,맑음,단일로 - 기타,승용,남,55세,상해없음,승합,남,48세,경상
2018112300100249,2018년 11월 23일 11시,금요일,대구광역시 달서구 감삼동,중상사고,0,1,0,0,차대사람 - 기타,안전운전불이행,건조,맑음,교차로 - 교차로안,화물,남,36세,상해없음,보행자,여,64세,중상
2018112300100282,2018년 11월 23일 12시,금요일,대구광역시 동구 율하동,중상사고,0,1,0,0,차대차 - 측면충돌,안전거리미확보,건조,맑음,교차로 - 교차로부근,승용,남,58세,상해없음,승용,여,44세,중상
2018112300100283,2018년 11월 23일 12시,금요일,대구광역시 북구 노원동1가,중상사고,0,1,0,0,차대차 - 정면충돌,신호위반,건조,맑음,교차로 - 교차로안,승용,남,37세,상해없음,이륜,남,63세,중상
2018112300100314,2018년 11월 23일 13시,금요일,대구광역시 남구 대명동,중상사고,0,1,0,0,차대차 - 기타,안전운전불이행,건조,맑음,교차로 - 교차로안,승용,여,49세,상해없음,이륜,남,46세,중상
2018112300100315,2018년 11월 23일 13시,금요일,대구광역시 동구 지저동,경상사고,0,0,1,0,차대차 - 기타,안전운전불이행,건조,맑음,교차로 - 교차로부근,화물,남,57세,상해없음,자전거,남,50세,경상
2018112300100316,2018년 11월 23일 13시,금요일,대구광역시 동구 검사동,중상사고,0,1,0,0,차대차 - 추돌,안전거리미확보,건조,맑음,단일로 - 기타,화물,남,55세,상해없음,승용,남,69세,중상
2018112300100317,2018년 11월 23일 13시,금요일,대구광역시 달성군 현풍읍,중상사고,0,1,0,0,차대사람 - 기타,안전운전불이행,건조,맑음,단일로 - 기타,승용,남,54세,상해없음,보행자,여,67세,중상
2018112300100347,2018년 11월 23일 14시,금요일,대구광역시 남구 봉덕동,경상사고,0,0,1,0,차대사람 - 차도통행중,안전운전불이행,건조,맑음,단일로 - 기타,승용,남,29세,상해없음,보행자,여,57세,경상
2018112300100348,2018년 11월 23일 14시,금요일,대구광역시 동구 동호동,중상사고,0,1,0,0,차대차 - 기타,안전거리미확보,건조,맑음,교차로 - 교차로부근,자전거,남,69세,상해없음,이륜,남,25세,중상
2018112300100349,2018년 11월 23일 14시,금요일,대구광역시 수성구 만촌동,경상사고,0,0,1,0,차대차 - 측면충돌,교차로운행방법위반,건조,맑음,교차로 - 교차로안,승용,여,63세,상해없음,화물,남,28세,경상
2018112300100350,2018년 11월 23일 14시,금요일,대구광역시 달성군 논공읍,중상사고,0,1,0,0,차대차 - 측면충돌,안전운전불이행,건조,맑음,주차장 - 주차장,승용,남,63세,상해없음,승용,여,32세,중상
2018112300100351,2018년 11월 23일 14시,금요일,대구광역시 달서구 성당동,중상사고,0,1,0,0,차대사람 - 기타,신호위반,건조,맑음,단일로 - 기타,화물,남,62세,상해없음,보행자,남,9세,중상
2018112300100385,2018년 11월 23일 15시,금요일,대구광역시 수성구 만촌동,경상사고,0,0,1,0,차대차 - 측면충돌,안전운전불이행,건조,맑음,교차로 - 교차로부근,승용,남,75세,상해없음,승용,여,54세,경상
2018112300100386,2018년 11월 23일 15시,금요일,대구광역시 서구 중리동,부상신고사고,0,0,0,1,차량단독 - 기타,안전운전불이행,건조,맑음,단일로 - 기타,승용,남,52세,상해없음,,,,
2018112300100387,2018년 11월 23일 15시,금요일,대구광역시 중구 동성로2가,경상사고,0,0,1,0,차대사람 - 기타,안전운전불이행,건조,맑음,단일로 - 기타,승용,남,56세,상해없음,보행자,여,16세,경상
2018112300100426,2018년 11월 23일 16시,금요일,대구광역시 달서구 용산동,부상신고사고,0,0,0,4,차대차 - 측면충돌,안전운전불이행,건조,맑음,단일로 - 기타,승용,남,25세,상해없음,승용,남,77세,상해없음
2018112300100427,2018년 11월 23일 16시,금요일,대구광역시 달서구 용산동,경상사고,0,0,2,0,차대차 - 측면충돌,불법유턴,건조,맑음,단일로 - 기타,승용,남,44세,상해없음,승용,여,38세,경상
2018112300100428,2018년 11월 23일 16시,금요일,대구광역시 북구 동천동,중상사고,0,1,0,0,차대차 - 측면충돌,신호위반,건조,맑음,교차로 - 교차로안,승용,여,70세,상해없음,승용,남,39세,중상
2018112300100482,2018년 11월 23일 17시,금요일,대구광역시 북구 노원동1가,경상사고,0,0,1,0,차대차 - 측면충돌,안전운전불이행,건조,맑음,단일로 - 기타,승용,남,56세,상해없음,이륜,남,51세,경상
2018112300100548,2018년 11월 23일 18시,금요일,대구광역시 남구 대명동,경상사고,0,0,1,0,차대차 - 측면충돌,안전운전불이행,건조,맑음,기타 - 기타,화물,남,61세,상해없음,이륜,남,23세,경상
2018112300100549,2018년 11월 23일 18시,금요일,대구광역시 달서구 도원동,중상사고,0,1,0,0,차대사람 - 횡단중,안전운전불이행,건조,맑음,교차로 - 교차로부근,승용,남,51세,상해없음,보행자,남,35세,중상
2018112300100550,2018년 11월 23일 18시,금요일,대구광역시 달성군 가창면,경상사고,0,0,2,0,차대차 - 추돌,안전운전불이행,건조,맑음,단일로 - 기타,화물,남,56세,상해없음,승용,남,59세,경상
2018112300100551,2018년 11월 23일 18시,금요일,대구광역시 서구 이현동,부상신고사고,0,0,0,1,차대차 - 기타,중앙선침범,건조,맑음,단일로 - 기타,이륜,여,38세,부상신고,승용,여,65세,상해없음
2018112300100552,2018년 11월 23일 18시,금요일,대구광역시 서구 평리동,경상사고,0,0,2,0,차대차 - 측면충돌,안전운전불이행,건조,맑음,교차로 - 교차로부근,승용,남,54세,상해없음,승용,여,47세,경상
2018112300100553,2018년 11월 23일 18시,금요일,대구광역시 달서구 용산동,경상사고,0,0,2,0,차대차 - 추돌,안전운전불이행,건조,맑음,교차로 - 교차로부근,승용,남,58세,상해없음,승용,남,50세,경상
2018112300100554,2018년 11월 23일 18시,금요일,대구광역시 달서구 장동,경상사고,0,0,1,0,차대차 - 측면충돌,교차로운행방법위반,건조,흐림,교차로 - 교차로안,승용,여,36세,상해없음,화물,남,35세,경상
2018112300100555,2018년 11월 23일 18시,금요일,대구광역시 북구 동천동,중상사고,0,1,1,0,차대차 - 추돌,안전운전불이행,건조,맑음,교차로 - 교차로부근,승용,여,53세,상해없음,화물,남,70세,중상
2018112300100603,2018년 11월 23일 19시,금요일,대구광역시 남구 대명동,경상사고,0,0,3,0,차대차 - 측면충돌,안전거리미확보,건조,맑음,기타 - 기타,승용,여,22세,상해없음,승용,여,43세,경상
2018112300100604,2018년 11월 23일 19시,금요일,대구광역시 동구 신암동,경상사고,0,0,1,0,차대차 - 추돌,안전거리미확보,건조,맑음,단일로 - 기타,승용,남,55세,상해없음,승용,남,43세,경상
2018112300100605,2018년 11월 23일 19시,금요일,대구광역시 수성구 지산동,경상사고,0,0,1,0,차대차 - 측면충돌,차로위반,건조,맑음,교차로 - 교차로부근,승용,여,45세,상해없음,승용,여,47세,경상
2018112300100606,2018년 11월 23일 19시,금요일,대구광역시 수성구 신매동,경상사고,0,0,2,0,차대차 - 추돌,안전거리미확보,건조,맑음,교차로 - 교차로부근,기타불명,기타불명,미분류,기타불명,승합,남,40세,경상
2018112300100607,2018년 11월 23일 19시,금요일,대구광역시 수성구 대흥동,경상사고,0,0,2,0,차대차 - 추돌,안전운전불이행,건조,맑음,교차로 - 교차로부근,승용,남,25세,상해없음,승용,여,40세,경상
2018112300100608,2018년 11월 23일 19시,금요일,대구광역시 수성구 신매동,중상사고,0,1,0,0,차대사람 - 횡단중,보행자보호의무위반,건조,맑음,교차로 - 교차로부근,승용,남,43세,상해없음,보행자,여,51세,중상
2018112300100652,2018년 11월 23일 20시,금요일,대구광역시 북구 산격동,중상사고,0,1,0,0,차대사람 - 차도통행중,안전운전불이행,건조,맑음,교차로 - 교차로부근,화물,남,47세,상해없음,보행자,남,11세,중상
2018112300100653,2018년 11월 23일 20시,금요일,대구광역시 서구 비산동,경상사고,0,0,1,0,차대차 - 측면충돌,안전운전불이행,건조,맑음,교차로 - 교차로안,승용,남,54세,상해없음,승용,여,35세,경상
2018112300100688,2018년 11월 23일 21시,금요일,대구광역시 북구 칠성동1가,경상사고,0,0,1,0,차대차 - 측면충돌,기타,건조,맑음,교차로 - 교차로부근,승용,여,41세,상해없음,이륜,남,37세,경상
2018112300100715,2018년 11월 23일 22시,금요일,대구광역시 북구 대현동,경상사고,0,0,1,0,차대사람 - 횡단중,안전운전불이행,건조,맑음,교차로 - 교차로안,승용,남,52세,상해없음,보행자,남,47세,경상
2018112400100054,2018년 11월 24일 02시,토요일,대구광역시 동구 신암동,중상사고,0,1,0,0,차대차 - 측면충돌,안전거리미확보,건조,맑음,단일로 - 기타,승용,남,53세,상해없음,승용,남,59세,중상
2018112400100055,2018년 11월 24일 02시,토요일,대구광역시 북구 태전동,경상사고,0,0,1,0,차대차 - 기타,안전운전불이행,건조,맑음,단일로 - 기타,승용,남,23세,상해없음,승용,남,33세,경상
2018112400100075,2018년 11월 24일 04시,토요일,대구광역시 달서구 상인동,경상사고,0,0,2,0,차대차 - 측면충돌,신호위반,건조,맑음,교차로 - 교차로안,승용,남,47세,상해없음,승용,남,65세,경상
2018112400100087,2018년 11월 24일 05시,토요일,대구광역시 달서구 감삼동,경상사고,0,0,2,0,차대차 - 추돌,안전운전불이행,건조,기타,교차로 - 교차로부근,승용,남,33세,상해없음,승용,여,60세,경상
2018112400100124,2018년 11월 24일 06시,토요일,대구광역시 동구 신암동,중상사고,0,1,1,0,차대차 - 기타,안전운전불이행,건조,맑음,단일로 - 기타,승용,남,30세,경상,승용,남,56세,상해없음
2018112400100125,2018년 11월 24일 06시,토요일,대구광역시 서구 이현동,부상신고사고,0,0,0,1,차대차 - 측면충돌,안전운전불이행,건조,맑음,교차로 - 교차로부근,기타불명,기타불명,미분류,기타불명,원동기,남,32세,부상신고