사고번호,사고일시,요일,시군구,사고내용,사망자수,중상자수,경상자수,부상신고자수,사고유형,법규위반,노면상태,기상상태,도로형태,가해운전자 차종,가해운전자 성별,가해운전자 연령,가해운전자 상해정도,피해운전자 차종,피해운전자 성별,피해운전자 연령,피해운전자 상해정도
2018112400100185,2018년 11월 24일 08시,토요일,대구광역시 달서구 신당동,경상사고,0,0,2,0,차대차 - 추돌,안전운전불이행,건조,맑음,기타 - 기타,화물,남,28세,상해없음,승용,여,45세,경상
2018112400100238,2018년 11월 24일 09시,토요일,대구광역시 북구 읍내동,중상사고,0,1,0,0,차대차 - 측면충돌,안전운전불이행,건조,맑음,교차로 - 교차로안,이륜,여,78세,중상,승용,남,57세,상해없음
2018112400100272,2018년 11월 24일 10시,토요일,대구광역시 달서구 월성동,중상사고,0,1,0,0,차대차 - 측면충돌,안전운전불이행,젖음/습기,비,단일로 - 기타,승용,여,58세,상해없음,이륜,남,56세,중상
2018112400100273,2018년 11월 24일 10시,토요일,대구광역시 북구 구암동,경상사고,0,0,1,0,차대차 - 기타,기타,건조,맑음,단일로 - 기타,화물,남,58세,상해없음,승용,여,49세,경상
2018112400100274,2018년 11월 24일 10시,토요일,대구광역시 북구 태전동,경상사고,0,0,1,0,차대차 - 측면충돌,교차로운행방법위반,건조,맑음,교차로 - 교차로부근,승용,남,52세,상해없음,승용,여,34세,경상
2018112400100306,2018년 11월 24일 11시,토요일,대구광역시 달서구 송현동,경상사고,0,0,3,0,차대차 - 측면충돌,안전운전불이행,건조,맑음,단일로 - 기타,승용,남,26세,경상,승용,남,51세,상해없음
2018112400100307,2018년 11월 24일 11시,토요일,대구광역시 북구 태전동,중상사고,0,1,0,0,차대사람 - 기타,안전운전불이행,건조,맑음,단일로 - 기타,승용,남,52세,상해없음,보행자,여,72세,중상
2018112400100372,2018년 11월 24일 13시,토요일,대구광역시 달서구 송현동,부상신고사고,0,0,0,1,차대차 - 측면충돌,안전운전불이행,젖음/습기,비,교차로 - 교차로부근,이륜,남,25세,부상신고,승용,남,53세,상해없음
2018112400100373,2018년 11월 24일 13시,토요일,대구광역시 달서구 본동,경상사고,0,0,2,0,차대차 - 추돌,안전거리미확보,젖음/습기,흐림,단일로 - 기타,승용,남,62세,상해없음,승용,남,71세,경상
2018112400100398,2018년 11월 24일 14시,토요일,대구광역시 수성구 지산동,중상사고,0,1,0,0,차대사람 - 횡단중,신호위반,건조,맑음,단일로 - 기타,승용,남,25세,상해없음,보행자,여,62세,중상
2018112400100399,2018년 11월 24일 14시,토요일,대구광역시 수성구 범어동,경상사고,0,0,1,0,차대차 - 후진중충돌,안전운전불이행,건조,맑음,교차로 - 교차로부근,화물,남,70세,상해없음,승용,여,32세,경상
2018112400100400,2018년 11월 24일 14시,토요일,대구광역시 달서구 감삼동,중상사고,0,1,0,0,차대차 - 기타,교차로운행방법위반,건조,맑음,교차로 - 교차로안,화물,남,54세,상해없음,이륜,남,39세,중상
2018112400100401,2018년 11월 24일 14시,토요일,대구광역시 달서구 감삼동,경상사고,0,0,1,0,차대사람 - 기타,안전운전불이행,건조,흐림,기타 - 기타,승용,여,68세,상해없음,보행자,여,62세,경상
2018112400100430,2018년 11월 24일 15시,토요일,대구광역시 동구 진인동,경상사고,0,0,1,0,차대차 - 측면충돌,안전운전불이행,건조,맑음,단일로 - 기타,승용,남,51세,상해없음,승용,여,40세,경상
2018112400100431,2018년 11월 24일 15시,토요일,대구광역시 수성구 신매동,경상사고,0,0,1,0,차대차 - 기타,불법유턴,젖음/습기,비,단일로 - 기타,승용,여,47세,상해없음,이륜,남,49세,경상
2018112400100456,2018년 11월 24일 16시,토요일,대구광역시 수성구 신매동,경상사고,0,0,1,0,차대사람 - 기타,안전운전불이행,건조,맑음,기타 - 기타,승용,여,72세,상해없음,보행자,남,49세,경상
2018112400100457,2018년 11월 24일 16시,토요일,대구광역시 달서구 본동,부상신고사고,0,0,0,3,차대차 - 정면충돌,중앙선침범,건조,맑음,기타 - 기타,승용,남,47세,상해없음,승용,남,54세,부상신고
2018112400100494,2018년 11월 24일 17시,토요일,대구광역시 동구 신기동,중상사고,0,1,0,0,차대사람 - 횡단중,안전운전불이행,건조,흐림,단일로 - 기타,이륜,남,38세,상해없음,보행자,여,78세,중상
2018112400100541,2018년 11월 24일 18시,토요일,대구광역시 남구 대명동,경상사고,0,0,1,0,차대차 - 기타,신호위반,건조,맑음,교차로 - 교차로안,승용,여,61세,상해없음,이륜,남,44세,경상
2018112400100542,2018년 11월 24일 18시,토요일,대구광역시 동구 신서동,경상사고,0,0,1,0,차대차 - 측면충돌,신호위반,건조,맑음,단일로 - 기타,이륜,남,39세,상해없음,자전거,남,14세,경상
2018112400100543,2018년 11월 24일 18시,토요일,대구광역시 수성구 범물동,경상사고,0,0,4,0,차대차 - 추돌,안전운전불이행,건조,맑음,교차로 - 교차로부근,승용,남,54세,상해없음,승용,남,38세,경상
2018112400100544,2018년 11월 24일 18시,토요일,대구광역시 달성군 유가읍,경상사고,0,0,1,0,차대차 - 기타,안전운전불이행,젖음/습기,흐림,단일로 - 기타,승용,여,67세,상해없음,이륜,남,36세,경상
2018112400100545,2018년 11월 24일 18시,토요일,대구광역시 달성군 옥포읍,경상사고,0,0,1,0,차대차 - 측면충돌,안전운전불이행,건조,맑음,주차장 - 주차장,승합,남,67세,상해없음,승용,여,39세,경상
2018112400100546,2018년 11월 24일 18시,토요일,대구광역시 북구 학정동,중상사고,0,1,0,0,차대차 - 기타,안전운전불이행,건조,맑음,단일로 - 기타,화물,남,54세,중상,승합,남,63세,기타불명
2018112400100577,2018년 11월 24일 19시,토요일,대구광역시 수성구 범어동,경상사고,0,0,1,0,차대차 - 측면충돌,교차로운행방법위반,건조,맑음,교차로 - 교차로안,승용,여,44세,상해없음,승용,여,27세,경상
2018112400100578,2018년 11월 24일 19시,토요일,대구광역시 수성구 만촌동,중상사고,0,1,0,0,차대차 - 측면충돌,기타,건조,맑음,단일로 - 기타,이륜,남,46세,중상,승용,남,33세,상해없음
2018112400100619,2018년 11월 24일 20시,토요일,대구광역시 서구 평리동,경상사고,0,0,1,0,차대차 - 후진중충돌,안전운전불이행,건조,맑음,단일로 - 기타,승용,여,38세,상해없음,이륜,남,19세,경상
2018112400100620,2018년 11월 24일 20시,토요일,대구광역시 북구 구암동,중상사고,0,1,0,0,차대차 - 측면충돌,안전운전불이행,건조,맑음,교차로 - 교차로안,승용,여,41세,상해없음,자전거,남,42세,중상
2018112400100648,2018년 11월 24일 21시,토요일,대구광역시 수성구 범어동,중상사고,0,1,0,0,차대사람 - 기타,안전운전불이행,건조,맑음,주차장 - 주차장,승용,여,51세,상해없음,보행자,여,80세,중상
2018112400100649,2018년 11월 24일 21시,토요일,대구광역시 달서구 도원동,경상사고,0,0,2,0,차대차 - 추돌,안전운전불이행,건조,맑음,단일로 - 기타,승용,남,44세,상해없음,승용,남,32세,경상
2018112400100650,2018년 11월 24일 21시,토요일,대구광역시 달성군 논공읍,경상사고,0,0,2,0,차대차 - 추돌,안전운전불이행,건조,맑음,교차로 - 교차로부근,승용,여,38세,상해없음,승용,남,71세,경상
2018112400100685,2018년 11월 24일 22시,토요일,대구광역시 달서구 월성동,경상사고,0,0,2,0,차대차 - 추돌,안전운전불이행,건조,맑음,교차로 - 교차로부근,승용,남,30세,상해없음,승용,남,47세,경상
2018112400100702,2018년 11월 24일 23시,토요일,대구광역시 수성구 범어동,중상사고,0,1,3,0,차대차 - 측면충돌,안전운전불이행,건조,맑음,단일로 - 기타,화물,남,55세,상해없음,승용,남,27세,중상
2018112500100013,2018년 11월 25일 00시,일요일,대구광역시 동구 각산동,경상사고,0,0,1,0,차대사람 - 기타,기타,건조,맑음,단일로 - 기타,승용,남,64세,상해없음,보행자,여,26세,경상
2018112500100014,2018년 11월 25일 00시,일요일,대구광역시 달성군 유가읍,경상사고,0,0,1,0,차대차 - 정면충돌,안전운전불이행,건조,맑음,교차로 - 교차로안,승용,남,24세,상해없음,승용,남,39세,경상
2018112500100015,2018년 11월 25일 00시,일요일,대구광역시 달서구 용산동,경상사고,0,0,2,0,차대차 - 기타,안전운전불이행,건조,맑음,교차로 - 교차로부근,승용,남,27세,상해없음,승용,남,62세,경상
2018112500100030,2018년 11월 25일 02시,일요일,대구광역시 북구 산격동,중상사고,0,1,1,0,차대차 - 추돌,안전운전불이행,건조,맑음,단일로 - 기타,승용,남,27세,상해없음,승용,남,63세,경상
2018112500100163,2018년 11월 25일 12시,일요일,대구광역시 수성구 범물동,경상사고,0,0,1,0,차대차 - 추돌,안전운전불이행,건조,맑음,단일로 - 기타,승용,여,27세,상해없음,승용,남,33세,경상
2018112500100188,2018년 11월 25일 13시,일요일,대구광역시 달서구 대곡동,부상신고사고,0,0,0,1,차대차 - 기타,안전운전불이행,건조,맑음,단일로 - 기타,자전거,남,13세,부상신고,승용,남,39세,상해없음
2018112500100243,2018년 11월 25일 15시,일요일,대구광역시 수성구 만촌동,경상사고,0,0,1,0,차대차 - 측면충돌,안전운전불이행,건조,맑음,단일로 - 기타,승용,여,59세,경상,승용,남,69세,기타불명
2018112500100271,2018년 11월 25일 16시,일요일,대구광역시 달서구 상인동,경상사고,0,0,1,0,차대차 - 측면충돌,안전운전불이행,건조,맑음,교차로 - 교차로부근,승용,남,52세,상해없음,자전거,남,71세,경상
2018112500100334,2018년 11월 25일 18시,일요일,대구광역시 달서구 본리동,경상사고,0,0,2,0,차대차 - 추돌,안전운전불이행,건조,맑음,단일로 - 기타,화물,남,60세,상해없음,화물,남,28세,경상
2018112500100335,2018년 11월 25일 18시,일요일,대구광역시 북구 칠성동2가,부상신고사고,0,0,0,1,차대차 - 측면충돌,안전운전불이행,건조,맑음,단일로 - 기타,이륜,남,21세,부상신고,승용,남,21세,상해없음
2018112500100364,2018년 11월 25일 19시,일요일,대구광역시 달성군 화원읍,경상사고,0,0,1,0,차대차 - 기타,안전운전불이행,건조,맑음,교차로 - 교차로안,승용,여,28세,상해없음,이륜,남,17세,경상
2018112500100365,2018년 11월 25일 19시,일요일,대구광역시 달성군 논공읍,경상사고,0,0,1,0,차대사람 - 기타,안전운전불이행,건조,맑음,단일로 - 기타,승용,남,60세,상해없음,보행자,남,23세,경상
2018112500100366,2018년 11월 25일 19시,일요일,대구광역시 달서구 신당동,중상사고,0,1,0,0,차대차 - 추돌,안전운전불이행,건조,맑음,단일로 - 기타,승용,남,24세,상해없음,이륜,남,24세,중상
2018112500100392,2018년 11월 25일 20시,일요일,대구광역시 달성군 다사읍,경상사고,0,0,1,0,차대차 - 기타,안전운전불이행,건조,맑음,교차로 - 교차로안,이륜,남,23세,경상,승용,남,60세,상해없음
2018112500100393,2018년 11월 25일 20시,일요일,대구광역시 달서구 성당동,중상사고,0,1,0,0,차대차 - 기타,안전운전불이행,건조,맑음,교차로 - 교차로안,승용,여,29세,상해없음,자전거,남,79세,중상
2018112500100408,2018년 11월 25일 21시,일요일,대구광역시 서구 내당동,경상사고,0,0,3,0,차대차 - 추돌,안전운전불이행,건조,맑음,단일로 - 기타,승용,남,70세,상해없음,승용,남,37세,경상
2018112500100431,2018년 11월 25일 22시,일요일,대구광역시 동구 효목동,경상사고,0,0,1,0,차대사람 - 횡단중,보행자보호의무위반,건조,맑음,단일로 - 기타,승용,남,56세,상해없음,보행자,여,25세,경상
2018112500100432,2018년 11월 25일 22시,일요일,대구광역시 달서구 송현동,경상사고,0,0,1,0,차대차 - 측면충돌,안전거리미확보,건조,맑음,교차로 - 교차로안,승용,여,54세,상해없음,승용,남,65세,경상
2018112500100433,2018년 11월 25일 22시,일요일,대구광역시 중구 동산동,경상사고,0,0,1,0,차대사람 - 횡단중,보행자보호의무위반,건조,맑음,교차로 - 교차로안,승용,여,68세,상해없음,보행자,남,26세,경상
2018112500100446,2018년 11월 25일 23시,일요일,대구광역시 달서구 성당동,중상사고,0,1,0,0,차대사람 - 횡단중,보행자보호의무위반,건조,맑음,교차로 - 교차로부근,승용,남,60세,상해없음,보행자,남,59세,중상
2018112600100020,2018년 11월 26일 01시,월요일,대구광역시 수성구 지산동,중상사고,0,1,3,0,차대차 - 추돌,안전운전불이행,건조,맑음,교차로 - 교차로부근,승용,여,47세,상해없음,승용,남,44세,경상
2018112600100034,2018년 11월 26일 03시,월요일,대구광역시 동구 신암동,경상사고,0,0,1,0,차대차 - 기타,안전운전불이행,건조,맑음,단일로 - 기타,승용,남,32세,상해없음,승용,남,45세,상해없음
2018112600100035,2018년 11월 26일 03시,월요일,대구광역시 중구 봉산동,경상사고,0,0,3,0,차대차 - 측면충돌,안전운전불이행,건조,맑음,교차로 - 교차로부근,승용,남,23세,상해없음,승용,남,63세,경상
2018112600100052,2018년 11월 26일 05시,월요일,대구광역시 남구 대명동,부상신고사고,0,0,0,1,차대사람 - 기타,안전운전불이행,건조,맑음,기타 - 기타,승용,남,47세,상해없음,보행자,남,23세,부상신고
2018112600100053,2018년 11월 26일 05시,월요일,대구광역시 북구 노원동2가,경상사고,0,0,1,0,차대차 - 측면충돌,신호위반,건조,맑음,단일로 - 기타,화물,남,65세,상해없음,자전거,남,64세,경상
2018112600100054,2018년 11월 26일 05시,월요일,대구광역시 달서구 두류동,중상사고,0,1,0,0,차대차 - 측면충돌,교차로운행방법위반,건조,맑음,교차로 - 교차로안,승용,남,60세,상해없음,승용,여,53세,중상
2018112600100055,2018년 11월 26일 05시,월요일,대구광역시 중구 삼덕동1가,경상사고,0,0,2,0,차대차 - 측면충돌,차로위반,건조,맑음,단일로 - 기타,승용,남,31세,상해없음,승용,남,20세,경상
2018112600100056,2018년 11월 26일 05시,월요일,대구광역시 달서구 두류동,중상사고,0,1,1,0,차대차 - 기타,안전운전불이행,젖음/습기,안개,단일로 - 기타,이륜,남,65세,경상,이륜,남,64세,중상
2018112600100093,2018년 11월 26일 07시,월요일,대구광역시 동구 율하동,중상사고,0,1,0,0,차대사람 - 횡단중,보행자보호의무위반,건조,맑음,단일로 - 기타,승용,여,63세,상해없음,보행자,여,24세,중상
2018112600100094,2018년 11월 26일 07시,월요일,대구광역시 북구 대현동,경상사고,0,0,1,0,차대차 - 측면충돌,안전거리미확보,건조,맑음,단일로 - 기타,승용,남,65세,상해없음,승용,남,57세,경상
2018112600100138,2018년 11월 26일 08시,월요일,대구광역시 달서구 장동,중상사고,0,1,1,0,차대차 - 측면충돌,안전거리미확보,건조,맑음,단일로 - 기타,화물,남,64세,상해없음,이륜,남,17세,경상
2018112600100139,2018년 11월 26일 08시,월요일,대구광역시 달서구 도원동,중상사고,0,1,0,0,차대사람 - 기타,안전운전불이행,건조,맑음,단일로 - 기타,승용,여,41세,상해없음,보행자,남,46세,중상
2018112600100140,2018년 11월 26일 08시,월요일,대구광역시 북구 노원동2가,경상사고,0,0,1,0,차대차 - 측면충돌,교차로운행방법위반,건조,맑음,교차로 - 교차로안,승용,여,58세,상해없음,이륜,남,25세,경상
2018112600100141,2018년 11월 26일 08시,월요일,대구광역시 북구 학정동,중상사고,0,1,0,0,차대사람 - 기타,안전운전불이행,건조,맑음,교차로 - 교차로부근,승용,여,46세,상해없음,보행자,남,42세,중상
2018112600100181,2018년 11월 26일 09시,월요일,대구광역시 북구 노원동2가,부상신고사고,0,0,0,1,차대차 - 측면충돌,안전운전불이행,건조,맑음,교차로 - 교차로횡단보도내,이륜,남,52세,부상신고,승용,여,63세,상해없음
2018112600100206,2018년 11월 26일 10시,월요일,대구광역시 동구 율하동,중상사고,0,1,0,0,차대사람 - 차도통행중,보행자보호의무위반,건조,맑음,기타 - 기타,승용,남,19세,상해없음,보행자,여,90세 이상,중상
2018112600100207,2018년 11월 26일 10시,월요일,대구광역시 달서구 상인동,중상사고,0,1,1,0,차대차 - 측면충돌,교차로운행방법위반,건조,맑음,교차로 - 교차로안,화물,남,56세,경상,승용,여,30세,중상
2018112600100235,2018년 11월 26일 11시,월요일,대구광역시 서구 평리동,중상사고,0,1,0,0,차대사람 - 기타,기타,건조,맑음,단일로 - 기타,승합,남,46세,상해없음,보행자,여,51세,중상
2018112600100270,2018년 11월 26일 12시,월요일,대구광역시 남구 봉덕동,경상사고,0,0,1,0,차대사람 - 기타,안전운전불이행,건조,맑음,단일로 - 기타,자전거,남,77세,상해없음,보행자,여,70세,경상
2018112600100271,2018년 11월 26일 12시,월요일,대구광역시 달서구 송현동,경상사고,0,0,2,0,차대차 - 측면충돌,안전운전불이행,건조,맑음,단일로 - 기타,승용,여,59세,경상,승용,여,55세,경상
2018112600100272,2018년 11월 26일 12시,월요일,대구광역시 북구 대현동,중상사고,0,1,0,0,차대차 - 측면충돌,안전거리미확보,건조,맑음,단일로 - 기타,승용,여,55세,상해없음,승용,남,23세,중상
2018112600100305,2018년 11월 26일 13시,월요일,대구광역시 달성군 현풍읍,중상사고,0,2,0,0,차대차 - 추돌,안전운전불이행,건조,맑음,단일로 - 기타,화물,남,45세,상해없음,화물,남,75세,중상
2018112600100308,2018년 11월 26일 13시,월요일,대구광역시 달서구 감삼동,중상사고,0,1,0,0,차대사람 - 횡단중,신호위반,건조,맑음,단일로 - 기타,자전거,남,16세,상해없음,보행자,남,78세,중상
2018112600100309,2018년 11월 26일 13시,월요일,대구광역시 달서구 성당동,경상사고,0,0,2,0,차대차 - 기타,교차로운행방법위반,건조,맑음,교차로 - 교차로안,승용,남,61세,경상,승용,여,52세,경상
2018112600100386,2018년 11월 26일 15시,월요일,대구광역시 수성구 범어동,중상사고,0,2,0,0,차대차 - 측면충돌,안전운전불이행,건조,맑음,단일로 - 기타,승용,남,39세,상해없음,승용,여,36세,중상
2018112600100427,2018년 11월 26일 16시,월요일,대구광역시 동구 방촌동,경상사고,0,0,1,0,차대차 - 측면충돌,안전운전불이행,건조,맑음,교차로 - 교차로안,승용,남,42세,상해없음,자전거,남,11세,경상
2018112600100428,2018년 11월 26일 16시,월요일,대구광역시 동구 신암동,경상사고,0,0,1,0,차대차 - 측면충돌,안전거리미확보,건조,맑음,교차로 - 교차로안,승용,남,41세,상해없음,승용,남,30세,경상
2018112600100429,2018년 11월 26일 16시,월요일,대구광역시 수성구 파동,중상사고,0,1,0,0,차대사람 - 기타,안전운전불이행,건조,맑음,단일로 - 기타,기타불명,기타불명,미분류,기타불명,보행자,남,76세,중상
2018112600100430,2018년 11월 26일 16시,월요일,대구광역시 달서구 월성동,경상사고,0,0,2,0,차대차 - 측면충돌,차로위반,건조,맑음,단일로 - 기타,승용,남,35세,경상,승용,여,32세,경상
2018112600100431,2018년 11월 26일 16시,월요일,대구광역시 서구 중리동,중상사고,0,1,0,0,차대차 - 측면충돌,안전운전불이행,건조,맑음,단일로 - 기타,자전거,남,58세,중상,원동기,남,67세,상해없음
2018112600100467,2018년 11월 26일 17시,월요일,대구광역시 중구 시장북로,경상사고,0,0,1,0,차대차 - 측면충돌,안전거리미확보,건조,맑음,단일로 - 기타,승용,여,54세,상해없음,승용,여,29세,경상
2018112600100523,2018년 11월 26일 18시,월요일,대구광역시 남구 대명동,중상사고,0,1,0,0,차대차 - 측면충돌,신호위반,건조,맑음,교차로 - 교차로안,승용,여,53세,상해없음,이륜,남,31세,중상
2018112600100524,2018년 11월 26일 18시,월요일,대구광역시 서구 중리동,부상신고사고,0,0,0,1,차대차 - 측면충돌,중앙선침범,건조,맑음,교차로 - 교차로안,자전거,여,66세,부상신고,화물,남,57세,상해없음
2018112600100525,2018년 11월 26일 18시,월요일,대구광역시 달서구 신당동,경상사고,0,0,1,0,차대차 - 기타,안전운전불이행,건조,맑음,교차로 - 교차로안,화물,남,47세,상해없음,자전거,남,61세,경상
2018112600100526,2018년 11월 26일 18시,월요일,대구광역시 달서구 신당동,경상사고,0,0,1,0,차대차 - 추돌,안전거리미확보,건조,맑음,단일로 - 기타,승용,남,34세,상해없음,승용,남,54세,경상
2018112600100566,2018년 11월 26일 19시,월요일,대구광역시 수성구 범어동,경상사고,0,0,2,0,차대차 - 후진중충돌,안전운전불이행,건조,맑음,교차로 - 교차로안,승용,남,26세,경상,승합,남,22세,경상
2018112600100619,2018년 11월 26일 21시,월요일,대구광역시 북구 태전동,경상사고,0,0,1,0,차대차 - 측면충돌,안전운전불이행,건조,맑음,단일로 - 기타,승용,남,54세,상해없음,사륜오토바이(ATV),남,23세,경상
2018112600100620,2018년 11월 26일 21시,월요일,대구광역시 북구 동천동,경상사고,0,0,2,0,차대차 - 측면충돌,안전운전불이행,건조,맑음,교차로 - 교차로부근,승용,여,41세,경상,승용,남,46세,상해없음
2018112700100006,2018년 11월 27일 00시,화요일,대구광역시 수성구 노변동,경상사고,0,0,1,0,차대차 - 측면충돌,신호위반,건조,맑음,단일로 - 기타,승용,남,58세,상해없음,자전거,남,25세,경상
2018112700100007,2018년 11월 27일 00시,화요일,대구광역시 북구 태전동,경상사고,0,0,2,0,차대차 - 기타,안전운전불이행,건조,맑음,단일로 - 기타,승용,여,22세,상해없음,승용,여,49세,경상
2018112700100026,2018년 11월 27일 02시,화요일,대구광역시 수성구 중동,중상사고,0,1,0,0,차대차 - 기타,기타,건조,맑음,단일로 - 기타,기타불명,기타불명,미분류,기타불명,기타불명,남,71세,중상
2018112700100027,2018년 11월 27일 02시,화요일,대구광역시 중구 삼덕동1가,경상사고,0,0,1,0,차대사람 - 기타,안전운전불이행,건조,맑음,단일로 - 기타,승용,남,28세,상해없음,보행자,남,22세,경상
2018112700100061,2018년 11월 27일 06시,화요일,대구광역시 서구 비산동,중상사고,0,1,0,0,차대차 - 측면충돌,불법유턴,건조,맑음,단일로 - 기타,자전거,남,58세,중상,화물,남,31세,상해없음
2018112700100127,2018년 11월 27일 08시,화요일,대구광역시 동구 지저동,경상사고,0,0,1,0,차대차 - 측면충돌,안전운전불이행,건조,맑음,단일로 - 기타,승용,여,29세,상해없음,화물,남,56세,경상
2018112700100128,2018년 11월 27일 08시,화요일,대구광역시 서구 평리동,경상사고,0,0,1,0,차대사람 - 길가장자리구역통행중,안전운전불이행,건조,맑음,단일로 - 기타,기타불명,기타불명,미분류,기타불명,보행자,여,27세,경상
2018112700100169,2018년 11월 27일 09시,화요일,대구광역시 동구 신암동,중상사고,0,1,0,0,차대차 - 측면충돌,교차로운행방법위반,건조,맑음,교차로 - 교차로부근,승용,여,60세,상해없음,이륜,남,53세,중상
2018112700100170,2018년 11월 27일 09시,화요일,대구광역시 달서구 송현동,경상사고,0,0,1,0,차대차 - 기타,직진우회전진행방해,건조,맑음,교차로 - 교차로안,승용,여,55세,상해없음,승용,남,48세,경상
2018112700100193,2018년 11월 27일 10시,화요일,대구광역시 서구 이현동,경상사고,0,0,1,0,차대차 - 측면충돌,직진우회전진행방해,건조,맑음,교차로 - 교차로안,화물,남,55세,상해없음,이륜,남,54세,경상
2018112700100220,2018년 11월 27일 11시,화요일,대구광역시 동구 용계동,경상사고,0,0,1,0,차대차 - 측면충돌,안전운전불이행,건조,맑음,교차로 - 교차로안,자전거,남,77세,경상,승용,남,50세,상해없음
2018112700100221,2018년 11월 27일 11시,화요일,대구광역시 동구 신천동,경상사고,0,0,3,0,차대차 - 측면충돌,안전운전불이행,건조,맑음,교차로 - 교차로부근,승용,남,61세,상해없음,승용,남,82세,상해없음
2018112700100222,2018년 11월 27일 11시,화요일,대구광역시 수성구 범어동,경상사고,0,0,1,0,차대차 - 측면충돌,안전거리미확보,건조,맑음,단일로 - 기타,승용,여,45세,상해없음,승용,여,37세,경상
2018112700100223,2018년 11월 27일 11시,화요일,대구광역시 달서구 상인동,경상사고,0,0,1,0,차대차 - 추돌,안전거리미확보,건조,맑음,단일로 - 기타,승용,여,25세,상해없음,화물,남,37세,경상
2018112700100272,2018년 11월 27일 13시,화요일,대구광역시 서구 비산동,경상사고,0,0,1,0,차대차 - 측면충돌,안전운전불이행,건조,맑음,단일로 - 기타,승합,여,59세,상해없음,승용,여,35세,경상
2018112700100298,2018년 11월 27일 14시,화요일,대구광역시 동구 신암동,경상사고,0,0,1,0,차량단독 - 기타,안전운전불이행,건조,맑음,단일로 - 기타,승용,남,59세,상해없음,,,,
2018112700100299,2018년 11월 27일 14시,화요일,대구광역시 북구 산격동,경상사고,0,0,1,0,차대차 - 추돌,안전운전불이행,건조,맑음,교차로 - 교차로부근,승용,남,23세,상해없음,승용,여,47세,경상
2018112700100300,2018년 11월 27일 14시,화요일,대구광역시 북구 태전동,경상사고,0,0,1,0,차대차 - 측면충돌,안전운전불이행,건조,맑음,단일로 - 기타,승용,남,19세,상해없음,승용,남,37세,경상
2018112700100328,2018년 11월 27일 15시,화요일,대구광역시 달서구 신당동,경상사고,0,0,4,0,차대차 - 측면충돌,차로위반,건조,맑음,단일로 - 기타,승용,남,57세,상해없음,승합,남,47세,상해없음
2018112700100354,2018년 11월 27일 16시,화요일,대구광역시 남구 봉덕동,중상사고,0,1,0,0,차대차 - 측면충돌,신호위반,건조,맑음,교차로 - 교차로안,승용,여,43세,상해없음,승용,남,23세,중상
2018112700100355,2018년 11월 27일 16시,화요일,대구광역시 동구 효목동,부상신고사고,0,0,0,1,차대사람 - 기타,보행자보호의무위반,건조,맑음,단일로 - 기타,기타불명,기타불명,미분류,기타불명,보행자,여,71세,부상신고
2018112700100356,2018년 11월 27일 16시,화요일,대구광역시 달성군 화원읍,경상사고,0,0,1,0,차대차 - 기타,신호위반,건조,맑음,교차로 - 교차로안,승용,여,48세,상해없음,자전거,여,66세,경상
2018112700100357,2018년 11월 27일 16시,화요일,대구광역시 북구 칠성동2가,부상신고사고,0,0,0,1,차대차 - 측면충돌,안전운전불이행,건조,맑음,교차로 - 교차로안,이륜,남,33세,부상신고,승용,남,49세,상해없음
2018112700100358,2018년 11월 27일 16시,화요일,대구광역시 서구 원대동1가,사망사고,1,0,0,0,차대사람 - 기타,안전운전불이행,건조,맑음,교차로 - 교차로안,화물,남,59세,상해없음,보행자,여,67세,사망
2018112700100412,2018년 11월 27일 17시,화요일,대구광역시 달서구 상인동,경상사고,0,0,1,0,차대사람 - 기타,보행자보호의무위반,건조,맑음,교차로 - 교차로횡단보도내,승용,남,59세,상해없음,보행자,남,6세,경상
2018112700100413,2018년 11월 27일 17시,화요일,대구광역시 북구 태전동,경상사고,0,0,1,0,차대차 - 측면충돌,안전운전불이행,건조,맑음,단일로 - 기타,승용,남,77세,상해없음,승용,여,49세,경상
2018112700100461,2018년 11월 27일 18시,화요일,대구광역시 달서구 월성동,경상사고,0,0,1,0,차대차 - 측면충돌,직진우회전진행방해,건조,맑음,교차로 - 교차로안,이륜,남,63세,경상,승용,여,50세,상해없음
2018112700100462,2018년 11월 27일 18시,화요일,대구광역시 북구 복현동,경상사고,0,0,2,0,차대차 - 측면충돌,안전거리미확보,건조,맑음,단일로 - 교량,승용,남,38세,경상,화물,남,60세,경상
2018112700100463,2018년 11월 27일 18시,화요일,대구광역시 서구 이현동,부상신고사고,0,0,0,1,차량단독 - 기타,기타,건조,맑음,교차로 - 교차로안,승용,남,66세,상해없음,,,,
2018112700100464,2018년 11월 27일 18시,화요일,대구광역시 달서구 장동,경상사고,0,0,1,0,차대차 - 추돌,안전운전불이행,건조,맑음,교차로 - 교차로부근,승용,여,32세,상해없음,이륜,남,25세,경상
2018112700100465,2018년 11월 27일 18시,화요일,대구광역시 북구 사수동,중상사고,0,1,0,0,차대차 - 측면충돌,교차로운행방법위반,건조,맑음,교차로 - 교차로안,승용,여,36세,상해없음,이륜,남,17세,중상