사고번호,사고일시,요일,시군구,사고내용,사망자수,중상자수,경상자수,부상신고자수,사고유형,법규위반,노면상태,기상상태,도로형태,가해운전자 차종,가해운전자 성별,가해운전자 연령,가해운전자 상해정도,피해운전자 차종,피해운전자 성별,피해운전자 연령,피해운전자 상해정도
2018112700100510,2018년 11월 27일 19시,화요일,대구광역시 동구 입석동,경상사고,0,0,1,0,차대차 - 측면충돌,안전운전불이행,건조,맑음,단일로 - 교량,승용,남,54세,상해없음,승용,남,31세,경상
2018112700100511,2018년 11월 27일 19시,화요일,대구광역시 수성구 황금동,경상사고,0,0,2,0,차대차 - 추돌,안전운전불이행,건조,맑음,단일로 - 기타,승용,남,61세,상해없음,승용,남,27세,경상
2018112700100512,2018년 11월 27일 19시,화요일,대구광역시 달서구 두류동,경상사고,0,0,5,0,차대차 - 기타,안전운전불이행,건조,맑음,단일로 - 기타,승용,여,44세,상해없음,승합,남,57세,경상
2018112700100537,2018년 11월 27일 20시,화요일,대구광역시 북구 산격동,경상사고,0,0,2,0,차대차 - 측면충돌,안전거리미확보,건조,맑음,단일로 - 기타,승용,여,47세,상해없음,승용,남,46세,경상
2018112700100560,2018년 11월 27일 21시,화요일,대구광역시 북구 구암동,경상사고,0,0,1,1,차대차 - 측면충돌,안전운전불이행,건조,맑음,교차로 - 교차로부근,승용,여,26세,부상신고,승용,남,34세,경상
2018112700100583,2018년 11월 27일 22시,화요일,대구광역시 수성구 고모동,경상사고,0,0,3,0,차대차 - 추돌,안전운전불이행,건조,맑음,단일로 - 기타,승용,남,37세,상해없음,승용,여,34세,경상
2018112700100584,2018년 11월 27일 22시,화요일,대구광역시 달서구 신당동,중상사고,0,1,0,0,차대차 - 기타,안전거리미확보,건조,맑음,기타 - 기타,기타불명,기타불명,미분류,기타불명,이륜,남,52세,중상
2018112700100585,2018년 11월 27일 22시,화요일,대구광역시 달서구 신당동,중상사고,0,1,0,0,차대사람 - 차도통행중,안전운전불이행,건조,맑음,단일로 - 기타,기타불명,기타불명,미분류,기타불명,보행자,남,27세,중상
2018112800100023,2018년 11월 28일 01시,수요일,대구광역시 달성군 하빈면,중상사고,0,1,1,0,차대차 - 추돌,안전운전불이행,건조,맑음,단일로 - 기타,승용,남,37세,상해없음,승용,남,40세,중상
2018112800100024,2018년 11월 28일 01시,수요일,대구광역시 달서구 본리동,중상사고,0,1,0,0,차대차 - 측면충돌,신호위반,건조,기타,교차로 - 교차로안,승용,남,58세,상해없음,이륜,남,59세,중상
2018112800100061,2018년 11월 28일 06시,수요일,대구광역시 달성군 논공읍,중상사고,0,2,0,0,차대차 - 추돌,안전운전불이행,건조,맑음,단일로 - 기타,화물,남,58세,중상,화물,남,57세,상해없음
2018112800100066,2018년 11월 28일 06시,수요일,대구광역시 북구 서변동,경상사고,0,0,1,0,차대사람 - 차도통행중,안전운전불이행,건조,맑음,단일로 - 기타,화물,남,49세,상해없음,보행자,남,17세,경상
2018112800100082,2018년 11월 28일 07시,수요일,대구광역시 수성구 범어동,경상사고,0,0,2,0,차대차 - 정면충돌,안전운전불이행,건조,맑음,교차로 - 교차로안,승용,남,83세,상해없음,승용,여,40세,경상
2018112800100123,2018년 11월 28일 08시,수요일,대구광역시 수성구 두산동,경상사고,0,0,1,0,차대차 - 기타,안전운전불이행,건조,맑음,단일로 - 기타,승용,남,31세,상해없음,화물,남,56세,경상
2018112800100124,2018년 11월 28일 08시,수요일,대구광역시 수성구 범물동,경상사고,0,0,3,0,차대차 - 기타,안전운전불이행,건조,맑음,단일로 - 기타,건설기계,남,57세,상해없음,승용,여,62세,상해없음
2018112800100194,2018년 11월 28일 10시,수요일,대구광역시 남구 이천동,경상사고,0,0,1,0,차대차 - 측면충돌,안전운전불이행,건조,맑음,교차로 - 교차로부근,승용,여,33세,상해없음,승용,남,43세,경상
2018112800100195,2018년 11월 28일 10시,수요일,대구광역시 동구 신서동,중상사고,0,1,0,0,차대차 - 기타,안전운전불이행,건조,맑음,교차로 - 교차로부근,승용,남,40세,중상,승용,여,39세,상해없음
2018112800100196,2018년 11월 28일 10시,수요일,대구광역시 달서구 상인동,중상사고,0,1,0,0,차대차 - 측면충돌,안전운전불이행,건조,맑음,교차로 - 교차로안,승용,남,76세,상해없음,자전거,남,25세,중상
2018112800100234,2018년 11월 28일 11시,수요일,대구광역시 달서구 송현동,중상사고,0,1,0,0,차대차 - 기타,안전거리미확보,건조,맑음,단일로 - 기타,기타불명,기타불명,미분류,기타불명,이륜,남,67세,중상
2018112800100235,2018년 11월 28일 11시,수요일,대구광역시 달서구 상인동,경상사고,0,0,1,0,차대사람 - 차도통행중,안전운전불이행,건조,맑음,단일로 - 기타,승용,여,40세,상해없음,보행자,여,20세,경상
2018112800100297,2018년 11월 28일 13시,수요일,대구광역시 북구 고성동3가,중상사고,0,1,0,1,차대차 - 측면충돌,직진우회전진행방해,건조,맑음,교차로 - 교차로안,승용,남,32세,부상신고,승용,남,61세,중상
2018112800100298,2018년 11월 28일 13시,수요일,대구광역시 북구 칠성동2가,경상사고,0,0,1,0,차대차 - 기타,안전운전불이행,건조,맑음,단일로 - 기타,승용,남,79세,상해없음,승용,여,56세,경상
2018112800100299,2018년 11월 28일 13시,수요일,대구광역시 달서구 성당동,중상사고,0,1,0,0,차대차 - 측면충돌,안전거리미확보,건조,맑음,단일로 - 기타,승용,여,57세,상해없음,승용,남,43세,중상
2018112800100329,2018년 11월 28일 14시,수요일,대구광역시 북구 읍내동,부상신고사고,0,0,0,1,차대차 - 측면충돌,안전운전불이행,건조,맑음,단일로 - 기타,자전거,남,미분류,부상신고,승용,여,49세,상해없음
2018112800100361,2018년 11월 28일 15시,수요일,대구광역시 중구 덕산동,중상사고,0,1,0,0,차대차 - 측면충돌,신호위반,건조,맑음,교차로 - 교차로안,승용,남,69세,상해없음,이륜,남,65세,중상
2018112800100399,2018년 11월 28일 16시,수요일,대구광역시 북구 노원동1가,중상사고,0,1,0,0,차대사람 - 보도통행중,기타,건조,맑음,단일로 - 기타,승용,남,70세,상해없음,보행자,남,14세,중상
2018112800100400,2018년 11월 28일 16시,수요일,대구광역시 북구 침산동,중상사고,0,1,0,0,차대사람 - 횡단중,안전운전불이행,건조,맑음,교차로 - 교차로안,승용,남,77세,상해없음,보행자,남,14세,중상
2018112800100401,2018년 11월 28일 16시,수요일,대구광역시 서구 비산동,경상사고,0,0,2,0,차대차 - 추돌,안전운전불이행,건조,맑음,교차로 - 교차로부근,승용,여,47세,상해없음,승용,여,52세,경상
2018112800100402,2018년 11월 28일 16시,수요일,대구광역시 북구 학정동,중상사고,0,1,0,0,차대사람 - 기타,안전운전불이행,건조,맑음,단일로 - 기타,승용,여,33세,상해없음,보행자,여,84세,중상
2018112800100432,2018년 11월 28일 17시,수요일,대구광역시 북구 금호동,경상사고,0,0,1,0,차대차 - 측면충돌,안전운전불이행,건조,맑음,단일로 - 기타,화물,남,69세,상해없음,승용,남,38세,경상
2018112800100434,2018년 11월 28일 17시,수요일,대구광역시 수성구 두산동,경상사고,0,0,1,0,차대사람 - 보도통행중,중앙선침범,건조,맑음,단일로 - 기타,이륜,남,27세,상해없음,보행자,여,61세,경상
2018112800100435,2018년 11월 28일 17시,수요일,대구광역시 수성구 만촌동,경상사고,0,0,1,0,차대차 - 추돌,안전운전불이행,건조,맑음,교차로 - 교차로안,이륜,남,19세,상해없음,승용,남,29세,경상
2018112800100436,2018년 11월 28일 17시,수요일,대구광역시 수성구 만촌동,경상사고,0,0,1,0,차대사람 - 기타,안전운전불이행,건조,맑음,단일로 - 기타,개인형이동수단(PM),여,82세,상해없음,보행자,여,71세,경상
2018112800100437,2018년 11월 28일 17시,수요일,대구광역시 북구 복현동,경상사고,0,0,1,0,차대차 - 추돌,안전운전불이행,건조,맑음,단일로 - 기타,승용,남,55세,상해없음,승용,여,44세,경상
2018112800100438,2018년 11월 28일 17시,수요일,대구광역시 북구 서변동,경상사고,0,0,2,1,차대차 - 추돌,안전운전불이행,건조,맑음,단일로 - 기타,승용,여,43세,상해없음,승용,남,32세,부상신고
2018112800100488,2018년 11월 28일 18시,수요일,대구광역시 북구 동천동,경상사고,0,0,1,0,차대차 - 기타,안전운전불이행,건조,맑음,단일로 - 기타,승용,여,49세,상해없음,이륜,남,17세,경상
2018112800100530,2018년 11월 28일 19시,수요일,대구광역시 동구 입석동,경상사고,0,0,4,0,차대차 - 추돌,안전거리미확보,건조,맑음,단일로 - 기타,승합,남,54세,상해없음,승용,남,42세,경상
2018112800100531,2018년 11월 28일 19시,수요일,대구광역시 달서구 상인동,중상사고,0,1,1,0,차대차 - 추돌,차로위반,건조,맑음,단일로 - 기타,승용,남,65세,상해없음,이륜,남,18세,경상
2018112800100532,2018년 11월 28일 19시,수요일,대구광역시 달서구 진천동,경상사고,0,0,1,0,차대사람 - 기타,안전운전불이행,건조,맑음,단일로 - 기타,승용,남,54세,상해없음,보행자,여,23세,경상
2018112800100533,2018년 11월 28일 19시,수요일,대구광역시 달서구 두류동,중상사고,0,1,0,0,차대사람 - 보도통행중,보행자보호의무위반,건조,기타,단일로 - 기타,승합,남,69세,상해없음,보행자,남,64세,중상
2018112800100561,2018년 11월 28일 20시,수요일,대구광역시 서구 상리동,중상사고,0,1,1,0,차대차 - 측면충돌,안전거리미확보,건조,맑음,단일로 - 기타,승용,여,58세,상해없음,승용,남,54세,경상
2018112800100562,2018년 11월 28일 20시,수요일,대구광역시 서구 평리동,경상사고,0,0,2,0,차대차 - 추돌,안전운전불이행,건조,맑음,교차로 - 교차로부근,승용,여,39세,상해없음,승용,남,51세,경상
2018112800100594,2018년 11월 28일 21시,수요일,대구광역시 동구 효목동,중상사고,0,1,0,0,차대사람 - 보도통행중,신호위반,건조,맑음,교차로 - 교차로안,승용,남,39세,상해없음,보행자,여,50세,중상
2018112800100595,2018년 11월 28일 21시,수요일,대구광역시 수성구 범어동,경상사고,0,0,1,0,차대차 - 측면충돌,교차로운행방법위반,건조,맑음,교차로 - 교차로안,승용,남,48세,상해없음,화물,남,53세,경상
2018112800100596,2018년 11월 28일 21시,수요일,대구광역시 수성구 범어동,중상사고,0,2,0,0,차대차 - 측면충돌,교차로운행방법위반,건조,맑음,교차로 - 교차로안,승용,여,39세,상해없음,승용,남,55세,중상
2018112800100597,2018년 11월 28일 21시,수요일,대구광역시 수성구 만촌동,중상사고,0,1,0,0,차대사람 - 기타,안전운전불이행,건조,맑음,단일로 - 기타,승용,남,46세,상해없음,보행자,여,51세,중상
2018112800100622,2018년 11월 28일 22시,수요일,대구광역시 동구 신천동,경상사고,0,0,1,0,차대차 - 측면충돌,차로위반,건조,맑음,단일로 - 기타,승용,여,32세,상해없음,이륜,남,25세,경상
2018112800100623,2018년 11월 28일 22시,수요일,대구광역시 달성군 현풍읍,경상사고,0,0,2,0,차대차 - 측면충돌,교차로운행방법위반,건조,맑음,교차로 - 교차로안,승용,남,24세,상해없음,승용,남,71세,경상
2018112800100644,2018년 11월 28일 23시,수요일,대구광역시 수성구 황금동,중상사고,0,1,1,0,차대차 - 기타,신호위반,건조,맑음,교차로 - 교차로부근,승용,남,45세,상해없음,이륜,남,23세,경상
2018112900100011,2018년 11월 29일 00시,목요일,대구광역시 북구 서변동,중상사고,0,1,0,0,차대차 - 정면충돌,중앙선침범,건조,맑음,단일로 - 기타,승용,남,28세,상해없음,승용,여,54세,중상
2018112900100025,2018년 11월 29일 01시,목요일,대구광역시 서구 내당동,중상사고,0,1,1,0,차대차 - 측면충돌,안전거리미확보,건조,맑음,단일로 - 기타,승용,여,53세,상해없음,승용,여,61세,중상
2018112900100026,2018년 11월 29일 01시,목요일,대구광역시 중구 동인동1가,경상사고,0,0,3,0,차대차 - 측면충돌,안전거리미확보,건조,맑음,교차로 - 교차로안,승용,남,59세,상해없음,승용,남,27세,경상
2018112900100067,2018년 11월 29일 06시,목요일,대구광역시 수성구 지산동,경상사고,0,0,1,0,차대차 - 측면충돌,신호위반,건조,맑음,교차로 - 교차로안,승합,남,48세,상해없음,승용,남,45세,경상
2018112900100068,2018년 11월 29일 06시,목요일,대구광역시 북구 복현동,경상사고,0,0,2,0,차대차 - 기타,신호위반,건조,맑음,교차로 - 교차로안,승용,남,47세,경상,화물,남,31세,경상
2018112900100069,2018년 11월 29일 06시,목요일,대구광역시 달서구 이곡동,경상사고,0,0,1,0,차대차 - 기타,안전운전불이행,건조,맑음,단일로 - 기타,승용,남,40세,상해없음,자전거,남,46세,경상
2018112900100085,2018년 11월 29일 07시,목요일,대구광역시 수성구 범어동,부상신고사고,0,0,0,1,차대차 - 측면충돌,안전운전불이행,건조,맑음,단일로 - 기타,승용,여,42세,상해없음,자전거,남,51세,부상신고
2018112900100086,2018년 11월 29일 07시,목요일,대구광역시 달성군 현풍읍,중상사고,0,1,1,0,차대차 - 기타,교차로운행방법위반,건조,맑음,교차로 - 교차로안,자전거,여,50세,중상,자전거,남,13세,경상
2018112900100087,2018년 11월 29일 07시,목요일,대구광역시 서구 이현동,부상신고사고,0,0,0,1,차대차 - 측면충돌,중앙선침범,건조,맑음,단일로 - 기타,이륜,남,74세,부상신고,화물,남,45세,상해없음
2018112900100115,2018년 11월 29일 08시,목요일,대구광역시 수성구 만촌동,경상사고,0,0,1,0,차대사람 - 기타,안전운전불이행,건조,맑음,단일로 - 기타,승용,여,47세,상해없음,보행자,여,17세,경상
2018112900100116,2018년 11월 29일 08시,목요일,대구광역시 수성구 시지동,경상사고,0,0,2,0,차대차 - 추돌,안전거리미확보,건조,맑음,단일로 - 기타,승용,여,31세,상해없음,승용,남,50세,경상
2018112900100146,2018년 11월 29일 09시,목요일,대구광역시 북구 금호동,경상사고,0,0,1,1,차대차 - 측면충돌,안전운전불이행,건조,맑음,단일로 - 기타,승용,남,39세,부상신고,화물,남,40세,경상
2018112900100171,2018년 11월 29일 10시,목요일,대구광역시 서구 비산동,경상사고,0,0,1,0,차대차 - 측면충돌,안전운전불이행,건조,맑음,교차로 - 교차로횡단보도내,승용,여,57세,상해없음,자전거,남,15세,경상
2018112900100198,2018년 11월 29일 11시,목요일,대구광역시 서구 내당동,경상사고,0,0,1,1,차대차 - 측면충돌,신호위반,건조,맑음,교차로 - 교차로안,승용,남,51세,부상신고,승용,남,67세,경상
2018112900100222,2018년 11월 29일 12시,목요일,대구광역시 북구 산격동,경상사고,0,0,1,1,차대차 - 측면충돌,안전운전불이행,건조,맑음,교차로 - 교차로부근,이륜,여,23세,부상신고,승용,여,37세,경상
2018112900100223,2018년 11월 29일 12시,목요일,대구광역시 서구 평리동,경상사고,0,0,2,0,차대차 - 추돌,안전거리미확보,건조,맑음,단일로 - 기타,승용,여,61세,상해없음,승합,남,35세,경상
2018112900100247,2018년 11월 29일 13시,목요일,대구광역시 수성구 수성동1가,중상사고,0,1,0,1,차대차 - 측면충돌,교차로운행방법위반,건조,맑음,교차로 - 교차로안,건설기계,남,53세,상해없음,승용,여,24세,중상
2018112900100273,2018년 11월 29일 14시,목요일,대구광역시 남구 대명동,경상사고,0,0,3,0,차대차 - 측면충돌,안전운전불이행,건조,맑음,단일로 - 기타,승용,남,26세,상해없음,승용,여,51세,경상
2018112900100305,2018년 11월 29일 15시,목요일,대구광역시 남구 대명동,중상사고,0,1,0,0,차대차 - 측면충돌,중앙선침범,건조,맑음,단일로 - 기타,승용,남,75세,상해없음,승용,남,69세,중상
2018112900100306,2018년 11월 29일 15시,목요일,대구광역시 남구 봉덕동,경상사고,0,0,2,0,차대차 - 측면충돌,교차로운행방법위반,건조,맑음,교차로 - 교차로안,승용,남,38세,경상,승용,여,50세,경상
2018112900100307,2018년 11월 29일 15시,목요일,대구광역시 달성군 옥포읍,경상사고,0,0,2,0,차대차 - 추돌,안전거리미확보,건조,맑음,교차로 - 교차로부근,승합,남,66세,상해없음,승용,남,54세,경상
2018112900100308,2018년 11월 29일 15시,목요일,대구광역시 북구 읍내동,중상사고,0,1,0,0,차대사람 - 보도통행중,기타,건조,흐림,기타 - 기타,화물,남,23세,상해없음,보행자,남,76세,중상
2018112900100309,2018년 11월 29일 15시,목요일,대구광역시 북구 태전동,경상사고,0,0,1,0,차대차 - 기타,안전운전불이행,건조,맑음,단일로 - 기타,승합,남,59세,상해없음,승합,남,56세,상해없음
2018112900100342,2018년 11월 29일 16시,목요일,대구광역시 달서구 본리동,경상사고,0,0,2,0,차대차 - 측면충돌,교차로운행방법위반,건조,맑음,교차로 - 교차로안,승용,여,57세,경상,건설기계,남,59세,경상
2018112900100343,2018년 11월 29일 16시,목요일,대구광역시 달서구 송현동,경상사고,0,0,2,0,차대사람 - 차도통행중,안전운전불이행,건조,맑음,단일로 - 기타,승용,남,26세,상해없음,보행자,여,39세,경상
2018112900100344,2018년 11월 29일 16시,목요일,대구광역시 중구 동산동,경상사고,0,0,1,0,차대차 - 기타,안전운전불이행,건조,맑음,단일로 - 기타,이륜,남,75세,기타불명,이륜,남,22세,경상
2018112900100435,2018년 11월 29일 18시,목요일,대구광역시 수성구 만촌동,중상사고,0,1,0,1,차대차 - 기타,안전운전불이행,건조,맑음,단일로 - 기타,승용,남,65세,부상신고,이륜,남,35세,중상
2018112900100436,2018년 11월 29일 18시,목요일,대구광역시 수성구 중동,부상신고사고,0,0,0,1,차대차 - 측면충돌,안전운전불이행,건조,맑음,교차로 - 교차로안,이륜,남,28세,부상신고,승용,여,59세,상해없음
2018112900100437,2018년 11월 29일 18시,목요일,대구광역시 북구 산격동,경상사고,0,0,2,0,차대차 - 추돌,안전운전불이행,건조,맑음,단일로 - 기타,화물,남,36세,경상,화물,남,57세,경상
2018112900100438,2018년 11월 29일 18시,목요일,대구광역시 서구 내당동,중상사고,0,1,0,0,차대사람 - 기타,안전운전불이행,건조,맑음,교차로 - 교차로안,승용,남,32세,상해없음,보행자,남,63세,중상
2018112900100476,2018년 11월 29일 19시,목요일,대구광역시 수성구 지산동,중상사고,0,1,0,0,차대차 - 측면충돌,안전거리미확보,건조,맑음,단일로 - 기타,승용,여,62세,상해없음,이륜,남,52세,중상
2018112900100477,2018년 11월 29일 19시,목요일,대구광역시 북구 노원동2가,중상사고,0,1,1,0,차대차 - 정면충돌,안전운전불이행,건조,맑음,교차로 - 교차로안,승용,남,33세,상해없음,이륜,남,42세,경상
2018112900100478,2018년 11월 29일 19시,목요일,대구광역시 서구 평리동,경상사고,0,0,1,0,차대차 - 측면충돌,안전거리미확보,건조,맑음,단일로 - 기타,승합,여,55세,상해없음,승용,남,62세,경상
2018112900100479,2018년 11월 29일 19시,목요일,대구광역시 달서구 성당동,경상사고,0,0,1,0,차대차 - 기타,중앙선침범,건조,맑음,단일로 - 기타,승용,여,43세,상해없음,원동기,남,17세,경상
2018112900100504,2018년 11월 29일 20시,목요일,대구광역시 동구 용계동,경상사고,0,0,1,0,차대차 - 추돌,안전운전불이행,건조,맑음,교차로 - 교차로부근,승용,여,61세,상해없음,승용,여,22세,경상
2018112900100505,2018년 11월 29일 20시,목요일,대구광역시 수성구 수성동4가,경상사고,0,0,2,0,차대차 - 측면충돌,안전운전불이행,건조,맑음,교차로 - 교차로부근,승용,남,50세,상해없음,승용,여,30세,경상
2018112900100528,2018년 11월 29일 21시,목요일,대구광역시 중구 덕산동,중상사고,0,1,0,0,차대사람 - 기타,안전운전불이행,건조,맑음,단일로 - 기타,승용,여,41세,상해없음,보행자,여,23세,중상
2018112900100552,2018년 11월 29일 22시,목요일,대구광역시 달서구 대곡동,경상사고,0,0,1,0,차대차 - 측면충돌,신호위반,건조,맑음,교차로 - 교차로안,승용,여,28세,상해없음,승용,남,55세,경상
2018112900100568,2018년 11월 29일 23시,목요일,대구광역시 북구 관음동,경상사고,0,0,1,0,차대차 - 기타,안전운전불이행,건조,맑음,단일로 - 기타,기타불명,기타불명,미분류,기타불명,승용,남,38세,경상
2018112900100569,2018년 11월 29일 23시,목요일,대구광역시 서구 내당동,중상사고,0,2,0,0,차대차 - 측면충돌,안전거리미확보,건조,맑음,단일로 - 기타,승용,남,27세,상해없음,승용,남,60세,중상
2018112900100570,2018년 11월 29일 23시,목요일,대구광역시 달서구 용산동,경상사고,0,0,1,0,차대차 - 측면충돌,안전운전불이행,건조,맑음,기타 - 기타,승용,남,30세,기타불명,이륜,남,29세,경상
2018113000100020,2018년 11월 30일 00시,금요일,대구광역시 북구 동천동,경상사고,0,0,1,0,차대차 - 기타,안전운전불이행,건조,맑음,교차로 - 교차로안,승용,남,34세,상해없음,승용,남,38세,경상
2018113000100032,2018년 11월 30일 01시,금요일,대구광역시 수성구 신매동,경상사고,0,0,3,0,차대차 - 추돌,안전운전불이행,건조,맑음,단일로 - 기타,승용,남,64세,상해없음,승용,여,54세,경상
2018113000100102,2018년 11월 30일 07시,금요일,대구광역시 수성구 만촌동,중상사고,0,1,0,0,차량단독 - 공작물충돌,안전운전불이행,건조,맑음,교차로 - 교차로부근,승용,남,31세,중상,,,,
2018113000100141,2018년 11월 30일 08시,금요일,대구광역시 북구 태전동,경상사고,0,0,2,0,차대차 - 추돌,안전운전불이행,건조,맑음,단일로 - 기타,승용,남,23세,상해없음,승용,여,21세,경상
2018113000100166,2018년 11월 30일 09시,금요일,대구광역시 동구 불로동,경상사고,0,0,1,0,차대차 - 측면충돌,안전운전불이행,건조,맑음,단일로 - 기타,화물,남,28세,상해없음,승용,여,48세,경상
2018113000100169,2018년 11월 30일 09시,금요일,대구광역시 서구 내당동,경상사고,0,0,1,0,차대차 - 추돌,안전운전불이행,건조,맑음,단일로 - 기타,승용,남,33세,상해없음,승용,남,38세,경상
2018113000100170,2018년 11월 30일 09시,금요일,대구광역시 달서구 장기동,경상사고,0,0,1,0,차대차 - 측면충돌,안전거리미확보,건조,맑음,단일로 - 기타,승용,남,75세,상해없음,승용,남,25세,경상
2018113000100232,2018년 11월 30일 11시,금요일,대구광역시 수성구 만촌동,중상사고,0,1,5,0,차대차 - 측면충돌,안전거리미확보,건조,맑음,단일로 - 기타,승용,여,28세,상해없음,승용,여,28세,경상
2018113000100233,2018년 11월 30일 11시,금요일,대구광역시 달성군 논공읍,경상사고,0,0,1,0,차대차 - 기타,안전운전불이행,건조,맑음,단일로 - 기타,승용,남,61세,상해없음,화물,남,62세,경상
2018113000100234,2018년 11월 30일 11시,금요일,대구광역시 달서구 장기동,경상사고,0,0,1,0,차대사람 - 기타,안전운전불이행,건조,맑음,단일로 - 기타,승용,남,43세,상해없음,보행자,남,54세,경상
2018113000100269,2018년 11월 30일 12시,금요일,대구광역시 남구 대명동,경상사고,0,0,1,0,차대차 - 기타,차로위반,건조,맑음,교차로 - 교차로부근,승합,남,54세,상해없음,이륜,남,23세,경상
2018113000100270,2018년 11월 30일 12시,금요일,대구광역시 서구 비산동,경상사고,0,0,1,0,차대차 - 측면충돌,안전운전불이행,건조,맑음,교차로 - 교차로부근,이륜,남,41세,상해없음,승용,남,45세,경상
2018113000100299,2018년 11월 30일 13시,금요일,대구광역시 중구 남산동,경상사고,0,0,1,0,차대차 - 측면충돌,안전운전불이행,건조,흐림,단일로 - 기타,자전거,남,83세,경상,이륜,남,42세,상해없음
2018113000100300,2018년 11월 30일 13시,금요일,대구광역시 북구 팔달동,경상사고,0,0,1,1,차대차 - 기타,안전운전불이행,건조,맑음,단일로 - 기타,승용,남,77세,부상신고,화물,남,41세,상해없음
2018113000100335,2018년 11월 30일 14시,금요일,대구광역시 수성구 범물동,경상사고,0,0,1,0,차대사람 - 횡단중,안전운전불이행,건조,맑음,단일로 - 기타,승용,남,24세,상해없음,보행자,남,8세,경상
2018113000100375,2018년 11월 30일 15시,금요일,대구광역시 서구 내당동,경상사고,0,0,1,0,차대차 - 기타,안전운전불이행,건조,맑음,단일로 - 기타,승용,남,56세,상해없음,자전거,남,80세,경상
2018113000100408,2018년 11월 30일 16시,금요일,대구광역시 동구 방촌동,경상사고,0,0,1,1,차대차 - 측면충돌,안전거리미확보,건조,맑음,단일로 - 기타,승용,여,49세,상해없음,이륜,남,22세,경상
2018113000100409,2018년 11월 30일 16시,금요일,대구광역시 수성구 이천동,경상사고,0,0,1,0,차대차 - 기타,안전운전불이행,건조,맑음,단일로 - 기타,화물,남,58세,상해없음,이륜,남,40세,경상
2018113000100410,2018년 11월 30일 16시,금요일,대구광역시 수성구 범어동,경상사고,0,0,1,0,차대차 - 측면충돌,차로위반,건조,맑음,교차로 - 교차로부근,승용,남,36세,경상,승용,남,84세,상해없음
2018113000100411,2018년 11월 30일 16시,금요일,대구광역시 달서구 송현동,경상사고,0,0,1,0,차대차 - 측면충돌,직진우회전진행방해,건조,맑음,교차로 - 교차로안,승용,여,38세,상해없음,자전거,남,16세,경상
2018113000100412,2018년 11월 30일 16시,금요일,대구광역시 중구 시장북로,경상사고,0,0,1,0,차대차 - 측면충돌,불법유턴,건조,맑음,단일로 - 기타,이륜,남,68세,경상,승용,남,21세,상해없음
2018113000100413,2018년 11월 30일 16시,금요일,대구광역시 달서구 감삼동,경상사고,0,0,2,0,차대차 - 측면충돌,안전운전불이행,건조,맑음,단일로 - 기타,승용,남,59세,경상,승용,남,39세,경상
2018113000100467,2018년 11월 30일 17시,금요일,대구광역시 남구 대명동,중상사고,0,1,0,0,차대차 - 기타,기타,건조,맑음,단일로 - 기타,승용,남,62세,상해없음,이륜,남,35세,중상
2018113000100468,2018년 11월 30일 17시,금요일,대구광역시 동구 봉무동,경상사고,0,0,1,2,차대차 - 추돌,불법유턴,건조,맑음,단일로 - 기타,자전거,남,8세,상해없음,승용,여,29세,경상
2018113000100469,2018년 11월 30일 17시,금요일,대구광역시 달서구 송현동,경상사고,0,0,1,0,차대차 - 측면충돌,안전운전불이행,건조,맑음,단일로 - 기타,원동기,여,65세,경상,승용,여,52세,상해없음
2018113000100470,2018년 11월 30일 17시,금요일,대구광역시 달성군 논공읍,경상사고,0,0,2,0,차대차 - 측면충돌,안전운전불이행,건조,맑음,교차로 - 교차로부근,승합,남,64세,상해없음,승합,남,34세,경상
2018113000100471,2018년 11월 30일 17시,금요일,대구광역시 서구 중리동,경상사고,0,0,1,0,차대차 - 추돌,안전운전불이행,건조,맑음,단일로 - 기타,승용,남,58세,상해없음,이륜,남,38세,경상
2018113000100472,2018년 11월 30일 17시,금요일,대구광역시 중구 공평동,부상신고사고,0,0,0,1,차량단독 - 공작물충돌,안전운전불이행,건조,맑음,단일로 - 기타,이륜,남,52세,부상신고,,,,
2018113000100536,2018년 11월 30일 18시,금요일,대구광역시 달서구 진천동,경상사고,0,0,1,0,차대사람 - 기타,안전운전불이행,건조,맑음,단일로 - 기타,승용,여,30세,상해없음,보행자,남,59세,경상
2018113000100537,2018년 11월 30일 18시,금요일,대구광역시 서구 평리동,중상사고,0,1,0,0,차대사람 - 기타,안전운전불이행,건조,맑음,단일로 - 기타,승용,남,62세,상해없음,보행자,여,51세,중상
2018113000100538,2018년 11월 30일 18시,금요일,대구광역시 서구 비산동,경상사고,0,0,1,0,차대사람 - 차도통행중,안전운전불이행,건조,맑음,교차로 - 교차로안,화물,남,51세,상해없음,보행자,남,51세,경상
2018113000100540,2018년 11월 30일 18시,금요일,대구광역시 달서구 이곡동,부상신고사고,0,0,0,2,차대차 - 측면충돌,안전운전불이행,건조,기타,교차로 - 교차로부근,화물,남,70세,상해없음,이륜,남,20세,부상신고
2018113000100619,2018년 11월 30일 20시,금요일,대구광역시 동구 신천동,경상사고,0,0,1,0,차대차 - 기타,안전운전불이행,건조,맑음,교차로 - 교차로부근,승용,여,44세,상해없음,승용,남,53세,경상