사고번호,사고일시,요일,시군구,사고내용,사망자수,중상자수,경상자수,부상신고자수,사고유형,법규위반,노면상태,기상상태,도로형태,가해운전자 차종,가해운전자 성별,가해운전자 연령,가해운전자 상해정도,피해운전자 차종,피해운전자 성별,피해운전자 연령,피해운전자 상해정도
2018120700100384,2018년 12월 7일 15시,금요일,대구광역시 북구 칠성동1가,경상사고,0,0,1,0,차대차 - 측면충돌,교차로운행방법위반,건조,맑음,교차로 - 교차로안,승용,남,26세,상해없음,이륜,남,26세,경상
2018120700100385,2018년 12월 7일 15시,금요일,대구광역시 서구 비산동,경상사고,0,0,1,0,차대차 - 측면충돌,안전거리미확보,건조,맑음,단일로 - 기타,승용,남,58세,상해없음,화물,남,49세,경상
2018120700100430,2018년 12월 7일 16시,금요일,대구광역시 수성구 신매동,경상사고,0,0,1,0,차대사람 - 횡단중,보행자보호의무위반,건조,맑음,단일로 - 기타,승용,남,30세,상해없음,보행자,남,57세,경상
2018120700100431,2018년 12월 7일 16시,금요일,대구광역시 달서구 월성동,경상사고,0,0,1,0,차대차 - 기타,안전운전불이행,건조,맑음,교차로 - 교차로부근,기타불명,기타불명,미분류,기타불명,이륜,남,59세,경상
2018120700100493,2018년 12월 7일 17시,금요일,대구광역시 서구 내당동,중상사고,0,1,1,0,차대차 - 추돌,안전운전불이행,건조,맑음,단일로 - 기타,승용,남,28세,상해없음,승용,남,61세,중상
2018120700100494,2018년 12월 7일 17시,금요일,대구광역시 북구 사수동,경상사고,0,0,1,0,차대차 - 측면충돌,안전운전불이행,건조,맑음,단일로 - 기타,승용,여,49세,상해없음,이륜,남,38세,경상
2018120700100495,2018년 12월 7일 17시,금요일,대구광역시 북구 읍내동,중상사고,0,1,0,0,차대차 - 측면충돌,직진우회전진행방해,건조,맑음,교차로 - 교차로안,승합,여,44세,상해없음,자전거,남,69세,중상
2018120700100540,2018년 12월 7일 18시,금요일,대구광역시 달서구 대곡동,경상사고,0,0,1,1,차대차 - 측면충돌,교차로운행방법위반,건조,맑음,교차로 - 교차로안,승용,남,68세,부상신고,승용,여,35세,경상
2018120700100541,2018년 12월 7일 18시,금요일,대구광역시 서구 내당동,경상사고,0,0,1,0,차대차 - 측면충돌,신호위반,건조,맑음,교차로 - 교차로안,승용,남,33세,상해없음,이륜,남,22세,경상
2018120700100542,2018년 12월 7일 18시,금요일,대구광역시 달서구 감삼동,중상사고,0,1,2,0,차대차 - 기타,기타,건조,맑음,단일로 - 기타,승용,남,48세,경상,이륜,남,45세,중상
2018120700100543,2018년 12월 7일 18시,금요일,대구광역시 북구 서변동,경상사고,0,0,2,0,차대차 - 기타,안전거리미확보,건조,맑음,단일로 - 기타,화물,남,54세,상해없음,승용,남,24세,경상
2018120700100544,2018년 12월 7일 18시,금요일,대구광역시 북구 팔달동,경상사고,0,0,1,1,차대차 - 측면충돌,안전운전불이행,건조,맑음,단일로 - 기타,승용,여,36세,부상신고,승용,여,50세,경상
2018120700100580,2018년 12월 7일 19시,금요일,대구광역시 달성군 화원읍,경상사고,0,0,2,0,차대차 - 측면충돌,안전운전불이행,건조,맑음,교차로 - 교차로부근,승용,남,59세,상해없음,이륜,남,22세,경상
2018120700100608,2018년 12월 7일 20시,금요일,대구광역시 북구 노원동3가,부상신고사고,0,0,0,1,차대사람 - 기타,안전운전불이행,건조,맑음,교차로 - 교차로횡단보도내,승용,남,39세,상해없음,보행자,남,59세,부상신고
2018120700100609,2018년 12월 7일 20시,금요일,대구광역시 서구 평리동,경상사고,0,0,1,0,차대차 - 추돌,안전운전불이행,건조,맑음,교차로 - 교차로부근,승용,남,37세,상해없음,원동기,남,38세,경상
2018120700100610,2018년 12월 7일 20시,금요일,대구광역시 달서구 장동,경상사고,0,0,1,0,차대차 - 추돌,안전운전불이행,건조,맑음,교차로 - 교차로부근,승용,남,37세,상해없음,승용,남,54세,경상
2018120700100611,2018년 12월 7일 20시,금요일,대구광역시 달서구 감삼동,중상사고,0,1,0,0,차대사람 - 횡단중,안전운전불이행,건조,기타,단일로 - 기타,승용,남,38세,상해없음,보행자,여,66세,중상
2018120700100686,2018년 12월 7일 22시,금요일,대구광역시 달서구 호산동,중상사고,0,1,0,0,차대사람 - 차도통행중,안전운전불이행,건조,맑음,기타 - 기타,승합,남,50세,상해없음,보행자,남,48세,중상
2018120700100713,2018년 12월 7일 23시,금요일,대구광역시 북구 산격동,경상사고,0,0,2,0,차대차 - 측면충돌,안전거리미확보,건조,맑음,단일로 - 기타,승합,남,58세,상해없음,승용,남,44세,경상
2018120700100714,2018년 12월 7일 23시,금요일,대구광역시 서구 이현동,중상사고,0,1,1,0,차대차 - 측면충돌,안전거리미확보,건조,맑음,단일로 - 기타,승용,남,41세,상해없음,승용,남,63세,경상
2018120800100019,2018년 12월 8일 00시,토요일,대구광역시 동구 신암동,경상사고,0,0,1,0,차량단독 - 전도전복 - 전도,안전운전불이행,건조,맑음,단일로 - 기타,이륜,남,47세,경상,미분류,미분류,미분류,미분류
2018120800100039,2018년 12월 8일 01시,토요일,대구광역시 남구 봉덕동,경상사고,0,0,1,0,차대차 - 측면충돌,안전운전불이행,건조,맑음,기타 - 기타,승용,남,46세,상해없음,승용,남,24세,경상
2018120800100040,2018년 12월 8일 01시,토요일,대구광역시 남구 이천동,경상사고,0,0,1,0,차대차 - 추돌,안전운전불이행,건조,맑음,교차로 - 교차로부근,승용,남,63세,상해없음,승용,남,48세,경상
2018120800100054,2018년 12월 8일 02시,토요일,대구광역시 수성구 두산동,경상사고,0,0,1,0,차대차 - 추돌,안전운전불이행,건조,맑음,단일로 - 기타,승용,여,59세,상해없음,승용,여,26세,경상
2018120800100063,2018년 12월 8일 03시,토요일,대구광역시 중구 동인동4가,중상사고,0,1,2,0,차대차 - 측면충돌,신호위반,건조,맑음,교차로 - 교차로안,승용,여,32세,경상,승용,남,65세,중상
2018120800100064,2018년 12월 8일 03시,토요일,대구광역시 북구 태전동,중상사고,0,1,0,0,차대차 - 측면충돌,신호위반,건조,맑음,교차로 - 교차로안,화물,남,49세,상해없음,승용,남,42세,중상
2018120800100079,2018년 12월 8일 04시,토요일,대구광역시 달서구 두류동,경상사고,0,0,1,1,차대차 - 추돌,안전운전불이행,건조,맑음,교차로 - 교차로부근,승용,남,18세,상해없음,이륜,남,17세,경상
2018120800100112,2018년 12월 8일 07시,토요일,대구광역시 남구 봉덕동,경상사고,0,0,1,0,차대차 - 측면충돌,안전거리미확보,건조,맑음,단일로 - 기타,승용,남,74세,상해없음,화물,남,42세,경상
2018120800100130,2018년 12월 8일 08시,토요일,대구광역시 달서구 월성동,경상사고,0,0,1,0,차대차 - 측면충돌,안전운전불이행,건조,맑음,교차로 - 교차로부근,승용,여,56세,상해없음,승용,여,28세,경상
2018120800100131,2018년 12월 8일 08시,토요일,대구광역시 중구 봉산동,경상사고,0,0,1,0,차대차 - 측면충돌,교차로운행방법위반,건조,맑음,교차로 - 교차로안,승용,남,71세,상해없음,승용,남,64세,경상
2018120800100155,2018년 12월 8일 09시,토요일,대구광역시 달성군 하빈면,중상사고,0,1,1,0,차대차 - 기타,안전운전불이행,건조,맑음,교차로 - 교차로안,이륜,남,60세,중상,화물,남,58세,경상
2018120800100211,2018년 12월 8일 11시,토요일,대구광역시 동구 봉무동,경상사고,0,0,1,0,차대차 - 측면충돌,신호위반,건조,맑음,교차로 - 교차로안,승합,남,58세,상해없음,승용,여,42세,경상
2018120800100212,2018년 12월 8일 11시,토요일,대구광역시 달서구 감삼동,경상사고,0,0,1,0,차대차 - 측면충돌,안전운전불이행,건조,맑음,교차로 - 교차로안,자전거,남,32세,경상,승용,여,49세,상해없음
2018120800100240,2018년 12월 8일 12시,토요일,대구광역시 북구 태전동,부상신고사고,0,0,0,1,차대차 - 기타,안전운전불이행,건조,맑음,교차로 - 교차로안,이륜,남,58세,부상신고,승용,남,52세,상해없음
2018120800100268,2018년 12월 8일 13시,토요일,대구광역시 달성군 화원읍,경상사고,0,0,1,0,차대차 - 기타,안전거리미확보,건조,맑음,단일로 - 기타,승용,남,38세,상해없음,이륜,남,17세,경상
2018120800100298,2018년 12월 8일 14시,토요일,대구광역시 수성구 두산동,경상사고,0,0,1,0,차대차 - 측면충돌,신호위반,건조,맑음,교차로 - 교차로횡단보도내,자전거,여,77세,경상,승용,남,40세,상해없음
2018120800100299,2018년 12월 8일 14시,토요일,대구광역시 중구 태평로2가,경상사고,0,0,1,0,차대사람 - 횡단중,안전운전불이행,건조,맑음,단일로 - 기타,승용,여,60세,상해없음,보행자,남,70세,경상
2018120800100334,2018년 12월 8일 15시,토요일,대구광역시 서구 이현동,경상사고,0,0,4,0,차대차 - 추돌,안전운전불이행,건조,맑음,교차로 - 교차로부근,화물,남,39세,상해없음,승합,남,56세,상해없음
2018120800100335,2018년 12월 8일 15시,토요일,대구광역시 중구 동인동4가,경상사고,0,0,2,1,차대차 - 기타,안전운전불이행,건조,맑음,단일로 - 기타,건설기계,남,42세,상해없음,승용,남,25세,부상신고
2018120800100372,2018년 12월 8일 16시,토요일,대구광역시 수성구 상동,경상사고,0,0,1,0,차대차 - 추돌,신호위반,건조,맑음,교차로 - 교차로안,승합,남,35세,상해없음,승용,남,58세,경상
2018120800100373,2018년 12월 8일 16시,토요일,대구광역시 북구 구암동,부상신고사고,0,0,0,1,차대차 - 측면충돌,교차로운행방법위반,건조,맑음,교차로 - 교차로안,이륜,남,36세,부상신고,승용,남,63세,상해없음
2018120800100412,2018년 12월 8일 17시,토요일,대구광역시 동구 신천동,경상사고,0,0,1,0,차대차 - 측면충돌,안전거리미확보,건조,맑음,교차로 - 교차로안,승용,여,47세,상해없음,승용,여,39세,경상
2018120800100413,2018년 12월 8일 17시,토요일,대구광역시 수성구 범물동,중상사고,0,1,0,0,차대차 - 추돌,직진우회전진행방해,건조,맑음,교차로 - 교차로안,승용,남,38세,상해없음,승용,여,47세,중상
2018120800100458,2018년 12월 8일 18시,토요일,대구광역시 수성구 상동,경상사고,0,0,2,0,차대차 - 기타,안전거리미확보,건조,맑음,단일로 - 기타,승용,여,62세,상해없음,승용,남,24세,경상
2018120800100460,2018년 12월 8일 18시,토요일,대구광역시 달서구 용산동,중상사고,0,1,0,0,차량단독 - 기타,안전운전불이행,건조,흐림,단일로 - 기타,승합,남,51세,상해없음,,,,
2018120800100461,2018년 12월 8일 18시,토요일,대구광역시 북구 태전동,경상사고,0,0,1,0,차대차 - 측면충돌,안전운전불이행,건조,맑음,단일로 - 기타,승용,남,65세,상해없음,승용,여,46세,경상
2018120800100501,2018년 12월 8일 19시,토요일,대구광역시 달성군 다사읍,경상사고,0,0,2,0,차대차 - 측면충돌,안전운전불이행,건조,맑음,교차로 - 교차로부근,승용,여,41세,상해없음,승용,남,38세,경상
2018120800100502,2018년 12월 8일 19시,토요일,대구광역시 서구 비산동,경상사고,0,0,1,0,차량단독 - 기타,안전운전불이행,건조,맑음,단일로 - 기타,승용,남,57세,상해없음,,,,
2018120800100537,2018년 12월 8일 20시,토요일,대구광역시 수성구 수성동4가,경상사고,0,0,3,0,차대차 - 측면충돌,신호위반,건조,맑음,교차로 - 교차로안,원동기,남,27세,경상,승용,남,35세,경상
2018120800100538,2018년 12월 8일 20시,토요일,대구광역시 북구 읍내동,경상사고,0,0,1,0,차대차 - 기타,교차로운행방법위반,건조,맑음,단일로 - 기타,승용,남,72세,상해없음,승용,남,26세,경상
2018120800100576,2018년 12월 8일 21시,토요일,대구광역시 동구 효목동,중상사고,0,1,1,0,차대차 - 추돌,안전운전불이행,건조,맑음,교차로 - 교차로부근,승용,여,49세,상해없음,승용,남,60세,중상
2018120800100596,2018년 12월 8일 22시,토요일,대구광역시 동구 효목동,경상사고,0,0,1,0,차대사람 - 차도통행중,안전운전불이행,건조,맑음,기타 - 기타,승용,남,57세,상해없음,보행자,남,50세,경상
2018120800100597,2018년 12월 8일 22시,토요일,대구광역시 북구 대현동,경상사고,0,0,3,0,차대차 - 측면충돌,교차로운행방법위반,건조,맑음,교차로 - 교차로부근,승용,남,19세,상해없음,승용,남,62세,경상
2018120800100621,2018년 12월 8일 23시,토요일,대구광역시 동구 율하동,경상사고,0,0,1,1,차대차 - 측면충돌,안전운전불이행,건조,맑음,교차로 - 교차로안,승용,남,52세,부상신고,이륜,남,19세,경상
2018120800100622,2018년 12월 8일 23시,토요일,대구광역시 달서구 진천동,중상사고,0,1,2,0,차대차 - 측면충돌,신호위반,건조,맑음,교차로 - 교차로안,승용,남,29세,경상,승용,남,69세,경상
2018120800100623,2018년 12월 8일 23시,토요일,대구광역시 달서구 감삼동,경상사고,0,0,1,0,차대차 - 정면충돌,안전운전불이행,건조,맑음,교차로 - 교차로안,승용,남,28세,상해없음,승용,남,40세,경상
2018120900100012,2018년 12월 9일 00시,일요일,대구광역시 달서구 송현동,경상사고,0,0,1,0,차대차 - 측면충돌,교차로운행방법위반,건조,맑음,교차로 - 교차로안,승용,남,28세,상해없음,이륜,남,31세,경상
2018120900100013,2018년 12월 9일 00시,일요일,대구광역시 달서구 죽전동,중상사고,0,1,0,0,차대사람 - 횡단중,신호위반,건조,맑음,단일로 - 기타,이륜,남,36세,상해없음,보행자,여,48세,중상
2018120900100022,2018년 12월 9일 01시,일요일,대구광역시 달서구 상인동,경상사고,0,0,1,0,차대차 - 추돌,안전거리미확보,건조,맑음,교차로 - 교차로부근,승용,여,32세,상해없음,승용,남,52세,경상
2018120900100037,2018년 12월 9일 02시,일요일,대구광역시 달서구 송현동,중상사고,0,1,1,0,차대차 - 측면충돌,직진우회전진행방해,건조,맑음,교차로 - 교차로안,이륜,남,30세,중상,승용,남,55세,경상
2018120900100038,2018년 12월 9일 02시,일요일,대구광역시 중구 하서동,중상사고,0,2,1,0,차대차 - 추돌,안전운전불이행,건조,맑음,단일로 - 기타,승용,남,22세,상해없음,승용,남,25세,경상
2018120900100049,2018년 12월 9일 04시,일요일,대구광역시 달서구 감삼동,중상사고,0,1,0,1,차대사람 - 횡단중,안전운전불이행,건조,맑음,단일로 - 기타,승용,남,26세,상해없음,보행자,남,28세,중상
2018120900100067,2018년 12월 9일 06시,일요일,대구광역시 남구 이천동,중상사고,0,1,0,0,차대차 - 측면충돌,신호위반,건조,맑음,교차로 - 교차로횡단보도내,승합,남,53세,상해없음,자전거,여,47세,중상
2018120900100090,2018년 12월 9일 09시,일요일,대구광역시 달서구 상인동,중상사고,0,1,0,0,차대차 - 추돌,안전운전불이행,건조,맑음,단일로 - 기타,승용,남,66세,상해없음,승용,여,61세,중상
2018120900100091,2018년 12월 9일 09시,일요일,대구광역시 중구 태평로1가,부상신고사고,0,0,0,1,차대차 - 측면충돌,안전운전불이행,건조,맑음,단일로 - 기타,자전거,남,47세,부상신고,승용,여,61세,상해없음
2018120900100122,2018년 12월 9일 11시,일요일,대구광역시 남구 봉덕동,경상사고,0,0,3,0,차대차 - 측면충돌,신호위반,건조,맑음,교차로 - 교차로안,승용,남,59세,상해없음,승용,남,31세,경상
2018120900100123,2018년 12월 9일 11시,일요일,대구광역시 북구 사수동,경상사고,0,0,1,0,차대차 - 측면충돌,중앙선침범,건조,맑음,단일로 - 기타,승용,남,54세,상해없음,승용,남,71세,경상
2018120900100151,2018년 12월 9일 13시,일요일,대구광역시 동구 신천동,경상사고,0,0,1,0,차대사람 - 횡단중,보행자보호의무위반,건조,맑음,교차로 - 교차로횡단보도내,승용,남,60세,상해없음,보행자,여,20세,경상
2018120900100152,2018년 12월 9일 13시,일요일,대구광역시 달서구 월암동,중상사고,0,1,2,0,차대차 - 측면충돌,교차로운행방법위반,건조,맑음,교차로 - 교차로안,승용,여,41세,중상,승용,남,27세,경상
2018120900100153,2018년 12월 9일 13시,일요일,대구광역시 달서구 호산동,경상사고,0,0,2,0,차대차 - 기타,안전운전불이행,건조,맑음,교차로 - 교차로부근,화물,남,58세,상해없음,승용,여,31세,경상
2018120900100184,2018년 12월 9일 14시,일요일,대구광역시 중구 포정동,중상사고,0,1,0,0,차대차 - 측면충돌,신호위반,건조,맑음,단일로 - 기타,승용,남,31세,상해없음,이륜,남,50세,중상
2018120900100185,2018년 12월 9일 14시,일요일,대구광역시 달서구 이곡동,중상사고,0,1,0,0,차대사람 - 보도통행중,기타,건조,맑음,단일로 - 기타,이륜,남,65세,상해없음,보행자,여,54세,중상
2018120900100214,2018년 12월 9일 15시,일요일,대구광역시 동구 검사동,경상사고,0,0,1,0,차대차 - 기타,안전운전불이행,건조,맑음,단일로 - 기타,승용,남,28세,상해없음,자전거,남,57세,경상
2018120900100215,2018년 12월 9일 15시,일요일,대구광역시 북구 칠성동2가,경상사고,0,0,2,0,차대차 - 추돌,안전운전불이행,건조,맑음,단일로 - 기타,승용,여,36세,상해없음,승용,남,41세,경상
2018120900100256,2018년 12월 9일 17시,일요일,대구광역시 달서구 상인동,중상사고,0,1,0,0,차대차 - 기타,안전거리미확보,건조,맑음,단일로 - 기타,승용,남,34세,상해없음,이륜,남,43세,중상
2018120900100257,2018년 12월 9일 17시,일요일,대구광역시 달서구 대곡동,경상사고,0,0,1,0,차대차 - 측면충돌,안전거리미확보,건조,맑음,단일로 - 기타,이륜,남,22세,경상,승용,남,25세,상해없음
2018120900100258,2018년 12월 9일 17시,일요일,대구광역시 북구 서변동,경상사고,0,0,3,0,차대차 - 측면충돌,교차로운행방법위반,건조,맑음,교차로 - 교차로안,승용,남,40세,경상,승용,남,60세,경상
2018120900100293,2018년 12월 9일 18시,일요일,대구광역시 동구 신천동,경상사고,0,0,1,0,차대사람 - 횡단중,보행자보호의무위반,건조,맑음,교차로 - 교차로횡단보도내,화물,남,48세,상해없음,보행자,남,58세,경상
2018120900100294,2018년 12월 9일 18시,일요일,대구광역시 수성구 지산동,중상사고,0,1,0,0,차대차 - 측면충돌,기타,건조,맑음,교차로 - 교차로부근,승용,남,63세,상해없음,원동기,여,52세,중상
2018120900100295,2018년 12월 9일 18시,일요일,대구광역시 북구 침산동,중상사고,0,1,0,0,차대사람 - 기타,신호위반,건조,맑음,단일로 - 기타,승용,남,48세,상해없음,보행자,남,21세,중상
2018120900100333,2018년 12월 9일 19시,일요일,대구광역시 남구 대명동,경상사고,0,0,1,0,차대차 - 측면충돌,안전거리미확보,건조,맑음,단일로 - 기타,이륜,남,32세,경상,이륜,남,37세,상해없음
2018120900100334,2018년 12월 9일 19시,일요일,대구광역시 달성군 유가읍,경상사고,0,0,1,0,차대차 - 기타,신호위반,건조,맑음,교차로 - 교차로안,승용,남,73세,상해없음,승용,남,48세,경상
2018120900100335,2018년 12월 9일 19시,일요일,대구광역시 달성군 다사읍,중상사고,0,1,0,0,차대사람 - 기타,안전운전불이행,건조,맑음,교차로 - 교차로부근,승용,여,40세,상해없음,보행자,여,72세,중상
2018120900100336,2018년 12월 9일 19시,일요일,대구광역시 북구 태전동,경상사고,0,0,1,0,차대사람 - 차도통행중,안전운전불이행,건조,맑음,단일로 - 기타,이륜,남,18세,상해없음,보행자,남,47세,경상
2018120900100353,2018년 12월 9일 20시,일요일,대구광역시 달서구 상인동,중상사고,0,1,0,0,차대차 - 측면충돌,안전운전불이행,건조,맑음,단일로 - 기타,승용,여,47세,상해없음,이륜,남,37세,중상
2018120900100354,2018년 12월 9일 20시,일요일,대구광역시 서구 비산동,부상신고사고,0,0,0,1,차대사람 - 길가장자리구역통행중,안전운전불이행,건조,맑음,단일로 - 기타,기타불명,기타불명,미분류,기타불명,보행자,남,48세,부상신고
2018120900100409,2018년 12월 9일 23시,일요일,대구광역시 동구 각산동,경상사고,0,0,1,0,차대차 - 측면충돌,안전운전불이행,건조,맑음,기타 - 기타,승용,여,40세,상해없음,화물,남,50세,경상
2018121000100013,2018년 12월 10일 01시,월요일,대구광역시 달서구 상인동,경상사고,0,0,1,0,차대차 - 추돌,안전운전불이행,건조,맑음,단일로 - 기타,승용,남,25세,상해없음,승용,여,58세,경상
2018121000100025,2018년 12월 10일 05시,월요일,대구광역시 북구 동천동,경상사고,0,0,1,0,차대사람 - 횡단중,안전운전불이행,건조,맑음,교차로 - 교차로부근,승용,남,42세,상해없음,보행자,여,69세,경상
2018121000100040,2018년 12월 10일 06시,월요일,대구광역시 동구 신천동,중상사고,0,1,0,0,차대차 - 측면충돌,신호위반,건조,맑음,교차로 - 교차로안,승용,남,65세,상해없음,화물,남,40세,중상
2018121000100094,2018년 12월 10일 08시,월요일,대구광역시 남구 대명동,경상사고,0,0,1,0,차대차 - 추돌,안전운전불이행,건조,맑음,교차로 - 교차로안,승용,남,54세,상해없음,승용,남,54세,경상
2018121000100095,2018년 12월 10일 08시,월요일,대구광역시 중구 삼덕동3가,중상사고,0,1,4,0,차대차 - 추돌,안전거리미확보,건조,맑음,단일로 - 기타,화물,남,51세,상해없음,승용,남,30세,중상
2018121000100096,2018년 12월 10일 08시,월요일,대구광역시 북구 태전동,중상사고,0,1,0,0,차대차 - 측면충돌,안전운전불이행,건조,맑음,교차로 - 교차로안,이륜,남,75세,중상,기타불명,기타불명,미분류,기타불명
2018121000100097,2018년 12월 10일 08시,월요일,대구광역시 북구 서변동,경상사고,0,0,3,0,차대차 - 측면충돌,안전운전불이행,건조,맑음,단일로 - 기타,승용,남,36세,상해없음,승용,여,40세,경상
2018121000100098,2018년 12월 10일 08시,월요일,대구광역시 북구 읍내동,경상사고,0,0,1,0,차대사람 - 기타,안전운전불이행,건조,맑음,단일로 - 기타,기타불명,기타불명,미분류,기타불명,보행자,남,12세,경상
2018121000100129,2018년 12월 10일 09시,월요일,대구광역시 달성군 현풍읍,경상사고,0,0,1,0,차대차 - 측면충돌,안전운전불이행,건조,맑음,교차로 - 교차로부근,승용,여,24세,상해없음,승용,여,47세,경상
2018121000100171,2018년 12월 10일 10시,월요일,대구광역시 동구 율하동,경상사고,0,0,2,0,차대차 - 기타,안전운전불이행,건조,맑음,교차로 - 교차로안,승용,남,69세,상해없음,승용,남,62세,경상
2018121000100172,2018년 12월 10일 10시,월요일,대구광역시 북구 산격동,중상사고,0,1,2,0,차대차 - 측면충돌,직진우회전진행방해,건조,맑음,교차로 - 교차로안,승용,남,54세,중상,승용,여,40세,경상
2018121000100209,2018년 12월 10일 11시,월요일,대구광역시 북구 태전동,경상사고,0,0,1,0,차대차 - 측면충돌,신호위반,건조,맑음,교차로 - 교차로안,승용,남,66세,상해없음,승용,여,22세,경상
2018121000100235,2018년 12월 10일 12시,월요일,대구광역시 수성구 수성동1가,중상사고,0,1,0,0,차대사람 - 횡단중,신호위반,건조,맑음,교차로 - 교차로횡단보도내,승합,남,57세,상해없음,보행자,여,71세,중상
2018121000100236,2018년 12월 10일 12시,월요일,대구광역시 북구 태전동,경상사고,0,0,1,0,차대사람 - 기타,안전운전불이행,건조,맑음,교차로 - 교차로안,승용,여,46세,상해없음,보행자,남,51세,경상
2018121000100267,2018년 12월 10일 13시,월요일,대구광역시 수성구 중동,경상사고,0,0,1,0,차대차 - 측면충돌,안전운전불이행,건조,맑음,교차로 - 교차로부근,승용,남,46세,상해없음,자전거,남,60세,경상
2018121000100268,2018년 12월 10일 13시,월요일,대구광역시 달서구 진천동,중상사고,0,1,0,0,차대차 - 측면충돌,안전운전불이행,건조,맑음,교차로 - 교차로부근,승용,여,43세,상해없음,승용,여,55세,중상
2018121000100269,2018년 12월 10일 13시,월요일,대구광역시 북구 사수동,경상사고,0,0,1,0,차대차 - 추돌,안전운전불이행,건조,맑음,단일로 - 기타,승용,남,59세,상해없음,승용,남,22세,경상
2018121000100303,2018년 12월 10일 14시,월요일,대구광역시 동구 효목동,중상사고,0,1,0,0,차대차 - 추돌,안전거리미확보,건조,맑음,단일로 - 기타,승용,남,45세,상해없음,승용,남,46세,중상
2018121000100338,2018년 12월 10일 15시,월요일,대구광역시 남구 대명동,경상사고,0,0,2,0,차대차 - 추돌,안전운전불이행,건조,맑음,단일로 - 기타,이륜,남,28세,상해없음,승합,여,58세,경상
2018121000100339,2018년 12월 10일 15시,월요일,대구광역시 동구 신기동,중상사고,0,1,0,0,차대사람 - 횡단중,안전운전불이행,건조,맑음,교차로 - 교차로안,승용,남,65세,상해없음,보행자,여,70세,중상
2018121000100340,2018년 12월 10일 15시,월요일,대구광역시 수성구 수성동2가,경상사고,0,0,1,0,차대차 - 측면충돌,안전거리미확보,건조,맑음,단일로 - 기타,승용,남,41세,상해없음,승용,남,58세,경상
2018121000100342,2018년 12월 10일 15시,월요일,대구광역시 서구 비산동,경상사고,0,0,2,0,차대차 - 측면충돌,안전운전불이행,건조,맑음,단일로 - 기타,이륜,남,27세,경상,승용,여,48세,경상
2018121000100343,2018년 12월 10일 15시,월요일,대구광역시 서구 내당동,경상사고,0,0,2,0,차대차 - 측면충돌,안전운전불이행,건조,맑음,교차로 - 교차로부근,승용,여,38세,상해없음,승용,여,62세,경상
2018121000100344,2018년 12월 10일 15시,월요일,대구광역시 서구 내당동,경상사고,0,0,2,0,차대차 - 후진중충돌,안전운전불이행,건조,맑음,교차로 - 교차로안,승용,여,38세,상해없음,승용,여,62세,경상
2018121000100372,2018년 12월 10일 16시,월요일,대구광역시 수성구 사월동,경상사고,0,0,1,0,차대사람 - 기타,안전운전불이행,건조,맑음,단일로 - 기타,승합,남,68세,상해없음,보행자,여,22세,경상
2018121000100373,2018년 12월 10일 16시,월요일,대구광역시 수성구 만촌동,경상사고,0,0,1,0,차대사람 - 횡단중,안전운전불이행,건조,맑음,교차로 - 교차로부근,승용,남,65세,상해없음,보행자,남,30세,경상
2018121000100374,2018년 12월 10일 16시,월요일,대구광역시 달서구 죽전동,중상사고,0,1,0,0,차대사람 - 보도통행중,기타,건조,맑음,기타 - 기타,이륜,여,54세,상해없음,보행자,여,52세,중상
2018121000100375,2018년 12월 10일 16시,월요일,대구광역시 북구 태전동,경상사고,0,0,1,0,차대사람 - 기타,보행자보호의무위반,건조,맑음,교차로 - 교차로횡단보도내,승용,남,55세,상해없음,보행자,남,19세,경상
2018121000100414,2018년 12월 10일 17시,월요일,대구광역시 동구 신암동,중상사고,0,1,0,0,차대차 - 추돌,안전운전불이행,건조,맑음,단일로 - 기타,승용,남,68세,중상,승용,남,37세,상해없음
2018121000100415,2018년 12월 10일 17시,월요일,대구광역시 북구 태전동,중상사고,0,1,0,0,차대사람 - 기타,안전운전불이행,건조,맑음,단일로 - 기타,승용,남,76세,상해없음,보행자,여,20세,중상
2018121000100475,2018년 12월 10일 18시,월요일,대구광역시 수성구 만촌동,경상사고,0,0,3,0,차대차 - 추돌,안전거리미확보,건조,맑음,단일로 - 기타,승용,남,62세,경상,승용,남,66세,경상
2018121000100476,2018년 12월 10일 18시,월요일,대구광역시 수성구 만촌동,경상사고,0,0,1,0,차대차 - 기타,안전거리미확보,건조,맑음,단일로 - 기타,승용,남,48세,상해없음,승용,남,63세,경상
2018121000100519,2018년 12월 10일 19시,월요일,대구광역시 달서구 진천동,경상사고,0,0,1,0,차대차 - 추돌,안전거리미확보,건조,맑음,단일로 - 기타,승용,남,54세,상해없음,화물,남,59세,경상
2018121000100520,2018년 12월 10일 19시,월요일,대구광역시 북구 산격동,경상사고,0,0,1,0,차대사람 - 횡단중,보행자보호의무위반,건조,맑음,교차로 - 교차로안,승용,남,63세,상해없음,보행자,여,36세,경상
2018121000100552,2018년 12월 10일 20시,월요일,대구광역시 동구 신천동,경상사고,0,0,1,0,차대사람 - 횡단중,안전운전불이행,건조,맑음,교차로 - 교차로안,승용,남,65세,상해없음,보행자,남,41세,경상
2018121000100553,2018년 12월 10일 20시,월요일,대구광역시 동구 입석동,중상사고,0,1,0,1,차대차 - 측면충돌,교차로운행방법위반,건조,맑음,단일로 - 기타,승용,남,65세,부상신고,승용,남,69세,중상