사고번호,사고일시,요일,시군구,사고내용,사망자수,중상자수,경상자수,부상신고자수,사고유형,법규위반,노면상태,기상상태,도로형태,가해운전자 차종,가해운전자 성별,가해운전자 연령,가해운전자 상해정도,피해운전자 차종,피해운전자 성별,피해운전자 연령,피해운전자 상해정도
2018121000100554,2018년 12월 10일 20시,월요일,대구광역시 서구 평리동,경상사고,0,0,1,1,차대차 - 추돌,직진우회전진행방해,건조,맑음,교차로 - 교차로안,승용,남,54세,부상신고,승용,남,22세,경상
2018121000100555,2018년 12월 10일 20시,월요일,대구광역시 북구 국우동,경상사고,0,0,1,0,차대차 - 측면충돌,기타,건조,맑음,단일로 - 기타,승용,남,41세,상해없음,이륜,남,17세,경상
2018121000100567,2018년 12월 10일 21시,월요일,대구광역시 동구 효목동,경상사고,0,0,1,0,차대차 - 측면충돌,안전운전불이행,건조,맑음,단일로 - 기타,승용,남,66세,기타불명,승용,남,27세,상해없음
2018121000100598,2018년 12월 10일 22시,월요일,대구광역시 달서구 월성동,경상사고,0,0,1,0,차대차 - 측면충돌,안전거리미확보,건조,맑음,단일로 - 지하차도(도로)내,승용,남,44세,상해없음,이륜,남,40세,경상
2018121100100006,2018년 12월 11일 00시,화요일,대구광역시 수성구 두산동,경상사고,0,0,2,0,차대차 - 기타,안전운전불이행,건조,맑음,단일로 - 기타,승용,남,31세,기타불명,승용,남,26세,경상
2018121100100007,2018년 12월 11일 00시,화요일,대구광역시 중구 대봉동,경상사고,0,0,2,1,차대차 - 측면충돌,교차로운행방법위반,건조,맑음,교차로 - 교차로안,이륜,남,25세,부상신고,승용,남,65세,경상
2018121100100033,2018년 12월 11일 03시,화요일,대구광역시 달서구 두류동,중상사고,0,1,0,0,차대차 - 측면충돌,신호위반,건조,맑음,교차로 - 교차로안,승용,남,33세,상해없음,승합,남,35세,중상
2018121100100041,2018년 12월 11일 05시,화요일,대구광역시 수성구 수성동3가,중상사고,0,1,1,0,차대차 - 추돌,안전운전불이행,건조,맑음,단일로 - 기타,승용,여,26세,상해없음,승합,남,58세,경상
2018121100100123,2018년 12월 11일 08시,화요일,대구광역시 남구 봉덕동,경상사고,0,0,2,0,차대차 - 측면충돌,안전운전불이행,건조,맑음,단일로 - 기타,승용,남,45세,경상,건설기계,남,63세,경상
2018121100100124,2018년 12월 11일 08시,화요일,대구광역시 달서구 진천동,경상사고,0,0,1,0,차대차 - 측면충돌,안전운전불이행,건조,맑음,교차로 - 교차로부근,승용,남,56세,상해없음,자전거,남,13세,경상
2018121100100125,2018년 12월 11일 08시,화요일,대구광역시 달성군 다사읍,경상사고,0,0,1,0,차대차 - 측면충돌,교차로운행방법위반,건조,맑음,교차로 - 교차로안,화물,남,43세,상해없음,승용,남,24세,경상
2018121100100155,2018년 12월 11일 09시,화요일,대구광역시 서구 평리동,경상사고,0,0,1,0,차대차 - 추돌,안전운전불이행,건조,맑음,교차로 - 교차로부근,승용,남,63세,상해없음,승용,남,58세,경상
2018121100100182,2018년 12월 11일 10시,화요일,대구광역시 북구 관음동,경상사고,0,0,1,0,차대차 - 추돌,안전운전불이행,젖음/습기,눈,단일로 - 기타,승용,남,31세,경상,화물,남,46세,상해없음
2018121100100210,2018년 12월 11일 11시,화요일,대구광역시 동구 신암동,부상신고사고,0,0,0,1,차대차 - 추돌,안전거리미확보,건조,맑음,교차로 - 교차로안,기타불명,기타불명,미분류,기타불명,기타불명,기타불명,미분류,기타불명
2018121100100246,2018년 12월 11일 12시,화요일,대구광역시 남구 대명동,경상사고,0,0,1,0,차대차 - 추돌,안전운전불이행,젖음/습기,눈,단일로 - 기타,승용,여,49세,상해없음,승용,여,65세,경상
2018121100100247,2018년 12월 11일 12시,화요일,대구광역시 수성구 중동,경상사고,0,0,1,1,차대차 - 추돌,안전거리미확보,젖음/습기,눈,단일로 - 기타,승용,여,49세,부상신고,승용,남,43세,경상
2018121100100248,2018년 12월 11일 12시,화요일,대구광역시 북구 동천동,경상사고,0,0,1,0,차대차 - 측면충돌,직진우회전진행방해,젖음/습기,비,교차로 - 교차로안,승용,남,50세,상해없음,승용,여,35세,경상
2018121100100303,2018년 12월 11일 14시,화요일,대구광역시 수성구 범어동,경상사고,0,0,2,0,차대차 - 측면충돌,차로위반,젖음/습기,눈,단일로 - 기타,승용,남,34세,상해없음,승용,여,53세,경상
2018121100100304,2018년 12월 11일 14시,화요일,대구광역시 달서구 월성동,중상사고,0,1,0,0,차대사람 - 횡단중,보행자보호의무위반,젖음/습기,비,교차로 - 교차로부근,승용,남,37세,상해없음,보행자,남,72세,중상
2018121100100341,2018년 12월 11일 15시,화요일,대구광역시 동구 신서동,경상사고,0,0,1,0,차대차 - 측면충돌,차로위반,젖음/습기,눈,기타 - 기타,승용,남,64세,상해없음,승용,여,37세,경상
2018121100100342,2018년 12월 11일 15시,화요일,대구광역시 수성구 만촌동,경상사고,0,0,1,0,차대차 - 추돌,안전운전불이행,건조,맑음,단일로 - 기타,승용,남,24세,상해없음,승용,여,30세,경상
2018121100100371,2018년 12월 11일 16시,화요일,대구광역시 달성군 화원읍,중상사고,0,3,0,0,차대차 - 기타,안전운전불이행,젖음/습기,비,단일로 - 기타,승용,남,68세,상해없음,화물,남,41세,중상
2018121100100372,2018년 12월 11일 16시,화요일,대구광역시 동구 용계동,중상사고,0,1,0,0,차대사람 - 기타,기타,젖음/습기,맑음,단일로 - 교량,승합,남,60세,상해없음,보행자,여,63세,중상
2018121100100373,2018년 12월 11일 16시,화요일,대구광역시 수성구 지산동,중상사고,0,1,0,0,차대차 - 측면충돌,직진우회전진행방해,젖음/습기,눈,교차로 - 교차로안,승용,여,34세,상해없음,승용,남,45세,중상
2018121100100374,2018년 12월 11일 16시,화요일,대구광역시 북구 노곡동,중상사고,0,1,1,0,차대사람 - 기타,안전운전불이행,젖음/습기,흐림,단일로 - 기타,승용,남,24세,상해없음,보행자,남,64세,중상
2018121100100414,2018년 12월 11일 17시,화요일,대구광역시 남구 대명동,경상사고,0,0,1,0,차대사람 - 횡단중,신호위반,건조,맑음,단일로 - 기타,승용,남,72세,상해없음,보행자,남,27세,경상
2018121100100415,2018년 12월 11일 17시,화요일,대구광역시 수성구 황금동,경상사고,0,0,2,0,차대차 - 추돌,안전운전불이행,건조,맑음,단일로 - 기타,승용,남,49세,상해없음,승용,남,42세,상해없음
2018121100100416,2018년 12월 11일 17시,화요일,대구광역시 달서구 장동,경상사고,0,0,1,0,차대차 - 측면충돌,교차로운행방법위반,건조,맑음,교차로 - 교차로안,승용,남,49세,상해없음,승용,여,42세,경상
2018121100100476,2018년 12월 11일 18시,화요일,대구광역시 수성구 신매동,중상사고,0,1,0,0,차대차 - 측면충돌,중앙선침범,젖음/습기,비,단일로 - 기타,승용,여,48세,기타불명,승용,남,60세,중상
2018121100100477,2018년 12월 11일 18시,화요일,대구광역시 수성구 두산동,경상사고,0,0,1,0,차대차 - 측면충돌,안전운전불이행,젖음/습기,비,교차로 - 교차로부근,승용,여,64세,상해없음,이륜,남,60세,경상
2018121100100478,2018년 12월 11일 18시,화요일,대구광역시 서구 평리동,경상사고,0,0,1,0,차대사람 - 횡단중,안전운전불이행,젖음/습기,비,교차로 - 교차로부근,승용,남,61세,상해없음,보행자,남,9세,경상
2018121100100479,2018년 12월 11일 18시,화요일,대구광역시 달서구 감삼동,경상사고,0,0,1,1,차대차 - 측면충돌,안전운전불이행,젖음/습기,흐림,단일로 - 기타,승용,여,25세,기타불명,승용,남,28세,경상
2018121100100480,2018년 12월 11일 18시,화요일,대구광역시 북구 태전동,중상사고,0,2,2,0,차대차 - 측면충돌,안전운전불이행,젖음/습기,눈,단일로 - 기타,승용,여,61세,중상,승용,남,23세,경상
2018121100100525,2018년 12월 11일 19시,화요일,대구광역시 수성구 지산동,경상사고,0,0,1,0,차대차 - 측면충돌,안전운전불이행,젖음/습기,비,단일로 - 기타,승용,여,76세,상해없음,승용,남,23세,경상
2018121100100526,2018년 12월 11일 19시,화요일,대구광역시 달서구 상인동,중상사고,0,1,0,0,차량단독 - 공작물충돌,안전운전불이행,서리/결빙,흐림,단일로 - 기타,승용,남,26세,상해없음,,,,
2018121100100527,2018년 12월 11일 19시,화요일,대구광역시 달성군 현풍읍,중상사고,0,1,0,0,차대사람 - 횡단중,보행자보호의무위반,젖음/습기,비,교차로 - 교차로횡단보도내,승용,남,33세,상해없음,보행자,남,4세,중상
2018121100100551,2018년 12월 11일 20시,화요일,대구광역시 달성군 논공읍,중상사고,0,1,0,0,차대차 - 측면충돌,안전운전불이행,서리/결빙,비,단일로 - 기타,승용,남,71세,상해없음,승용,남,43세,중상
2018121100100555,2018년 12월 11일 20시,화요일,대구광역시 달성군 가창면,중상사고,0,2,1,0,차대차 - 기타,안전운전불이행,서리/결빙,눈,단일로 - 기타,승용,남,59세,기타불명,화물,남,46세,중상
2018121100100590,2018년 12월 11일 21시,화요일,대구광역시 달서구 상인동,경상사고,0,0,1,0,차대사람 - 횡단중,보행자보호의무위반,젖음/습기,비,교차로 - 교차로횡단보도내,승용,남,47세,상해없음,보행자,남,51세,경상
2018121100100620,2018년 12월 11일 22시,화요일,대구광역시 북구 태전동,경상사고,0,0,2,0,차대차 - 기타,안전운전불이행,서리/결빙,흐림,단일로 - 기타,승용,남,68세,경상,승용,남,46세,상해없음
2018121100100639,2018년 12월 11일 23시,화요일,대구광역시 달서구 파호동,경상사고,0,0,1,0,차대차 - 측면충돌,안전운전불이행,서리/결빙,맑음,단일로 - 교량,화물,남,59세,상해없음,승용,남,51세,경상
2018121100100640,2018년 12월 11일 23시,화요일,대구광역시 달서구 갈산동,경상사고,0,0,1,0,차대차 - 측면충돌,중앙선침범,서리/결빙,눈,단일로 - 기타,승용,남,47세,상해없음,승용,남,51세,경상
2018121200100017,2018년 12월 12일 00시,수요일,대구광역시 북구 대현동,부상신고사고,0,0,0,2,차대차 - 측면충돌,안전거리미확보,건조,맑음,교차로 - 교차로부근,승용,여,47세,상해없음,승용,남,35세,부상신고
2018121200100026,2018년 12월 12일 01시,수요일,대구광역시 동구 신무동,중상사고,0,1,0,0,차대차 - 측면충돌,안전운전불이행,서리/결빙,흐림,단일로 - 기타,승용,남,65세,상해없음,승용,여,57세,상해없음
2018121200100043,2018년 12월 12일 03시,수요일,대구광역시 북구 태전동,경상사고,0,0,1,0,차대차 - 기타,교차로운행방법위반,서리/결빙,흐림,교차로 - 교차로안,승용,남,21세,상해없음,이륜,남,17세,경상
2018121200100050,2018년 12월 12일 04시,수요일,대구광역시 수성구 만촌동,부상신고사고,0,0,0,1,차대차 - 측면충돌,안전운전불이행,건조,맑음,단일로 - 기타,승용,남,21세,부상신고,승용,남,50세,기타불명
2018121200100051,2018년 12월 12일 04시,수요일,대구광역시 중구 태평로3가,중상사고,0,1,4,1,차대차 - 측면충돌,안전거리미확보,건조,흐림,단일로 - 기타,승용,남,74세,부상신고,승용,여,60세,중상
2018121200100052,2018년 12월 12일 04시,수요일,대구광역시 북구 매천동,사망사고,1,0,0,0,차량단독 - 기타,안전운전불이행,건조,맑음,단일로 - 기타,화물,남,71세,사망,,,,
2018121200100131,2018년 12월 12일 08시,수요일,대구광역시 동구 각산동,경상사고,0,0,1,0,차대사람 - 기타,안전운전불이행,건조,맑음,단일로 - 기타,화물,남,61세,상해없음,보행자,남,14세,경상
2018121200100133,2018년 12월 12일 08시,수요일,대구광역시 달성군 다사읍,경상사고,0,0,1,0,차대차 - 기타,안전운전불이행,건조,맑음,교차로 - 교차로안,승용,여,51세,상해없음,승용,남,34세,경상
2018121200100134,2018년 12월 12일 08시,수요일,대구광역시 북구 국우동,중상사고,0,1,0,0,차대차 - 기타,안전거리미확보,건조,맑음,단일로 - 기타,화물,남,51세,상해없음,승용,여,26세,중상
2018121200100169,2018년 12월 12일 09시,수요일,대구광역시 수성구 상동,경상사고,0,0,1,0,차대차 - 후진중충돌,안전운전불이행,건조,맑음,단일로 - 기타,승용,남,49세,상해없음,승용,여,27세,경상
2018121200100170,2018년 12월 12일 09시,수요일,대구광역시 서구 이현동,경상사고,0,0,1,0,차대차 - 기타,안전운전불이행,건조,맑음,단일로 - 기타,승용,남,62세,상해없음,승용,여,26세,경상
2018121200100200,2018년 12월 12일 10시,수요일,대구광역시 북구 칠성동1가,경상사고,0,0,2,0,차대차 - 측면충돌,신호위반,건조,맑음,교차로 - 교차로안,승용,여,58세,상해없음,승용,여,52세,경상
2018121200100239,2018년 12월 12일 11시,수요일,대구광역시 남구 대명동,경상사고,0,0,1,0,차대사람 - 길가장자리구역통행중,안전운전불이행,건조,맑음,단일로 - 기타,승용,여,54세,상해없음,보행자,여,59세,경상
2018121200100261,2018년 12월 12일 12시,수요일,대구광역시 동구 용수동,중상사고,0,1,0,0,차대차 - 기타,중앙선침범,서리/결빙,맑음,단일로 - 기타,승용,남,49세,상해없음,이륜,남,38세,중상
2018121200100262,2018년 12월 12일 12시,수요일,대구광역시 중구 남산동,경상사고,0,0,1,0,차대차 - 기타,신호위반,건조,맑음,교차로 - 교차로안,승용,여,51세,상해없음,이륜,남,25세,경상
2018121200100289,2018년 12월 12일 13시,수요일,대구광역시 남구 대명동,중상사고,0,1,0,0,차대사람 - 기타,안전운전불이행,건조,맑음,기타 - 기타,승용,여,38세,상해없음,보행자,여,25세,중상
2018121200100290,2018년 12월 12일 13시,수요일,대구광역시 달서구 월성동,경상사고,0,0,1,1,차대차 - 측면충돌,차로위반,건조,맑음,단일로 - 기타,원동기,남,35세,부상신고,원동기,남,32세,경상
2018121200100320,2018년 12월 12일 14시,수요일,대구광역시 수성구 황금동,경상사고,0,0,1,0,차대사람 - 기타,안전운전불이행,건조,맑음,단일로 - 기타,승용,여,21세,상해없음,보행자,여,22세,경상
2018121200100364,2018년 12월 12일 15시,수요일,대구광역시 남구 대명동,경상사고,0,0,1,0,차대사람 - 횡단중,안전운전불이행,젖음/습기,눈,단일로 - 기타,승용,남,56세,상해없음,보행자,남,24세,경상
2018121200100365,2018년 12월 12일 15시,수요일,대구광역시 수성구 중동,중상사고,0,1,0,0,차대사람 - 기타,불법유턴,건조,맑음,단일로 - 기타,승용,남,59세,상해없음,보행자,여,82세,중상
2018121200100405,2018년 12월 12일 16시,수요일,대구광역시 달서구 상인동,경상사고,0,0,1,0,차대차 - 측면충돌,직진우회전진행방해,건조,맑음,교차로 - 교차로안,승용,남,25세,상해없음,승용,남,32세,경상
2018121200100406,2018년 12월 12일 16시,수요일,대구광역시 북구 태전동,중상사고,0,1,0,0,차대사람 - 기타,안전운전불이행,건조,맑음,교차로 - 교차로안,승용,남,54세,상해없음,보행자,여,43세,중상
2018121200100437,2018년 12월 12일 17시,수요일,대구광역시 남구 대명동,중상사고,0,1,0,0,차대사람 - 횡단중,안전운전불이행,건조,맑음,단일로 - 기타,승용,남,62세,상해없음,보행자,여,9세,중상
2018121200100438,2018년 12월 12일 17시,수요일,대구광역시 수성구 수성동2가,경상사고,0,0,1,0,차대차 - 측면충돌,안전운전불이행,건조,맑음,교차로 - 교차로안,기타불명,기타불명,미분류,기타불명,이륜,남,49세,경상
2018121200100439,2018년 12월 12일 17시,수요일,대구광역시 수성구 황금동,경상사고,0,0,1,0,차대차 - 측면충돌,안전운전불이행,건조,맑음,교차로 - 교차로횡단보도내,승용,여,62세,상해없음,자전거,남,14세,경상
2018121200100484,2018년 12월 12일 18시,수요일,대구광역시 동구 불로동,부상신고사고,0,0,0,1,차대차 - 측면충돌,안전운전불이행,건조,맑음,기타 - 기타,자전거,여,64세,부상신고,승용,남,35세,상해없음
2018121200100485,2018년 12월 12일 18시,수요일,대구광역시 동구 입석동,경상사고,0,0,1,0,차대사람 - 횡단중,안전운전불이행,건조,맑음,교차로 - 교차로횡단보도내,승용,남,51세,상해없음,보행자,여,72세,경상
2018121200100486,2018년 12월 12일 18시,수요일,대구광역시 수성구 수성동1가,경상사고,0,0,1,0,차대사람 - 횡단중,신호위반,건조,맑음,교차로 - 교차로횡단보도내,승용,남,63세,기타불명,보행자,남,46세,경상
2018121200100487,2018년 12월 12일 18시,수요일,대구광역시 중구 서성로1가,경상사고,0,0,1,0,차대차 - 측면충돌,안전거리미확보,건조,맑음,단일로 - 기타,승용,여,50세,상해없음,승용,남,50세,경상
2018121200100488,2018년 12월 12일 18시,수요일,대구광역시 북구 구암동,중상사고,0,1,0,1,차대사람 - 기타,안전운전불이행,건조,맑음,단일로 - 기타,자전거,남,14세,부상신고,보행자,여,56세,중상
2018121200100531,2018년 12월 12일 19시,수요일,대구광역시 서구 중리동,경상사고,0,0,1,0,차대차 - 측면충돌,안전운전불이행,건조,맑음,교차로 - 교차로안,승용,남,39세,상해없음,승용,남,69세,경상
2018121200100532,2018년 12월 12일 19시,수요일,대구광역시 달서구 용산동,경상사고,0,0,1,0,차대차 - 추돌,안전거리미확보,건조,맑음,단일로 - 기타,화물,남,69세,상해없음,승용,여,50세,경상
2018121200100564,2018년 12월 12일 20시,수요일,대구광역시 동구 신평동,중상사고,0,1,0,0,차대사람 - 횡단중,신호위반,건조,맑음,단일로 - 기타,승용,남,80세,상해없음,보행자,여,22세,중상
2018121200100565,2018년 12월 12일 20시,수요일,대구광역시 동구 서호동,경상사고,0,0,1,0,차대차 - 측면충돌,교차로운행방법위반,건조,맑음,교차로 - 교차로안,이륜,남,39세,경상,승용,남,61세,상해없음
2018121200100566,2018년 12월 12일 20시,수요일,대구광역시 달성군 다사읍,경상사고,0,0,1,0,차대차 - 기타,안전운전불이행,건조,맑음,단일로 - 기타,승용,여,37세,상해없음,원동기,남,24세,경상
2018121200100567,2018년 12월 12일 20시,수요일,대구광역시 서구 내당동,경상사고,0,0,1,0,차대차 - 측면충돌,신호위반,건조,맑음,교차로 - 교차로안,승용,남,55세,상해없음,승용,남,30세,경상
2018121200100568,2018년 12월 12일 20시,수요일,대구광역시 달서구 감삼동,경상사고,0,0,1,0,차대차 - 추돌,중앙선침범,건조,맑음,단일로 - 기타,승용,남,27세,상해없음,이륜,남,20세,경상
2018121200100569,2018년 12월 12일 20시,수요일,대구광역시 달서구 용산동,경상사고,0,0,1,0,차대차 - 측면충돌,신호위반,건조,맑음,교차로 - 교차로안,승용,남,55세,기타불명,승용,남,37세,경상
2018121200100595,2018년 12월 12일 21시,수요일,대구광역시 남구 대명동,경상사고,0,0,1,0,차대차 - 측면충돌,안전운전불이행,건조,맑음,단일로 - 기타,원동기,남,68세,상해없음,원동기,남,28세,경상
2018121200100640,2018년 12월 12일 23시,수요일,대구광역시 북구 태전동,부상신고사고,0,0,0,1,차량단독 - 공작물충돌,안전운전불이행,건조,맑음,단일로 - 기타,이륜,남,43세,부상신고,,,,
2018121300100020,2018년 12월 13일 01시,목요일,대구광역시 달서구 월성동,부상신고사고,0,0,0,1,차대차 - 후진중충돌,안전거리미확보,건조,맑음,단일로 - 기타,승용,남,56세,상해없음,승용,남,46세,부상신고
2018121300100066,2018년 12월 13일 06시,목요일,대구광역시 달서구 장동,경상사고,0,0,1,0,차대차 - 측면충돌,신호위반,건조,맑음,교차로 - 교차로안,화물,남,53세,상해없음,승용,남,52세,경상
2018121300100067,2018년 12월 13일 06시,목요일,대구광역시 달서구 본리동,경상사고,0,0,2,0,차대차 - 측면충돌,안전운전불이행,건조,맑음,단일로 - 기타,승용,남,37세,경상,승용,남,28세,경상
2018121300100088,2018년 12월 13일 07시,목요일,대구광역시 서구 상리동,경상사고,0,0,1,0,차대차 - 측면충돌,교차로운행방법위반,건조,맑음,교차로 - 교차로안,승용,남,24세,상해없음,화물,남,60세,상해없음
2018121300100185,2018년 12월 13일 09시,목요일,대구광역시 달서구 본동,경상사고,0,0,2,0,차대차 - 측면충돌,차로위반,건조,맑음,단일로 - 기타,승용,여,57세,상해없음,승용,남,23세,경상
2018121300100186,2018년 12월 13일 09시,목요일,대구광역시 북구 구암동,중상사고,0,1,0,0,차대차 - 측면충돌,신호위반,건조,맑음,교차로 - 교차로안,승합,남,47세,상해없음,승용,남,69세,중상
2018121300100233,2018년 12월 13일 10시,목요일,대구광역시 남구 이천동,경상사고,0,0,1,0,차대사람 - 횡단중,보행자보호의무위반,건조,맑음,기타 - 기타,승용,여,38세,상해없음,보행자,여,67세,경상
2018121300100234,2018년 12월 13일 10시,목요일,대구광역시 서구 평리동,경상사고,0,0,1,0,차대차 - 기타,교차로운행방법위반,건조,맑음,교차로 - 교차로안,이륜,남,20세,상해없음,승용,남,54세,경상
2018121300100273,2018년 12월 13일 11시,목요일,대구광역시 동구 신천동,경상사고,0,0,2,0,차대차 - 측면충돌,안전운전불이행,건조,맑음,교차로 - 교차로안,승용,여,45세,경상,승용,남,46세,경상
2018121300100274,2018년 12월 13일 11시,목요일,대구광역시 달서구 진천동,중상사고,0,1,0,0,차대차 - 측면충돌,안전운전불이행,건조,맑음,교차로 - 교차로횡단보도내,승용,남,63세,상해없음,자전거,남,67세,중상
2018121300100275,2018년 12월 13일 11시,목요일,대구광역시 서구 평리동,중상사고,0,1,0,0,차대차 - 후진중충돌,안전운전불이행,건조,맑음,단일로 - 기타,승용,남,40세,상해없음,승용,남,31세,중상
2018121300100298,2018년 12월 13일 12시,목요일,대구광역시 동구 평광동,경상사고,0,0,1,0,차대차 - 측면충돌,안전운전불이행,적설,맑음,단일로 - 기타,화물,남,68세,상해없음,승용,남,49세,경상
2018121300100330,2018년 12월 13일 13시,목요일,대구광역시 서구 비산동,경상사고,0,0,1,0,차대사람 - 기타,안전운전불이행,건조,맑음,단일로 - 기타,승용,여,57세,상해없음,보행자,남,55세,경상
2018121300100356,2018년 12월 13일 14시,목요일,대구광역시 서구 내당동,경상사고,0,0,2,1,차대차 - 측면충돌,교차로운행방법위반,건조,맑음,교차로 - 교차로안,이륜,남,71세,부상신고,승용,남,41세,경상
2018121300100357,2018년 12월 13일 14시,목요일,대구광역시 서구 평리동,경상사고,0,0,1,0,차대차 - 측면충돌,안전운전불이행,건조,맑음,교차로 - 교차로안,승용,여,31세,상해없음,승용,남,57세,경상
2018121300100388,2018년 12월 13일 15시,목요일,대구광역시 남구 봉덕동,경상사고,0,0,1,0,차대차 - 측면충돌,안전운전불이행,건조,맑음,교차로 - 교차로안,승용,여,49세,상해없음,이륜,남,15세,경상
2018121300100417,2018년 12월 13일 16시,목요일,대구광역시 남구 봉덕동,경상사고,0,0,1,0,차대차 - 측면충돌,안전운전불이행,건조,맑음,기타 - 기타,화물,남,38세,상해없음,이륜,남,23세,경상
2018121300100418,2018년 12월 13일 16시,목요일,대구광역시 달성군 가창면,경상사고,0,0,1,0,차대차 - 측면충돌,안전운전불이행,건조,맑음,단일로 - 기타,승용,남,45세,상해없음,승용,여,52세,경상
2018121300100419,2018년 12월 13일 16시,목요일,대구광역시 북구 침산동,중상사고,0,1,2,0,차대차 - 측면충돌,신호위반,건조,맑음,교차로 - 교차로안,이륜,남,66세,상해없음,승용,여,65세,중상
2018121300100420,2018년 12월 13일 16시,목요일,대구광역시 서구 원대동1가,경상사고,0,0,1,0,차대차 - 측면충돌,안전운전불이행,건조,맑음,교차로 - 교차로안,이륜,남,38세,경상,화물,남,51세,상해없음
2018121300100421,2018년 12월 13일 16시,목요일,대구광역시 중구 시장북로,부상신고사고,0,0,0,1,차대차 - 측면충돌,안전운전불이행,건조,맑음,단일로 - 기타,이륜,남,30세,부상신고,승용,여,52세,상해없음
2018121300100458,2018년 12월 13일 17시,목요일,대구광역시 동구 신암동,경상사고,0,0,2,0,차대차 - 측면충돌,안전운전불이행,건조,맑음,교차로 - 교차로안,승용,남,58세,상해없음,이륜,남,45세,경상
2018121300100459,2018년 12월 13일 17시,목요일,대구광역시 수성구 만촌동,경상사고,0,0,1,0,차대차 - 측면충돌,차로위반,건조,맑음,단일로 - 기타,이륜,남,51세,경상,화물,남,47세,상해없음
2018121300100460,2018년 12월 13일 17시,목요일,대구광역시 달서구 송현동,중상사고,0,1,2,0,차대차 - 기타,안전거리미확보,건조,맑음,단일로 - 기타,승용,여,43세,경상,승용,여,62세,중상
2018121300100461,2018년 12월 13일 17시,목요일,대구광역시 북구 태전동,중상사고,0,1,1,0,차대차 - 추돌,안전운전불이행,건조,맑음,단일로 - 기타,승용,남,73세,상해없음,승용,남,47세,중상
2018121300100510,2018년 12월 13일 18시,목요일,대구광역시 동구 신천동,경상사고,0,0,1,0,차대차 - 추돌,안전거리미확보,건조,맑음,단일로 - 기타,승용,남,39세,상해없음,승용,남,50세,경상
2018121300100511,2018년 12월 13일 18시,목요일,대구광역시 달서구 월성동,중상사고,0,1,0,0,차대사람 - 횡단중,보행자보호의무위반,건조,맑음,교차로 - 교차로횡단보도내,승용,남,81세,상해없음,보행자,여,25세,중상
2018121300100512,2018년 12월 13일 18시,목요일,대구광역시 서구 내당동,경상사고,0,0,1,0,차대차 - 추돌,안전운전불이행,건조,맑음,단일로 - 기타,승용,남,24세,상해없음,승용,남,54세,경상
2018121300100552,2018년 12월 13일 19시,목요일,대구광역시 수성구 가천동,경상사고,0,0,1,0,차대차 - 추돌,안전운전불이행,건조,맑음,교차로 - 교차로부근,승용,여,49세,상해없음,승용,남,36세,경상
2018121300100553,2018년 12월 13일 19시,목요일,대구광역시 북구 침산동,경상사고,0,0,1,0,차대차 - 추돌,안전운전불이행,건조,맑음,단일로 - 기타,이륜,남,45세,경상,승용,여,39세,상해없음
2018121300100554,2018년 12월 13일 19시,목요일,대구광역시 북구 동천동,경상사고,0,0,1,0,차대사람 - 횡단중,안전운전불이행,건조,맑음,단일로 - 기타,승용,여,53세,상해없음,보행자,여,18세,경상
2018121300100555,2018년 12월 13일 19시,목요일,대구광역시 북구 팔달동,중상사고,0,1,1,0,차대차 - 측면충돌,안전거리미확보,건조,맑음,단일로 - 기타,승용,남,29세,경상,승용,남,25세,중상
2018121300100579,2018년 12월 13일 20시,목요일,대구광역시 동구 신암동,중상사고,0,1,0,0,차대차 - 측면충돌,기타,건조,맑음,단일로 - 기타,승용,남,67세,상해없음,이륜,남,54세,중상
2018121300100601,2018년 12월 13일 21시,목요일,대구광역시 남구 대명동,경상사고,0,0,2,0,차대차 - 측면충돌,직진우회전진행방해,건조,맑음,교차로 - 교차로안,승용,남,58세,상해없음,승용,남,60세,상해없음
2018121300100642,2018년 12월 13일 23시,목요일,대구광역시 달서구 상인동,경상사고,0,0,1,0,차대차 - 측면충돌,교차로운행방법위반,건조,맑음,교차로 - 교차로안,승합,남,42세,상해없음,승용,여,50세,경상
2018121400100048,2018년 12월 14일 04시,금요일,대구광역시 중구 대봉동,경상사고,0,0,2,0,차량단독 - 공작물충돌,안전운전불이행,건조,맑음,교차로 - 교차로부근,승용,남,23세,상해없음,,,,
2018121400100051,2018년 12월 14일 05시,금요일,대구광역시 수성구 지산동,경상사고,0,0,1,1,차대차 - 측면충돌,불법유턴,건조,맑음,교차로 - 교차로부근,승용,남,60세,상해없음,승용,남,48세,경상
2018121400100081,2018년 12월 14일 07시,금요일,대구광역시 북구 노원동2가,중상사고,0,1,0,0,차대사람 - 횡단중,안전운전불이행,건조,맑음,단일로 - 기타,이륜,여,73세,상해없음,보행자,여,70세,중상
2018121400100116,2018년 12월 14일 08시,금요일,대구광역시 서구 비산동,경상사고,0,0,1,0,차대사람 - 횡단중,안전운전불이행,건조,맑음,단일로 - 기타,승용,여,49세,상해없음,보행자,여,63세,경상
2018121400100147,2018년 12월 14일 09시,금요일,대구광역시 중구 삼덕동3가,경상사고,0,0,1,0,차대차 - 추돌,안전운전불이행,건조,맑음,단일로 - 기타,승용,여,23세,상해없음,승용,남,24세,경상