사고번호,사고일시,요일,시군구,사고내용,사망자수,중상자수,경상자수,부상신고자수,사고유형,법규위반,노면상태,기상상태,도로형태,가해운전자 차종,가해운전자 성별,가해운전자 연령,가해운전자 상해정도,피해운전자 차종,피해운전자 성별,피해운전자 연령,피해운전자 상해정도
2018121700100640,2018년 12월 17일 19시,월요일,대구광역시 남구 봉덕동,경상사고,0,0,4,0,차대차 - 측면충돌,차로위반,건조,맑음,단일로 - 기타,승용,여,33세,경상,승용,남,25세,경상
2018121700100641,2018년 12월 17일 19시,월요일,대구광역시 동구 입석동,경상사고,0,0,1,0,차대차 - 측면충돌,교차로운행방법위반,건조,맑음,교차로 - 교차로안,승용,남,39세,상해없음,승용,남,42세,경상
2018121700100642,2018년 12월 17일 19시,월요일,대구광역시 중구 대신동,중상사고,0,1,0,0,차대차 - 기타,안전운전불이행,건조,맑음,단일로 - 기타,승용,남,40세,상해없음,자전거,남,68세,중상
2018121700100664,2018년 12월 17일 20시,월요일,대구광역시 동구 서호동,경상사고,0,0,1,0,차대차 - 측면충돌,직진우회전진행방해,건조,맑음,교차로 - 교차로안,승용,여,39세,상해없음,이륜,남,20세,경상
2018121700100665,2018년 12월 17일 20시,월요일,대구광역시 수성구 대흥동,부상신고사고,0,0,0,2,차대차 - 추돌,안전운전불이행,건조,맑음,단일로 - 지하차도(도로)내,승용,여,28세,부상신고,화물,남,68세,상해없음
2018121700100666,2018년 12월 17일 20시,월요일,대구광역시 북구 산격동,중상사고,0,2,0,0,차대차 - 추돌,안전운전불이행,젖음/습기,맑음,단일로 - 기타,화물,남,50세,상해없음,승용,남,44세,상해없음
2018121700100698,2018년 12월 17일 21시,월요일,대구광역시 동구 신천동,중상사고,0,1,0,0,차대사람 - 기타,안전운전불이행,건조,맑음,교차로 - 교차로안,승용,남,30세,상해없음,보행자,남,68세,중상
2018121700100723,2018년 12월 17일 22시,월요일,대구광역시 수성구 수성동2가,중상사고,0,1,0,0,차대차 - 측면충돌,안전거리미확보,건조,맑음,단일로 - 기타,승용,남,56세,상해없음,이륜,남,28세,중상
2018121700100724,2018년 12월 17일 22시,월요일,대구광역시 달서구 용산동,경상사고,0,0,1,0,차대사람 - 기타,안전운전불이행,건조,맑음,기타 - 기타,승용,남,44세,상해없음,보행자,남,71세,경상
2018121700100740,2018년 12월 17일 23시,월요일,대구광역시 동구 신서동,중상사고,0,1,0,0,차대사람 - 횡단중,보행자보호의무위반,건조,맑음,교차로 - 교차로안,화물,여,58세,상해없음,보행자,남,62세,중상
2018121800100045,2018년 12월 18일 03시,화요일,대구광역시 서구 이현동,경상사고,0,0,1,0,차대차 - 추돌,안전운전불이행,건조,맑음,단일로 - 기타,승용,여,38세,상해없음,화물,남,46세,경상
2018121800100051,2018년 12월 18일 04시,화요일,대구광역시 북구 매천동,중상사고,0,1,0,0,차대차 - 측면충돌,차로위반,건조,맑음,단일로 - 기타,화물,남,61세,상해없음,승용,남,55세,중상
2018121800100060,2018년 12월 18일 05시,화요일,대구광역시 중구 봉산동,경상사고,0,0,3,0,차대차 - 측면충돌,신호위반,건조,맑음,교차로 - 교차로안,승용,남,28세,상해없음,승용,남,60세,경상
2018121800100110,2018년 12월 18일 07시,화요일,대구광역시 동구 용계동,중상사고,0,1,2,1,차량단독 - 공작물충돌,안전운전불이행,건조,맑음,단일로 - 기타,승합,남,40세,상해없음,,,,
2018121800100111,2018년 12월 18일 07시,화요일,대구광역시 남구 대명동,중상사고,0,1,1,0,차대차 - 기타,안전운전불이행,건조,맑음,단일로 - 기타,승용,남,30세,경상,승용,여,63세,중상
2018121800100112,2018년 12월 18일 07시,화요일,대구광역시 달서구 진천동,경상사고,0,0,2,0,차대차 - 추돌,안전거리미확보,건조,맑음,단일로 - 기타,승용,여,49세,상해없음,승용,남,27세,경상
2018121800100113,2018년 12월 18일 07시,화요일,대구광역시 달서구 도원동,경상사고,0,0,1,0,차대차 - 측면충돌,교차로운행방법위반,건조,맑음,교차로 - 교차로안,승용,남,65세,상해없음,승용,여,28세,경상
2018121800100167,2018년 12월 18일 08시,화요일,대구광역시 중구 동인동1가,경상사고,0,0,1,0,차대차 - 기타,안전운전불이행,건조,맑음,교차로 - 교차로안,승합,남,52세,상해없음,이륜,남,71세,상해없음
2018121800100207,2018년 12월 18일 09시,화요일,대구광역시 남구 봉덕동,중상사고,0,1,1,0,차대차 - 추돌,안전운전불이행,건조,맑음,교차로 - 교차로부근,승용,남,78세,상해없음,승용,남,65세,경상
2018121800100208,2018년 12월 18일 09시,화요일,대구광역시 수성구 황금동,경상사고,0,0,1,0,차대차 - 기타,교차로운행방법위반,건조,맑음,교차로 - 교차로안,승용,여,44세,경상,화물,남,40세,상해없음
2018121800100209,2018년 12월 18일 09시,화요일,대구광역시 서구 평리동,부상신고사고,0,0,0,1,차대사람 - 기타,안전운전불이행,건조,맑음,단일로 - 기타,승용,남,67세,상해없음,보행자,남,61세,부상신고
2018121800100210,2018년 12월 18일 09시,화요일,대구광역시 달서구 용산동,경상사고,0,0,2,0,차대차 - 측면충돌,안전운전불이행,건조,맑음,단일로 - 기타,승용,여,61세,상해없음,화물,남,43세,경상
2018121800100239,2018년 12월 18일 10시,화요일,대구광역시 달서구 상인동,경상사고,0,0,3,0,차대차 - 추돌,안전운전불이행,건조,맑음,단일로 - 기타,사륜오토바이(ATV),남,70세,상해없음,승용,여,32세,경상
2018121800100240,2018년 12월 18일 10시,화요일,대구광역시 달성군 다사읍,경상사고,0,0,1,0,차대사람 - 기타,안전운전불이행,건조,맑음,주차장 - 주차장,승용,여,31세,상해없음,보행자,여,28세,경상
2018121800100241,2018년 12월 18일 10시,화요일,대구광역시 달서구 본리동,경상사고,0,0,2,0,차대차 - 측면충돌,안전거리미확보,건조,맑음,단일로 - 기타,승용,여,38세,상해없음,이륜,남,24세,경상
2018121800100296,2018년 12월 18일 12시,화요일,대구광역시 달성군 구지면,중상사고,0,1,1,0,차대차 - 기타,과속,건조,맑음,교차로 - 교차로안,화물,남,46세,경상,승용,남,65세,중상
2018121800100297,2018년 12월 18일 12시,화요일,대구광역시 달서구 성당동,경상사고,0,0,1,0,차대사람 - 기타,안전운전불이행,건조,맑음,기타 - 기타,승용,남,60세,기타불명,보행자,여,44세,경상
2018121800100320,2018년 12월 18일 13시,화요일,대구광역시 동구 신천동,부상신고사고,0,0,0,1,차대차 - 정면충돌,안전운전불이행,건조,맑음,교차로 - 교차로부근,이륜,남,65세,부상신고,승용,여,36세,상해없음
2018121800100321,2018년 12월 18일 13시,화요일,대구광역시 수성구 파동,중상사고,0,1,0,0,차량단독 - 기타,안전운전불이행,건조,맑음,단일로 - 기타,승합,남,70세,상해없음,,,,
2018121800100322,2018년 12월 18일 13시,화요일,대구광역시 달서구 월성동,경상사고,0,0,1,0,차대차 - 측면충돌,안전운전불이행,건조,맑음,교차로 - 교차로안,화물,남,22세,상해없음,승용,남,26세,경상
2018121800100378,2018년 12월 18일 15시,화요일,대구광역시 동구 동호동,경상사고,0,0,2,0,차대차 - 측면충돌,안전거리미확보,건조,맑음,단일로 - 기타,승용,남,24세,상해없음,승용,여,48세,경상
2018121800100418,2018년 12월 18일 16시,화요일,대구광역시 동구 신천동,경상사고,0,0,3,0,차대차 - 측면충돌,안전운전불이행,건조,맑음,주차장 - 주차장,승용,남,79세,상해없음,승용,남,48세,상해없음
2018121800100419,2018년 12월 18일 16시,화요일,대구광역시 수성구 지산동,경상사고,0,0,1,0,차대차 - 측면충돌,교차로운행방법위반,건조,맑음,단일로 - 기타,승용,남,65세,상해없음,승용,남,24세,경상
2018121800100420,2018년 12월 18일 16시,화요일,대구광역시 달서구 송현동,경상사고,0,0,1,0,차대차 - 측면충돌,안전거리미확보,건조,맑음,교차로 - 교차로안,이륜,남,59세,경상,승합,남,47세,상해없음
2018121800100421,2018년 12월 18일 16시,화요일,대구광역시 달서구 상인동,부상신고사고,0,0,0,1,차대차 - 추돌,안전운전불이행,건조,맑음,단일로 - 기타,자전거,남,17세,부상신고,승용,여,43세,상해없음
2018121800100422,2018년 12월 18일 16시,화요일,대구광역시 달서구 감삼동,부상신고사고,0,0,0,1,차대차 - 측면충돌,신호위반,건조,맑음,단일로 - 기타,이륜,남,15세,상해없음,이륜,남,62세,부상신고
2018121800100461,2018년 12월 18일 17시,화요일,대구광역시 수성구 범어동,부상신고사고,0,0,0,1,차대차 - 측면충돌,안전거리미확보,건조,맑음,교차로 - 교차로안,승용,여,46세,상해없음,승용,여,43세,부상신고
2018121800100462,2018년 12월 18일 17시,화요일,대구광역시 북구 노원동3가,경상사고,0,0,2,0,차대차 - 측면충돌,안전거리미확보,건조,맑음,단일로 - 기타,승용,남,26세,상해없음,승용,남,68세,경상
2018121800100463,2018년 12월 18일 17시,화요일,대구광역시 북구 연경동,경상사고,0,0,2,0,차대차 - 기타,교차로운행방법위반,건조,맑음,교차로 - 교차로안,화물,남,65세,경상,건설기계,남,58세,경상
2018121800100520,2018년 12월 18일 18시,화요일,대구광역시 동구 신서동,경상사고,0,0,1,0,차대차 - 측면충돌,교차로운행방법위반,건조,맑음,교차로 - 교차로안,승용,남,49세,기타불명,승용,여,41세,경상
2018121800100522,2018년 12월 18일 18시,화요일,대구광역시 서구 이현동,경상사고,0,0,2,0,차대차 - 추돌,안전거리미확보,건조,맑음,단일로 - 기타,승용,여,48세,상해없음,승용,남,65세,경상
2018121800100566,2018년 12월 18일 19시,화요일,대구광역시 동구 신천동,경상사고,0,0,2,0,차대차 - 측면충돌,신호위반,건조,맑음,교차로 - 교차로안,이륜,남,84세,경상,이륜,남,23세,경상
2018121800100567,2018년 12월 18일 19시,화요일,대구광역시 수성구 수성동2가,경상사고,0,0,1,0,차대차 - 측면충돌,신호위반,건조,맑음,교차로 - 교차로안,승용,남,30세,상해없음,승용,여,57세,경상
2018121800100597,2018년 12월 18일 20시,화요일,대구광역시 수성구 황금동,중상사고,0,1,0,0,차대차 - 정면충돌,중앙선침범,건조,맑음,단일로 - 고가도로위,승용,남,68세,상해없음,승용,남,55세,중상
2018121800100598,2018년 12월 18일 20시,화요일,대구광역시 달서구 도원동,중상사고,0,1,0,0,차대차 - 측면충돌,안전운전불이행,건조,맑음,단일로 - 기타,승용,남,21세,상해없음,이륜,남,24세,중상
2018121800100599,2018년 12월 18일 20시,화요일,대구광역시 서구 평리동,경상사고,0,0,1,0,차대차 - 측면충돌,안전거리미확보,건조,맑음,교차로 - 교차로부근,자전거,남,14세,경상,화물,남,37세,상해없음
2018121800100600,2018년 12월 18일 20시,화요일,대구광역시 서구 내당동,경상사고,0,0,1,0,차대사람 - 기타,안전운전불이행,건조,맑음,기타 - 기타,승용,여,33세,상해없음,보행자,여,22세,경상
2018121800100601,2018년 12월 18일 20시,화요일,대구광역시 달서구 호산동,경상사고,0,0,1,0,차대차 - 추돌,안전운전불이행,건조,맑음,교차로 - 교차로부근,승용,남,65세,상해없음,승용,남,31세,경상
2018121800100624,2018년 12월 18일 21시,화요일,대구광역시 수성구 수성동3가,중상사고,0,1,0,0,차대차 - 측면충돌,교차로운행방법위반,건조,맑음,교차로 - 교차로안,승용,여,34세,상해없음,자전거,남,78세,중상
2018121800100625,2018년 12월 18일 21시,화요일,대구광역시 달서구 월암동,경상사고,0,0,1,0,차대차 - 기타,교차로운행방법위반,건조,맑음,교차로 - 교차로안,승용,여,38세,상해없음,승용,남,28세,경상
2018121800100626,2018년 12월 18일 21시,화요일,대구광역시 달성군 다사읍,중상사고,0,1,0,0,차대사람 - 횡단중,안전운전불이행,건조,맑음,교차로 - 교차로부근,승용,남,45세,상해없음,보행자,남,66세,중상
2018121800100627,2018년 12월 18일 21시,화요일,대구광역시 북구 침산동,중상사고,0,1,0,0,차대차 - 기타,안전거리미확보,건조,맑음,단일로 - 기타,승용,여,25세,상해없음,이륜,남,33세,중상
2018121800100651,2018년 12월 18일 22시,화요일,대구광역시 동구 신천동,경상사고,0,0,2,0,차대차 - 측면충돌,교차로운행방법위반,건조,맑음,교차로 - 교차로안,이륜,남,31세,경상,승용,여,29세,경상
2018121800100652,2018년 12월 18일 22시,화요일,대구광역시 수성구 만촌동,경상사고,0,0,1,0,차대차 - 측면충돌,안전운전불이행,건조,맑음,교차로 - 교차로부근,승용,여,22세,상해없음,승용,남,48세,경상
2018121800100653,2018년 12월 18일 22시,화요일,대구광역시 달서구 본리동,경상사고,0,0,2,0,차대차 - 추돌,안전운전불이행,건조,맑음,단일로 - 기타,승용,남,54세,상해없음,승용,남,25세,경상
2018121800100672,2018년 12월 18일 23시,화요일,대구광역시 남구 이천동,경상사고,0,0,2,0,차대차 - 측면충돌,신호위반,건조,맑음,교차로 - 교차로안,기타불명,기타불명,미분류,기타불명,승용,남,50세,경상
2018121900100015,2018년 12월 19일 00시,수요일,대구광역시 중구 종로1가,중상사고,0,1,0,0,차대사람 - 길가장자리구역통행중,안전운전불이행,건조,맑음,단일로 - 기타,승용,여,34세,상해없음,보행자,여,29세,중상
2018121900100041,2018년 12월 19일 04시,수요일,대구광역시 남구 대명동,중상사고,0,1,0,0,차대차 - 측면충돌,안전거리미확보,건조,맑음,기타 - 기타,승합,남,67세,상해없음,이륜,여,67세,중상
2018121900100042,2018년 12월 19일 04시,수요일,대구광역시 달서구 감삼동,중상사고,0,1,2,0,차대차 - 측면충돌,안전거리미확보,건조,맑음,단일로 - 기타,승용,남,44세,상해없음,승용,남,37세,경상
2018121900100113,2018년 12월 19일 07시,수요일,대구광역시 달서구 대곡동,경상사고,0,0,1,0,차대차 - 측면충돌,교차로운행방법위반,건조,맑음,교차로 - 교차로안,승합,남,66세,상해없음,승합,남,52세,상해없음
2018121900100114,2018년 12월 19일 07시,수요일,대구광역시 달성군 화원읍,중상사고,0,1,0,0,차대사람 - 횡단중,안전운전불이행,건조,맑음,기타 - 기타,승용,남,58세,상해없음,보행자,남,74세,중상
2018121900100153,2018년 12월 19일 08시,수요일,대구광역시 남구 봉덕동,중상사고,0,1,0,0,차대차 - 측면충돌,안전거리미확보,건조,맑음,단일로 - 교량,승용,남,55세,상해없음,승용,남,54세,중상
2018121900100154,2018년 12월 19일 08시,수요일,대구광역시 북구 태전동,경상사고,0,0,2,0,차대차 - 추돌,안전거리미확보,건조,맑음,단일로 - 기타,화물,남,67세,경상,승용,남,30세,상해없음
2018121900100183,2018년 12월 19일 09시,수요일,대구광역시 수성구 황금동,경상사고,0,0,2,0,차대차 - 측면충돌,안전운전불이행,건조,맑음,교차로 - 교차로안,승용,여,24세,상해없음,승용,여,38세,경상
2018121900100209,2018년 12월 19일 10시,수요일,대구광역시 중구 남일동,중상사고,0,2,0,0,차대차 - 측면충돌,신호위반,건조,맑음,교차로 - 교차로안,승용,남,58세,중상,이륜,남,63세,중상
2018121900100263,2018년 12월 19일 12시,수요일,대구광역시 북구 노원동2가,경상사고,0,0,1,0,차대차 - 측면충돌,안전운전불이행,건조,맑음,교차로 - 교차로안,자전거,남,68세,경상,승용,남,57세,상해없음
2018121900100264,2018년 12월 19일 12시,수요일,대구광역시 서구 비산동,경상사고,0,0,1,0,차대사람 - 기타,안전운전불이행,건조,맑음,교차로 - 교차로부근,승용,남,63세,상해없음,보행자,남,50세,경상
2018121900100334,2018년 12월 19일 14시,수요일,대구광역시 중구 남산동,경상사고,0,0,2,0,차량단독 - 기타,안전거리미확보,건조,맑음,단일로 - 기타,승합,남,33세,경상,,,,
2018121900100362,2018년 12월 19일 15시,수요일,대구광역시 달서구 월성동,경상사고,0,0,2,0,차대차 - 측면충돌,교차로운행방법위반,건조,맑음,교차로 - 교차로안,승용,여,34세,상해없음,원동기,남,24세,경상
2018121900100396,2018년 12월 19일 16시,수요일,대구광역시 동구 율하동,중상사고,0,1,1,0,차대차 - 기타,안전거리미확보,건조,맑음,단일로 - 기타,승용,남,37세,경상,이륜,남,66세,중상
2018121900100449,2018년 12월 19일 17시,수요일,대구광역시 서구 평리동,경상사고,0,0,1,0,차대차 - 추돌,안전운전불이행,건조,맑음,단일로 - 기타,승용,여,57세,상해없음,승용,남,79세,경상
2018121900100450,2018년 12월 19일 17시,수요일,대구광역시 달서구 두류동,경상사고,0,0,3,0,차대차 - 측면충돌,안전거리미확보,건조,맑음,단일로 - 기타,승용,남,64세,경상,승용,남,29세,경상
2018121900100451,2018년 12월 19일 17시,수요일,대구광역시 북구 동천동,경상사고,0,0,1,0,차대차 - 기타,안전운전불이행,건조,맑음,단일로 - 기타,이륜,남,49세,경상,승용,남,62세,상해없음
2018121900100503,2018년 12월 19일 18시,수요일,대구광역시 북구 서변동,경상사고,0,0,1,0,차대차 - 기타,안전운전불이행,건조,맑음,기타 - 기타,화물,남,49세,상해없음,승용,여,28세,경상
2018121900100510,2018년 12월 19일 18시,수요일,대구광역시 수성구 범어동,경상사고,0,0,1,0,차대차 - 추돌,안전운전불이행,건조,맑음,교차로 - 교차로부근,승용,남,35세,상해없음,승용,여,39세,경상
2018121900100511,2018년 12월 19일 18시,수요일,대구광역시 서구 내당동,경상사고,0,0,1,0,차대사람 - 기타,기타,건조,맑음,단일로 - 기타,승용,남,53세,상해없음,보행자,여,22세,경상
2018121900100512,2018년 12월 19일 18시,수요일,대구광역시 중구 삼덕동3가,중상사고,0,1,0,0,차대사람 - 횡단중,안전운전불이행,건조,맑음,교차로 - 교차로안,승용,여,46세,상해없음,보행자,여,88세,중상
2018121900100545,2018년 12월 19일 19시,수요일,대구광역시 북구 대현동,경상사고,0,0,2,0,차대차 - 측면충돌,차로위반,건조,맑음,단일로 - 기타,승용,여,40세,상해없음,이륜,남,28세,경상
2018121900100546,2018년 12월 19일 19시,수요일,대구광역시 서구 원대동2가,부상신고사고,0,0,0,1,차대차 - 측면충돌,안전운전불이행,건조,맑음,교차로 - 교차로안,기타불명,기타불명,미분류,기타불명,자전거,여,23세,부상신고
2018121900100547,2018년 12월 19일 19시,수요일,대구광역시 중구 봉산동,부상신고사고,0,0,0,1,차대사람 - 기타,안전운전불이행,건조,맑음,단일로 - 기타,승용,여,26세,상해없음,보행자,남,61세,부상신고
2018121900100574,2018년 12월 19일 20시,수요일,대구광역시 동구 효목동,경상사고,0,0,1,0,차대차 - 측면충돌,안전운전불이행,건조,맑음,교차로 - 교차로안,승용,여,56세,상해없음,승용,여,51세,경상
2018121900100575,2018년 12월 19일 20시,수요일,대구광역시 북구 검단동,중상사고,0,2,0,0,차대사람 - 기타,안전운전불이행,건조,맑음,단일로 - 기타,승용,남,22세,상해없음,보행자,남,66세,중상
2018121900100599,2018년 12월 19일 21시,수요일,대구광역시 수성구 범어동,경상사고,0,0,1,0,차대차 - 추돌,안전운전불이행,건조,맑음,교차로 - 교차로부근,이륜,남,31세,상해없음,승용,여,50세,경상
2018121900100651,2018년 12월 19일 23시,수요일,대구광역시 수성구 지산동,경상사고,0,0,1,1,차대차 - 기타,안전운전불이행,건조,맑음,교차로 - 교차로부근,승용,남,23세,상해없음,승용,남,29세,부상신고
2018122000100012,2018년 12월 20일 00시,목요일,대구광역시 달서구 신당동,경상사고,0,0,2,0,차대차 - 추돌,안전운전불이행,건조,맑음,단일로 - 기타,승용,남,47세,상해없음,승용,남,45세,경상
2018122000100106,2018년 12월 20일 07시,목요일,대구광역시 남구 대명동,중상사고,0,1,0,0,차대차 - 기타,안전운전불이행,건조,맑음,단일로 - 기타,이륜,남,23세,상해없음,승용,남,57세,기타불명
2018122000100107,2018년 12월 20일 07시,목요일,대구광역시 남구 대명동,중상사고,0,1,0,0,차대사람 - 기타,안전운전불이행,건조,맑음,단일로 - 기타,승용,남,55세,상해없음,보행자,남,49세,중상
2018122000100169,2018년 12월 20일 09시,목요일,대구광역시 남구 대명동,경상사고,0,0,1,0,차대사람 - 기타,안전운전불이행,건조,맑음,기타 - 기타,기타불명,기타불명,미분류,기타불명,보행자,여,84세,경상
2018122000100263,2018년 12월 20일 13시,목요일,대구광역시 수성구 중동,중상사고,0,1,0,0,차대사람 - 횡단중,보행자보호의무위반,건조,맑음,교차로 - 교차로횡단보도내,승용,남,58세,상해없음,보행자,여,61세,중상
2018122000100264,2018년 12월 20일 13시,목요일,대구광역시 서구 내당동,중상사고,0,1,0,0,차대차 - 측면충돌,안전거리미확보,건조,맑음,단일로 - 기타,이륜,남,16세,상해없음,승용,남,55세,상해없음
2018122000100290,2018년 12월 20일 14시,목요일,대구광역시 북구 대현동,경상사고,0,0,1,0,차대차 - 측면충돌,안전거리미확보,건조,맑음,단일로 - 기타,승합,남,48세,상해없음,승용,여,44세,경상
2018122000100323,2018년 12월 20일 15시,목요일,대구광역시 달서구 성당동,경상사고,0,0,1,0,차대차 - 기타,안전운전불이행,건조,맑음,단일로 - 기타,승용,남,39세,상해없음,이륜,남,78세,경상
2018122000100350,2018년 12월 20일 16시,목요일,대구광역시 남구 대명동,경상사고,0,0,3,0,차대차 - 측면충돌,안전거리미확보,건조,맑음,단일로 - 기타,승용,여,66세,경상,승용,여,64세,경상
2018122000100351,2018년 12월 20일 16시,목요일,대구광역시 수성구 수성동4가,경상사고,0,0,1,0,차대사람 - 길가장자리구역통행중,안전운전불이행,건조,맑음,단일로 - 기타,승용,여,60세,상해없음,보행자,남,35세,경상
2018122000100353,2018년 12월 20일 16시,목요일,대구광역시 달성군 다사읍,경상사고,0,0,2,0,차대차 - 기타,차로위반,건조,맑음,교차로 - 교차로안,승용,여,55세,상해없음,이륜,남,21세,경상
2018122000100354,2018년 12월 20일 16시,목요일,대구광역시 중구 대신동,경상사고,0,0,1,0,차대차 - 측면충돌,직진우회전진행방해,건조,맑음,교차로 - 교차로안,이륜,남,67세,상해없음,자전거,여,54세,경상
2018122000100387,2018년 12월 20일 17시,목요일,대구광역시 달성군 현풍읍,경상사고,0,0,1,0,차대차 - 측면충돌,안전운전불이행,건조,맑음,교차로 - 교차로안,승용,여,39세,상해없음,이륜,남,39세,경상
2018122000100388,2018년 12월 20일 17시,목요일,대구광역시 중구 동인동4가,경상사고,0,0,2,0,차대차 - 측면충돌,신호위반,건조,맑음,교차로 - 교차로안,승용,여,70세,상해없음,승용,여,60세,경상
2018122000100445,2018년 12월 20일 18시,목요일,대구광역시 남구 대명동,부상신고사고,0,0,0,1,차대차 - 측면충돌,교차로운행방법위반,건조,맑음,교차로 - 교차로안,승용,여,50세,상해없음,승용,남,32세,부상신고
2018122000100446,2018년 12월 20일 18시,목요일,대구광역시 동구 효목동,사망사고,1,0,0,0,차대사람 - 차도통행중,안전운전불이행,건조,맑음,기타 - 기타,승용,남,27세,상해없음,보행자,남,67세,사망
2018122000100488,2018년 12월 20일 19시,목요일,대구광역시 수성구 두산동,중상사고,0,1,0,0,차대차 - 후진중충돌,안전운전불이행,건조,맑음,단일로 - 기타,승용,남,47세,상해없음,이륜,남,35세,중상
2018122000100523,2018년 12월 20일 20시,목요일,대구광역시 남구 봉덕동,경상사고,0,0,1,0,차대사람 - 차도통행중,보행자보호의무위반,건조,맑음,단일로 - 기타,승용,남,50세,상해없음,보행자,여,55세,경상
2018122000100554,2018년 12월 20일 21시,목요일,대구광역시 북구 사수동,경상사고,0,0,1,0,차대차 - 측면충돌,신호위반,건조,맑음,교차로 - 교차로부근,화물,남,67세,상해없음,자전거,남,44세,경상
2018122000100582,2018년 12월 20일 22시,목요일,대구광역시 서구 중리동,경상사고,0,0,1,0,차대사람 - 기타,안전운전불이행,건조,맑음,교차로 - 교차로안,화물,남,59세,상해없음,보행자,여,51세,경상
2018122000100583,2018년 12월 20일 22시,목요일,대구광역시 북구 국우동,경상사고,0,0,2,0,차대차 - 기타,안전운전불이행,건조,맑음,단일로 - 기타,승용,여,48세,상해없음,이륜,남,17세,경상
2018122100100011,2018년 12월 21일 00시,금요일,대구광역시 북구 동천동,경상사고,0,0,5,0,차대차 - 측면충돌,안전운전불이행,건조,맑음,단일로 - 기타,승용,여,36세,경상,승용,남,21세,경상
2018122100100059,2018년 12월 21일 04시,금요일,대구광역시 서구 비산동,경상사고,0,0,1,0,차대차 - 측면충돌,안전운전불이행,건조,맑음,교차로 - 교차로안,승용,남,73세,상해없음,자전거,남,60세,경상
2018122100100070,2018년 12월 21일 05시,금요일,대구광역시 수성구 두산동,경상사고,0,0,1,0,차대차 - 기타,안전거리미확보,건조,맑음,기타 - 기타,승합,남,52세,상해없음,화물,남,47세,경상
2018122100100128,2018년 12월 21일 07시,금요일,대구광역시 달서구 장기동,경상사고,0,0,1,0,차대차 - 측면충돌,안전운전불이행,건조,기타,단일로 - 기타,화물,남,55세,상해없음,승용,남,50세,경상
2018122100100129,2018년 12월 21일 07시,금요일,대구광역시 북구 읍내동,경상사고,0,0,2,0,차대차 - 정면충돌,신호위반,건조,맑음,교차로 - 교차로안,승용,남,28세,상해없음,승용,남,55세,경상
2018122100100149,2018년 12월 21일 08시,금요일,대구광역시 달서구 상인동,중상사고,0,1,0,0,차대차 - 측면충돌,안전운전불이행,건조,맑음,교차로 - 교차로횡단보도내,화물,남,63세,상해없음,자전거,남,26세,중상
2018122100100183,2018년 12월 21일 09시,금요일,대구광역시 남구 이천동,경상사고,0,0,1,0,차대차 - 기타,차로위반,건조,맑음,단일로 - 기타,승용,여,48세,상해없음,승용,여,46세,경상
2018122100100184,2018년 12월 21일 09시,금요일,대구광역시 북구 침산동,중상사고,0,1,0,0,차대차 - 측면충돌,안전운전불이행,건조,맑음,교차로 - 교차로부근,승용,여,68세,상해없음,자전거,여,82세,중상
2018122100100185,2018년 12월 21일 09시,금요일,대구광역시 서구 평리동,경상사고,0,0,1,0,차대차 - 측면충돌,안전운전불이행,건조,맑음,단일로 - 기타,승합,남,59세,상해없음,승용,남,49세,상해없음
2018122100100216,2018년 12월 21일 10시,금요일,대구광역시 수성구 매호동,경상사고,0,0,1,0,차대차 - 측면충돌,교차로운행방법위반,건조,맑음,교차로 - 교차로안,승용,여,57세,상해없음,승용,남,22세,경상
2018122100100217,2018년 12월 21일 10시,금요일,대구광역시 서구 내당동,경상사고,0,0,1,1,차대차 - 측면충돌,교차로운행방법위반,건조,맑음,교차로 - 교차로부근,승용,남,79세,부상신고,승용,남,56세,경상
2018122100100251,2018년 12월 21일 11시,금요일,대구광역시 달서구 본리동,중상사고,0,1,0,0,차대사람 - 기타,과속,건조,맑음,교차로 - 교차로부근,승용,여,68세,상해없음,보행자,여,81세,중상
2018122100100284,2018년 12월 21일 12시,금요일,대구광역시 달서구 월성동,중상사고,0,1,0,1,차대사람 - 횡단중,신호위반,건조,맑음,단일로 - 기타,원동기,남,82세,부상신고,보행자,여,79세,중상
2018122100100319,2018년 12월 21일 13시,금요일,대구광역시 달서구 본동,중상사고,0,1,1,0,차대차 - 측면충돌,안전거리미확보,건조,맑음,단일로 - 기타,승용,남,46세,상해없음,승합,남,52세,경상
2018122100100320,2018년 12월 21일 13시,금요일,대구광역시 북구 고성동3가,경상사고,0,0,1,0,차대차 - 추돌,안전운전불이행,건조,맑음,단일로 - 기타,승용,남,55세,상해없음,화물,남,55세,경상
2018122100100372,2018년 12월 21일 15시,금요일,대구광역시 남구 대명동,중상사고,0,2,0,0,차대차 - 측면충돌,교차로운행방법위반,건조,맑음,교차로 - 교차로안,승용,남,60세,상해없음,이륜,남,20세,중상
2018122100100373,2018년 12월 21일 15시,금요일,대구광역시 수성구 상동,부상신고사고,0,0,0,1,차대사람 - 기타,기타,건조,맑음,단일로 - 기타,승합,남,46세,상해없음,보행자,남,86세,부상신고
2018122100100409,2018년 12월 21일 16시,금요일,대구광역시 달서구 상인동,경상사고,0,0,1,0,차대차 - 측면충돌,안전운전불이행,건조,맑음,교차로 - 교차로안,승용,남,47세,상해없음,이륜,여,62세,경상