사고번호,사고일시,요일,시군구,사고내용,사망자수,중상자수,경상자수,부상신고자수,사고유형,법규위반,노면상태,기상상태,도로형태,가해운전자 차종,가해운전자 성별,가해운전자 연령,가해운전자 상해정도,피해운전자 차종,피해운전자 성별,피해운전자 연령,피해운전자 상해정도
2018122800100088,2018년 12월 28일 07시,금요일,대구광역시 북구 복현동,경상사고,0,0,1,0,차대차 - 후진중충돌,안전운전불이행,건조,맑음,교차로 - 교차로부근,승용,남,55세,상해없음,승용,남,32세,경상
2018122800100119,2018년 12월 28일 08시,금요일,대구광역시 동구 효목동,경상사고,0,0,1,0,차대차 - 측면충돌,안전운전불이행,건조,맑음,단일로 - 기타,승용,여,27세,상해없음,승용,남,56세,경상
2018122800100177,2018년 12월 28일 10시,금요일,대구광역시 달서구 송현동,경상사고,0,0,1,0,차대사람 - 횡단중,안전운전불이행,건조,맑음,교차로 - 교차로부근,승용,남,31세,상해없음,보행자,남,45세,경상
2018122800100203,2018년 12월 28일 11시,금요일,대구광역시 중구 대신동,부상신고사고,0,0,0,1,차대차 - 측면충돌,안전운전불이행,건조,맑음,단일로 - 기타,자전거,남,65세,부상신고,승용,남,59세,상해없음
2018122800100232,2018년 12월 28일 12시,금요일,대구광역시 수성구 만촌동,경상사고,0,0,3,0,차대차 - 기타,안전운전불이행,건조,맑음,교차로 - 교차로부근,화물,남,46세,상해없음,승용,남,39세,경상
2018122800100233,2018년 12월 28일 12시,금요일,대구광역시 달서구 진천동,경상사고,0,0,1,0,차대차 - 측면충돌,안전운전불이행,건조,맑음,단일로 - 기타,승용,남,38세,상해없음,자전거,여,55세,경상
2018122800100266,2018년 12월 28일 13시,금요일,대구광역시 달성군 다사읍,중상사고,0,1,1,0,차대차 - 기타,안전운전불이행,건조,맑음,단일로 - 기타,승용,여,54세,상해없음,승용,남,36세,중상
2018122800100267,2018년 12월 28일 13시,금요일,대구광역시 중구 남산동,경상사고,0,0,4,0,차대차 - 측면충돌,안전운전불이행,건조,맑음,단일로 - 기타,승용,여,71세,상해없음,승용,여,34세,경상
2018122800100305,2018년 12월 28일 14시,금요일,대구광역시 동구 동호동,경상사고,0,0,1,0,차대차 - 측면충돌,차로위반,건조,맑음,교차로 - 교차로부근,건설기계,남,42세,경상,승용,여,23세,상해없음
2018122800100306,2018년 12월 28일 14시,금요일,대구광역시 수성구 범어동,중상사고,0,1,0,0,차대차 - 측면충돌,안전운전불이행,건조,맑음,교차로 - 교차로횡단보도내,승용,남,78세,상해없음,자전거,여,51세,중상
2018122800100307,2018년 12월 28일 14시,금요일,대구광역시 달성군 화원읍,경상사고,0,0,1,1,차대차 - 측면충돌,안전운전불이행,건조,맑음,단일로 - 기타,승용,여,25세,부상신고,승용,남,28세,경상
2018122800100308,2018년 12월 28일 14시,금요일,대구광역시 서구 평리동,중상사고,0,1,1,0,차대차 - 추돌,안전운전불이행,건조,맑음,단일로 - 기타,화물,남,37세,상해없음,승용,여,42세,경상
2018122800100309,2018년 12월 28일 14시,금요일,대구광역시 달서구 본리동,부상신고사고,0,0,0,1,차대차 - 측면충돌,안전거리미확보,건조,맑음,단일로 - 기타,승용,남,53세,상해없음,승용,남,22세,상해없음
2018122800100353,2018년 12월 28일 15시,금요일,대구광역시 동구 각산동,경상사고,0,0,2,0,차대차 - 기타,안전운전불이행,건조,맑음,교차로 - 교차로부근,이륜,남,52세,경상,승합,여,59세,경상
2018122800100354,2018년 12월 28일 15시,금요일,대구광역시 수성구 두산동,중상사고,0,2,1,0,차대차 - 추돌,안전운전불이행,건조,맑음,단일로 - 기타,승용,남,31세,상해없음,승용,여,68세,중상
2018122800100355,2018년 12월 28일 15시,금요일,대구광역시 수성구 신매동,중상사고,0,1,0,0,차대사람 - 기타,안전운전불이행,건조,맑음,단일로 - 기타,승합,남,66세,상해없음,보행자,남,35세,중상
2018122800100397,2018년 12월 28일 16시,금요일,대구광역시 북구 산격동,경상사고,0,0,2,0,차대차 - 측면충돌,안전운전불이행,건조,맑음,단일로 - 기타,승용,여,55세,경상,승용,남,31세,경상
2018122800100398,2018년 12월 28일 16시,금요일,대구광역시 북구 동변동,경상사고,0,0,2,0,차대차 - 측면충돌,안전운전불이행,건조,맑음,단일로 - 기타,승용,여,31세,상해없음,이륜,남,18세,경상
2018122800100432,2018년 12월 28일 17시,금요일,대구광역시 달서구 본동,중상사고,0,1,0,0,차대차 - 측면충돌,안전운전불이행,건조,맑음,교차로 - 교차로안,승용,여,35세,중상,승합,여,58세,상해없음
2018122800100483,2018년 12월 28일 18시,금요일,대구광역시 달성군 화원읍,중상사고,0,1,0,1,차대차 - 측면충돌,신호위반,건조,맑음,단일로 - 기타,이륜,남,46세,부상신고,자전거,여,48세,중상
2018122800100484,2018년 12월 28일 18시,금요일,대구광역시 서구 평리동,경상사고,0,0,2,0,차대차 - 측면충돌,신호위반,건조,맑음,교차로 - 교차로안,이륜,남,65세,경상,승용,남,58세,경상
2018122800100485,2018년 12월 28일 18시,금요일,대구광역시 중구 동인동2가,경상사고,0,0,1,0,차대차 - 측면충돌,신호위반,건조,맑음,교차로 - 교차로횡단보도내,승용,남,31세,상해없음,자전거,남,15세,경상
2018122800100525,2018년 12월 28일 19시,금요일,대구광역시 동구 신천동,경상사고,0,0,1,0,차대사람 - 기타,기타,건조,맑음,기타 - 기타,승용,남,46세,상해없음,보행자,남,74세,경상
2018122800100526,2018년 12월 28일 19시,금요일,대구광역시 북구 읍내동,경상사고,0,0,2,0,차대차 - 측면충돌,안전운전불이행,건조,맑음,교차로 - 교차로부근,이륜,남,23세,경상,승용,남,54세,경상
2018122800100600,2018년 12월 28일 21시,금요일,대구광역시 남구 대명동,중상사고,0,1,0,0,차대사람 - 횡단중,보행자보호의무위반,건조,맑음,교차로 - 교차로횡단보도내,승용,남,51세,상해없음,보행자,남,26세,중상
2018122800100601,2018년 12월 28일 21시,금요일,대구광역시 동구 신천동,경상사고,0,0,1,1,차대차 - 측면충돌,교차로운행방법위반,건조,맑음,교차로 - 교차로부근,승용,남,38세,상해없음,이륜,남,20세,부상신고
2018122800100602,2018년 12월 28일 21시,금요일,대구광역시 북구 대현동,중상사고,0,1,0,0,차대사람 - 횡단중,신호위반,건조,맑음,교차로 - 교차로횡단보도내,승용,여,39세,상해없음,보행자,여,57세,중상
2018122800100629,2018년 12월 28일 22시,금요일,대구광역시 달서구 월성동,경상사고,0,0,1,0,차대차 - 측면충돌,중앙선침범,건조,맑음,교차로 - 교차로부근,승용,남,25세,상해없음,승용,여,45세,경상
2018122800100630,2018년 12월 28일 22시,금요일,대구광역시 서구 평리동,부상신고사고,0,0,0,1,차대차 - 측면충돌,교차로운행방법위반,건조,맑음,교차로 - 교차로안,원동기,남,21세,부상신고,승용,여,50세,상해없음
2018122800100664,2018년 12월 28일 23시,금요일,대구광역시 달서구 두류동,경상사고,0,0,6,1,차대차 - 추돌,안전운전불이행,건조,맑음,교차로 - 교차로부근,승용,남,29세,경상,승용,남,54세,경상
2018122800100665,2018년 12월 28일 23시,금요일,대구광역시 중구 덕산동,경상사고,0,0,1,0,차대차 - 기타,안전거리미확보,건조,맑음,단일로 - 기타,이륜,남,24세,상해없음,승용,남,58세,상해없음
2018122900100021,2018년 12월 29일 00시,토요일,대구광역시 수성구 범어동,경상사고,0,0,1,0,차대차 - 기타,안전거리미확보,건조,맑음,기타 - 기타,승용,남,59세,상해없음,이륜,남,31세,경상
2018122900100022,2018년 12월 29일 00시,토요일,대구광역시 달성군 구지면,중상사고,0,2,1,0,차대차 - 추돌,안전운전불이행,건조,맑음,단일로 - 기타,승용,남,29세,상해없음,승용,남,34세,중상
2018122900100023,2018년 12월 29일 00시,토요일,대구광역시 북구 서변동,경상사고,0,0,1,0,차대차 - 측면충돌,안전운전불이행,건조,맑음,단일로 - 기타,승용,남,75세,상해없음,승용,여,60세,경상
2018122900100036,2018년 12월 29일 01시,토요일,대구광역시 달서구 감삼동,경상사고,0,0,1,0,차대차 - 측면충돌,교차로운행방법위반,건조,맑음,교차로 - 교차로횡단보도내,승용,남,58세,상해없음,승용,남,64세,상해없음
2018122900100064,2018년 12월 29일 04시,토요일,대구광역시 달서구 두류동,경상사고,0,0,1,0,차대차 - 측면충돌,안전운전불이행,건조,맑음,교차로 - 교차로안,승용,남,21세,경상,승용,남,25세,상해없음
2018122900100072,2018년 12월 29일 05시,토요일,대구광역시 중구 남산동,경상사고,0,0,3,0,차대차 - 측면충돌,중앙선침범,건조,맑음,교차로 - 교차로부근,승용,남,27세,기타불명,승용,남,51세,경상
2018122900100085,2018년 12월 29일 07시,토요일,대구광역시 달서구 본동,중상사고,0,1,0,0,차대차 - 측면충돌,신호위반,건조,맑음,교차로 - 교차로안,승용,여,41세,상해없음,승용,남,58세,중상
2018122900100096,2018년 12월 29일 08시,토요일,대구광역시 동구 신천동,경상사고,0,0,1,0,차대차 - 측면충돌,안전운전불이행,건조,맑음,교차로 - 교차로부근,화물,남,71세,상해없음,승용,남,24세,경상
2018122900100109,2018년 12월 29일 09시,토요일,대구광역시 북구 읍내동,경상사고,0,0,2,0,차대차 - 측면충돌,안전운전불이행,건조,맑음,단일로 - 기타,승용,남,22세,상해없음,승용,남,52세,경상
2018122900100131,2018년 12월 29일 10시,토요일,대구광역시 달서구 상인동,경상사고,0,0,1,0,차대차 - 추돌,안전거리미확보,건조,맑음,단일로 - 기타,승용,여,54세,상해없음,승용,남,48세,경상
2018122900100196,2018년 12월 29일 12시,토요일,대구광역시 달서구 월성동,경상사고,0,0,1,0,차대차 - 측면충돌,차로위반,건조,맑음,기타 - 기타,승용,남,66세,상해없음,승용,남,37세,경상
2018122900100197,2018년 12월 29일 12시,토요일,대구광역시 달성군 논공읍,경상사고,0,0,1,0,차대차 - 측면충돌,안전운전불이행,건조,맑음,단일로 - 기타,화물,남,66세,상해없음,승용,남,38세,경상
2018122900100227,2018년 12월 29일 13시,토요일,대구광역시 북구 대현동,경상사고,0,0,1,0,차대차 - 측면충돌,안전운전불이행,건조,맑음,단일로 - 기타,승용,남,69세,상해없음,이륜,남,24세,경상
2018122900100228,2018년 12월 29일 13시,토요일,대구광역시 수성구 신매동,중상사고,0,1,2,0,차대차 - 추돌,안전거리미확보,건조,맑음,단일로 - 기타,승용,남,62세,상해없음,승용,남,65세,경상
2018122900100229,2018년 12월 29일 13시,토요일,대구광역시 달서구 대곡동,중상사고,0,1,0,0,차대차 - 추돌,안전거리미확보,건조,맑음,단일로 - 기타,승용,여,56세,상해없음,승용,여,51세,중상
2018122900100230,2018년 12월 29일 13시,토요일,대구광역시 중구 계산동1가,경상사고,0,0,1,0,차대차 - 측면충돌,안전거리미확보,건조,맑음,단일로 - 기타,승용,남,46세,상해없음,승용,남,56세,경상
2018122900100252,2018년 12월 29일 14시,토요일,대구광역시 서구 상리동,경상사고,0,0,1,0,차대차 - 기타,안전운전불이행,건조,맑음,단일로 - 기타,화물,남,67세,상해없음,승용,남,33세,경상
2018122900100255,2018년 12월 29일 14시,토요일,대구광역시 중구 동산동,경상사고,0,0,1,0,차대사람 - 보도통행중,보행자보호의무위반,건조,맑음,교차로 - 교차로횡단보도내,승용,여,71세,상해없음,보행자,여,30세,경상
2018122900100272,2018년 12월 29일 15시,토요일,대구광역시 달서구 상인동,경상사고,0,0,1,0,차대차 - 기타,안전운전불이행,건조,맑음,단일로 - 기타,승용,남,34세,상해없음,자전거,여,24세,경상
2018122900100273,2018년 12월 29일 15시,토요일,대구광역시 달성군 화원읍,경상사고,0,0,1,0,차대차 - 기타,교차로운행방법위반,건조,맑음,교차로 - 교차로안,이륜,남,49세,경상,승용,남,35세,상해없음
2018122900100274,2018년 12월 29일 15시,토요일,대구광역시 중구 삼덕동3가,부상신고사고,0,0,0,1,차대차 - 측면충돌,안전운전불이행,건조,맑음,단일로 - 기타,승용,남,50세,부상신고,승용,여,27세,상해없음
2018122900100308,2018년 12월 29일 16시,토요일,대구광역시 남구 대명동,중상사고,0,1,0,0,차대사람 - 횡단중,안전운전불이행,건조,맑음,기타 - 기타,화물,여,58세,상해없음,보행자,여,47세,중상
2018122900100309,2018년 12월 29일 16시,토요일,대구광역시 수성구 지산동,중상사고,0,1,0,0,차대사람 - 기타,안전운전불이행,건조,맑음,단일로 - 기타,승용,남,37세,상해없음,보행자,여,58세,중상
2018122900100335,2018년 12월 29일 17시,토요일,대구광역시 달성군 다사읍,경상사고,0,0,1,0,차대차 - 기타,직진우회전진행방해,건조,맑음,교차로 - 교차로안,승용,남,27세,상해없음,화물,남,46세,경상
2018122900100336,2018년 12월 29일 17시,토요일,대구광역시 서구 내당동,경상사고,0,0,1,2,차대차 - 측면충돌,안전운전불이행,건조,맑음,단일로 - 기타,승용,남,72세,상해없음,승용,남,22세,경상
2018122900100337,2018년 12월 29일 17시,토요일,대구광역시 달서구 용산동,경상사고,0,0,2,0,차대사람 - 기타,안전운전불이행,건조,맑음,교차로 - 교차로횡단보도내,승용,여,48세,경상,보행자,남,26세,경상
2018122900100367,2018년 12월 29일 18시,토요일,대구광역시 달서구 송현동,경상사고,0,0,1,0,차대차 - 측면충돌,안전운전불이행,건조,맑음,단일로 - 기타,승용,남,59세,경상,승용,남,66세,상해없음
2018122900100368,2018년 12월 29일 18시,토요일,대구광역시 북구 침산동,경상사고,0,0,1,0,차대차 - 측면충돌,안전운전불이행,건조,맑음,단일로 - 기타,승용,남,59세,상해없음,화물,남,72세,경상
2018122900100369,2018년 12월 29일 18시,토요일,대구광역시 서구 평리동,경상사고,0,0,2,0,차대차 - 측면충돌,직진우회전진행방해,건조,맑음,교차로 - 교차로안,승용,남,23세,상해없음,승용,남,41세,경상
2018122900100370,2018년 12월 29일 18시,토요일,대구광역시 달서구 감삼동,경상사고,0,0,1,0,차대차 - 측면충돌,안전운전불이행,건조,맑음,교차로 - 교차로부근,승용,남,61세,상해없음,이륜,남,19세,경상
2018122900100371,2018년 12월 29일 18시,토요일,대구광역시 북구 태전동,경상사고,0,0,1,0,차대차 - 기타,안전운전불이행,건조,맑음,단일로 - 기타,화물,남,55세,상해없음,승용,남,36세,경상
2018122900100398,2018년 12월 29일 19시,토요일,대구광역시 달서구 송현동,경상사고,0,0,2,0,차대차 - 측면충돌,안전운전불이행,건조,맑음,단일로 - 기타,승용,남,27세,상해없음,승용,남,41세,경상
2018122900100399,2018년 12월 29일 19시,토요일,대구광역시 서구 상리동,경상사고,0,0,2,0,차대차 - 추돌,안전거리미확보,건조,맑음,단일로 - 기타,승용,남,31세,경상,승용,남,56세,상해없음
2018122900100400,2018년 12월 29일 19시,토요일,대구광역시 달서구 두류동,경상사고,0,0,1,0,차대사람 - 보도통행중,안전운전불이행,건조,맑음,단일로 - 기타,승용,남,45세,상해없음,보행자,남,76세,경상
2018122900100401,2018년 12월 29일 19시,토요일,대구광역시 달서구 용산동,경상사고,0,0,1,0,차대사람 - 보도통행중,기타,건조,맑음,기타 - 기타,이륜,남,62세,상해없음,보행자,남,19세,경상
2018122900100470,2018년 12월 29일 22시,토요일,대구광역시 서구 비산동,경상사고,0,0,2,0,차대차 - 측면충돌,안전운전불이행,건조,맑음,교차로 - 교차로부근,이륜,남,28세,상해없음,승용,남,47세,경상
2018122900100471,2018년 12월 29일 22시,토요일,대구광역시 서구 내당동,경상사고,0,0,1,0,차대차 - 기타,안전운전불이행,건조,맑음,단일로 - 기타,승용,여,49세,상해없음,이륜,남,23세,경상
2018122900100473,2018년 12월 29일 22시,토요일,대구광역시 중구 공평동,중상사고,0,1,0,0,차대사람 - 기타,안전운전불이행,건조,맑음,단일로 - 기타,자전거,남,56세,상해없음,보행자,여,24세,중상
2018122900100474,2018년 12월 29일 22시,토요일,대구광역시 달서구 장기동,경상사고,0,0,1,0,차대차 - 기타,안전운전불이행,건조,맑음,단일로 - 기타,승용,남,54세,상해없음,이륜,남,51세,경상
2018122900100475,2018년 12월 29일 22시,토요일,대구광역시 북구 매천동,경상사고,0,0,2,0,차대차 - 측면충돌,중앙선침범,건조,맑음,단일로 - 교량,승용,남,59세,상해없음,승용,남,47세,경상
2018123000100011,2018년 12월 30일 00시,일요일,대구광역시 북구 산격동,경상사고,0,0,1,0,차대사람 - 횡단중,보행자보호의무위반,건조,맑음,교차로 - 교차로안,승용,남,69세,상해없음,보행자,여,55세,경상
2018123000100028,2018년 12월 30일 01시,일요일,대구광역시 수성구 신매동,중상사고,0,1,0,0,차대사람 - 횡단중,안전운전불이행,건조,맑음,단일로 - 기타,승용,남,62세,상해없음,보행자,남,58세,중상
2018123000100051,2018년 12월 30일 02시,일요일,대구광역시 달서구 본동,경상사고,0,0,2,0,차대차 - 측면충돌,차로위반,건조,맑음,단일로 - 기타,승용,남,23세,경상,승용,남,58세,경상
2018123000100072,2018년 12월 30일 05시,일요일,대구광역시 남구 이천동,경상사고,0,0,1,0,차대차 - 기타,신호위반,건조,맑음,교차로 - 교차로안,승용,남,64세,상해없음,승용,남,32세,경상
2018123000100080,2018년 12월 30일 06시,일요일,대구광역시 동구 각산동,사망사고,1,0,0,0,차대사람 - 횡단중,안전운전불이행,건조,맑음,교차로 - 교차로안,승용,남,70세,상해없음,보행자,남,54세,사망
2018123000100112,2018년 12월 30일 09시,일요일,대구광역시 동구 신평동,경상사고,0,0,1,0,차대차 - 기타,안전운전불이행,건조,맑음,단일로 - 기타,승용,남,50세,상해없음,화물,남,63세,경상
2018123000100158,2018년 12월 30일 12시,일요일,대구광역시 북구 대현동,중상사고,0,1,0,0,차대사람 - 기타,안전운전불이행,건조,맑음,단일로 - 기타,승용,남,46세,상해없음,보행자,여,89세,중상
2018123000100176,2018년 12월 30일 13시,일요일,대구광역시 수성구 황금동,경상사고,0,0,2,0,차대차 - 측면충돌,안전운전불이행,건조,맑음,교차로 - 교차로부근,승용,여,65세,상해없음,승용,남,60세,경상
2018123000100177,2018년 12월 30일 13시,일요일,대구광역시 중구 덕산동,경상사고,0,0,1,0,차대사람 - 횡단중,안전운전불이행,건조,맑음,단일로 - 기타,승용,여,51세,상해없음,보행자,여,11세,경상
2018123000100197,2018년 12월 30일 14시,일요일,대구광역시 수성구 신매동,경상사고,0,0,1,0,차대차 - 측면충돌,안전운전불이행,건조,맑음,단일로 - 기타,승용,남,63세,상해없음,이륜,남,40세,경상
2018123000100244,2018년 12월 30일 16시,일요일,대구광역시 서구 원대동1가,경상사고,0,0,2,0,차대차 - 추돌,안전운전불이행,건조,맑음,단일로 - 기타,화물,남,44세,상해없음,승용,남,42세,경상
2018123000100269,2018년 12월 30일 17시,일요일,대구광역시 서구 비산동,경상사고,0,0,4,0,차대차 - 추돌,안전거리미확보,건조,맑음,단일로 - 교량,승용,남,27세,경상,승용,여,41세,경상
2018123000100270,2018년 12월 30일 17시,일요일,대구광역시 북구 국우동,중상사고,0,1,0,0,차대차 - 기타,안전운전불이행,건조,맑음,단일로 - 기타,승용,남,73세,상해없음,이륜,남,32세,중상
2018123000100296,2018년 12월 30일 18시,일요일,대구광역시 수성구 만촌동,경상사고,0,0,3,1,차대차 - 추돌,안전거리미확보,건조,맑음,단일로 - 기타,승용,여,50세,부상신고,승용,남,46세,경상
2018123000100348,2018년 12월 30일 20시,일요일,대구광역시 수성구 가천동,경상사고,0,0,3,0,차대차 - 측면충돌,교차로운행방법위반,건조,맑음,교차로 - 교차로안,승용,여,52세,상해없음,승용,남,29세,경상
2018123000100349,2018년 12월 30일 20시,일요일,대구광역시 서구 비산동,중상사고,0,1,0,0,차대차 - 측면충돌,안전운전불이행,건조,맑음,단일로 - 기타,이륜,남,49세,중상,승용,여,56세,상해없음
2018123000100385,2018년 12월 30일 22시,일요일,대구광역시 달서구 두류동,경상사고,0,0,1,0,차대차 - 측면충돌,안전운전불이행,건조,맑음,교차로 - 교차로부근,승용,남,50세,상해없음,승용,남,41세,경상
2018123000100397,2018년 12월 30일 23시,일요일,대구광역시 동구 서호동,중상사고,0,1,0,0,차대차 - 기타,직진우회전진행방해,건조,맑음,교차로 - 교차로안,화물,남,47세,상해없음,자전거,남,59세,중상
2018123100100031,2018년 12월 31일 03시,월요일,대구광역시 수성구 지산동,부상신고사고,0,0,0,1,차량단독 - 공작물충돌,안전운전불이행,건조,맑음,단일로 - 기타,이륜,남,30세,부상신고,,,,
2018123100100061,2018년 12월 31일 06시,월요일,대구광역시 수성구 황금동,중상사고,0,1,0,0,차대차 - 추돌,안전운전불이행,건조,맑음,교차로 - 교차로횡단보도내,승용,남,48세,상해없음,자전거,남,75세,중상
2018123100100073,2018년 12월 31일 07시,월요일,대구광역시 중구 대신동,중상사고,0,1,0,0,차대사람 - 차도통행중,안전운전불이행,건조,맑음,교차로 - 교차로횡단보도내,승용,남,54세,상해없음,보행자,여,83세,중상
2018123100100074,2018년 12월 31일 07시,월요일,대구광역시 북구 매천동,중상사고,0,1,0,0,차대사람 - 기타,안전운전불이행,건조,맑음,단일로 - 기타,승합,남,64세,상해없음,보행자,남,67세,중상
2018123100100099,2018년 12월 31일 08시,월요일,대구광역시 달성군 논공읍,경상사고,0,0,2,0,차대차 - 측면충돌,안전운전불이행,건조,맑음,단일로 - 기타,건설기계,남,65세,경상,화물,남,52세,경상
2018123100100121,2018년 12월 31일 09시,월요일,대구광역시 서구 비산동,경상사고,0,0,3,0,차대차 - 측면충돌,직진우회전진행방해,건조,맑음,교차로 - 교차로안,승용,남,57세,경상,승용,남,39세,경상
2018123100100139,2018년 12월 31일 10시,월요일,대구광역시 동구 신암동,중상사고,0,1,0,0,차대차 - 측면충돌,안전운전불이행,건조,맑음,교차로 - 교차로부근,승용,여,38세,상해없음,자전거,남,78세,중상
2018123100100140,2018년 12월 31일 10시,월요일,대구광역시 북구 태전동,경상사고,0,0,1,0,차대차 - 정면충돌,안전운전불이행,건조,맑음,기타 - 기타,화물,남,41세,상해없음,자전거,남,74세,경상
2018123100100180,2018년 12월 31일 11시,월요일,대구광역시 중구 태평로1가,경상사고,0,0,1,0,차대차 - 측면충돌,신호위반,건조,맑음,교차로 - 교차로안,승용,남,78세,상해없음,이륜,남,53세,경상
2018123100100215,2018년 12월 31일 12시,월요일,대구광역시 북구 칠성동2가,경상사고,0,0,1,0,차대차 - 측면충돌,안전거리미확보,건조,맑음,단일로 - 기타,승용,여,32세,상해없음,원동기,남,23세,경상
2018123100100216,2018년 12월 31일 12시,월요일,대구광역시 북구 읍내동,중상사고,0,1,0,0,차대사람 - 기타,안전운전불이행,건조,맑음,단일로 - 기타,승용,여,56세,상해없음,보행자,여,42세,중상
2018123100100246,2018년 12월 31일 13시,월요일,대구광역시 북구 침산동,중상사고,0,1,0,0,차대차 - 측면충돌,안전운전불이행,건조,맑음,교차로 - 교차로부근,승용,남,61세,상해없음,이륜,남,50세,중상
2018123100100247,2018년 12월 31일 13시,월요일,대구광역시 중구 동인동1가,경상사고,0,0,2,1,차대차 - 측면충돌,직진우회전진행방해,건조,맑음,교차로 - 교차로안,승용,남,36세,부상신고,승용,남,71세,경상
2018123100100279,2018년 12월 31일 14시,월요일,대구광역시 달서구 진천동,경상사고,0,0,1,0,차대차 - 추돌,안전거리미확보,건조,맑음,단일로 - 기타,승용,남,52세,상해없음,승용,여,39세,경상
2018123100100280,2018년 12월 31일 14시,월요일,대구광역시 중구 동산동,경상사고,0,0,1,0,차대차 - 추돌,안전운전불이행,건조,맑음,교차로 - 교차로부근,승용,남,25세,상해없음,승용,남,58세,경상
2018123100100281,2018년 12월 31일 14시,월요일,대구광역시 달서구 신당동,사망사고,1,2,2,0,차대차 - 정면충돌,중앙선침범,건조,맑음,교차로 - 교차로부근,승용,남,37세,사망,승용,남,53세,중상
2018123100100282,2018년 12월 31일 14시,월요일,대구광역시 달서구 신당동,중상사고,0,1,0,0,차대사람 - 기타,안전운전불이행,건조,맑음,교차로 - 교차로안,승용,여,39세,상해없음,보행자,여,36세,중상
2018123100100283,2018년 12월 31일 14시,월요일,대구광역시 북구 태전동,경상사고,0,0,1,0,차대사람 - 횡단중,보행자보호의무위반,건조,맑음,교차로 - 교차로횡단보도내,승용,남,58세,상해없음,보행자,여,50세,경상
2018123100100284,2018년 12월 31일 14시,월요일,대구광역시 북구 읍내동,경상사고,0,0,1,0,차대차 - 기타,안전운전불이행,건조,맑음,단일로 - 기타,승용,여,60세,상해없음,승용,여,59세,경상
2018123100100333,2018년 12월 31일 15시,월요일,대구광역시 동구 효목동,경상사고,0,0,1,0,차대사람 - 횡단중,안전운전불이행,건조,맑음,단일로 - 기타,승용,여,60세,상해없음,보행자,여,79세,경상
2018123100100334,2018년 12월 31일 15시,월요일,대구광역시 중구 공평동,경상사고,0,0,4,0,차대차 - 측면충돌,안전거리미확보,건조,맑음,단일로 - 기타,승용,남,20세,상해없음,승합,남,59세,경상
2018123100100335,2018년 12월 31일 15시,월요일,대구광역시 달서구 이곡동,중상사고,0,1,1,0,차대차 - 측면충돌,안전거리미확보,건조,맑음,단일로 - 기타,승용,남,22세,상해없음,이륜,남,24세,중상
2018123100100368,2018년 12월 31일 16시,월요일,대구광역시 달서구 두류동,경상사고,0,0,2,0,차대차 - 측면충돌,안전거리미확보,건조,맑음,단일로 - 기타,승용,남,23세,상해없음,승용,남,56세,경상
2018123100100369,2018년 12월 31일 16시,월요일,대구광역시 달서구 죽전동,중상사고,0,2,4,0,차대차 - 측면충돌,안전운전불이행,건조,맑음,단일로 - 기타,승용,남,60세,경상,승용,남,62세,중상
2018123100100407,2018년 12월 31일 17시,월요일,대구광역시 달서구 상인동,경상사고,0,0,1,0,차대차 - 측면충돌,안전거리미확보,건조,맑음,단일로 - 기타,승용,남,19세,상해없음,승용,남,70세,경상
2018123100100408,2018년 12월 31일 17시,월요일,대구광역시 북구 구암동,경상사고,0,0,2,0,차대차 - 기타,안전운전불이행,건조,맑음,단일로 - 기타,승용,여,60세,상해없음,기타불명,여,40세,경상
2018123100100409,2018년 12월 31일 17시,월요일,대구광역시 북구 매천동,경상사고,0,0,4,0,차대차 - 측면충돌,안전운전불이행,건조,맑음,단일로 - 기타,승용,남,48세,상해없음,승용,여,32세,경상
2018123100100461,2018년 12월 31일 18시,월요일,대구광역시 달서구 상인동,중상사고,0,1,0,0,차대차 - 측면충돌,안전운전불이행,건조,맑음,교차로 - 교차로부근,승용,여,41세,상해없음,자전거,여,53세,중상
2018123100100462,2018년 12월 31일 18시,월요일,대구광역시 달성군 다사읍,경상사고,0,0,1,0,차대사람 - 기타,안전운전불이행,건조,맑음,단일로 - 기타,승용,남,59세,상해없음,보행자,남,6세,경상
2018123100100463,2018년 12월 31일 18시,월요일,대구광역시 달성군 구지면,경상사고,0,0,4,0,차대차 - 측면충돌,안전운전불이행,건조,맑음,교차로 - 교차로안,승용,여,59세,경상,승용,남,49세,경상
2018123100100464,2018년 12월 31일 18시,월요일,대구광역시 중구 남산동,중상사고,0,1,1,0,차대사람 - 기타,안전운전불이행,건조,맑음,단일로 - 기타,이륜,남,27세,경상,보행자,남,46세,중상
2018123100100518,2018년 12월 31일 19시,월요일,대구광역시 달서구 진천동,경상사고,0,0,2,1,차대차 - 측면충돌,교차로운행방법위반,건조,맑음,교차로 - 교차로안,승용,여,44세,부상신고,승용,남,41세,경상
2018123100100519,2018년 12월 31일 19시,월요일,대구광역시 달서구 용산동,경상사고,0,0,2,0,차대차 - 측면충돌,신호위반,건조,맑음,교차로 - 교차로안,이륜,남,18세,경상,이륜,남,26세,경상
2018123100100606,2018년 12월 31일 22시,월요일,대구광역시 북구 동천동,경상사고,0,0,1,0,차대사람 - 기타,보행자보호의무위반,건조,맑음,교차로 - 교차로부근,이륜,남,23세,상해없음,보행자,여,63세,경상